reportDate,productName,category,quantity,unitPrice,otherExpenses,totalAmount,customerName,paymentMethod,status,orderNumber,notes
2026-01-01,Fuel Pump,Fuel system,8,6781.04,453.04,54248.32,Retail Client,GCash,Completed,ORD960001,Automated migration
2026-01-01,Oil Filter,Engine system,8,310.6,543.6,2484.8,Wholesale Client,Check,Completed,ORD960002,Automated migration
2026-01-01,Air Filter,Engine system,9,216.14,201.07,1945.26,Retail Client,Check,Completed,ORD960003,Automated migration
2026-01-01,Shock Absorber,Suspension system,10,3414.05,278.05,34140.5,Wholesale Client,Bank Transfer,Completed,ORD960004,Automated migration
2026-01-01,Clutch Kit,Transmission system,10,5686.88,238.28,56868.8,Walk-in Customer,Bank Transfer,Completed,ORD960005,Automated migration
2026-01-01,Shock Absorber,Suspension system,2,5944.14,492.78,11888.28,Walk-in Customer,Bank Transfer,Completed,ORD960006,Automated migration
2026-01-01,Fuel Pump,Fuel system,5,4574.83,63.48,22874.15,Walk-in Customer,Check,Completed,ORD960007,Automated migration
2026-01-01,Battery,Electrical system,8,8012.75,606.73,64102.0,Wholesale Client,Check,Completed,ORD960008,Automated migration
2026-01-01,Battery,Electrical system,9,8631.17,335.43,77680.53,Walk-in Customer,Cash,Completed,ORD960009,Automated migration
2026-01-01,Brake Pad,Brake system,0,3414.27,0.0,0.0,Walk-in Customer,Cash,Completed,ORD960010,Automated migration
2026-01-01,Shock Absorber,Suspension system,2,4169.51,160.25,8339.02,Retail Client,Check,Completed,ORD960011,Automated migration
2026-01-01,Clutch Kit,Transmission system,4,10038.16,468.83,40152.64,Wholesale Client,Check,Completed,ORD960012,Automated migration
2026-01-01,Battery,Electrical system,3,5471.87,188.33,16415.61,Retail Client,GCash,Completed,ORD960013,Automated migration
2026-01-01,Clutch Kit,Transmission system,7,8239.42,139.89,57675.94,Walk-in Customer,Check,Completed,ORD960014,Automated migration
2026-01-01,Clutch Kit,Transmission system,7,12271.63,390.49,85901.41,Retail Client,Bank Transfer,Completed,ORD960015,Automated migration
2026-01-02,Alternator,Electrical system,7,10446.67,549.56,73126.69,Walk-in Customer,Bank Transfer,Completed,ORD960016,Automated migration
2026-01-02,Brake Pad,Brake system,6,3137.61,335.4,18825.66,Retail Client,Bank Transfer,Completed,ORD960017,Automated migration
2026-01-02,Fuel Pump,Fuel system,1,3375.64,599.65,3375.64,Retail Client,Check,Completed,ORD960018,Automated migration
2026-01-02,Alternator,Electrical system,0,9256.15,0.0,0.0,Walk-in Customer,Cash,Completed,ORD960019,Automated migration
2026-01-02,Spark Plug,Ignition system,1,429.48,526.3,429.48,Wholesale Client,Bank Transfer,Completed,ORD960020,Automated migration
2026-01-02,Air Filter,Engine system,5,332.92,402.0,1664.6,Wholesale Client,GCash,Completed,ORD960021,Automated migration
2026-01-02,Shock Absorber,Suspension system,9,2590.47,418.7,23314.23,Walk-in Customer,Bank Transfer,Completed,ORD960022,Automated migration
2026-01-02,Battery,Electrical system,10,4800.61,94.74,48006.1,Walk-in Customer,Bank Transfer,Completed,ORD960023,Automated migration
2026-01-02,Battery,Electrical system,2,6600.15,137.69,13200.3,Retail Client,Cash,Completed,ORD960024,Automated migration
2026-01-02,Alternator,Electrical system,0,11169.0,0.0,0.0,Walk-in Customer,Bank Transfer,Completed,ORD960025,Automated migration
2026-01-02,Air Filter,Engine system,8,295.2,477.96,2361.6,Wholesale Client,Bank Transfer,Completed,ORD960026,Automated migration
2026-01-02,Shock Absorber,Suspension system,7,4572.28,563.46,32005.96,Retail Client,GCash,Completed,ORD960027,Automated migration
2026-01-02,Oil Filter,Engine system,5,214.7,163.33,1073.5,Walk-in Customer,Cash,Completed,ORD960028,Automated migration
2026-01-02,Air Filter,Engine system,3,329.45,121.35,988.35,Walk-in Customer,Cash,Completed,ORD960029,Automated migration
2026-01-02,Spark Plug,Ignition system,7,469.93,614.47,3289.51,Retail Client,GCash,Completed,ORD960030,Automated migration
2026-01-02,Brake Pad,Brake system,10,3142.06,272.98,31420.6,Wholesale Client,Check,Completed,ORD960031,Automated migration
2026-01-02,Battery,Electrical system,4,4935.99,122.29,19743.96,Wholesale Client,Check,Completed,ORD960032,Automated migration
2026-01-02,Radiator,Cooling system,7,4061.77,363.53,28432.39,Wholesale Client,Cash,Completed,ORD960033,Automated migration
2026-01-02,Alternator,Electrical system,3,8156.67,667.57,24470.01,Wholesale Client,Bank Transfer,Completed,ORD960034,Automated migration
2026-01-02,Clutch Kit,Transmission system,10,6642.06,19.03,66420.6,Retail Client,Bank Transfer,Completed,ORD960035,Automated migration
2026-01-02,Alternator,Electrical system,9,10580.06,389.06,95220.54,Walk-in Customer,GCash,Completed,ORD960036,Automated migration
2026-01-03,Radiator,Cooling system,10,6334.4,71.02,63344.0,Wholesale Client,Cash,Completed,ORD960037,Automated migration
2026-01-03,Brake Pad,Brake system,1,2774.46,531.38,2774.46,Walk-in Customer,GCash,Completed,ORD960038,Automated migration
2026-01-03,Clutch Kit,Transmission system,5,7491.07,586.17,37455.35,Wholesale Client,Bank Transfer,Completed,ORD960039,Automated migration
2026-01-03,Radiator,Cooling system,4,3377.27,288.15,13509.08,Wholesale Client,Check,Completed,ORD960040,Automated migration
2026-01-03,Air Filter,Engine system,1,247.05,216.94,247.05,Retail Client,Bank Transfer,Completed,ORD960041,Automated migration
2026-01-03,Shock Absorber,Suspension system,9,4815.77,499.95,43341.93,Retail Client,Check,Completed,ORD960042,Automated migration
2026-01-03,Oil Filter,Engine system,3,248.51,298.29,745.53,Walk-in Customer,Cash,Completed,ORD960043,Automated migration
2026-01-03,Clutch Kit,Transmission system,10,13768.6,176.1,137686.0,Wholesale Client,Bank Transfer,Completed,ORD960044,Automated migration
2026-01-03,Battery,Electrical system,0,5407.15,0.0,0.0,Wholesale Client,Bank Transfer,Completed,ORD960045,Automated migration
2026-01-03,Radiator,Cooling system,6,4913.3,632.07,29479.8,Walk-in Customer,Bank Transfer,Completed,ORD960046,Automated migration
2026-01-03,Clutch Kit,Transmission system,0,11495.1,0.0,0.0,Retail Client,GCash,Completed,ORD960047,Automated migration
2026-01-03,Alternator,Electrical system,0,7628.41,0.0,0.0,Wholesale Client,Bank Transfer,Completed,ORD960048,Automated migration
2026-01-03,Battery,Electrical system,9,4631.49,290.71,41683.41,Wholesale Client,GCash,Completed,ORD960049,Automated migration
2026-01-03,Spark Plug,Ignition system,2,232.56,19.89,465.12,Walk-in Customer,Check,Completed,ORD960050,Automated migration
2026-01-03,Brake Pad,Brake system,3,1253.73,193.78,3761.19,Wholesale Client,Check,Completed,ORD960051,Automated migration
2026-01-03,Fuel Pump,Fuel system,2,6749.03,415.56,13498.06,Retail Client,Cash,Completed,ORD960052,Automated migration
2026-01-03,Fuel Pump,Fuel system,10,4842.02,520.16,48420.2,Retail Client,Cash,Completed,ORD960053,Automated migration
2026-01-03,Shock Absorber,Suspension system,0,6365.87,0.0,0.0,Walk-in Customer,GCash,Completed,ORD960054,Automated migration
2026-01-03,Fuel Pump,Fuel system,3,5027.16,193.03,15081.48,Retail Client,Bank Transfer,Completed,ORD960055,Automated migration
2026-01-03,Shock Absorber,Suspension system,10,4059.02,568.01,40590.2,Walk-in Customer,Bank Transfer,Completed,ORD960056,Automated migration
2026-01-03,Brake Pad,Brake system,10,2144.24,339.4,21442.4,Retail Client,Bank Transfer,Completed,ORD960057,Automated migration
2026-01-03,Air Filter,Engine system,10,234.51,209.33,2345.1,Walk-in Customer,Bank Transfer,Completed,ORD960058,Automated migration
2026-01-03,Alternator,Electrical system,0,9667.08,0.0,0.0,Walk-in Customer,Bank Transfer,Completed,ORD960059,Automated migration
2026-01-04,Battery,Electrical system,8,8815.72,361.62,70525.76,Walk-in Customer,GCash,Completed,ORD960060,Automated migration
2026-01-04,Alternator,Electrical system,2,10662.88,233.53,21325.76,Wholesale Client,Bank Transfer,Completed,ORD960061,Automated migration
2026-01-04,Oil Filter,Engine system,10,296.81,113.55,2968.1,Wholesale Client,Bank Transfer,Completed,ORD960062,Automated migration
2026-01-04,Fuel Pump,Fuel system,2,6877.39,132.09,13754.78,Walk-in Customer,Cash,Completed,ORD960063,Automated migration
2026-01-04,Battery,Electrical system,5,8060.64,631.49,40303.2,Walk-in Customer,GCash,Completed,ORD960064,Automated migration
2026-01-04,Brake Pad,Brake system,5,2439.92,114.76,12199.6,Retail Client,Cash,Completed,ORD960065,Automated migration
2026-01-04,Alternator,Electrical system,5,8513.24,372.49,42566.2,Walk-in Customer,GCash,Completed,ORD960066,Automated migration
2026-01-04,Alternator,Electrical system,5,9422.82,611.78,47114.1,Walk-in Customer,Cash,Completed,ORD960067,Automated migration
2026-01-04,Radiator,Cooling system,9,4808.97,82.28,43280.73,Wholesale Client,Check,Completed,ORD960068,Automated migration
2026-01-04,Clutch Kit,Transmission system,8,7223.24,251.07,57785.92,Wholesale Client,Bank Transfer,Completed,ORD960069,Automated migration
2026-01-04,Alternator,Electrical system,1,11042.1,544.57,11042.1,Wholesale Client,GCash,Completed,ORD960070,Automated migration
2026-01-04,Fuel Pump,Fuel system,6,4778.22,232.2,28669.32,Walk-in Customer,Check,Completed,ORD960071,Automated migration
2026-01-04,Fuel Pump,Fuel system,2,3384.19,324.1,6768.38,Walk-in Customer,Bank Transfer,Completed,ORD960072,Automated migration
2026-01-04,Battery,Electrical system,9,5908.14,108.06,53173.26,Walk-in Customer,GCash,Completed,ORD960073,Automated migration
2026-01-04,Radiator,Cooling system,5,8013.88,224.02,40069.4,Wholesale Client,Bank Transfer,Completed,ORD960074,Automated migration
2026-01-04,Clutch Kit,Transmission system,10,7413.59,232.24,74135.9,Retail Client,Cash,Completed,ORD960075,Automated migration
2026-01-04,Radiator,Cooling system,9,5748.38,280.87,51735.42,Retail Client,Bank Transfer,Completed,ORD960076,Automated migration
2026-01-04,Fuel Pump,Fuel system,1,5556.29,646.03,5556.29,Walk-in Customer,GCash,Completed,ORD960077,Automated migration
2026-01-04,Fuel Pump,Fuel system,10,3987.0,646.02,39870.0,Walk-in Customer,GCash,Completed,ORD960078,Automated migration
2026-01-04,Radiator,Cooling system,8,7210.15,91.42,57681.2,Walk-in Customer,Check,Completed,ORD960079,Automated migration
2026-01-05,Shock Absorber,Suspension system,5,2052.89,530.09,10264.45,Walk-in Customer,Cash,Completed,ORD960080,Automated migration
2026-01-05,Fuel Pump,Fuel system,0,6008.97,0.0,0.0,Wholesale Client,Bank Transfer,Completed,ORD960081,Automated migration
2026-01-05,Alternator,Electrical system,8,10462.17,377.27,83697.36,Retail Client,Cash,Completed,ORD960082,Automated migration
2026-01-05,Fuel Pump,Fuel system,3,6743.9,144.46,20231.7,Walk-in Customer,GCash,Completed,ORD960083,Automated migration
2026-01-05,Alternator,Electrical system,9,9085.2,365.26,81766.8,Walk-in Customer,GCash,Completed,ORD960084,Automated migration
2026-01-05,Air Filter,Engine system,4,387.81,31.14,1551.24,Walk-in Customer,GCash,Completed,ORD960085,Automated migration
2026-01-05,Fuel Pump,Fuel system,5,4063.36,424.62,20316.8,Wholesale Client,Check,Completed,ORD960086,Automated migration
2026-01-05,Radiator,Cooling system,0,6861.58,0.0,0.0,Retail Client,Cash,Completed,ORD960087,Automated migration
2026-01-05,Fuel Pump,Fuel system,4,6264.33,326.28,25057.32,Wholesale Client,Bank Transfer,Completed,ORD960088,Automated migration
2026-01-05,Radiator,Cooling system,3,6490.46,570.46,19471.38,Retail Client,Bank Transfer,Completed,ORD960089,Automated migration
2026-01-05,Oil Filter,Engine system,1,313.26,682.12,313.26,Walk-in Customer,Bank Transfer,Completed,ORD960090,Automated migration
2026-01-05,Fuel Pump,Fuel system,10,4028.24,126.81,40282.4,Walk-in Customer,GCash,Completed,ORD960091,Automated migration
2026-01-05,Clutch Kit,Transmission system,8,12814.72,441.38,102517.76,Walk-in Customer,GCash,Completed,ORD960092,Automated migration
2026-01-05,Shock Absorber,Suspension system,3,2943.52,355.62,8830.56,Walk-in Customer,GCash,Completed,ORD960093,Automated migration
2026-01-05,Radiator,Cooling system,7,3820.27,474.94,26741.89,Wholesale Client,Bank Transfer,Completed,ORD960094,Automated migration
2026-01-05,Clutch Kit,Transmission system,9,11535.36,132.34,103818.24,Walk-in Customer,GCash,Completed,ORD960095,Automated migration
2026-01-05,Brake Pad,Brake system,10,2517.77,561.3,25177.7,Retail Client,Bank Transfer,Completed,ORD960096,Automated migration
2026-01-05,Brake Pad,Brake system,2,1815.38,378.22,3630.76,Wholesale Client,GCash,Completed,ORD960097,Automated migration
2026-01-05,Brake Pad,Brake system,2,2793.86,525.95,5587.72,Walk-in Customer,GCash,Completed,ORD960098,Automated migration
2026-01-05,Oil Filter,Engine system,7,328.1,670.21,2296.7,Wholesale Client,GCash,Completed,ORD960099,Automated migration
2026-01-05,Clutch Kit,Transmission system,1,9190.76,523.0,9190.76,Retail Client,Bank Transfer,Completed,ORD960100,Automated migration
2026-01-05,Clutch Kit,Transmission system,0,9237.54,0.0,0.0,Retail Client,Cash,Completed,ORD960101,Automated migration
2026-01-05,Oil Filter,Engine system,4,182.19,19.66,728.76,Walk-in Customer,GCash,Completed,ORD960102,Automated migration
2026-01-05,Battery,Electrical system,10,6165.66,583.17,61656.6,Retail Client,GCash,Completed,ORD960103,Automated migration
2026-01-05,Shock Absorber,Suspension system,3,3675.57,375.1,11026.71,Wholesale Client,Check,Completed,ORD960104,Automated migration
2026-01-05,Fuel Pump,Fuel system,3,6857.94,440.54,20573.82,Wholesale Client,Check,Completed,ORD960105,Automated migration
2026-01-05,Spark Plug,Ignition system,3,202.13,55.17,606.39,Walk-in Customer,GCash,Completed,ORD960106,Automated migration
2026-01-06,Spark Plug,Ignition system,10,345.11,629.64,3451.1,Wholesale Client,Cash,Completed,ORD960107,Automated migration
2026-01-06,Radiator,Cooling system,4,7434.8,278.81,29739.2,Wholesale Client,Check,Completed,ORD960108,Automated migration
2026-01-06,Fuel Pump,Fuel system,7,6931.18,75.22,48518.26,Retail Client,GCash,Completed,ORD960109,Automated migration
2026-01-06,Shock Absorber,Suspension system,6,4738.44,415.13,28430.64,Walk-in Customer,Bank Transfer,Completed,ORD960110,Automated migration
2026-01-06,Alternator,Electrical system,7,9342.8,382.27,65399.6,Walk-in Customer,Cash,Completed,ORD960111,Automated migration
2026-01-06,Radiator,Cooling system,0,3483.26,0.0,0.0,Retail Client,Cash,Completed,ORD960112,Automated migration
2026-01-06,Oil Filter,Engine system,1,196.56,451.83,196.56,Walk-in Customer,Check,Completed,ORD960113,Automated migration
2026-01-06,Clutch Kit,Transmission system,0,6377.93,0.0,0.0,Wholesale Client,GCash,Completed,ORD960114,Automated migration
2026-01-06,Alternator,Electrical system,6,7459.29,374.34,44755.74,Wholesale Client,Cash,Completed,ORD960115,Automated migration
2026-01-06,Alternator,Electrical system,9,9604.07,512.71,86436.63,Wholesale Client,GCash,Completed,ORD960116,Automated migration
2026-01-06,Shock Absorber,Suspension system,3,3450.14,627.66,10350.42,Walk-in Customer,GCash,Completed,ORD960117,Automated migration
2026-01-06,Spark Plug,Ignition system,8,537.53,218.83,4300.24,Retail Client,Check,Completed,ORD960118,Automated migration
2026-01-06,Oil Filter,Engine system,2,209.63,538.15,419.26,Walk-in Customer,Check,Completed,ORD960119,Automated migration
2026-01-06,Shock Absorber,Suspension system,8,2073.57,661.81,16588.56,Wholesale Client,Cash,Completed,ORD960120,Automated migration
2026-01-06,Brake Pad,Brake system,4,1754.38,364.94,7017.52,Wholesale Client,Check,Completed,ORD960121,Automated migration
2026-01-06,Fuel Pump,Fuel system,9,6412.83,116.45,57715.47,Walk-in Customer,Cash,Completed,ORD960122,Automated migration
2026-01-07,Spark Plug,Ignition system,9,184.19,119.04,1657.71,Wholesale Client,Cash,Completed,ORD960123,Automated migration
2026-01-07,Battery,Electrical system,6,8882.14,171.02,53292.84,Retail Client,Bank Transfer,Completed,ORD960124,Automated migration
2026-01-07,Clutch Kit,Transmission system,4,13209.53,59.19,52838.12,Retail Client,Cash,Completed,ORD960125,Automated migration
2026-01-07,Clutch Kit,Transmission system,1,13094.52,384.79,13094.52,Retail Client,Bank Transfer,Completed,ORD960126,Automated migration
2026-01-07,Clutch Kit,Transmission system,10,13405.81,669.88,134058.1,Retail Client,Check,Completed,ORD960127,Automated migration
2026-01-07,Radiator,Cooling system,1,4010.05,45.86,4010.05,Retail Client,Cash,Completed,ORD960128,Automated migration
2026-01-07,Oil Filter,Engine system,10,110.9,647.35,1109.0,Retail Client,GCash,Completed,ORD960129,Automated migration
2026-01-07,Shock Absorber,Suspension system,0,4437.52,0.0,0.0,Retail Client,Check,Completed,ORD960130,Automated migration
2026-01-07,Alternator,Electrical system,3,7157.22,289.45,21471.66,Walk-in Customer,Cash,Completed,ORD960131,Automated migration
2026-01-07,Oil Filter,Engine system,2,142.89,115.21,285.78,Retail Client,Bank Transfer,Completed,ORD960132,Automated migration
2026-01-07,Radiator,Cooling system,10,6933.47,327.68,69334.7,Retail Client,Bank Transfer,Completed,ORD960133,Automated migration
2026-01-07,Brake Pad,Brake system,9,3184.15,545.27,28657.35,Wholesale Client,GCash,Completed,ORD960134,Automated migration
2026-01-07,Brake Pad,Brake system,7,2465.27,97.08,17256.89,Wholesale Client,Cash,Completed,ORD960135,Automated migration
2026-01-07,Battery,Electrical system,10,6833.78,358.62,68337.8,Wholesale Client,Cash,Completed,ORD960136,Automated migration
2026-01-07,Radiator,Cooling system,3,3693.49,614.37,11080.47,Wholesale Client,GCash,Completed,ORD960137,Automated migration
2026-01-07,Clutch Kit,Transmission system,0,13751.95,0.0,0.0,Wholesale Client,GCash,Completed,ORD960138,Automated migration
2026-01-07,Oil Filter,Engine system,1,160.66,330.02,160.66,Retail Client,Check,Completed,ORD960139,Automated migration
2026-01-07,Alternator,Electrical system,2,7019.88,369.22,14039.76,Retail Client,Check,Completed,ORD960140,Automated migration
2026-01-07,Air Filter,Engine system,7,321.7,663.88,2251.9,Wholesale Client,Cash,Completed,ORD960141,Automated migration
2026-01-07,Oil Filter,Engine system,1,124.06,582.36,124.06,Wholesale Client,Cash,Completed,ORD960142,Automated migration
2026-01-07,Radiator,Cooling system,7,7615.95,509.54,53311.65,Wholesale Client,Bank Transfer,Completed,ORD960143,Automated migration
2026-01-07,Oil Filter,Engine system,6,217.37,602.0,1304.22,Retail Client,Cash,Completed,ORD960144,Automated migration
2026-01-07,Spark Plug,Ignition system,3,595.02,206.13,1785.06,Wholesale Client,GCash,Completed,ORD960145,Automated migration
2026-01-07,Brake Pad,Brake system,1,1728.65,89.91,1728.65,Wholesale Client,Check,Completed,ORD960146,Automated migration
2026-01-07,Oil Filter,Engine system,8,175.72,380.05,1405.76,Wholesale Client,Bank Transfer,Completed,ORD960147,Automated migration
2026-01-07,Shock Absorber,Suspension system,3,2790.32,211.42,8370.96,Walk-in Customer,GCash,Completed,ORD960148,Automated migration
2026-01-08,Battery,Electrical system,10,6902.33,311.38,69023.3,Wholesale Client,Check,Completed,ORD960149,Automated migration
2026-01-08,Oil Filter,Engine system,4,284.47,559.74,1137.88,Walk-in Customer,Bank Transfer,Completed,ORD960150,Automated migration
2026-01-08,Battery,Electrical system,3,8920.12,440.61,26760.36,Walk-in Customer,Bank Transfer,Completed,ORD960151,Automated migration
2026-01-08,Fuel Pump,Fuel system,6,4865.9,9.45,29195.4,Walk-in Customer,Check,Completed,ORD960152,Automated migration
2026-01-08,Oil Filter,Engine system,5,313.54,560.24,1567.7,Walk-in Customer,Check,Completed,ORD960153,Automated migration
2026-01-08,Air Filter,Engine system,1,247.22,122.37,247.22,Walk-in Customer,Check,Completed,ORD960154,Automated migration
2026-01-08,Brake Pad,Brake system,6,2380.01,261.8,14280.06,Walk-in Customer,Cash,Completed,ORD960155,Automated migration
2026-01-08,Alternator,Electrical system,3,8987.72,320.16,26963.16,Wholesale Client,Cash,Completed,ORD960156,Automated migration
2026-01-08,Spark Plug,Ignition system,5,289.77,2.41,1448.85,Retail Client,Bank Transfer,Completed,ORD960157,Automated migration
2026-01-08,Shock Absorber,Suspension system,10,3862.43,450.55,38624.3,Retail Client,Check,Completed,ORD960158,Automated migration
2026-01-08,Oil Filter,Engine system,2,131.15,242.5,262.3,Retail Client,Check,Completed,ORD960159,Automated migration
2026-01-08,Alternator,Electrical system,8,10978.31,296.51,87826.48,Retail Client,Cash,Completed,ORD960160,Automated migration
2026-01-08,Shock Absorber,Suspension system,6,5943.75,43.9,35662.5,Wholesale Client,Cash,Completed,ORD960161,Automated migration
2026-01-08,Shock Absorber,Suspension system,5,5362.31,698.39,26811.55,Wholesale Client,GCash,Completed,ORD960162,Automated migration
2026-01-08,Alternator,Electrical system,4,10564.37,366.78,42257.48,Wholesale Client,Cash,Completed,ORD960163,Automated migration
2026-01-08,Brake Pad,Brake system,0,3170.08,0.0,0.0,Walk-in Customer,Bank Transfer,Completed,ORD960164,Automated migration
2026-01-09,Battery,Electrical system,1,7474.31,255.43,7474.31,Retail Client,Check,Completed,ORD960165,Automated migration
2026-01-09,Oil Filter,Engine system,9,166.05,298.85,1494.45,Walk-in Customer,Bank Transfer,Completed,ORD960166,Automated migration
2026-01-09,Oil Filter,Engine system,8,145.32,293.34,1162.56,Retail Client,Bank Transfer,Completed,ORD960167,Automated migration
2026-01-09,Radiator,Cooling system,6,7430.75,608.39,44584.5,Retail Client,Check,Completed,ORD960168,Automated migration
2026-01-09,Fuel Pump,Fuel system,8,3890.34,185.84,31122.72,Retail Client,GCash,Completed,ORD960169,Automated migration
2026-01-09,Spark Plug,Ignition system,9,417.72,488.02,3759.48,Walk-in Customer,Cash,Completed,ORD960170,Automated migration
2026-01-09,Battery,Electrical system,10,6121.53,323.24,61215.3,Wholesale Client,Cash,Completed,ORD960171,Automated migration
2026-01-09,Battery,Electrical system,10,6264.45,227.11,62644.5,Wholesale Client,Bank Transfer,Completed,ORD960172,Automated migration
2026-01-09,Fuel Pump,Fuel system,6,5809.69,554.64,34858.14,Wholesale Client,Cash,Completed,ORD960173,Automated migration
2026-01-09,Battery,Electrical system,7,4220.1,16.2,29540.7,Walk-in Customer,Bank Transfer,Completed,ORD960174,Automated migration
2026-01-09,Alternator,Electrical system,5,9158.78,268.75,45793.9,Walk-in Customer,Bank Transfer,Completed,ORD960175,Automated migration
2026-01-09,Spark Plug,Ignition system,3,175.95,160.21,527.85,Retail Client,Bank Transfer,Completed,ORD960176,Automated migration
2026-01-09,Alternator,Electrical system,10,10062.63,361.32,100626.3,Walk-in Customer,Cash,Completed,ORD960177,Automated migration
2026-01-09,Brake Pad,Brake system,1,3210.6,160.57,3210.6,Walk-in Customer,Cash,Completed,ORD960178,Automated migration
2026-01-09,Alternator,Electrical system,9,11371.94,504.48,102347.46,Retail Client,GCash,Completed,ORD960179,Automated migration
2026-01-09,Clutch Kit,Transmission system,0,11807.84,0.0,0.0,Wholesale Client,Check,Completed,ORD960180,Automated migration
2026-01-09,Clutch Kit,Transmission system,10,12511.73,308.83,125117.3,Retail Client,Check,Completed,ORD960181,Automated migration
2026-01-09,Brake Pad,Brake system,4,2671.02,689.57,10684.08,Retail Client,Check,Completed,ORD960182,Automated migration
2026-01-09,Alternator,Electrical system,7,11828.31,288.81,82798.17,Wholesale Client,Check,Completed,ORD960183,Automated migration
2026-01-09,Air Filter,Engine system,4,355.65,66.17,1422.6,Retail Client,Check,Completed,ORD960184,Automated migration
2026-01-09,Radiator,Cooling system,7,6143.18,105.52,43002.26,Wholesale Client,GCash,Completed,ORD960185,Automated migration
2026-01-09,Air Filter,Engine system,1,238.66,270.29,238.66,Wholesale Client,Check,Completed,ORD960186,Automated migration
2026-01-09,Air Filter,Engine system,5,315.4,64.9,1577.0,Walk-in Customer,GCash,Completed,ORD960187,Automated migration
2026-01-09,Fuel Pump,Fuel system,4,2917.75,377.34,11671.0,Retail Client,Cash,Completed,ORD960188,Automated migration
2026-01-09,Shock Absorber,Suspension system,8,3564.75,548.78,28518.0,Retail Client,GCash,Completed,ORD960189,Automated migration
2026-01-09,Spark Plug,Ignition system,8,263.42,83.78,2107.36,Wholesale Client,Check,Completed,ORD960190,Automated migration
2026-01-10,Spark Plug,Ignition system,2,572.13,331.59,1144.26,Walk-in Customer,GCash,Completed,ORD960191,Automated migration
2026-01-10,Clutch Kit,Transmission system,0,13901.67,0.0,0.0,Wholesale Client,GCash,Completed,ORD960192,Automated migration
2026-01-10,Shock Absorber,Suspension system,10,6148.28,642.01,61482.8,Retail Client,Bank Transfer,Completed,ORD960193,Automated migration
2026-01-10,Battery,Electrical system,1,5039.14,86.48,5039.14,Walk-in Customer,Check,Completed,ORD960194,Automated migration
2026-01-10,Shock Absorber,Suspension system,5,3277.77,91.66,16388.85,Walk-in Customer,Cash,Completed,ORD960195,Automated migration
2026-01-10,Radiator,Cooling system,6,3540.46,141.04,21242.76,Retail Client,Cash,Completed,ORD960196,Automated migration
2026-01-10,Fuel Pump,Fuel system,3,2624.78,588.56,7874.34,Retail Client,Bank Transfer,Completed,ORD960197,Automated migration
2026-01-10,Clutch Kit,Transmission system,6,11147.11,378.43,66882.66,Walk-in Customer,GCash,Completed,ORD960198,Automated migration
2026-01-10,Fuel Pump,Fuel system,10,5091.14,344.61,50911.4,Walk-in Customer,Check,Completed,ORD960199,Automated migration
2026-01-10,Air Filter,Engine system,10,330.23,611.67,3302.3,Retail Client,Bank Transfer,Completed,ORD960200,Automated migration
2026-01-10,Battery,Electrical system,8,8300.41,56.63,66403.28,Walk-in Customer,Cash,Completed,ORD960201,Automated migration
2026-01-10,Shock Absorber,Suspension system,10,2235.4,418.88,22354.0,Wholesale Client,GCash,Completed,ORD960202,Automated migration
2026-01-10,Battery,Electrical system,1,7568.83,451.81,7568.83,Wholesale Client,Cash,Completed,ORD960203,Automated migration
2026-01-10,Alternator,Electrical system,3,9113.37,451.74,27340.11,Wholesale Client,GCash,Completed,ORD960204,Automated migration
2026-01-10,Air Filter,Engine system,1,207.68,679.57,207.68,Wholesale Client,Bank Transfer,Completed,ORD960205,Automated migration
2026-01-10,Battery,Electrical system,10,4661.34,139.25,46613.4,Walk-in Customer,Bank Transfer,Completed,ORD960206,Automated migration
2026-01-10,Radiator,Cooling system,6,4716.89,574.81,28301.34,Walk-in Customer,Check,Completed,ORD960207,Automated migration
2026-01-11,Battery,Electrical system,6,8246.71,611.9,49480.26,Walk-in Customer,Check,Completed,ORD960208,Automated migration
2026-01-11,Fuel Pump,Fuel system,3,5791.94,565.12,17375.82,Wholesale Client,Cash,Completed,ORD960209,Automated migration
2026-01-11,Radiator,Cooling system,2,3475.32,123.07,6950.64,Walk-in Customer,GCash,Completed,ORD960210,Automated migration
2026-01-11,Oil Filter,Engine system,6,216.63,318.27,1299.78,Wholesale Client,Bank Transfer,Completed,ORD960211,Automated migration
2026-01-11,Air Filter,Engine system,4,366.72,544.5,1466.88,Wholesale Client,Cash,Completed,ORD960212,Automated migration
2026-01-11,Clutch Kit,Transmission system,8,8883.42,220.1,71067.36,Retail Client,Cash,Completed,ORD960213,Automated migration
2026-01-11,Alternator,Electrical system,0,9607.88,0.0,0.0,Retail Client,GCash,Completed,ORD960214,Automated migration
2026-01-11,Oil Filter,Engine system,5,337.29,185.68,1686.45,Walk-in Customer,Bank Transfer,Completed,ORD960215,Automated migration
2026-01-11,Radiator,Cooling system,2,6394.47,191.65,12788.94,Wholesale Client,Bank Transfer,Completed,ORD960216,Automated migration
2026-01-11,Clutch Kit,Transmission system,1,11901.05,90.2,11901.05,Wholesale Client,Check,Completed,ORD960217,Automated migration
2026-01-11,Brake Pad,Brake system,6,3415.32,432.69,20491.92,Wholesale Client,Cash,Completed,ORD960218,Automated migration
2026-01-11,Alternator,Electrical system,0,11419.51,0.0,0.0,Walk-in Customer,Cash,Completed,ORD960219,Automated migration
2026-01-11,Brake Pad,Brake system,0,1248.38,0.0,0.0,Retail Client,Cash,Completed,ORD960220,Automated migration
2026-01-11,Shock Absorber,Suspension system,0,2894.38,0.0,0.0,Walk-in Customer,GCash,Completed,ORD960221,Automated migration
2026-01-11,Spark Plug,Ignition system,3,167.46,317.08,502.38,Retail Client,Cash,Completed,ORD960222,Automated migration
2026-01-12,Clutch Kit,Transmission system,7,9039.93,370.35,63279.51,Retail Client,Check,Completed,ORD960223,Automated migration
2026-01-12,Alternator,Electrical system,1,8528.15,166.81,8528.15,Retail Client,Cash,Completed,ORD960224,Automated migration
2026-01-12,Brake Pad,Brake system,0,1764.25,0.0,0.0,Retail Client,Cash,Completed,ORD960225,Automated migration
2026-01-12,Radiator,Cooling system,0,6779.21,0.0,0.0,Retail Client,Cash,Completed,ORD960226,Automated migration
2026-01-12,Brake Pad,Brake system,6,1652.74,310.18,9916.44,Retail Client,Check,Completed,ORD960227,Automated migration
2026-01-12,Alternator,Electrical system,5,11541.77,124.8,57708.85,Walk-in Customer,GCash,Completed,ORD960228,Automated migration
2026-01-12,Alternator,Electrical system,2,9093.38,29.58,18186.76,Walk-in Customer,Cash,Completed,ORD960229,Automated migration
2026-01-12,Oil Filter,Engine system,7,218.63,605.86,1530.41,Wholesale Client,GCash,Completed,ORD960230,Automated migration
2026-01-12,Spark Plug,Ignition system,9,531.69,47.28,4785.21,Retail Client,GCash,Completed,ORD960231,Automated migration
2026-01-12,Air Filter,Engine system,2,397.98,478.99,795.96,Retail Client,Check,Completed,ORD960232,Automated migration
2026-01-12,Fuel Pump,Fuel system,8,6434.85,94.74,51478.8,Walk-in Customer,Cash,Completed,ORD960233,Automated migration
2026-01-12,Shock Absorber,Suspension system,0,4993.38,0.0,0.0,Wholesale Client,Bank Transfer,Completed,ORD960234,Automated migration
2026-01-12,Radiator,Cooling system,8,8424.45,39.57,67395.6,Wholesale Client,GCash,Completed,ORD960235,Automated migration
2026-01-12,Alternator,Electrical system,6,9491.71,550.43,56950.26,Walk-in Customer,GCash,Completed,ORD960236,Automated migration
2026-01-12,Oil Filter,Engine system,7,148.99,384.18,1042.93,Retail Client,GCash,Completed,ORD960237,Automated migration
2026-01-12,Alternator,Electrical system,7,11470.81,625.56,80295.67,Walk-in Customer,GCash,Completed,ORD960238,Automated migration
2026-01-12,Radiator,Cooling system,3,7886.19,524.54,23658.57,Wholesale Client,Check,Completed,ORD960239,Automated migration
2026-01-12,Clutch Kit,Transmission system,2,10153.02,695.26,20306.04,Walk-in Customer,GCash,Completed,ORD960240,Automated migration
2026-01-12,Clutch Kit,Transmission system,2,11337.59,217.09,22675.18,Walk-in Customer,GCash,Completed,ORD960241,Automated migration
2026-01-12,Radiator,Cooling system,2,5420.87,365.09,10841.74,Wholesale Client,Cash,Completed,ORD960242,Automated migration
2026-01-12,Air Filter,Engine system,6,212.04,699.3,1272.24,Retail Client,Check,Completed,ORD960243,Automated migration
2026-01-12,Radiator,Cooling system,1,4876.87,323.79,4876.87,Walk-in Customer,Cash,Completed,ORD960244,Automated migration
2026-01-13,Spark Plug,Ignition system,10,214.44,606.2,2144.4,Wholesale Client,Bank Transfer,Completed,ORD960245,Automated migration
2026-01-13,Spark Plug,Ignition system,10,361.77,658.71,3617.7,Retail Client,Check,Completed,ORD960246,Automated migration
2026-01-13,Air Filter,Engine system,10,302.27,66.85,3022.7,Walk-in Customer,Check,Completed,ORD960247,Automated migration
2026-01-13,Brake Pad,Brake system,1,1637.89,672.63,1637.89,Wholesale Client,Cash,Completed,ORD960248,Automated migration
2026-01-13,Air Filter,Engine system,0,233.29,0.0,0.0,Retail Client,Check,Completed,ORD960249,Automated migration
2026-01-13,Oil Filter,Engine system,5,151.15,155.02,755.75,Wholesale Client,Bank Transfer,Completed,ORD960250,Automated migration
2026-01-13,Fuel Pump,Fuel system,5,2653.02,140.96,13265.1,Walk-in Customer,Bank Transfer,Completed,ORD960251,Automated migration
2026-01-13,Air Filter,Engine system,0,287.17,0.0,0.0,Walk-in Customer,Check,Completed,ORD960252,Automated migration
2026-01-13,Shock Absorber,Suspension system,1,6316.14,86.75,6316.14,Wholesale Client,GCash,Completed,ORD960253,Automated migration
2026-01-13,Fuel Pump,Fuel system,1,4379.83,387.72,4379.83,Retail Client,Check,Completed,ORD960254,Automated migration
2026-01-13,Alternator,Electrical system,5,8268.55,75.82,41342.75,Retail Client,Cash,Completed,ORD960255,Automated migration
2026-01-13,Air Filter,Engine system,2,235.39,1.23,470.78,Retail Client,Bank Transfer,Completed,ORD960256,Automated migration
2026-01-13,Air Filter,Engine system,5,395.56,82.48,1977.8,Wholesale Client,GCash,Completed,ORD960257,Automated migration
2026-01-13,Alternator,Electrical system,8,11928.97,202.22,95431.76,Walk-in Customer,Cash,Completed,ORD960258,Automated migration
2026-01-13,Spark Plug,Ignition system,8,331.21,445.6,2649.68,Retail Client,Bank Transfer,Completed,ORD960259,Automated migration
2026-01-13,Alternator,Electrical system,2,7923.88,659.11,15847.76,Walk-in Customer,Check,Completed,ORD960260,Automated migration
2026-01-13,Shock Absorber,Suspension system,8,4088.18,276.96,32705.44,Wholesale Client,Cash,Completed,ORD960261,Automated migration
2026-01-14,Brake Pad,Brake system,4,3139.12,363.73,12556.48,Wholesale Client,Bank Transfer,Completed,ORD960262,Automated migration
2026-01-14,Radiator,Cooling system,2,7537.89,301.32,15075.78,Retail Client,GCash,Completed,ORD960263,Automated migration
2026-01-14,Radiator,Cooling system,4,7391.73,311.21,29566.92,Wholesale Client,Cash,Completed,ORD960264,Automated migration
2026-01-14,Shock Absorber,Suspension system,1,3007.61,159.29,3007.61,Walk-in Customer,Cash,Completed,ORD960265,Automated migration
2026-01-14,Fuel Pump,Fuel system,0,3780.9,0.0,0.0,Wholesale Client,Bank Transfer,Completed,ORD960266,Automated migration
2026-01-14,Air Filter,Engine system,9,282.62,236.44,2543.58,Wholesale Client,GCash,Completed,ORD960267,Automated migration
2026-01-14,Spark Plug,Ignition system,8,359.52,551.41,2876.16,Walk-in Customer,GCash,Completed,ORD960268,Automated migration
2026-01-14,Clutch Kit,Transmission system,7,9181.66,7.11,64271.62,Walk-in Customer,Check,Completed,ORD960269,Automated migration
2026-01-14,Radiator,Cooling system,4,5397.12,418.49,21588.48,Retail Client,GCash,Completed,ORD960270,Automated migration
2026-01-14,Brake Pad,Brake system,0,1920.77,0.0,0.0,Walk-in Customer,GCash,Completed,ORD960271,Automated migration
2026-01-14,Battery,Electrical system,6,8948.58,642.71,53691.48,Wholesale Client,Bank Transfer,Completed,ORD960272,Automated migration
2026-01-14,Clutch Kit,Transmission system,9,13490.29,247.75,121412.61,Wholesale Client,Bank Transfer,Completed,ORD960273,Automated migration
2026-01-14,Shock Absorber,Suspension system,8,4357.99,31.14,34863.92,Retail Client,Check,Completed,ORD960274,Automated migration
2026-01-14,Brake Pad,Brake system,0,2535.66,0.0,0.0,Walk-in Customer,Check,Completed,ORD960275,Automated migration
2026-01-14,Oil Filter,Engine system,5,162.07,638.3,810.35,Walk-in Customer,Check,Completed,ORD960276,Automated migration
2026-01-14,Alternator,Electrical system,0,7129.77,0.0,0.0,Walk-in Customer,Check,Completed,ORD960277,Automated migration
2026-01-14,Air Filter,Engine system,0,235.21,0.0,0.0,Walk-in Customer,GCash,Completed,ORD960278,Automated migration
2026-01-14,Air Filter,Engine system,7,203.38,61.23,1423.66,Wholesale Client,GCash,Completed,ORD960279,Automated migration
2026-01-15,Brake Pad,Brake system,7,2387.89,35.83,16715.23,Wholesale Client,GCash,Completed,ORD960280,Automated migration
2026-01-15,Radiator,Cooling system,3,3376.19,326.9,10128.57,Wholesale Client,Bank Transfer,Completed,ORD960281,Automated migration
2026-01-15,Battery,Electrical system,4,5050.16,439.63,20200.64,Retail Client,Check,Completed,ORD960282,Automated migration
2026-01-15,Shock Absorber,Suspension system,7,4682.73,59.28,32779.11,Retail Client,Bank Transfer,Completed,ORD960283,Automated migration
2026-01-15,Radiator,Cooling system,4,5652.44,552.97,22609.76,Walk-in Customer,Check,Completed,ORD960284,Automated migration
2026-01-15,Brake Pad,Brake system,10,2007.14,120.59,20071.4,Walk-in Customer,Cash,Completed,ORD960285,Automated migration
2026-01-15,Spark Plug,Ignition system,2,182.76,510.52,365.52,Walk-in Customer,Check,Completed,ORD960286,Automated migration
2026-01-15,Oil Filter,Engine system,2,344.29,116.46,688.58,Retail Client,GCash,Completed,ORD960287,Automated migration
2026-01-15,Alternator,Electrical system,2,11390.75,191.18,22781.5,Wholesale Client,Cash,Completed,ORD960288,Automated migration
2026-01-15,Air Filter,Engine system,10,225.41,524.42,2254.1,Walk-in Customer,Bank Transfer,Completed,ORD960289,Automated migration
2026-01-15,Oil Filter,Engine system,2,114.01,205.88,228.02,Wholesale Client,Check,Completed,ORD960290,Automated migration
2026-01-15,Shock Absorber,Suspension system,9,4254.23,328.68,38288.07,Wholesale Client,Check,Completed,ORD960291,Automated migration
2026-01-15,Radiator,Cooling system,5,3902.7,601.96,19513.5,Retail Client,Check,Completed,ORD960292,Automated migration
2026-01-15,Fuel Pump,Fuel system,0,6986.32,0.0,0.0,Retail Client,Cash,Completed,ORD960293,Automated migration
2026-01-15,Fuel Pump,Fuel system,9,6777.93,200.89,61001.37,Retail Client,Check,Completed,ORD960294,Automated migration
2026-01-15,Clutch Kit,Transmission system,4,7961.92,533.69,31847.68,Retail Client,Cash,Completed,ORD960295,Automated migration
2026-01-15,Radiator,Cooling system,8,4940.71,633.51,39525.68,Walk-in Customer,Cash,Completed,ORD960296,Automated migration
2026-01-15,Alternator,Electrical system,3,11011.52,44.79,33034.56,Wholesale Client,Check,Completed,ORD960297,Automated migration
2026-01-16,Air Filter,Engine system,8,342.35,138.74,2738.8,Wholesale Client,Cash,Completed,ORD960298,Automated migration
2026-01-16,Oil Filter,Engine system,6,116.12,692.35,696.72,Retail Client,Cash,Completed,ORD960299,Automated migration
2026-01-16,Oil Filter,Engine system,5,278.05,661.85,1390.25,Wholesale Client,Bank Transfer,Completed,ORD960300,Automated migration
2026-01-16,Alternator,Electrical system,5,7509.8,248.36,37549.0,Wholesale Client,Bank Transfer,Completed,ORD960301,Automated migration
2026-01-16,Oil Filter,Engine system,10,258.76,530.19,2587.6,Retail Client,GCash,Completed,ORD960302,Automated migration
2026-01-16,Radiator,Cooling system,9,8141.38,27.31,73272.42,Walk-in Customer,GCash,Completed,ORD960303,Automated migration
2026-01-16,Clutch Kit,Transmission system,10,9536.37,577.9,95363.7,Walk-in Customer,Cash,Completed,ORD960304,Automated migration
2026-01-16,Oil Filter,Engine system,9,182.79,616.79,1645.11,Wholesale Client,GCash,Completed,ORD960305,Automated migration
2026-01-16,Shock Absorber,Suspension system,10,3036.21,449.83,30362.1,Walk-in Customer,Check,Completed,ORD960306,Automated migration
2026-01-16,Alternator,Electrical system,6,9622.72,625.72,57736.32,Wholesale Client,GCash,Completed,ORD960307,Automated migration
2026-01-16,Shock Absorber,Suspension system,4,3194.84,503.15,12779.36,Retail Client,Bank Transfer,Completed,ORD960308,Automated migration
2026-01-16,Oil Filter,Engine system,8,111.3,264.97,890.4,Wholesale Client,Bank Transfer,Completed,ORD960309,Automated migration
2026-01-16,Brake Pad,Brake system,5,1616.91,190.59,8084.55,Wholesale Client,Cash,Completed,ORD960310,Automated migration
2026-01-16,Spark Plug,Ignition system,4,163.04,240.94,652.16,Retail Client,GCash,Completed,ORD960311,Automated migration
2026-01-16,Shock Absorber,Suspension system,5,2103.31,409.96,10516.55,Wholesale Client,GCash,Completed,ORD960312,Automated migration
2026-01-16,Battery,Electrical system,10,7106.74,460.55,71067.4,Walk-in Customer,Bank Transfer,Completed,ORD960313,Automated migration
2026-01-16,Spark Plug,Ignition system,1,359.8,666.17,359.8,Retail Client,Bank Transfer,Completed,ORD960314,Automated migration
2026-01-16,Air Filter,Engine system,7,254.76,315.79,1783.32,Wholesale Client,GCash,Completed,ORD960315,Automated migration
2026-01-17,Oil Filter,Engine system,1,234.4,215.82,234.4,Walk-in Customer,Bank Transfer,Completed,ORD960316,Automated migration
2026-01-17,Clutch Kit,Transmission system,6,12436.03,635.2,74616.18,Retail Client,Bank Transfer,Completed,ORD960317,Automated migration
2026-01-17,Battery,Electrical system,9,7172.94,296.26,64556.46,Retail Client,Cash,Completed,ORD960318,Automated migration
2026-01-17,Spark Plug,Ignition system,9,458.64,574.82,4127.76,Wholesale Client,Check,Completed,ORD960319,Automated migration
2026-01-17,Clutch Kit,Transmission system,0,11565.04,0.0,0.0,Wholesale Client,Check,Completed,ORD960320,Automated migration
2026-01-17,Clutch Kit,Transmission system,1,13270.13,101.78,13270.13,Walk-in Customer,Bank Transfer,Completed,ORD960321,Automated migration
2026-01-17,Battery,Electrical system,4,4388.47,606.64,17553.88,Retail Client,GCash,Completed,ORD960322,Automated migration
2026-01-17,Clutch Kit,Transmission system,5,6154.86,688.98,30774.3,Walk-in Customer,Cash,Completed,ORD960323,Automated migration
2026-01-17,Fuel Pump,Fuel system,10,4596.36,430.51,45963.6,Walk-in Customer,Check,Completed,ORD960324,Automated migration
2026-01-17,Shock Absorber,Suspension system,6,4325.91,345.55,25955.46,Wholesale Client,Check,Completed,ORD960325,Automated migration
2026-01-17,Shock Absorber,Suspension system,9,4062.78,608.19,36565.02,Walk-in Customer,Bank Transfer,Completed,ORD960326,Automated migration
2026-01-17,Shock Absorber,Suspension system,5,3851.01,8.04,19255.05,Wholesale Client,Bank Transfer,Completed,ORD960327,Automated migration
2026-01-17,Clutch Kit,Transmission system,3,13207.07,508.45,39621.21,Walk-in Customer,Check,Completed,ORD960328,Automated migration
2026-01-17,Air Filter,Engine system,8,309.24,345.75,2473.92,Wholesale Client,GCash,Completed,ORD960329,Automated migration
2026-01-17,Battery,Electrical system,2,5306.63,212.85,10613.26,Walk-in Customer,Check,Completed,ORD960330,Automated migration
2026-01-17,Shock Absorber,Suspension system,7,3171.72,628.61,22202.04,Retail Client,Check,Completed,ORD960331,Automated migration
2026-01-17,Air Filter,Engine system,3,227.78,50.06,683.34,Retail Client,Check,Completed,ORD960332,Automated migration
2026-01-17,Brake Pad,Brake system,9,1325.66,536.86,11930.94,Wholesale Client,Bank Transfer,Completed,ORD960333,Automated migration
2026-01-17,Fuel Pump,Fuel system,8,2690.98,570.6,21527.84,Wholesale Client,Bank Transfer,Completed,ORD960334,Automated migration
2026-01-17,Fuel Pump,Fuel system,7,5140.61,20.54,35984.27,Wholesale Client,GCash,Completed,ORD960335,Automated migration
2026-01-17,Clutch Kit,Transmission system,3,6265.24,62.27,18795.72,Wholesale Client,Bank Transfer,Completed,ORD960336,Automated migration
2026-01-17,Alternator,Electrical system,4,8058.0,601.8,32232.0,Retail Client,Bank Transfer,Completed,ORD960337,Automated migration
2026-01-17,Shock Absorber,Suspension system,10,4314.7,132.36,43147.0,Wholesale Client,Check,Completed,ORD960338,Automated migration
2026-01-17,Shock Absorber,Suspension system,1,3380.86,327.21,3380.86,Retail Client,GCash,Completed,ORD960339,Automated migration
2026-01-18,Radiator,Cooling system,5,3815.41,690.37,19077.05,Walk-in Customer,Check,Completed,ORD960340,Automated migration
2026-01-18,Alternator,Electrical system,3,7868.04,313.37,23604.12,Wholesale Client,Cash,Completed,ORD960341,Automated migration
2026-01-18,Spark Plug,Ignition system,0,407.11,0.0,0.0,Wholesale Client,Bank Transfer,Completed,ORD960342,Automated migration
2026-01-18,Clutch Kit,Transmission system,2,7782.21,651.84,15564.42,Retail Client,Cash,Completed,ORD960343,Automated migration
2026-01-18,Spark Plug,Ignition system,3,301.55,65.23,904.65,Walk-in Customer,GCash,Completed,ORD960344,Automated migration
2026-01-18,Radiator,Cooling system,9,8791.27,558.19,79121.43,Wholesale Client,Bank Transfer,Completed,ORD960345,Automated migration
2026-01-18,Fuel Pump,Fuel system,8,4220.16,118.52,33761.28,Walk-in Customer,Check,Completed,ORD960346,Automated migration
2026-01-18,Brake Pad,Brake system,5,2794.01,104.77,13970.05,Walk-in Customer,Bank Transfer,Completed,ORD960347,Automated migration
2026-01-18,Battery,Electrical system,5,8447.45,54.7,42237.25,Walk-in Customer,Check,Completed,ORD960348,Automated migration
2026-01-18,Battery,Electrical system,9,8916.11,237.55,80244.99,Retail Client,Bank Transfer,Completed,ORD960349,Automated migration
2026-01-18,Brake Pad,Brake system,7,3061.74,33.94,21432.18,Walk-in Customer,Bank Transfer,Completed,ORD960350,Automated migration
2026-01-18,Clutch Kit,Transmission system,6,8185.49,406.25,49112.94,Wholesale Client,Cash,Completed,ORD960351,Automated migration
2026-01-18,Fuel Pump,Fuel system,1,6874.78,441.19,6874.78,Retail Client,Cash,Completed,ORD960352,Automated migration
2026-01-18,Air Filter,Engine system,7,213.66,576.55,1495.62,Wholesale Client,Bank Transfer,Completed,ORD960353,Automated migration
2026-01-18,Shock Absorber,Suspension system,2,5159.04,143.87,10318.08,Wholesale Client,GCash,Completed,ORD960354,Automated migration
2026-01-18,Brake Pad,Brake system,2,2119.94,240.1,4239.88,Walk-in Customer,Cash,Completed,ORD960355,Automated migration
2026-01-19,Spark Plug,Ignition system,8,511.36,146.25,4090.88,Wholesale Client,Cash,Completed,ORD960356,Automated migration
2026-01-19,Alternator,Electrical system,9,7635.87,566.97,68722.83,Wholesale Client,Bank Transfer,Completed,ORD960357,Automated migration
2026-01-19,Fuel Pump,Fuel system,4,5017.11,166.85,20068.44,Wholesale Client,Bank Transfer,Completed,ORD960358,Automated migration
2026-01-19,Radiator,Cooling system,4,6967.65,55.83,27870.6,Walk-in Customer,Bank Transfer,Completed,ORD960359,Automated migration
2026-01-19,Oil Filter,Engine system,10,147.56,426.11,1475.6,Retail Client,Cash,Completed,ORD960360,Automated migration
2026-01-19,Air Filter,Engine system,3,342.25,63.85,1026.75,Retail Client,Check,Completed,ORD960361,Automated migration
2026-01-19,Air Filter,Engine system,10,249.26,255.03,2492.6,Wholesale Client,Cash,Completed,ORD960362,Automated migration
2026-01-19,Shock Absorber,Suspension system,8,5428.38,36.65,43427.04,Walk-in Customer,Cash,Completed,ORD960363,Automated migration
2026-01-19,Shock Absorber,Suspension system,6,2513.15,239.12,15078.9,Walk-in Customer,GCash,Completed,ORD960364,Automated migration
2026-01-19,Shock Absorber,Suspension system,5,5109.98,317.9,25549.9,Walk-in Customer,Check,Completed,ORD960365,Automated migration
2026-01-19,Air Filter,Engine system,8,201.61,33.57,1612.88,Wholesale Client,GCash,Completed,ORD960366,Automated migration
2026-01-19,Shock Absorber,Suspension system,3,2592.6,191.65,7777.8,Wholesale Client,Bank Transfer,Completed,ORD960367,Automated migration
2026-01-19,Shock Absorber,Suspension system,4,6378.3,294.84,25513.2,Walk-in Customer,Cash,Completed,ORD960368,Automated migration
2026-01-19,Spark Plug,Ignition system,1,170.63,485.53,170.63,Retail Client,Check,Completed,ORD960369,Automated migration
2026-01-19,Battery,Electrical system,1,5377.81,475.85,5377.81,Retail Client,Bank Transfer,Completed,ORD960370,Automated migration
2026-01-19,Fuel Pump,Fuel system,2,6526.58,277.28,13053.16,Walk-in Customer,Bank Transfer,Completed,ORD960371,Automated migration
2026-01-19,Battery,Electrical system,7,7703.91,251.1,53927.37,Retail Client,Check,Completed,ORD960372,Automated migration
2026-01-20,Clutch Kit,Transmission system,10,13243.95,61.47,132439.5,Walk-in Customer,Bank Transfer,Completed,ORD960373,Automated migration
2026-01-20,Clutch Kit,Transmission system,3,12368.93,411.44,37106.79,Walk-in Customer,Cash,Completed,ORD960374,Automated migration
2026-01-20,Shock Absorber,Suspension system,0,4712.76,0.0,0.0,Retail Client,Cash,Completed,ORD960375,Automated migration
2026-01-20,Fuel Pump,Fuel system,7,2628.81,687.5,18401.67,Wholesale Client,Cash,Completed,ORD960376,Automated migration
2026-01-20,Battery,Electrical system,9,5891.62,338.06,53024.58,Wholesale Client,Bank Transfer,Completed,ORD960377,Automated migration
2026-01-20,Shock Absorber,Suspension system,9,4038.8,357.86,36349.2,Wholesale Client,Check,Completed,ORD960378,Automated migration
2026-01-20,Shock Absorber,Suspension system,7,5184.41,492.4,36290.87,Retail Client,Bank Transfer,Completed,ORD960379,Automated migration
2026-01-20,Spark Plug,Ignition system,6,291.27,494.16,1747.62,Wholesale Client,Check,Completed,ORD960380,Automated migration
2026-01-20,Brake Pad,Brake system,6,2746.72,173.22,16480.32,Wholesale Client,Bank Transfer,Completed,ORD960381,Automated migration
2026-01-20,Shock Absorber,Suspension system,4,2455.2,693.93,9820.8,Wholesale Client,Check,Completed,ORD960382,Automated migration
2026-01-20,Spark Plug,Ignition system,10,234.5,198.21,2345.0,Walk-in Customer,GCash,Completed,ORD960383,Automated migration
2026-01-20,Battery,Electrical system,10,8140.62,9.65,81406.2,Wholesale Client,Bank Transfer,Completed,ORD960384,Automated migration
2026-01-20,Alternator,Electrical system,8,11642.59,84.37,93140.72,Walk-in Customer,GCash,Completed,ORD960385,Automated migration
2026-01-20,Alternator,Electrical system,7,9677.99,632.32,67745.93,Wholesale Client,Bank Transfer,Completed,ORD960386,Automated migration
2026-01-20,Radiator,Cooling system,9,3671.93,151.83,33047.37,Retail Client,Check,Completed,ORD960387,Automated migration
2026-01-20,Air Filter,Engine system,7,300.41,529.23,2102.87,Wholesale Client,GCash,Completed,ORD960388,Automated migration
2026-01-20,Shock Absorber,Suspension system,3,3889.09,335.99,11667.27,Retail Client,GCash,Completed,ORD960389,Automated migration
2026-01-20,Brake Pad,Brake system,5,2004.58,225.87,10022.9,Walk-in Customer,Check,Completed,ORD960390,Automated migration
2026-01-20,Alternator,Electrical system,7,8550.09,348.9,59850.63,Walk-in Customer,Check,Completed,ORD960391,Automated migration
2026-01-21,Alternator,Electrical system,2,7295.7,572.9,14591.4,Wholesale Client,Check,Completed,ORD960392,Automated migration
2026-01-21,Shock Absorber,Suspension system,9,4080.0,292.93,36720.0,Walk-in Customer,Check,Completed,ORD960393,Automated migration
2026-01-21,Battery,Electrical system,9,6406.49,663.54,57658.41,Walk-in Customer,Check,Completed,ORD960394,Automated migration
2026-01-21,Alternator,Electrical system,6,8361.43,397.31,50168.58,Retail Client,Bank Transfer,Completed,ORD960395,Automated migration
2026-01-21,Oil Filter,Engine system,9,152.72,521.78,1374.48,Wholesale Client,Check,Completed,ORD960396,Automated migration
2026-01-21,Oil Filter,Engine system,6,320.73,95.3,1924.38,Wholesale Client,Cash,Completed,ORD960397,Automated migration
2026-01-21,Radiator,Cooling system,7,3684.18,546.31,25789.26,Wholesale Client,Cash,Completed,ORD960398,Automated migration
2026-01-21,Clutch Kit,Transmission system,2,8701.83,683.74,17403.66,Wholesale Client,Bank Transfer,Completed,ORD960399,Automated migration
2026-01-21,Radiator,Cooling system,3,6585.03,622.76,19755.09,Wholesale Client,Bank Transfer,Completed,ORD960400,Automated migration
2026-01-21,Brake Pad,Brake system,5,1584.34,398.37,7921.7,Retail Client,Check,Completed,ORD960401,Automated migration
2026-01-21,Spark Plug,Ignition system,8,558.42,219.8,4467.36,Wholesale Client,Cash,Completed,ORD960402,Automated migration
2026-01-21,Radiator,Cooling system,7,3285.03,554.11,22995.21,Wholesale Client,Check,Completed,ORD960403,Automated migration
2026-01-21,Spark Plug,Ignition system,7,301.7,176.9,2111.9,Walk-in Customer,Check,Completed,ORD960404,Automated migration
2026-01-21,Battery,Electrical system,2,8776.84,94.2,17553.68,Wholesale Client,GCash,Completed,ORD960405,Automated migration
2026-01-22,Brake Pad,Brake system,1,2722.08,548.12,2722.08,Retail Client,Check,Completed,ORD960406,Automated migration
2026-01-22,Radiator,Cooling system,5,7443.75,401.1,37218.75,Retail Client,Bank Transfer,Completed,ORD960407,Automated migration
2026-01-22,Brake Pad,Brake system,2,1578.53,452.16,3157.06,Retail Client,Bank Transfer,Completed,ORD960408,Automated migration
2026-01-22,Fuel Pump,Fuel system,1,6607.76,403.75,6607.76,Wholesale Client,Cash,Completed,ORD960409,Automated migration
2026-01-22,Spark Plug,Ignition system,4,243.46,62.25,973.84,Wholesale Client,GCash,Completed,ORD960410,Automated migration
2026-01-22,Battery,Electrical system,8,4962.0,436.25,39696.0,Wholesale Client,Check,Completed,ORD960411,Automated migration
2026-01-22,Battery,Electrical system,2,4387.94,11.13,8775.88,Walk-in Customer,Cash,Completed,ORD960412,Automated migration
2026-01-22,Spark Plug,Ignition system,5,516.89,199.14,2584.45,Walk-in Customer,Check,Completed,ORD960413,Automated migration
2026-01-22,Spark Plug,Ignition system,0,164.86,0.0,0.0,Retail Client,GCash,Completed,ORD960414,Automated migration
2026-01-22,Shock Absorber,Suspension system,5,4031.71,354.66,20158.55,Wholesale Client,Cash,Completed,ORD960415,Automated migration
2026-01-22,Alternator,Electrical system,0,9523.61,0.0,0.0,Retail Client,GCash,Completed,ORD960416,Automated migration
2026-01-22,Brake Pad,Brake system,0,2606.97,0.0,0.0,Walk-in Customer,GCash,Completed,ORD960417,Automated migration
2026-01-22,Battery,Electrical system,5,7960.56,688.47,39802.8,Wholesale Client,Check,Completed,ORD960418,Automated migration
2026-01-22,Brake Pad,Brake system,3,2342.67,299.98,7028.01,Walk-in Customer,Check,Completed,ORD960419,Automated migration
2026-01-22,Air Filter,Engine system,4,270.29,579.38,1081.16,Retail Client,Cash,Completed,ORD960420,Automated migration
2026-01-22,Alternator,Electrical system,8,9766.47,183.94,78131.76,Wholesale Client,GCash,Completed,ORD960421,Automated migration
2026-01-22,Shock Absorber,Suspension system,6,5637.85,11.12,33827.1,Retail Client,GCash,Completed,ORD960422,Automated migration
2026-01-22,Brake Pad,Brake system,10,1314.91,265.47,13149.1,Wholesale Client,Cash,Completed,ORD960423,Automated migration
2026-01-22,Air Filter,Engine system,10,265.19,234.68,2651.9,Walk-in Customer,GCash,Completed,ORD960424,Automated migration
2026-01-22,Clutch Kit,Transmission system,2,7976.7,578.64,15953.4,Wholesale Client,Cash,Completed,ORD960425,Automated migration
2026-01-22,Radiator,Cooling system,6,5183.92,291.9,31103.52,Retail Client,Check,Completed,ORD960426,Automated migration
2026-01-22,Brake Pad,Brake system,4,2518.56,141.68,10074.24,Walk-in Customer,Cash,Completed,ORD960427,Automated migration
2026-01-22,Radiator,Cooling system,6,6952.84,594.7,41717.04,Retail Client,Cash,Completed,ORD960428,Automated migration
2026-01-23,Fuel Pump,Fuel system,10,6868.24,526.92,68682.4,Retail Client,GCash,Completed,ORD960429,Automated migration
2026-01-23,Alternator,Electrical system,6,11936.45,521.91,71618.7,Retail Client,GCash,Completed,ORD960430,Automated migration
2026-01-23,Clutch Kit,Transmission system,5,5979.11,675.74,29895.55,Retail Client,Bank Transfer,Completed,ORD960431,Automated migration
2026-01-23,Radiator,Cooling system,4,3959.93,85.67,15839.72,Wholesale Client,GCash,Completed,ORD960432,Automated migration
2026-01-23,Spark Plug,Ignition system,5,573.1,510.86,2865.5,Retail Client,Cash,Completed,ORD960433,Automated migration
2026-01-23,Clutch Kit,Transmission system,3,13058.96,550.86,39176.88,Wholesale Client,Check,Completed,ORD960434,Automated migration
2026-01-23,Oil Filter,Engine system,5,148.43,418.92,742.15,Wholesale Client,Bank Transfer,Completed,ORD960435,Automated migration
2026-01-23,Alternator,Electrical system,10,7509.06,57.65,75090.6,Retail Client,Check,Completed,ORD960436,Automated migration
2026-01-23,Brake Pad,Brake system,8,2657.67,184.42,21261.36,Retail Client,Bank Transfer,Completed,ORD960437,Automated migration
2026-01-23,Shock Absorber,Suspension system,2,2476.16,296.26,4952.32,Retail Client,Cash,Completed,ORD960438,Automated migration
2026-01-23,Alternator,Electrical system,1,11456.08,613.95,11456.08,Walk-in Customer,Bank Transfer,Completed,ORD960439,Automated migration
2026-01-23,Fuel Pump,Fuel system,5,4986.42,656.53,24932.1,Wholesale Client,Cash,Completed,ORD960440,Automated migration
2026-01-23,Shock Absorber,Suspension system,0,4345.99,0.0,0.0,Retail Client,Bank Transfer,Completed,ORD960441,Automated migration
2026-01-23,Oil Filter,Engine system,8,154.91,639.94,1239.28,Wholesale Client,GCash,Completed,ORD960442,Automated migration
2026-01-23,Oil Filter,Engine system,1,313.14,634.94,313.14,Walk-in Customer,Cash,Completed,ORD960443,Automated migration
2026-01-23,Air Filter,Engine system,1,364.09,335.15,364.09,Wholesale Client,GCash,Completed,ORD960444,Automated migration
2026-01-24,Radiator,Cooling system,0,7598.99,0.0,0.0,Wholesale Client,Cash,Completed,ORD960445,Automated migration
2026-01-24,Fuel Pump,Fuel system,10,6466.29,236.79,64662.9,Walk-in Customer,Cash,Completed,ORD960446,Automated migration
2026-01-24,Oil Filter,Engine system,1,309.39,548.95,309.39,Wholesale Client,GCash,Completed,ORD960447,Automated migration
2026-01-24,Air Filter,Engine system,3,328.44,279.82,985.32,Wholesale Client,GCash,Completed,ORD960448,Automated migration
2026-01-24,Spark Plug,Ignition system,4,164.69,322.11,658.76,Wholesale Client,Cash,Completed,ORD960449,Automated migration
2026-01-24,Brake Pad,Brake system,4,2534.15,584.82,10136.6,Retail Client,Bank Transfer,Completed,ORD960450,Automated migration
2026-01-24,Spark Plug,Ignition system,6,298.27,102.11,1789.62,Walk-in Customer,Cash,Completed,ORD960451,Automated migration
2026-01-24,Alternator,Electrical system,1,7098.04,599.16,7098.04,Wholesale Client,GCash,Completed,ORD960452,Automated migration
2026-01-24,Shock Absorber,Suspension system,0,5403.94,0.0,0.0,Retail Client,Cash,Completed,ORD960453,Automated migration
2026-01-24,Spark Plug,Ignition system,7,422.19,699.45,2955.33,Retail Client,Cash,Completed,ORD960454,Automated migration
2026-01-24,Shock Absorber,Suspension system,2,6042.36,86.7,12084.72,Wholesale Client,GCash,Completed,ORD960455,Automated migration
2026-01-24,Radiator,Cooling system,5,7972.52,566.91,39862.6,Wholesale Client,Cash,Completed,ORD960456,Automated migration
2026-01-24,Fuel Pump,Fuel system,2,5057.9,171.63,10115.8,Retail Client,GCash,Completed,ORD960457,Automated migration
2026-01-24,Spark Plug,Ignition system,9,586.08,3.51,5274.72,Walk-in Customer,GCash,Completed,ORD960458,Automated migration
2026-01-24,Radiator,Cooling system,4,3225.05,393.09,12900.2,Walk-in Customer,Check,Completed,ORD960459,Automated migration
2026-01-24,Spark Plug,Ignition system,6,166.39,266.31,998.34,Wholesale Client,Cash,Completed,ORD960460,Automated migration
2026-01-24,Brake Pad,Brake system,4,2586.66,659.38,10346.64,Wholesale Client,Bank Transfer,Completed,ORD960461,Automated migration
2026-01-24,Shock Absorber,Suspension system,9,4622.56,437.94,41603.04,Wholesale Client,Bank Transfer,Completed,ORD960462,Automated migration
2026-01-24,Radiator,Cooling system,3,8534.81,77.67,25604.43,Retail Client,Check,Completed,ORD960463,Automated migration
2026-01-24,Brake Pad,Brake system,5,3086.42,226.6,15432.1,Wholesale Client,Cash,Completed,ORD960464,Automated migration
2026-01-24,Air Filter,Engine system,8,249.54,652.72,1996.32,Wholesale Client,Bank Transfer,Completed,ORD960465,Automated migration
2026-01-24,Oil Filter,Engine system,3,182.45,432.56,547.35,Wholesale Client,Bank Transfer,Completed,ORD960466,Automated migration
2026-01-24,Shock Absorber,Suspension system,7,4003.18,663.26,28022.26,Wholesale Client,Bank Transfer,Completed,ORD960467,Automated migration
2026-01-24,Fuel Pump,Fuel system,1,3840.27,150.53,3840.27,Retail Client,Bank Transfer,Completed,ORD960468,Automated migration
2026-01-24,Radiator,Cooling system,1,3211.14,510.96,3211.14,Walk-in Customer,Cash,Completed,ORD960469,Automated migration
2026-01-24,Fuel Pump,Fuel system,1,3245.32,615.83,3245.32,Walk-in Customer,Cash,Completed,ORD960470,Automated migration
2026-01-24,Battery,Electrical system,10,7709.18,596.18,77091.8,Retail Client,Check,Completed,ORD960471,Automated migration
2026-01-25,Fuel Pump,Fuel system,4,4438.71,105.3,17754.84,Wholesale Client,Bank Transfer,Completed,ORD960472,Automated migration
2026-01-25,Brake Pad,Brake system,1,1680.05,261.54,1680.05,Wholesale Client,Cash,Completed,ORD960473,Automated migration
2026-01-25,Shock Absorber,Suspension system,6,5678.39,4.61,34070.34,Walk-in Customer,GCash,Completed,ORD960474,Automated migration
2026-01-25,Fuel Pump,Fuel system,1,5857.42,38.24,5857.42,Retail Client,Check,Completed,ORD960475,Automated migration
2026-01-25,Fuel Pump,Fuel system,3,4834.02,217.93,14502.06,Retail Client,GCash,Completed,ORD960476,Automated migration
2026-01-25,Battery,Electrical system,8,5653.22,380.99,45225.76,Retail Client,Bank Transfer,Completed,ORD960477,Automated migration
2026-01-25,Shock Absorber,Suspension system,5,5565.29,254.03,27826.45,Retail Client,GCash,Completed,ORD960478,Automated migration
2026-01-25,Oil Filter,Engine system,6,316.78,491.94,1900.68,Retail Client,GCash,Completed,ORD960479,Automated migration
2026-01-25,Brake Pad,Brake system,9,2083.19,475.55,18748.71,Retail Client,Cash,Completed,ORD960480,Automated migration
2026-01-25,Clutch Kit,Transmission system,5,10703.22,53.58,53516.1,Retail Client,Bank Transfer,Completed,ORD960481,Automated migration
2026-01-25,Radiator,Cooling system,9,3709.21,359.46,33382.89,Wholesale Client,Bank Transfer,Completed,ORD960482,Automated migration
2026-01-25,Brake Pad,Brake system,10,2905.73,540.31,29057.3,Wholesale Client,GCash,Completed,ORD960483,Automated migration
2026-01-25,Oil Filter,Engine system,8,344.49,137.26,2755.92,Walk-in Customer,GCash,Completed,ORD960484,Automated migration
2026-01-25,Battery,Electrical system,9,7753.44,72.52,69780.96,Walk-in Customer,Bank Transfer,Completed,ORD960485,Automated migration
2026-01-25,Alternator,Electrical system,7,9911.43,693.99,69380.01,Walk-in Customer,GCash,Completed,ORD960486,Automated migration
2026-01-25,Shock Absorber,Suspension system,5,6136.98,98.8,30684.9,Wholesale Client,GCash,Completed,ORD960487,Automated migration
2026-01-25,Radiator,Cooling system,4,7345.07,68.37,29380.28,Wholesale Client,GCash,Completed,ORD960488,Automated migration
2026-01-25,Oil Filter,Engine system,6,184.72,179.26,1108.32,Walk-in Customer,Check,Completed,ORD960489,Automated migration
2026-01-26,Air Filter,Engine system,5,264.9,196.66,1324.5,Walk-in Customer,Bank Transfer,Completed,ORD960490,Automated migration
2026-01-26,Radiator,Cooling system,10,3863.77,153.8,38637.7,Walk-in Customer,Check,Completed,ORD960491,Automated migration
2026-01-26,Battery,Electrical system,10,8057.08,231.89,80570.8,Walk-in Customer,Check,Completed,ORD960492,Automated migration
2026-01-26,Radiator,Cooling system,9,7305.12,537.56,65746.08,Wholesale Client,Cash,Completed,ORD960493,Automated migration
2026-01-26,Fuel Pump,Fuel system,3,5778.43,216.1,17335.29,Retail Client,Check,Completed,ORD960494,Automated migration
2026-01-26,Spark Plug,Ignition system,6,484.98,318.9,2909.88,Walk-in Customer,Cash,Completed,ORD960495,Automated migration
2026-01-26,Battery,Electrical system,4,4589.6,167.6,18358.4,Wholesale Client,Check,Completed,ORD960496,Automated migration
2026-01-26,Clutch Kit,Transmission system,5,6331.46,589.4,31657.3,Walk-in Customer,Cash,Completed,ORD960497,Automated migration
2026-01-26,Brake Pad,Brake system,0,3350.64,0.0,0.0,Walk-in Customer,Bank Transfer,Completed,ORD960498,Automated migration
2026-01-26,Oil Filter,Engine system,7,121.75,685.55,852.25,Retail Client,Cash,Completed,ORD960499,Automated migration
2026-01-26,Brake Pad,Brake system,4,2509.16,30.13,10036.64,Wholesale Client,Cash,Completed,ORD960500,Automated migration
2026-01-26,Brake Pad,Brake system,9,1760.28,457.53,15842.52,Retail Client,Bank Transfer,Completed,ORD960501,Automated migration
2026-01-26,Air Filter,Engine system,8,202.47,34.17,1619.76,Wholesale Client,Bank Transfer,Completed,ORD960502,Automated migration
2026-01-26,Radiator,Cooling system,10,8862.87,270.56,88628.7,Wholesale Client,Cash,Completed,ORD960503,Automated migration
2026-01-26,Radiator,Cooling system,6,5719.15,537.94,34314.9,Retail Client,Cash,Completed,ORD960504,Automated migration
2026-01-26,Fuel Pump,Fuel system,3,5806.82,506.52,17420.46,Retail Client,Bank Transfer,Completed,ORD960505,Automated migration
2026-01-26,Spark Plug,Ignition system,0,218.7,0.0,0.0,Wholesale Client,Bank Transfer,Completed,ORD960506,Automated migration
2026-01-26,Brake Pad,Brake system,1,3028.05,328.75,3028.05,Wholesale Client,Cash,Completed,ORD960507,Automated migration
2026-01-26,Fuel Pump,Fuel system,4,4011.29,406.05,16045.16,Retail Client,Bank Transfer,Completed,ORD960508,Automated migration
2026-01-26,Air Filter,Engine system,4,284.17,341.45,1136.68,Walk-in Customer,Cash,Completed,ORD960509,Automated migration
2026-01-26,Alternator,Electrical system,2,8574.87,481.03,17149.74,Wholesale Client,Check,Completed,ORD960510,Automated migration
2026-01-26,Oil Filter,Engine system,10,164.51,263.05,1645.1,Wholesale Client,Cash,Completed,ORD960511,Automated migration
2026-01-26,Battery,Electrical system,7,4562.4,525.03,31936.8,Wholesale Client,Bank Transfer,Completed,ORD960512,Automated migration
2026-01-26,Battery,Electrical system,8,8794.56,261.51,70356.48,Wholesale Client,Cash,Completed,ORD960513,Automated migration
2026-01-26,Air Filter,Engine system,7,256.21,437.23,1793.47,Retail Client,Check,Completed,ORD960514,Automated migration
2026-01-26,Alternator,Electrical system,0,7107.69,0.0,0.0,Wholesale Client,Bank Transfer,Completed,ORD960515,Automated migration
2026-01-26,Fuel Pump,Fuel system,9,6485.45,565.15,58369.05,Wholesale Client,Bank Transfer,Completed,ORD960516,Automated migration
2026-01-26,Alternator,Electrical system,9,8726.93,139.04,78542.37,Wholesale Client,Cash,Completed,ORD960517,Automated migration
2026-01-27,Shock Absorber,Suspension system,8,6469.3,139.55,51754.4,Retail Client,GCash,Completed,ORD960518,Automated migration
2026-01-27,Spark Plug,Ignition system,4,355.24,455.42,1420.96,Walk-in Customer,Check,Completed,ORD960519,Automated migration
2026-01-27,Radiator,Cooling system,0,7310.43,0.0,0.0,Retail Client,Bank Transfer,Completed,ORD960520,Automated migration
2026-01-27,Alternator,Electrical system,10,7907.8,533.4,79078.0,Retail Client,Bank Transfer,Completed,ORD960521,Automated migration
2026-01-27,Radiator,Cooling system,3,7858.32,673.66,23574.96,Walk-in Customer,Cash,Completed,ORD960522,Automated migration
2026-01-27,Brake Pad,Brake system,7,1326.36,432.81,9284.52,Retail Client,Bank Transfer,Completed,ORD960523,Automated migration
2026-01-27,Oil Filter,Engine system,0,158.94,0.0,0.0,Retail Client,Check,Completed,ORD960524,Automated migration
2026-01-27,Oil Filter,Engine system,2,218.73,641.36,437.46,Wholesale Client,GCash,Completed,ORD960525,Automated migration
2026-01-27,Oil Filter,Engine system,8,272.14,274.85,2177.12,Walk-in Customer,Check,Completed,ORD960526,Automated migration
2026-01-27,Air Filter,Engine system,3,330.96,271.22,992.88,Retail Client,Check,Completed,ORD960527,Automated migration
2026-01-27,Fuel Pump,Fuel system,7,6353.07,227.02,44471.49,Retail Client,Cash,Completed,ORD960528,Automated migration
2026-01-27,Air Filter,Engine system,7,245.71,533.87,1719.97,Walk-in Customer,GCash,Completed,ORD960529,Automated migration
2026-01-27,Oil Filter,Engine system,1,128.96,629.06,128.96,Wholesale Client,Cash,Completed,ORD960530,Automated migration
2026-01-27,Fuel Pump,Fuel system,7,6319.75,184.36,44238.25,Walk-in Customer,Check,Completed,ORD960531,Automated migration
2026-01-27,Oil Filter,Engine system,6,265.87,384.58,1595.22,Retail Client,Bank Transfer,Completed,ORD960532,Automated migration
2026-01-27,Air Filter,Engine system,9,383.86,147.02,3454.74,Walk-in Customer,GCash,Completed,ORD960533,Automated migration
2026-01-28,Radiator,Cooling system,0,8269.99,0.0,0.0,Wholesale Client,Cash,Completed,ORD960534,Automated migration
2026-01-28,Spark Plug,Ignition system,5,430.86,377.05,2154.3,Walk-in Customer,Bank Transfer,Completed,ORD960535,Automated migration
2026-01-28,Spark Plug,Ignition system,1,226.17,555.22,226.17,Wholesale Client,Check,Completed,ORD960536,Automated migration
2026-01-28,Battery,Electrical system,2,6412.87,64.93,12825.74,Wholesale Client,Check,Completed,ORD960537,Automated migration
2026-01-28,Radiator,Cooling system,6,7644.6,71.1,45867.6,Walk-in Customer,GCash,Completed,ORD960538,Automated migration
2026-01-28,Fuel Pump,Fuel system,7,5311.5,368.09,37180.5,Wholesale Client,GCash,Completed,ORD960539,Automated migration
2026-01-28,Brake Pad,Brake system,1,2351.19,587.69,2351.19,Wholesale Client,Bank Transfer,Completed,ORD960540,Automated migration
2026-01-28,Clutch Kit,Transmission system,6,5232.34,374.89,31394.04,Walk-in Customer,GCash,Completed,ORD960541,Automated migration
2026-01-28,Brake Pad,Brake system,3,1630.85,485.09,4892.55,Wholesale Client,Check,Completed,ORD960542,Automated migration
2026-01-28,Air Filter,Engine system,5,251.88,515.35,1259.4,Wholesale Client,GCash,Completed,ORD960543,Automated migration
2026-01-28,Spark Plug,Ignition system,1,492.41,120.55,492.41,Retail Client,Bank Transfer,Completed,ORD960544,Automated migration
2026-01-28,Brake Pad,Brake system,9,1828.19,112.22,16453.71,Retail Client,Bank Transfer,Completed,ORD960545,Automated migration
2026-01-28,Fuel Pump,Fuel system,6,4036.25,581.08,24217.5,Retail Client,GCash,Completed,ORD960546,Automated migration
2026-01-28,Brake Pad,Brake system,8,3371.28,649.73,26970.24,Wholesale Client,Check,Completed,ORD960547,Automated migration
2026-01-29,Clutch Kit,Transmission system,5,5444.46,57.45,27222.3,Retail Client,GCash,Completed,ORD960548,Automated migration
2026-01-29,Brake Pad,Brake system,8,1858.47,387.57,14867.76,Wholesale Client,GCash,Completed,ORD960549,Automated migration
2026-01-29,Radiator,Cooling system,6,7581.45,226.38,45488.7,Retail Client,Cash,Completed,ORD960550,Automated migration
2026-01-29,Fuel Pump,Fuel system,9,2556.78,380.39,23011.02,Wholesale Client,Bank Transfer,Completed,ORD960551,Automated migration
2026-01-29,Oil Filter,Engine system,0,295.0,0.0,0.0,Wholesale Client,Bank Transfer,Completed,ORD960552,Automated migration
2026-01-29,Spark Plug,Ignition system,3,392.26,165.66,1176.78,Walk-in Customer,Cash,Completed,ORD960553,Automated migration
2026-01-29,Alternator,Electrical system,6,8562.47,567.89,51374.82,Wholesale Client,Cash,Completed,ORD960554,Automated migration
2026-01-29,Brake Pad,Brake system,0,2222.25,0.0,0.0,Wholesale Client,GCash,Completed,ORD960555,Automated migration
2026-01-29,Radiator,Cooling system,6,3294.41,369.69,19766.46,Walk-in Customer,Check,Completed,ORD960556,Automated migration
2026-01-29,Shock Absorber,Suspension system,8,3188.13,555.33,25505.04,Wholesale Client,Cash,Completed,ORD960557,Automated migration
2026-01-29,Battery,Electrical system,0,8610.3,0.0,0.0,Wholesale Client,Bank Transfer,Completed,ORD960558,Automated migration
2026-01-29,Battery,Electrical system,8,4423.16,347.06,35385.28,Wholesale Client,GCash,Completed,ORD960559,Automated migration
2026-01-29,Battery,Electrical system,1,7754.62,624.27,7754.62,Walk-in Customer,Cash,Completed,ORD960560,Automated migration
2026-01-29,Fuel Pump,Fuel system,0,5383.15,0.0,0.0,Wholesale Client,Cash,Completed,ORD960561,Automated migration
2026-01-29,Alternator,Electrical system,3,8057.61,44.81,24172.83,Wholesale Client,Bank Transfer,Completed,ORD960562,Automated migration
2026-01-29,Oil Filter,Engine system,4,288.43,508.35,1153.72,Walk-in Customer,Check,Completed,ORD960563,Automated migration
2026-01-29,Clutch Kit,Transmission system,1,8913.44,311.88,8913.44,Retail Client,GCash,Completed,ORD960564,Automated migration
2026-01-29,Clutch Kit,Transmission system,6,10504.86,177.35,63029.16,Retail Client,Bank Transfer,Completed,ORD960565,Automated migration
2026-01-29,Radiator,Cooling system,6,5005.55,697.6,30033.3,Wholesale Client,Cash,Completed,ORD960566,Automated migration
2026-01-29,Air Filter,Engine system,0,364.67,0.0,0.0,Wholesale Client,GCash,Completed,ORD960567,Automated migration
2026-01-29,Alternator,Electrical system,3,9827.63,583.26,29482.89,Wholesale Client,Cash,Completed,ORD960568,Automated migration
2026-01-29,Spark Plug,Ignition system,2,437.95,592.64,875.9,Retail Client,Check,Completed,ORD960569,Automated migration
2026-01-29,Brake Pad,Brake system,6,2681.75,174.85,16090.5,Retail Client,Check,Completed,ORD960570,Automated migration
2026-01-29,Battery,Electrical system,4,8226.12,545.62,32904.48,Retail Client,Check,Completed,ORD960571,Automated migration
2026-01-29,Alternator,Electrical system,3,11395.35,111.29,34186.05,Wholesale Client,Check,Completed,ORD960572,Automated migration
2026-01-29,Alternator,Electrical system,10,8883.96,224.37,88839.6,Retail Client,Bank Transfer,Completed,ORD960573,Automated migration
2026-01-30,Battery,Electrical system,10,6183.06,347.92,61830.6,Wholesale Client,GCash,Completed,ORD960574,Automated migration
2026-01-30,Radiator,Cooling system,8,6357.64,18.97,50861.12,Walk-in Customer,GCash,Completed,ORD960575,Automated migration
2026-01-30,Fuel Pump,Fuel system,10,5737.11,453.44,57371.1,Walk-in Customer,Check,Completed,ORD960576,Automated migration
2026-01-30,Fuel Pump,Fuel system,4,3782.88,178.25,15131.52,Retail Client,GCash,Completed,ORD960577,Automated migration
2026-01-30,Oil Filter,Engine system,4,280.02,509.19,1120.08,Retail Client,Cash,Completed,ORD960578,Automated migration
2026-01-30,Oil Filter,Engine system,4,313.64,584.08,1254.56,Wholesale Client,GCash,Completed,ORD960579,Automated migration
2026-01-30,Shock Absorber,Suspension system,10,4970.68,10.18,49706.8,Wholesale Client,Cash,Completed,ORD960580,Automated migration
2026-01-30,Alternator,Electrical system,10,11854.49,271.62,118544.9,Retail Client,Check,Completed,ORD960581,Automated migration
2026-01-30,Spark Plug,Ignition system,0,465.15,0.0,0.0,Wholesale Client,Check,Completed,ORD960582,Automated migration
2026-01-30,Clutch Kit,Transmission system,6,8752.54,216.09,52515.24,Wholesale Client,Bank Transfer,Completed,ORD960583,Automated migration
2026-01-30,Battery,Electrical system,3,5682.34,412.58,17047.02,Wholesale Client,Bank Transfer,Completed,ORD960584,Automated migration
2026-01-30,Clutch Kit,Transmission system,8,13296.83,119.56,106374.64,Retail Client,Bank Transfer,Completed,ORD960585,Automated migration
2026-01-30,Shock Absorber,Suspension system,7,5280.24,603.85,36961.68,Retail Client,Check,Completed,ORD960586,Automated migration
2026-01-30,Battery,Electrical system,2,4716.24,80.24,9432.48,Retail Client,GCash,Completed,ORD960587,Automated migration
2026-01-30,Clutch Kit,Transmission system,8,9743.72,606.71,77949.76,Retail Client,Cash,Completed,ORD960588,Automated migration
2026-01-30,Clutch Kit,Transmission system,3,6347.14,223.64,19041.42,Walk-in Customer,Bank Transfer,Completed,ORD960589,Automated migration
2026-01-30,Fuel Pump,Fuel system,4,5090.99,211.61,20363.96,Walk-in Customer,Bank Transfer,Completed,ORD960590,Automated migration
2026-01-30,Fuel Pump,Fuel system,8,3406.71,175.9,27253.68,Retail Client,Check,Completed,ORD960591,Automated migration
2026-01-30,Alternator,Electrical system,8,10479.38,214.12,83835.04,Walk-in Customer,Check,Completed,ORD960592,Automated migration
2026-01-30,Clutch Kit,Transmission system,4,6485.11,414.54,25940.44,Wholesale Client,Cash,Completed,ORD960593,Automated migration
2026-01-30,Oil Filter,Engine system,0,342.28,0.0,0.0,Wholesale Client,GCash,Completed,ORD960594,Automated migration
2026-01-31,Shock Absorber,Suspension system,1,2410.84,94.16,2410.84,Walk-in Customer,Bank Transfer,Completed,ORD960595,Automated migration
2026-01-31,Fuel Pump,Fuel system,6,6170.19,638.85,37021.14,Retail Client,GCash,Completed,ORD960596,Automated migration
2026-01-31,Radiator,Cooling system,5,5222.25,605.54,26111.25,Retail Client,Cash,Completed,ORD960597,Automated migration
2026-01-31,Spark Plug,Ignition system,3,348.89,224.01,1046.67,Walk-in Customer,GCash,Completed,ORD960598,Automated migration
2026-01-31,Air Filter,Engine system,2,322.54,156.93,645.08,Retail Client,Bank Transfer,Completed,ORD960599,Automated migration
2026-01-31,Clutch Kit,Transmission system,5,6040.72,600.37,30203.6,Retail Client,Bank Transfer,Completed,ORD960600,Automated migration
2026-01-31,Clutch Kit,Transmission system,6,7402.27,265.68,44413.62,Retail Client,Bank Transfer,Completed,ORD960601,Automated migration
2026-01-31,Oil Filter,Engine system,8,326.18,480.86,2609.44,Wholesale Client,GCash,Completed,ORD960602,Automated migration
2026-01-31,Clutch Kit,Transmission system,3,8897.3,119.58,26691.9,Walk-in Customer,Cash,Completed,ORD960603,Automated migration
2026-01-31,Brake Pad,Brake system,9,1588.07,509.82,14292.63,Retail Client,GCash,Completed,ORD960604,Automated migration
2026-01-31,Clutch Kit,Transmission system,1,7887.1,335.95,7887.1,Wholesale Client,Cash,Completed,ORD960605,Automated migration
2026-01-31,Brake Pad,Brake system,1,3099.46,581.42,3099.46,Retail Client,Check,Completed,ORD960606,Automated migration
2026-01-31,Clutch Kit,Transmission system,5,10278.76,331.14,51393.8,Walk-in Customer,GCash,Completed,ORD960607,Automated migration
2026-01-31,Alternator,Electrical system,0,10925.5,0.0,0.0,Retail Client,Cash,Completed,ORD960608,Automated migration
2026-01-31,Alternator,Electrical system,5,11438.01,204.31,57190.05,Wholesale Client,GCash,Completed,ORD960609,Automated migration
2026-01-31,Air Filter,Engine system,4,202.51,286.96,810.04,Walk-in Customer,Check,Completed,ORD960610,Automated migration
2026-01-31,Fuel Pump,Fuel system,2,3664.36,292.75,7328.72,Walk-in Customer,Check,Completed,ORD960611,Automated migration
2026-01-31,Air Filter,Engine system,3,298.62,505.53,895.86,Wholesale Client,Bank Transfer,Completed,ORD960612,Automated migration
2026-01-31,Clutch Kit,Transmission system,1,5112.63,401.96,5112.63,Retail Client,GCash,Completed,ORD960613,Automated migration
2026-01-31,Alternator,Electrical system,7,7228.64,611.92,50600.48,Retail Client,Check,Completed,ORD960614,Automated migration
2026-01-31,Radiator,Cooling system,9,8080.86,158.61,72727.74,Wholesale Client,Check,Completed,ORD960615,Automated migration
2026-01-31,Spark Plug,Ignition system,0,402.05,0.0,0.0,Walk-in Customer,Bank Transfer,Completed,ORD960616,Automated migration
2026-01-31,Battery,Electrical system,3,4970.96,328.01,14912.88,Wholesale Client,Check,Completed,ORD960617,Automated migration
2026-01-31,Air Filter,Engine system,2,308.76,458.93,617.52,Retail Client,Bank Transfer,Completed,ORD960618,Automated migration
2026-02-01,Brake Pad,Brake system,4,2366.88,575.39,9467.52,Wholesale Client,Cash,Completed,ORD960619,Automated migration
2026-02-01,Clutch Kit,Transmission system,3,7661.38,567.44,22984.14,Wholesale Client,Cash,Completed,ORD960620,Automated migration
2026-02-01,Radiator,Cooling system,6,6076.64,129.04,36459.84,Walk-in Customer,GCash,Completed,ORD960621,Automated migration
2026-02-01,Fuel Pump,Fuel system,4,2673.77,162.38,10695.08,Retail Client,Check,Completed,ORD960622,Automated migration
2026-02-01,Air Filter,Engine system,10,200.67,211.61,2006.7,Walk-in Customer,Bank Transfer,Completed,ORD960623,Automated migration
2026-02-01,Air Filter,Engine system,10,299.4,67.99,2994.0,Retail Client,Check,Completed,ORD960624,Automated migration
2026-02-01,Alternator,Electrical system,5,10906.06,677.78,54530.3,Wholesale Client,Cash,Completed,ORD960625,Automated migration
2026-02-01,Shock Absorber,Suspension system,10,2335.19,70.68,23351.9,Wholesale Client,Check,Completed,ORD960626,Automated migration
2026-02-01,Oil Filter,Engine system,0,303.46,0.0,0.0,Wholesale Client,Bank Transfer,Completed,ORD960627,Automated migration
2026-02-01,Brake Pad,Brake system,5,2021.39,463.75,10106.95,Walk-in Customer,Check,Completed,ORD960628,Automated migration
2026-02-01,Alternator,Electrical system,6,9714.59,150.51,58287.54,Wholesale Client,Cash,Completed,ORD960629,Automated migration
2026-02-01,Oil Filter,Engine system,6,175.11,440.08,1050.66,Walk-in Customer,GCash,Completed,ORD960630,Automated migration
2026-02-01,Shock Absorber,Suspension system,2,4822.63,406.85,9645.26,Walk-in Customer,Bank Transfer,Completed,ORD960631,Automated migration
2026-02-01,Air Filter,Engine system,2,388.38,304.55,776.76,Wholesale Client,GCash,Completed,ORD960632,Automated migration
2026-02-01,Radiator,Cooling system,5,6892.34,259.45,34461.7,Wholesale Client,Check,Completed,ORD960633,Automated migration
2026-02-01,Radiator,Cooling system,9,5276.28,605.66,47486.52,Retail Client,Check,Completed,ORD960634,Automated migration
2026-02-01,Fuel Pump,Fuel system,1,4075.93,399.98,4075.93,Walk-in Customer,Check,Completed,ORD960635,Automated migration
2026-02-02,Brake Pad,Brake system,7,2259.62,242.9,15817.34,Walk-in Customer,GCash,Completed,ORD960636,Automated migration
2026-02-02,Brake Pad,Brake system,6,2578.05,244.46,15468.3,Walk-in Customer,GCash,Completed,ORD960637,Automated migration
2026-02-02,Air Filter,Engine system,8,261.05,548.91,2088.4,Retail Client,GCash,Completed,ORD960638,Automated migration
2026-02-02,Spark Plug,Ignition system,10,470.01,132.58,4700.1,Walk-in Customer,Bank Transfer,Completed,ORD960639,Automated migration
2026-02-02,Spark Plug,Ignition system,4,248.13,89.26,992.52,Wholesale Client,Bank Transfer,Completed,ORD960640,Automated migration
2026-02-02,Brake Pad,Brake system,2,1497.05,690.84,2994.1,Wholesale Client,Check,Completed,ORD960641,Automated migration
2026-02-02,Battery,Electrical system,5,6028.77,633.3,30143.85,Walk-in Customer,Bank Transfer,Completed,ORD960642,Automated migration
2026-02-02,Shock Absorber,Suspension system,2,2732.04,546.26,5464.08,Wholesale Client,Check,Completed,ORD960643,Automated migration
2026-02-02,Alternator,Electrical system,8,9225.0,451.49,73800.0,Wholesale Client,Cash,Completed,ORD960644,Automated migration
2026-02-02,Brake Pad,Brake system,5,3005.94,661.13,15029.7,Walk-in Customer,GCash,Completed,ORD960645,Automated migration
2026-02-02,Fuel Pump,Fuel system,1,4487.06,265.29,4487.06,Wholesale Client,Bank Transfer,Completed,ORD960646,Automated migration
2026-02-02,Battery,Electrical system,5,8132.52,529.08,40662.6,Retail Client,Cash,Completed,ORD960647,Automated migration
2026-02-02,Spark Plug,Ignition system,9,365.87,426.18,3292.83,Walk-in Customer,Cash,Completed,ORD960648,Automated migration
2026-02-02,Oil Filter,Engine system,1,257.78,44.65,257.78,Retail Client,Check,Completed,ORD960649,Automated migration
2026-02-02,Alternator,Electrical system,10,8700.03,67.67,87000.3,Retail Client,GCash,Completed,ORD960650,Automated migration
2026-02-02,Fuel Pump,Fuel system,7,2990.03,373.65,20930.21,Wholesale Client,Check,Completed,ORD960651,Automated migration
2026-02-02,Air Filter,Engine system,0,393.88,0.0,0.0,Wholesale Client,GCash,Completed,ORD960652,Automated migration
2026-02-02,Spark Plug,Ignition system,4,291.36,55.29,1165.44,Retail Client,Check,Completed,ORD960653,Automated migration
2026-02-02,Air Filter,Engine system,3,205.29,92.03,615.87,Retail Client,Bank Transfer,Completed,ORD960654,Automated migration
2026-02-02,Air Filter,Engine system,8,371.05,644.06,2968.4,Wholesale Client,Cash,Completed,ORD960655,Automated migration
2026-02-02,Radiator,Cooling system,0,5667.83,0.0,0.0,Walk-in Customer,Check,Completed,ORD960656,Automated migration
2026-02-03,Brake Pad,Brake system,8,3056.17,592.19,24449.36,Retail Client,GCash,Completed,ORD960657,Automated migration
2026-02-03,Spark Plug,Ignition system,3,187.15,49.97,561.45,Wholesale Client,Cash,Completed,ORD960658,Automated migration
2026-02-03,Spark Plug,Ignition system,4,155.52,628.01,622.08,Wholesale Client,Check,Completed,ORD960659,Automated migration
2026-02-03,Fuel Pump,Fuel system,6,4824.82,627.21,28948.92,Wholesale Client,Check,Completed,ORD960660,Automated migration
2026-02-03,Battery,Electrical system,7,6195.26,20.07,43366.82,Wholesale Client,Check,Completed,ORD960661,Automated migration
2026-02-03,Alternator,Electrical system,8,7226.02,32.98,57808.16,Wholesale Client,Check,Completed,ORD960662,Automated migration
2026-02-03,Brake Pad,Brake system,5,2169.08,417.9,10845.4,Retail Client,Bank Transfer,Completed,ORD960663,Automated migration
2026-02-03,Shock Absorber,Suspension system,5,2120.96,327.73,10604.8,Wholesale Client,Check,Completed,ORD960664,Automated migration
2026-02-03,Alternator,Electrical system,6,11061.3,626.91,66367.8,Retail Client,Check,Completed,ORD960665,Automated migration
2026-02-03,Shock Absorber,Suspension system,4,3484.9,332.39,13939.6,Walk-in Customer,Check,Completed,ORD960666,Automated migration
2026-02-03,Brake Pad,Brake system,8,1502.31,217.94,12018.48,Retail Client,Cash,Completed,ORD960667,Automated migration
2026-02-03,Shock Absorber,Suspension system,6,5151.17,149.98,30907.02,Walk-in Customer,Check,Completed,ORD960668,Automated migration
2026-02-03,Radiator,Cooling system,10,8898.6,137.1,88986.0,Wholesale Client,Check,Completed,ORD960669,Automated migration
2026-02-03,Shock Absorber,Suspension system,8,4882.48,614.16,39059.84,Retail Client,Cash,Completed,ORD960670,Automated migration
2026-02-03,Brake Pad,Brake system,7,2293.55,30.62,16054.85,Walk-in Customer,GCash,Completed,ORD960671,Automated migration
2026-02-03,Battery,Electrical system,4,4490.61,6.07,17962.44,Walk-in Customer,Bank Transfer,Completed,ORD960672,Automated migration
2026-02-03,Shock Absorber,Suspension system,10,2233.34,141.38,22333.4,Wholesale Client,Check,Completed,ORD960673,Automated migration
2026-02-03,Clutch Kit,Transmission system,2,5140.76,9.23,10281.52,Walk-in Customer,Cash,Completed,ORD960674,Automated migration
2026-02-03,Fuel Pump,Fuel system,0,6361.79,0.0,0.0,Wholesale Client,Bank Transfer,Completed,ORD960675,Automated migration
2026-02-03,Air Filter,Engine system,8,225.63,5.3,1805.04,Walk-in Customer,Check,Completed,ORD960676,Automated migration
2026-02-03,Brake Pad,Brake system,1,1424.45,256.02,1424.45,Wholesale Client,GCash,Completed,ORD960677,Automated migration
2026-02-03,Brake Pad,Brake system,3,1445.7,387.28,4337.1,Wholesale Client,Bank Transfer,Completed,ORD960678,Automated migration
2026-02-04,Spark Plug,Ignition system,7,273.39,25.82,1913.73,Retail Client,Check,Completed,ORD960679,Automated migration
2026-02-04,Battery,Electrical system,7,7392.21,127.85,51745.47,Walk-in Customer,Bank Transfer,Completed,ORD960680,Automated migration
2026-02-04,Battery,Electrical system,1,6482.43,280.22,6482.43,Walk-in Customer,Cash,Completed,ORD960681,Automated migration
2026-02-04,Fuel Pump,Fuel system,7,4695.42,263.36,32867.94,Retail Client,Cash,Completed,ORD960682,Automated migration
2026-02-04,Fuel Pump,Fuel system,5,5491.13,103.86,27455.65,Walk-in Customer,Check,Completed,ORD960683,Automated migration
2026-02-04,Oil Filter,Engine system,4,201.83,532.76,807.32,Retail Client,Check,Completed,ORD960684,Automated migration
2026-02-04,Brake Pad,Brake system,2,2516.39,8.29,5032.78,Wholesale Client,Check,Completed,ORD960685,Automated migration
2026-02-04,Shock Absorber,Suspension system,2,4504.12,179.85,9008.24,Retail Client,Check,Completed,ORD960686,Automated migration
2026-02-04,Air Filter,Engine system,5,249.41,236.3,1247.05,Wholesale Client,Check,Completed,ORD960687,Automated migration
2026-02-04,Alternator,Electrical system,1,10194.96,119.36,10194.96,Walk-in Customer,Check,Completed,ORD960688,Automated migration
2026-02-04,Battery,Electrical system,0,6223.13,0.0,0.0,Retail Client,Bank Transfer,Completed,ORD960689,Automated migration
2026-02-04,Brake Pad,Brake system,1,1536.82,370.51,1536.82,Walk-in Customer,GCash,Completed,ORD960690,Automated migration
2026-02-04,Spark Plug,Ignition system,2,254.63,437.13,509.26,Wholesale Client,Check,Completed,ORD960691,Automated migration
2026-02-04,Shock Absorber,Suspension system,10,3248.74,598.95,32487.4,Retail Client,Cash,Completed,ORD960692,Automated migration
2026-02-04,Clutch Kit,Transmission system,5,10285.65,15.38,51428.25,Retail Client,Bank Transfer,Completed,ORD960693,Automated migration
2026-02-04,Air Filter,Engine system,10,324.33,656.24,3243.3,Walk-in Customer,GCash,Completed,ORD960694,Automated migration
2026-02-04,Clutch Kit,Transmission system,9,10473.58,517.04,94262.22,Wholesale Client,Check,Completed,ORD960695,Automated migration
2026-02-04,Spark Plug,Ignition system,4,176.9,19.33,707.6,Retail Client,Check,Completed,ORD960696,Automated migration
2026-02-04,Clutch Kit,Transmission system,7,10959.51,486.59,76716.57,Walk-in Customer,Check,Completed,ORD960697,Automated migration
2026-02-04,Air Filter,Engine system,5,321.34,677.13,1606.7,Wholesale Client,Bank Transfer,Completed,ORD960698,Automated migration
2026-02-04,Air Filter,Engine system,8,273.8,412.45,2190.4,Walk-in Customer,Bank Transfer,Completed,ORD960699,Automated migration
2026-02-05,Fuel Pump,Fuel system,3,6674.58,317.81,20023.74,Retail Client,GCash,Completed,ORD960700,Automated migration
2026-02-05,Alternator,Electrical system,0,7904.57,0.0,0.0,Walk-in Customer,GCash,Completed,ORD960701,Automated migration
2026-02-05,Air Filter,Engine system,7,224.43,71.78,1571.01,Wholesale Client,Check,Completed,ORD960702,Automated migration
2026-02-05,Radiator,Cooling system,7,4052.35,303.18,28366.45,Retail Client,Bank Transfer,Completed,ORD960703,Automated migration
2026-02-05,Battery,Electrical system,0,6679.77,0.0,0.0,Retail Client,Bank Transfer,Completed,ORD960704,Automated migration
2026-02-05,Oil Filter,Engine system,3,133.14,519.25,399.42,Walk-in Customer,GCash,Completed,ORD960705,Automated migration
2026-02-05,Fuel Pump,Fuel system,8,2905.61,545.81,23244.88,Wholesale Client,GCash,Completed,ORD960706,Automated migration
2026-02-05,Brake Pad,Brake system,5,3150.86,266.57,15754.3,Wholesale Client,Check,Completed,ORD960707,Automated migration
2026-02-05,Oil Filter,Engine system,3,299.9,470.72,899.7,Wholesale Client,Cash,Completed,ORD960708,Automated migration
2026-02-05,Fuel Pump,Fuel system,1,6360.47,468.59,6360.47,Walk-in Customer,Cash,Completed,ORD960709,Automated migration
2026-02-05,Clutch Kit,Transmission system,9,7864.03,354.69,70776.27,Walk-in Customer,Cash,Completed,ORD960710,Automated migration
2026-02-05,Fuel Pump,Fuel system,8,4141.44,286.15,33131.52,Wholesale Client,GCash,Completed,ORD960711,Automated migration
2026-02-05,Fuel Pump,Fuel system,2,4600.44,30.08,9200.88,Retail Client,GCash,Completed,ORD960712,Automated migration
2026-02-05,Radiator,Cooling system,4,6628.28,231.1,26513.12,Retail Client,Bank Transfer,Completed,ORD960713,Automated migration
2026-02-05,Air Filter,Engine system,5,251.01,412.94,1255.05,Retail Client,Cash,Completed,ORD960714,Automated migration
2026-02-05,Spark Plug,Ignition system,0,475.81,0.0,0.0,Walk-in Customer,GCash,Completed,ORD960715,Automated migration
2026-02-05,Clutch Kit,Transmission system,3,6587.48,504.89,19762.44,Wholesale Client,Check,Completed,ORD960716,Automated migration
2026-02-05,Shock Absorber,Suspension system,9,4248.55,167.87,38236.95,Walk-in Customer,Cash,Completed,ORD960717,Automated migration
2026-02-05,Brake Pad,Brake system,3,2886.55,108.33,8659.65,Wholesale Client,Cash,Completed,ORD960718,Automated migration
2026-02-05,Fuel Pump,Fuel system,6,5358.09,213.55,32148.54,Walk-in Customer,Bank Transfer,Completed,ORD960719,Automated migration
2026-02-05,Fuel Pump,Fuel system,10,4796.01,610.99,47960.1,Walk-in Customer,Cash,Completed,ORD960720,Automated migration
2026-02-05,Clutch Kit,Transmission system,9,11986.08,340.05,107874.72,Wholesale Client,Check,Completed,ORD960721,Automated migration
2026-02-05,Clutch Kit,Transmission system,2,11423.35,87.98,22846.7,Wholesale Client,Check,Completed,ORD960722,Automated migration
2026-02-05,Air Filter,Engine system,7,221.74,29.53,1552.18,Retail Client,Cash,Completed,ORD960723,Automated migration
2026-02-05,Air Filter,Engine system,8,356.98,165.32,2855.84,Retail Client,Cash,Completed,ORD960724,Automated migration
2026-02-06,Air Filter,Engine system,4,333.72,93.99,1334.88,Walk-in Customer,Check,Completed,ORD960725,Automated migration
2026-02-06,Battery,Electrical system,4,5518.43,559.43,22073.72,Wholesale Client,Cash,Completed,ORD960726,Automated migration
2026-02-06,Spark Plug,Ignition system,2,255.73,106.67,511.46,Walk-in Customer,Bank Transfer,Completed,ORD960727,Automated migration
2026-02-06,Radiator,Cooling system,4,4920.89,351.59,19683.56,Wholesale Client,Cash,Completed,ORD960728,Automated migration
2026-02-06,Battery,Electrical system,2,6995.32,325.68,13990.64,Retail Client,Bank Transfer,Completed,ORD960729,Automated migration
2026-02-06,Clutch Kit,Transmission system,6,5636.23,31.57,33817.38,Walk-in Customer,Check,Completed,ORD960730,Automated migration
2026-02-06,Shock Absorber,Suspension system,2,2535.36,454.86,5070.72,Wholesale Client,Bank Transfer,Completed,ORD960731,Automated migration
2026-02-06,Air Filter,Engine system,7,329.36,410.0,2305.52,Retail Client,Cash,Completed,ORD960732,Automated migration
2026-02-06,Fuel Pump,Fuel system,9,2814.41,163.65,25329.69,Walk-in Customer,Cash,Completed,ORD960733,Automated migration
2026-02-06,Alternator,Electrical system,2,8694.99,609.43,17389.98,Retail Client,Bank Transfer,Completed,ORD960734,Automated migration
2026-02-06,Alternator,Electrical system,10,10338.61,356.53,103386.1,Wholesale Client,Check,Completed,ORD960735,Automated migration
2026-02-06,Oil Filter,Engine system,9,188.26,346.38,1694.34,Walk-in Customer,Cash,Completed,ORD960736,Automated migration
2026-02-06,Alternator,Electrical system,1,9863.98,452.32,9863.98,Walk-in Customer,Bank Transfer,Completed,ORD960737,Automated migration
2026-02-06,Spark Plug,Ignition system,5,309.28,268.6,1546.4,Walk-in Customer,Bank Transfer,Completed,ORD960738,Automated migration
2026-02-06,Radiator,Cooling system,10,3294.46,129.17,32944.6,Wholesale Client,Bank Transfer,Completed,ORD960739,Automated migration
2026-02-06,Clutch Kit,Transmission system,6,10146.62,491.55,60879.72,Retail Client,Bank Transfer,Completed,ORD960740,Automated migration
2026-02-06,Shock Absorber,Suspension system,3,2739.85,178.84,8219.55,Wholesale Client,Bank Transfer,Completed,ORD960741,Automated migration
2026-02-06,Spark Plug,Ignition system,1,251.75,373.54,251.75,Walk-in Customer,Check,Completed,ORD960742,Automated migration
2026-02-06,Brake Pad,Brake system,1,1382.94,143.92,1382.94,Walk-in Customer,Cash,Completed,ORD960743,Automated migration
2026-02-06,Alternator,Electrical system,5,9823.89,448.76,49119.45,Walk-in Customer,Cash,Completed,ORD960744,Automated migration
2026-02-06,Clutch Kit,Transmission system,6,10149.32,674.88,60895.92,Retail Client,GCash,Completed,ORD960745,Automated migration
2026-02-06,Air Filter,Engine system,1,282.85,680.26,282.85,Retail Client,Bank Transfer,Completed,ORD960746,Automated migration
2026-02-06,Alternator,Electrical system,1,9107.11,242.51,9107.11,Walk-in Customer,GCash,Completed,ORD960747,Automated migration
2026-02-06,Radiator,Cooling system,0,7904.79,0.0,0.0,Walk-in Customer,Bank Transfer,Completed,ORD960748,Automated migration
2026-02-07,Fuel Pump,Fuel system,9,5870.0,222.83,52830.0,Walk-in Customer,Bank Transfer,Completed,ORD960749,Automated migration
2026-02-07,Air Filter,Engine system,10,264.42,182.36,2644.2,Walk-in Customer,Check,Completed,ORD960750,Automated migration
2026-02-07,Spark Plug,Ignition system,5,309.03,385.71,1545.15,Walk-in Customer,GCash,Completed,ORD960751,Automated migration
2026-02-07,Alternator,Electrical system,10,11026.09,243.22,110260.9,Wholesale Client,Bank Transfer,Completed,ORD960752,Automated migration
2026-02-07,Radiator,Cooling system,2,7739.99,157.46,15479.98,Retail Client,GCash,Completed,ORD960753,Automated migration
2026-02-07,Battery,Electrical system,7,4475.79,39.86,31330.53,Walk-in Customer,GCash,Completed,ORD960754,Automated migration
2026-02-07,Oil Filter,Engine system,0,188.0,0.0,0.0,Retail Client,Check,Completed,ORD960755,Automated migration
2026-02-07,Shock Absorber,Suspension system,10,6168.35,658.34,61683.5,Walk-in Customer,Bank Transfer,Completed,ORD960756,Automated migration
2026-02-07,Alternator,Electrical system,10,8328.73,338.35,83287.3,Wholesale Client,Cash,Completed,ORD960757,Automated migration
2026-02-07,Spark Plug,Ignition system,10,470.9,24.74,4709.0,Retail Client,Cash,Completed,ORD960758,Automated migration
2026-02-07,Fuel Pump,Fuel system,2,4381.06,273.43,8762.12,Wholesale Client,GCash,Completed,ORD960759,Automated migration
2026-02-07,Air Filter,Engine system,2,258.68,152.27,517.36,Retail Client,Bank Transfer,Completed,ORD960760,Automated migration
2026-02-07,Alternator,Electrical system,10,8088.79,507.73,80887.9,Wholesale Client,Cash,Completed,ORD960761,Automated migration
2026-02-07,Radiator,Cooling system,3,7852.29,597.7,23556.87,Retail Client,Bank Transfer,Completed,ORD960762,Automated migration
2026-02-07,Shock Absorber,Suspension system,8,4807.44,222.84,38459.52,Retail Client,GCash,Completed,ORD960763,Automated migration
2026-02-07,Brake Pad,Brake system,10,1441.99,182.94,14419.9,Walk-in Customer,Check,Completed,ORD960764,Automated migration
2026-02-08,Shock Absorber,Suspension system,3,3725.3,640.92,11175.9,Wholesale Client,Cash,Completed,ORD960765,Automated migration
2026-02-08,Spark Plug,Ignition system,4,465.82,511.55,1863.28,Walk-in Customer,Cash,Completed,ORD960766,Automated migration
2026-02-08,Shock Absorber,Suspension system,2,3680.28,7.23,7360.56,Walk-in Customer,Cash,Completed,ORD960767,Automated migration
2026-02-08,Air Filter,Engine system,6,247.39,433.51,1484.34,Retail Client,GCash,Completed,ORD960768,Automated migration
2026-02-08,Spark Plug,Ignition system,9,286.14,649.09,2575.26,Retail Client,GCash,Completed,ORD960769,Automated migration
2026-02-08,Fuel Pump,Fuel system,4,6803.67,275.59,27214.68,Retail Client,Check,Completed,ORD960770,Automated migration
2026-02-08,Clutch Kit,Transmission system,6,10833.26,67.53,64999.56,Walk-in Customer,Check,Completed,ORD960771,Automated migration
2026-02-08,Air Filter,Engine system,4,319.08,566.98,1276.32,Wholesale Client,Bank Transfer,Completed,ORD960772,Automated migration
2026-02-08,Oil Filter,Engine system,5,113.57,641.28,567.85,Retail Client,Cash,Completed,ORD960773,Automated migration
2026-02-08,Clutch Kit,Transmission system,10,9407.97,553.27,94079.7,Retail Client,Check,Completed,ORD960774,Automated migration
2026-02-08,Radiator,Cooling system,3,7007.28,447.3,21021.84,Retail Client,GCash,Completed,ORD960775,Automated migration
2026-02-08,Battery,Electrical system,5,5845.0,431.69,29225.0,Wholesale Client,GCash,Completed,ORD960776,Automated migration
2026-02-08,Fuel Pump,Fuel system,8,5302.41,523.07,42419.28,Wholesale Client,GCash,Completed,ORD960777,Automated migration
2026-02-08,Battery,Electrical system,1,7391.46,657.25,7391.46,Walk-in Customer,Check,Completed,ORD960778,Automated migration
2026-02-08,Battery,Electrical system,2,6384.76,672.65,12769.52,Retail Client,Cash,Completed,ORD960779,Automated migration
2026-02-08,Shock Absorber,Suspension system,2,4649.41,64.1,9298.82,Walk-in Customer,Cash,Completed,ORD960780,Automated migration
2026-02-08,Fuel Pump,Fuel system,9,5848.8,242.91,52639.2,Walk-in Customer,Check,Completed,ORD960781,Automated migration
2026-02-08,Shock Absorber,Suspension system,0,3214.55,0.0,0.0,Walk-in Customer,Cash,Completed,ORD960782,Automated migration
2026-02-08,Oil Filter,Engine system,10,251.49,662.76,2514.9,Walk-in Customer,GCash,Completed,ORD960783,Automated migration
2026-02-09,Brake Pad,Brake system,5,1615.09,473.87,8075.45,Wholesale Client,Bank Transfer,Completed,ORD960784,Automated migration
2026-02-09,Battery,Electrical system,9,5753.71,175.57,51783.39,Retail Client,Check,Completed,ORD960785,Automated migration
2026-02-09,Air Filter,Engine system,9,335.59,488.23,3020.31,Walk-in Customer,Bank Transfer,Completed,ORD960786,Automated migration
2026-02-09,Radiator,Cooling system,10,3867.33,231.26,38673.3,Retail Client,Cash,Completed,ORD960787,Automated migration
2026-02-09,Oil Filter,Engine system,7,246.59,667.87,1726.13,Walk-in Customer,Bank Transfer,Completed,ORD960788,Automated migration
2026-02-09,Spark Plug,Ignition system,9,359.6,180.84,3236.4,Retail Client,GCash,Completed,ORD960789,Automated migration
2026-02-09,Radiator,Cooling system,7,7541.39,574.42,52789.73,Retail Client,GCash,Completed,ORD960790,Automated migration
2026-02-09,Brake Pad,Brake system,7,1811.35,543.33,12679.45,Retail Client,Check,Completed,ORD960791,Automated migration
2026-02-09,Clutch Kit,Transmission system,6,13121.1,506.54,78726.6,Retail Client,Bank Transfer,Completed,ORD960792,Automated migration
2026-02-09,Brake Pad,Brake system,4,1264.54,363.46,5058.16,Wholesale Client,Check,Completed,ORD960793,Automated migration
2026-02-09,Oil Filter,Engine system,0,104.07,0.0,0.0,Retail Client,Check,Completed,ORD960794,Automated migration
2026-02-09,Brake Pad,Brake system,1,2433.72,261.46,2433.72,Retail Client,GCash,Completed,ORD960795,Automated migration
2026-02-09,Spark Plug,Ignition system,6,374.38,661.82,2246.28,Wholesale Client,Cash,Completed,ORD960796,Automated migration
2026-02-09,Clutch Kit,Transmission system,5,13851.23,24.06,69256.15,Walk-in Customer,Bank Transfer,Completed,ORD960797,Automated migration
2026-02-09,Air Filter,Engine system,4,309.07,661.9,1236.28,Retail Client,Cash,Completed,ORD960798,Automated migration
2026-02-09,Radiator,Cooling system,4,6923.67,466.31,27694.68,Walk-in Customer,Cash,Completed,ORD960799,Automated migration
2026-02-10,Air Filter,Engine system,8,285.79,597.96,2286.32,Retail Client,GCash,Completed,ORD960800,Automated migration
2026-02-10,Radiator,Cooling system,2,7625.12,102.65,15250.24,Wholesale Client,GCash,Completed,ORD960801,Automated migration
2026-02-10,Alternator,Electrical system,0,7926.49,0.0,0.0,Wholesale Client,Check,Completed,ORD960802,Automated migration
2026-02-10,Oil Filter,Engine system,8,262.82,438.76,2102.56,Walk-in Customer,Bank Transfer,Completed,ORD960803,Automated migration
2026-02-10,Clutch Kit,Transmission system,7,13234.06,337.59,92638.42,Wholesale Client,Check,Completed,ORD960804,Automated migration
2026-02-10,Alternator,Electrical system,1,7020.0,242.39,7020.0,Walk-in Customer,Cash,Completed,ORD960805,Automated migration
2026-02-10,Air Filter,Engine system,1,318.67,613.39,318.67,Retail Client,Bank Transfer,Completed,ORD960806,Automated migration
2026-02-10,Shock Absorber,Suspension system,10,3043.56,302.98,30435.6,Retail Client,Cash,Completed,ORD960807,Automated migration
2026-02-10,Oil Filter,Engine system,2,325.18,623.14,650.36,Retail Client,Bank Transfer,Completed,ORD960808,Automated migration
2026-02-10,Shock Absorber,Suspension system,3,3100.13,634.14,9300.39,Wholesale Client,Check,Completed,ORD960809,Automated migration
2026-02-10,Shock Absorber,Suspension system,8,5656.77,294.27,45254.16,Walk-in Customer,Bank Transfer,Completed,ORD960810,Automated migration
2026-02-10,Radiator,Cooling system,8,5311.14,88.98,42489.12,Retail Client,Check,Completed,ORD960811,Automated migration
2026-02-10,Air Filter,Engine system,0,283.83,0.0,0.0,Walk-in Customer,Bank Transfer,Completed,ORD960812,Automated migration
2026-02-10,Spark Plug,Ignition system,7,307.14,51.06,2149.98,Wholesale Client,Bank Transfer,Completed,ORD960813,Automated migration
2026-02-11,Brake Pad,Brake system,9,2149.65,93.18,19346.85,Wholesale Client,GCash,Completed,ORD960814,Automated migration
2026-02-11,Alternator,Electrical system,8,10015.13,277.9,80121.04,Retail Client,GCash,Completed,ORD960815,Automated migration
2026-02-11,Spark Plug,Ignition system,2,212.79,233.87,425.58,Retail Client,GCash,Completed,ORD960816,Automated migration
2026-02-11,Air Filter,Engine system,8,360.11,325.28,2880.88,Wholesale Client,Cash,Completed,ORD960817,Automated migration
2026-02-11,Fuel Pump,Fuel system,9,5857.95,486.95,52721.55,Walk-in Customer,Cash,Completed,ORD960818,Automated migration
2026-02-11,Spark Plug,Ignition system,4,592.95,111.5,2371.8,Retail Client,Cash,Completed,ORD960819,Automated migration
2026-02-11,Spark Plug,Ignition system,7,173.13,193.74,1211.91,Walk-in Customer,Cash,Completed,ORD960820,Automated migration
2026-02-11,Alternator,Electrical system,0,9650.4,0.0,0.0,Retail Client,Bank Transfer,Completed,ORD960821,Automated migration
2026-02-11,Shock Absorber,Suspension system,5,3629.59,297.3,18147.95,Walk-in Customer,Check,Completed,ORD960822,Automated migration
2026-02-11,Air Filter,Engine system,7,280.62,697.02,1964.34,Retail Client,Cash,Completed,ORD960823,Automated migration
2026-02-11,Oil Filter,Engine system,3,155.31,603.37,465.93,Retail Client,Cash,Completed,ORD960824,Automated migration
2026-02-11,Battery,Electrical system,4,8955.7,324.35,35822.8,Walk-in Customer,Cash,Completed,ORD960825,Automated migration
2026-02-11,Air Filter,Engine system,8,383.45,630.88,3067.6,Walk-in Customer,Bank Transfer,Completed,ORD960826,Automated migration
2026-02-11,Brake Pad,Brake system,10,3472.95,601.79,34729.5,Walk-in Customer,GCash,Completed,ORD960827,Automated migration
2026-02-11,Battery,Electrical system,1,4135.85,206.79,4135.85,Retail Client,GCash,Completed,ORD960828,Automated migration
2026-02-12,Air Filter,Engine system,7,333.5,309.07,2334.5,Wholesale Client,GCash,Completed,ORD960829,Automated migration
2026-02-12,Oil Filter,Engine system,6,310.39,158.69,1862.34,Walk-in Customer,Check,Completed,ORD960830,Automated migration
2026-02-12,Air Filter,Engine system,4,285.26,514.98,1141.04,Wholesale Client,GCash,Completed,ORD960831,Automated migration
2026-02-12,Air Filter,Engine system,2,224.11,288.47,448.22,Retail Client,Cash,Completed,ORD960832,Automated migration
2026-02-12,Oil Filter,Engine system,8,180.76,245.97,1446.08,Wholesale Client,Cash,Completed,ORD960833,Automated migration
2026-02-12,Clutch Kit,Transmission system,1,12861.49,415.8,12861.49,Walk-in Customer,Bank Transfer,Completed,ORD960834,Automated migration
2026-02-12,Spark Plug,Ignition system,2,172.0,602.89,344.0,Walk-in Customer,Cash,Completed,ORD960835,Automated migration
2026-02-12,Air Filter,Engine system,4,262.91,221.07,1051.64,Wholesale Client,Cash,Completed,ORD960836,Automated migration
2026-02-12,Oil Filter,Engine system,5,168.36,352.78,841.8,Retail Client,Cash,Completed,ORD960837,Automated migration
2026-02-12,Shock Absorber,Suspension system,4,3044.22,579.22,12176.88,Wholesale Client,Cash,Completed,ORD960838,Automated migration
2026-02-12,Battery,Electrical system,3,7698.14,470.92,23094.42,Walk-in Customer,Cash,Completed,ORD960839,Automated migration
2026-02-12,Fuel Pump,Fuel system,1,2827.77,676.58,2827.77,Retail Client,GCash,Completed,ORD960840,Automated migration
2026-02-12,Alternator,Electrical system,6,9410.07,334.51,56460.42,Walk-in Customer,Check,Completed,ORD960841,Automated migration
2026-02-12,Spark Plug,Ignition system,6,304.57,22.76,1827.42,Wholesale Client,Cash,Completed,ORD960842,Automated migration
2026-02-12,Brake Pad,Brake system,0,2223.85,0.0,0.0,Wholesale Client,Cash,Completed,ORD960843,Automated migration
2026-02-12,Spark Plug,Ignition system,10,387.82,535.81,3878.2,Retail Client,Bank Transfer,Completed,ORD960844,Automated migration
2026-02-12,Battery,Electrical system,2,7724.64,322.08,15449.28,Wholesale Client,Check,Completed,ORD960845,Automated migration
2026-02-12,Fuel Pump,Fuel system,1,5472.58,215.12,5472.58,Walk-in Customer,GCash,Completed,ORD960846,Automated migration
2026-02-12,Spark Plug,Ignition system,10,166.16,367.92,1661.6,Retail Client,Check,Completed,ORD960847,Automated migration
2026-02-12,Battery,Electrical system,6,5134.6,300.92,30807.6,Walk-in Customer,Bank Transfer,Completed,ORD960848,Automated migration
2026-02-12,Oil Filter,Engine system,0,220.63,0.0,0.0,Wholesale Client,Check,Completed,ORD960849,Automated migration
2026-02-12,Alternator,Electrical system,8,8114.2,16.52,64913.6,Retail Client,Check,Completed,ORD960850,Automated migration
2026-02-13,Brake Pad,Brake system,6,1545.3,617.35,9271.8,Walk-in Customer,GCash,Completed,ORD960851,Automated migration
2026-02-13,Radiator,Cooling system,5,7906.92,23.51,39534.6,Wholesale Client,Bank Transfer,Completed,ORD960852,Automated migration
2026-02-13,Fuel Pump,Fuel system,0,5223.28,0.0,0.0,Wholesale Client,Bank Transfer,Completed,ORD960853,Automated migration
2026-02-13,Oil Filter,Engine system,9,103.67,526.28,933.03,Wholesale Client,GCash,Completed,ORD960854,Automated migration
2026-02-13,Clutch Kit,Transmission system,4,12083.68,231.39,48334.72,Retail Client,GCash,Completed,ORD960855,Automated migration
2026-02-13,Fuel Pump,Fuel system,2,3336.5,678.43,6673.0,Retail Client,GCash,Completed,ORD960856,Automated migration
2026-02-13,Fuel Pump,Fuel system,1,5173.08,251.65,5173.08,Retail Client,GCash,Completed,ORD960857,Automated migration
2026-02-13,Air Filter,Engine system,4,357.87,251.3,1431.48,Walk-in Customer,Check,Completed,ORD960858,Automated migration
2026-02-13,Air Filter,Engine system,8,239.58,635.45,1916.64,Retail Client,GCash,Completed,ORD960859,Automated migration
2026-02-13,Shock Absorber,Suspension system,3,2069.8,314.56,6209.4,Wholesale Client,Check,Completed,ORD960860,Automated migration
2026-02-13,Alternator,Electrical system,5,8878.45,561.26,44392.25,Retail Client,Bank Transfer,Completed,ORD960861,Automated migration
2026-02-13,Spark Plug,Ignition system,3,513.88,474.7,1541.64,Retail Client,GCash,Completed,ORD960862,Automated migration
2026-02-13,Air Filter,Engine system,8,299.62,181.97,2396.96,Wholesale Client,Cash,Completed,ORD960863,Automated migration
2026-02-13,Oil Filter,Engine system,7,242.94,69.48,1700.58,Walk-in Customer,Check,Completed,ORD960864,Automated migration
2026-02-13,Shock Absorber,Suspension system,9,3136.7,311.85,28230.3,Wholesale Client,Check,Completed,ORD960865,Automated migration
2026-02-13,Fuel Pump,Fuel system,0,4309.82,0.0,0.0,Walk-in Customer,Bank Transfer,Completed,ORD960866,Automated migration
2026-02-13,Alternator,Electrical system,3,8732.86,95.05,26198.58,Walk-in Customer,GCash,Completed,ORD960867,Automated migration
2026-02-13,Alternator,Electrical system,8,10068.99,459.05,80551.92,Wholesale Client,GCash,Completed,ORD960868,Automated migration
2026-02-13,Spark Plug,Ignition system,5,578.12,691.5,2890.6,Walk-in Customer,GCash,Completed,ORD960869,Automated migration
2026-02-13,Fuel Pump,Fuel system,3,5827.22,108.2,17481.66,Retail Client,Cash,Completed,ORD960870,Automated migration
2026-02-13,Battery,Electrical system,5,6394.97,594.29,31974.85,Retail Client,Cash,Completed,ORD960871,Automated migration
2026-02-13,Shock Absorber,Suspension system,2,3568.25,93.73,7136.5,Retail Client,Bank Transfer,Completed,ORD960872,Automated migration
2026-02-13,Fuel Pump,Fuel system,8,4554.47,421.14,36435.76,Retail Client,Cash,Completed,ORD960873,Automated migration
2026-02-13,Oil Filter,Engine system,10,209.96,495.0,2099.6,Retail Client,Bank Transfer,Completed,ORD960874,Automated migration
2026-02-13,Fuel Pump,Fuel system,5,6952.01,384.83,34760.05,Wholesale Client,GCash,Completed,ORD960875,Automated migration
2026-02-13,Oil Filter,Engine system,4,344.52,24.78,1378.08,Retail Client,Cash,Completed,ORD960876,Automated migration
2026-02-13,Battery,Electrical system,2,4180.59,225.61,8361.18,Wholesale Client,Bank Transfer,Completed,ORD960877,Automated migration
2026-02-14,Radiator,Cooling system,10,8560.32,589.76,85603.2,Retail Client,Bank Transfer,Completed,ORD960878,Automated migration
2026-02-14,Clutch Kit,Transmission system,8,12072.29,115.65,96578.32,Wholesale Client,Cash,Completed,ORD960879,Automated migration
2026-02-14,Fuel Pump,Fuel system,1,6058.39,467.67,6058.39,Walk-in Customer,Check,Completed,ORD960880,Automated migration
2026-02-14,Fuel Pump,Fuel system,6,3389.55,671.8,20337.3,Retail Client,Check,Completed,ORD960881,Automated migration
2026-02-14,Oil Filter,Engine system,0,349.37,0.0,0.0,Retail Client,Check,Completed,ORD960882,Automated migration
2026-02-14,Oil Filter,Engine system,1,181.88,547.24,181.88,Retail Client,Cash,Completed,ORD960883,Automated migration
2026-02-14,Radiator,Cooling system,7,5315.45,534.41,37208.15,Retail Client,Check,Completed,ORD960884,Automated migration
2026-02-14,Fuel Pump,Fuel system,5,6907.12,240.97,34535.6,Walk-in Customer,Bank Transfer,Completed,ORD960885,Automated migration
2026-02-14,Radiator,Cooling system,6,3312.57,233.65,19875.42,Retail Client,Cash,Completed,ORD960886,Automated migration
2026-02-14,Radiator,Cooling system,1,3395.62,378.03,3395.62,Retail Client,Cash,Completed,ORD960887,Automated migration
2026-02-14,Brake Pad,Brake system,7,1538.86,355.55,10772.02,Walk-in Customer,Bank Transfer,Completed,ORD960888,Automated migration
2026-02-14,Clutch Kit,Transmission system,1,9367.91,452.6,9367.91,Retail Client,Check,Completed,ORD960889,Automated migration
2026-02-14,Radiator,Cooling system,8,4115.33,384.5,32922.64,Wholesale Client,GCash,Completed,ORD960890,Automated migration
2026-02-14,Alternator,Electrical system,3,11282.32,258.69,33846.96,Wholesale Client,GCash,Completed,ORD960891,Automated migration
2026-02-14,Battery,Electrical system,7,8574.07,205.07,60018.49,Wholesale Client,GCash,Completed,ORD960892,Automated migration
2026-02-14,Brake Pad,Brake system,1,2900.18,485.81,2900.18,Retail Client,GCash,Completed,ORD960893,Automated migration
2026-02-14,Oil Filter,Engine system,2,142.56,114.65,285.12,Walk-in Customer,Cash,Completed,ORD960894,Automated migration
2026-02-14,Clutch Kit,Transmission system,0,12041.0,0.0,0.0,Retail Client,Check,Completed,ORD960895,Automated migration
2026-02-14,Oil Filter,Engine system,10,298.65,121.56,2986.5,Retail Client,Check,Completed,ORD960896,Automated migration
2026-02-14,Brake Pad,Brake system,2,3281.67,591.85,6563.34,Walk-in Customer,GCash,Completed,ORD960897,Automated migration
2026-02-14,Brake Pad,Brake system,2,3197.94,680.57,6395.88,Walk-in Customer,GCash,Completed,ORD960898,Automated migration
2026-02-14,Alternator,Electrical system,5,9903.97,338.59,49519.85,Retail Client,Bank Transfer,Completed,ORD960899,Automated migration
2026-02-15,Radiator,Cooling system,9,4159.47,132.34,37435.23,Wholesale Client,Cash,Completed,ORD960900,Automated migration
2026-02-15,Battery,Electrical system,6,7889.63,15.79,47337.78,Retail Client,Bank Transfer,Completed,ORD960901,Automated migration
2026-02-15,Oil Filter,Engine system,6,223.48,208.09,1340.88,Retail Client,Cash,Completed,ORD960902,Automated migration
2026-02-15,Brake Pad,Brake system,8,1378.54,549.05,11028.32,Walk-in Customer,Cash,Completed,ORD960903,Automated migration
2026-02-15,Oil Filter,Engine system,9,120.5,252.58,1084.5,Retail Client,Check,Completed,ORD960904,Automated migration
2026-02-15,Shock Absorber,Suspension system,8,4711.41,26.14,37691.28,Retail Client,Bank Transfer,Completed,ORD960905,Automated migration
2026-02-15,Shock Absorber,Suspension system,10,3028.9,554.91,30289.0,Wholesale Client,Bank Transfer,Completed,ORD960906,Automated migration
2026-02-15,Air Filter,Engine system,6,371.79,16.04,2230.74,Wholesale Client,Bank Transfer,Completed,ORD960907,Automated migration
2026-02-15,Radiator,Cooling system,10,4520.63,121.34,45206.3,Walk-in Customer,Bank Transfer,Completed,ORD960908,Automated migration
2026-02-15,Fuel Pump,Fuel system,8,4777.68,633.62,38221.44,Wholesale Client,Bank Transfer,Completed,ORD960909,Automated migration
2026-02-15,Fuel Pump,Fuel system,7,5408.78,604.4,37861.46,Walk-in Customer,GCash,Completed,ORD960910,Automated migration
2026-02-15,Shock Absorber,Suspension system,9,5788.89,211.76,52100.01,Wholesale Client,Bank Transfer,Completed,ORD960911,Automated migration
2026-02-15,Alternator,Electrical system,10,7403.34,559.11,74033.4,Wholesale Client,Check,Completed,ORD960912,Automated migration
2026-02-15,Radiator,Cooling system,2,7534.79,664.74,15069.58,Wholesale Client,GCash,Completed,ORD960913,Automated migration
2026-02-15,Alternator,Electrical system,10,10559.19,633.0,105591.9,Wholesale Client,Bank Transfer,Completed,ORD960914,Automated migration
2026-02-15,Oil Filter,Engine system,5,139.3,543.02,696.5,Retail Client,GCash,Completed,ORD960915,Automated migration
2026-02-15,Oil Filter,Engine system,5,130.47,674.54,652.35,Wholesale Client,Cash,Completed,ORD960916,Automated migration
2026-02-15,Battery,Electrical system,10,5358.91,74.48,53589.1,Retail Client,Cash,Completed,ORD960917,Automated migration
2026-02-15,Radiator,Cooling system,6,5918.75,510.36,35512.5,Walk-in Customer,Bank Transfer,Completed,ORD960918,Automated migration
2026-02-15,Spark Plug,Ignition system,8,592.57,414.49,4740.56,Retail Client,Bank Transfer,Completed,ORD960919,Automated migration
2026-02-15,Clutch Kit,Transmission system,1,12743.8,87.35,12743.8,Retail Client,Bank Transfer,Completed,ORD960920,Automated migration
2026-02-15,Radiator,Cooling system,3,8858.93,519.31,26576.79,Wholesale Client,Check,Completed,ORD960921,Automated migration
2026-02-15,Spark Plug,Ignition system,10,506.6,65.15,5066.0,Walk-in Customer,GCash,Completed,ORD960922,Automated migration
2026-02-15,Alternator,Electrical system,1,7336.59,552.02,7336.59,Retail Client,Cash,Completed,ORD960923,Automated migration
2026-02-15,Air Filter,Engine system,7,317.55,65.58,2222.85,Retail Client,Bank Transfer,Completed,ORD960924,Automated migration
2026-02-16,Clutch Kit,Transmission system,8,5514.96,187.02,44119.68,Wholesale Client,GCash,Completed,ORD960925,Automated migration
2026-02-16,Clutch Kit,Transmission system,4,13447.23,554.0,53788.92,Walk-in Customer,GCash,Completed,ORD960926,Automated migration
2026-02-16,Radiator,Cooling system,9,5815.6,47.02,52340.4,Retail Client,Cash,Completed,ORD960927,Automated migration
2026-02-16,Shock Absorber,Suspension system,2,6365.7,36.39,12731.4,Wholesale Client,GCash,Completed,ORD960928,Automated migration
2026-02-16,Radiator,Cooling system,6,3972.89,242.45,23837.34,Wholesale Client,Check,Completed,ORD960929,Automated migration
2026-02-16,Clutch Kit,Transmission system,5,6885.19,278.94,34425.95,Wholesale Client,Cash,Completed,ORD960930,Automated migration
2026-02-16,Spark Plug,Ignition system,6,311.6,610.69,1869.6,Wholesale Client,Bank Transfer,Completed,ORD960931,Automated migration
2026-02-16,Alternator,Electrical system,1,11640.86,468.36,11640.86,Wholesale Client,Cash,Completed,ORD960932,Automated migration
2026-02-16,Alternator,Electrical system,6,11926.29,633.51,71557.74,Walk-in Customer,GCash,Completed,ORD960933,Automated migration
2026-02-16,Brake Pad,Brake system,7,1563.11,364.49,10941.77,Wholesale Client,Cash,Completed,ORD960934,Automated migration
2026-02-16,Alternator,Electrical system,5,9633.53,76.41,48167.65,Wholesale Client,Check,Completed,ORD960935,Automated migration
2026-02-16,Spark Plug,Ignition system,5,430.23,280.82,2151.15,Walk-in Customer,Cash,Completed,ORD960936,Automated migration
2026-02-16,Fuel Pump,Fuel system,1,5650.57,593.81,5650.57,Walk-in Customer,GCash,Completed,ORD960937,Automated migration
2026-02-16,Oil Filter,Engine system,3,207.75,443.87,623.25,Wholesale Client,Cash,Completed,ORD960938,Automated migration
2026-02-16,Alternator,Electrical system,2,9824.77,579.08,19649.54,Walk-in Customer,Bank Transfer,Completed,ORD960939,Automated migration
2026-02-16,Spark Plug,Ignition system,10,269.72,447.57,2697.2,Retail Client,Bank Transfer,Completed,ORD960940,Automated migration
2026-02-16,Battery,Electrical system,3,7410.81,445.41,22232.43,Wholesale Client,GCash,Completed,ORD960941,Automated migration
2026-02-16,Brake Pad,Brake system,0,3460.54,0.0,0.0,Retail Client,Bank Transfer,Completed,ORD960942,Automated migration
2026-02-16,Battery,Electrical system,4,4572.89,7.33,18291.56,Wholesale Client,Bank Transfer,Completed,ORD960943,Automated migration
2026-02-16,Alternator,Electrical system,2,11841.68,427.1,23683.36,Walk-in Customer,Check,Completed,ORD960944,Automated migration
2026-02-17,Clutch Kit,Transmission system,1,5056.12,71.11,5056.12,Wholesale Client,Check,Completed,ORD960945,Automated migration
2026-02-17,Alternator,Electrical system,10,9670.84,574.99,96708.4,Walk-in Customer,Cash,Completed,ORD960946,Automated migration
2026-02-17,Oil Filter,Engine system,8,145.15,274.38,1161.2,Wholesale Client,Check,Completed,ORD960947,Automated migration
2026-02-17,Air Filter,Engine system,6,208.74,245.89,1252.44,Retail Client,GCash,Completed,ORD960948,Automated migration
2026-02-17,Radiator,Cooling system,9,6489.15,39.17,58402.35,Walk-in Customer,Check,Completed,ORD960949,Automated migration
2026-02-17,Fuel Pump,Fuel system,7,6824.95,47.21,47774.65,Walk-in Customer,Cash,Completed,ORD960950,Automated migration
2026-02-17,Shock Absorber,Suspension system,8,5158.87,280.24,41270.96,Retail Client,Check,Completed,ORD960951,Automated migration
2026-02-17,Brake Pad,Brake system,1,2769.83,560.14,2769.83,Walk-in Customer,Bank Transfer,Completed,ORD960952,Automated migration
2026-02-17,Brake Pad,Brake system,10,2013.36,539.11,20133.6,Walk-in Customer,GCash,Completed,ORD960953,Automated migration
2026-02-17,Spark Plug,Ignition system,2,575.19,240.04,1150.38,Wholesale Client,Cash,Completed,ORD960954,Automated migration
2026-02-17,Oil Filter,Engine system,6,288.43,128.29,1730.58,Retail Client,Check,Completed,ORD960955,Automated migration
2026-02-17,Spark Plug,Ignition system,3,412.79,573.73,1238.37,Wholesale Client,Bank Transfer,Completed,ORD960956,Automated migration
2026-02-17,Spark Plug,Ignition system,0,396.5,0.0,0.0,Retail Client,Bank Transfer,Completed,ORD960957,Automated migration
2026-02-17,Brake Pad,Brake system,8,1200.93,645.04,9607.44,Retail Client,GCash,Completed,ORD960958,Automated migration
2026-02-17,Brake Pad,Brake system,10,2465.03,543.75,24650.3,Walk-in Customer,Check,Completed,ORD960959,Automated migration
2026-02-17,Fuel Pump,Fuel system,0,2634.16,0.0,0.0,Retail Client,GCash,Completed,ORD960960,Automated migration
2026-02-17,Fuel Pump,Fuel system,9,4105.15,336.09,36946.35,Wholesale Client,Check,Completed,ORD960961,Automated migration
2026-02-17,Spark Plug,Ignition system,6,370.89,527.88,2225.34,Wholesale Client,Bank Transfer,Completed,ORD960962,Automated migration
2026-02-17,Alternator,Electrical system,7,7141.6,89.21,49991.2,Walk-in Customer,Bank Transfer,Completed,ORD960963,Automated migration
2026-02-17,Brake Pad,Brake system,8,2010.93,506.49,16087.44,Wholesale Client,Bank Transfer,Completed,ORD960964,Automated migration
2026-02-17,Air Filter,Engine system,9,210.64,579.66,1895.76,Walk-in Customer,Check,Completed,ORD960965,Automated migration
2026-02-17,Brake Pad,Brake system,1,1363.63,208.54,1363.63,Walk-in Customer,Bank Transfer,Completed,ORD960966,Automated migration
2026-02-18,Alternator,Electrical system,0,8575.88,0.0,0.0,Wholesale Client,Check,Completed,ORD960967,Automated migration
2026-02-18,Air Filter,Engine system,7,283.26,437.46,1982.82,Wholesale Client,Check,Completed,ORD960968,Automated migration
2026-02-18,Fuel Pump,Fuel system,8,3656.15,222.47,29249.2,Walk-in Customer,Bank Transfer,Completed,ORD960969,Automated migration
2026-02-18,Spark Plug,Ignition system,6,243.19,310.27,1459.14,Walk-in Customer,GCash,Completed,ORD960970,Automated migration
2026-02-18,Battery,Electrical system,4,4734.87,552.52,18939.48,Retail Client,GCash,Completed,ORD960971,Automated migration
2026-02-18,Radiator,Cooling system,0,3188.83,0.0,0.0,Retail Client,Cash,Completed,ORD960972,Automated migration
2026-02-18,Brake Pad,Brake system,4,1431.01,296.83,5724.04,Walk-in Customer,Cash,Completed,ORD960973,Automated migration
2026-02-18,Brake Pad,Brake system,5,1542.62,450.99,7713.1,Wholesale Client,Check,Completed,ORD960974,Automated migration
2026-02-18,Air Filter,Engine system,7,256.43,219.11,1795.01,Wholesale Client,Check,Completed,ORD960975,Automated migration
2026-02-18,Battery,Electrical system,5,7137.63,657.29,35688.15,Wholesale Client,Cash,Completed,ORD960976,Automated migration
2026-02-18,Oil Filter,Engine system,1,304.31,472.59,304.31,Retail Client,Check,Completed,ORD960977,Automated migration
2026-02-18,Battery,Electrical system,2,6064.97,481.97,12129.94,Retail Client,Bank Transfer,Completed,ORD960978,Automated migration
2026-02-18,Fuel Pump,Fuel system,2,5183.6,666.93,10367.2,Walk-in Customer,Bank Transfer,Completed,ORD960979,Automated migration
2026-02-18,Shock Absorber,Suspension system,10,2889.34,561.91,28893.4,Retail Client,Check,Completed,ORD960980,Automated migration
2026-02-18,Fuel Pump,Fuel system,4,6431.63,154.53,25726.52,Wholesale Client,Cash,Completed,ORD960981,Automated migration
2026-02-18,Fuel Pump,Fuel system,0,4919.48,0.0,0.0,Walk-in Customer,GCash,Completed,ORD960982,Automated migration
2026-02-18,Battery,Electrical system,10,7162.3,29.8,71623.0,Retail Client,Cash,Completed,ORD960983,Automated migration
2026-02-18,Brake Pad,Brake system,1,2785.85,504.05,2785.85,Walk-in Customer,Bank Transfer,Completed,ORD960984,Automated migration
2026-02-18,Oil Filter,Engine system,10,310.49,556.9,3104.9,Retail Client,Check,Completed,ORD960985,Automated migration
2026-02-18,Fuel Pump,Fuel system,10,3124.45,269.61,31244.5,Retail Client,Check,Completed,ORD960986,Automated migration
2026-02-19,Oil Filter,Engine system,8,133.44,638.37,1067.52,Retail Client,Check,Completed,ORD960987,Automated migration
2026-02-19,Oil Filter,Engine system,1,317.62,252.12,317.62,Walk-in Customer,Check,Completed,ORD960988,Automated migration
2026-02-19,Oil Filter,Engine system,10,114.6,679.67,1146.0,Wholesale Client,Cash,Completed,ORD960989,Automated migration
2026-02-19,Shock Absorber,Suspension system,2,6368.84,115.93,12737.68,Walk-in Customer,GCash,Completed,ORD960990,Automated migration
2026-02-19,Shock Absorber,Suspension system,1,4127.89,177.04,4127.89,Walk-in Customer,Cash,Completed,ORD960991,Automated migration
2026-02-19,Brake Pad,Brake system,9,2972.54,455.19,26752.86,Wholesale Client,Cash,Completed,ORD960992,Automated migration
2026-02-19,Battery,Electrical system,5,8831.56,638.87,44157.8,Walk-in Customer,GCash,Completed,ORD960993,Automated migration
2026-02-19,Alternator,Electrical system,6,9004.85,205.99,54029.1,Walk-in Customer,GCash,Completed,ORD960994,Automated migration
2026-02-19,Brake Pad,Brake system,3,2986.39,668.98,8959.17,Retail Client,Bank Transfer,Completed,ORD960995,Automated migration
2026-02-19,Clutch Kit,Transmission system,5,5118.7,572.06,25593.5,Wholesale Client,Bank Transfer,Completed,ORD960996,Automated migration
2026-02-19,Brake Pad,Brake system,5,2190.03,116.6,10950.15,Retail Client,Check,Completed,ORD960997,Automated migration
2026-02-19,Air Filter,Engine system,8,251.17,223.85,2009.36,Wholesale Client,Bank Transfer,Completed,ORD960998,Automated migration
2026-02-19,Brake Pad,Brake system,10,2100.35,203.83,21003.5,Walk-in Customer,Bank Transfer,Completed,ORD960999,Automated migration
2026-02-19,Fuel Pump,Fuel system,5,6589.5,615.2,32947.5,Walk-in Customer,Cash,Completed,ORD961000,Automated migration
2026-02-19,Spark Plug,Ignition system,6,599.01,251.95,3594.06,Wholesale Client,Check,Completed,ORD961001,Automated migration
2026-02-19,Oil Filter,Engine system,2,169.98,44.85,339.96,Walk-in Customer,Bank Transfer,Completed,ORD961002,Automated migration
2026-02-19,Radiator,Cooling system,10,6442.44,268.72,64424.4,Wholesale Client,Bank Transfer,Completed,ORD961003,Automated migration
2026-02-19,Spark Plug,Ignition system,4,471.29,408.12,1885.16,Walk-in Customer,GCash,Completed,ORD961004,Automated migration
2026-02-19,Shock Absorber,Suspension system,2,3570.33,374.48,7140.66,Wholesale Client,GCash,Completed,ORD961005,Automated migration
2026-02-19,Fuel Pump,Fuel system,7,5828.5,377.46,40799.5,Retail Client,Cash,Completed,ORD961006,Automated migration
2026-02-19,Oil Filter,Engine system,0,140.59,0.0,0.0,Wholesale Client,Check,Completed,ORD961007,Automated migration
2026-02-20,Spark Plug,Ignition system,2,321.99,660.56,643.98,Walk-in Customer,Bank Transfer,Completed,ORD961008,Automated migration
2026-02-20,Clutch Kit,Transmission system,7,8196.09,53.83,57372.63,Retail Client,GCash,Completed,ORD961009,Automated migration
2026-02-20,Radiator,Cooling system,10,5579.96,688.92,55799.6,Retail Client,Check,Completed,ORD961010,Automated migration
2026-02-20,Radiator,Cooling system,5,7485.79,165.15,37428.95,Retail Client,Bank Transfer,Completed,ORD961011,Automated migration
2026-02-20,Oil Filter,Engine system,9,257.56,627.76,2318.04,Wholesale Client,Bank Transfer,Completed,ORD961012,Automated migration
2026-02-20,Shock Absorber,Suspension system,2,5106.03,101.79,10212.06,Retail Client,Check,Completed,ORD961013,Automated migration
2026-02-20,Fuel Pump,Fuel system,7,4682.55,412.45,32777.85,Walk-in Customer,Bank Transfer,Completed,ORD961014,Automated migration
2026-02-20,Clutch Kit,Transmission system,4,5033.22,624.52,20132.88,Wholesale Client,Cash,Completed,ORD961015,Automated migration
2026-02-20,Alternator,Electrical system,9,11510.41,536.71,103593.69,Retail Client,Check,Completed,ORD961016,Automated migration
2026-02-20,Shock Absorber,Suspension system,9,5625.74,27.45,50631.66,Retail Client,Bank Transfer,Completed,ORD961017,Automated migration
2026-02-20,Brake Pad,Brake system,3,2132.04,299.34,6396.12,Wholesale Client,GCash,Completed,ORD961018,Automated migration
2026-02-20,Fuel Pump,Fuel system,7,2905.85,157.26,20340.95,Walk-in Customer,Bank Transfer,Completed,ORD961019,Automated migration
2026-02-20,Oil Filter,Engine system,8,293.48,68.51,2347.84,Walk-in Customer,GCash,Completed,ORD961020,Automated migration
2026-02-20,Oil Filter,Engine system,3,314.89,640.85,944.67,Retail Client,Cash,Completed,ORD961021,Automated migration
2026-02-20,Spark Plug,Ignition system,0,257.86,0.0,0.0,Retail Client,GCash,Completed,ORD961022,Automated migration
2026-02-20,Radiator,Cooling system,1,5787.79,562.13,5787.79,Walk-in Customer,GCash,Completed,ORD961023,Automated migration
2026-02-20,Alternator,Electrical system,5,8420.22,479.41,42101.1,Retail Client,Bank Transfer,Completed,ORD961024,Automated migration
2026-02-20,Fuel Pump,Fuel system,0,2683.92,0.0,0.0,Retail Client,Bank Transfer,Completed,ORD961025,Automated migration
2026-02-20,Clutch Kit,Transmission system,2,11287.37,480.82,22574.74,Wholesale Client,GCash,Completed,ORD961026,Automated migration
2026-02-20,Battery,Electrical system,9,7224.63,608.16,65021.67,Retail Client,Check,Completed,ORD961027,Automated migration
2026-02-20,Spark Plug,Ignition system,0,575.68,0.0,0.0,Retail Client,Cash,Completed,ORD961028,Automated migration
2026-02-20,Radiator,Cooling system,0,5053.0,0.0,0.0,Walk-in Customer,Bank Transfer,Completed,ORD961029,Automated migration
2026-02-20,Fuel Pump,Fuel system,10,5131.96,56.77,51319.6,Wholesale Client,GCash,Completed,ORD961030,Automated migration
2026-02-20,Oil Filter,Engine system,4,233.38,293.47,933.52,Wholesale Client,Cash,Completed,ORD961031,Automated migration
2026-02-20,Battery,Electrical system,4,7194.1,80.42,28776.4,Retail Client,Check,Completed,ORD961032,Automated migration
2026-02-21,Oil Filter,Engine system,7,210.64,503.36,1474.48,Wholesale Client,GCash,Completed,ORD961033,Automated migration
2026-02-21,Fuel Pump,Fuel system,4,4752.11,80.16,19008.44,Retail Client,GCash,Completed,ORD961034,Automated migration
2026-02-21,Radiator,Cooling system,0,4147.84,0.0,0.0,Walk-in Customer,GCash,Completed,ORD961035,Automated migration
2026-02-21,Fuel Pump,Fuel system,10,5653.58,242.36,56535.8,Retail Client,Cash,Completed,ORD961036,Automated migration
2026-02-21,Battery,Electrical system,5,6030.83,327.87,30154.15,Walk-in Customer,Cash,Completed,ORD961037,Automated migration
2026-02-21,Radiator,Cooling system,1,3298.39,505.22,3298.39,Walk-in Customer,GCash,Completed,ORD961038,Automated migration
2026-02-21,Brake Pad,Brake system,1,3356.74,182.11,3356.74,Wholesale Client,Cash,Completed,ORD961039,Automated migration
2026-02-21,Alternator,Electrical system,7,11921.26,459.5,83448.82,Retail Client,Cash,Completed,ORD961040,Automated migration
2026-02-21,Spark Plug,Ignition system,0,345.1,0.0,0.0,Retail Client,Check,Completed,ORD961041,Automated migration
2026-02-21,Fuel Pump,Fuel system,3,3775.52,266.45,11326.56,Wholesale Client,Cash,Completed,ORD961042,Automated migration
2026-02-21,Battery,Electrical system,8,7333.76,138.84,58670.08,Walk-in Customer,GCash,Completed,ORD961043,Automated migration
2026-02-21,Radiator,Cooling system,0,7712.55,0.0,0.0,Wholesale Client,GCash,Completed,ORD961044,Automated migration
2026-02-21,Battery,Electrical system,10,5904.47,505.93,59044.7,Walk-in Customer,Bank Transfer,Completed,ORD961045,Automated migration
2026-02-21,Shock Absorber,Suspension system,2,4930.97,13.72,9861.94,Retail Client,GCash,Completed,ORD961046,Automated migration
2026-02-21,Oil Filter,Engine system,8,273.87,9.92,2190.96,Wholesale Client,GCash,Completed,ORD961047,Automated migration
2026-02-21,Fuel Pump,Fuel system,4,4578.63,64.27,18314.52,Wholesale Client,GCash,Completed,ORD961048,Automated migration
2026-02-21,Clutch Kit,Transmission system,10,5554.38,258.75,55543.8,Wholesale Client,Check,Completed,ORD961049,Automated migration
2026-02-21,Shock Absorber,Suspension system,4,5031.58,243.58,20126.32,Retail Client,Bank Transfer,Completed,ORD961050,Automated migration
2026-02-22,Battery,Electrical system,7,8183.26,48.96,57282.82,Walk-in Customer,Cash,Completed,ORD961051,Automated migration
2026-02-22,Fuel Pump,Fuel system,8,5917.37,610.64,47338.96,Wholesale Client,GCash,Completed,ORD961052,Automated migration
2026-02-22,Battery,Electrical system,4,7568.03,598.73,30272.12,Retail Client,GCash,Completed,ORD961053,Automated migration
2026-02-22,Clutch Kit,Transmission system,1,11197.92,266.86,11197.92,Walk-in Customer,GCash,Completed,ORD961054,Automated migration
2026-02-22,Radiator,Cooling system,6,7354.11,48.64,44124.66,Walk-in Customer,GCash,Completed,ORD961055,Automated migration
2026-02-22,Brake Pad,Brake system,7,2729.89,514.94,19109.23,Retail Client,Cash,Completed,ORD961056,Automated migration
2026-02-22,Radiator,Cooling system,5,6197.5,321.69,30987.5,Retail Client,Check,Completed,ORD961057,Automated migration
2026-02-22,Oil Filter,Engine system,5,159.66,453.41,798.3,Retail Client,GCash,Completed,ORD961058,Automated migration
2026-02-22,Battery,Electrical system,8,7794.43,370.95,62355.44,Retail Client,Bank Transfer,Completed,ORD961059,Automated migration
2026-02-22,Spark Plug,Ignition system,8,337.06,437.81,2696.48,Wholesale Client,Bank Transfer,Completed,ORD961060,Automated migration
2026-02-22,Clutch Kit,Transmission system,6,10389.08,476.41,62334.48,Retail Client,Check,Completed,ORD961061,Automated migration
2026-02-22,Fuel Pump,Fuel system,10,6381.73,470.82,63817.3,Wholesale Client,Check,Completed,ORD961062,Automated migration
2026-02-22,Brake Pad,Brake system,8,1759.25,33.47,14074.0,Walk-in Customer,Cash,Completed,ORD961063,Automated migration
2026-02-22,Fuel Pump,Fuel system,9,6494.71,545.02,58452.39,Walk-in Customer,Cash,Completed,ORD961064,Automated migration
2026-02-22,Alternator,Electrical system,8,9441.05,10.49,75528.4,Walk-in Customer,Check,Completed,ORD961065,Automated migration
2026-02-22,Alternator,Electrical system,4,11843.3,404.74,47373.2,Retail Client,Bank Transfer,Completed,ORD961066,Automated migration
2026-02-22,Air Filter,Engine system,7,255.41,444.23,1787.87,Walk-in Customer,Check,Completed,ORD961067,Automated migration
2026-02-22,Air Filter,Engine system,9,348.81,277.56,3139.29,Wholesale Client,Bank Transfer,Completed,ORD961068,Automated migration
2026-02-22,Air Filter,Engine system,10,222.49,118.11,2224.9,Retail Client,Cash,Completed,ORD961069,Automated migration
2026-02-22,Oil Filter,Engine system,0,121.34,0.0,0.0,Retail Client,Cash,Completed,ORD961070,Automated migration
2026-02-22,Battery,Electrical system,7,8073.63,155.42,56515.41,Walk-in Customer,GCash,Completed,ORD961071,Automated migration
2026-02-22,Air Filter,Engine system,5,383.86,548.5,1919.3,Wholesale Client,Bank Transfer,Completed,ORD961072,Automated migration
2026-02-22,Shock Absorber,Suspension system,7,3945.46,471.84,27618.22,Wholesale Client,Check,Completed,ORD961073,Automated migration
2026-02-22,Oil Filter,Engine system,4,289.4,461.12,1157.6,Walk-in Customer,Check,Completed,ORD961074,Automated migration
2026-02-22,Spark Plug,Ignition system,3,203.63,333.27,610.89,Retail Client,GCash,Completed,ORD961075,Automated migration
2026-02-22,Fuel Pump,Fuel system,9,6346.46,123.93,57118.14,Walk-in Customer,Check,Completed,ORD961076,Automated migration
2026-02-22,Air Filter,Engine system,2,309.29,80.03,618.58,Retail Client,Check,Completed,ORD961077,Automated migration
2026-02-23,Spark Plug,Ignition system,9,395.24,121.2,3557.16,Retail Client,Bank Transfer,Completed,ORD961078,Automated migration
2026-02-23,Air Filter,Engine system,1,369.78,155.31,369.78,Wholesale Client,Bank Transfer,Completed,ORD961079,Automated migration
2026-02-23,Spark Plug,Ignition system,1,396.98,249.72,396.98,Walk-in Customer,Cash,Completed,ORD961080,Automated migration
2026-02-23,Fuel Pump,Fuel system,10,4888.74,291.68,48887.4,Retail Client,Cash,Completed,ORD961081,Automated migration
2026-02-23,Fuel Pump,Fuel system,1,4236.24,396.43,4236.24,Walk-in Customer,Bank Transfer,Completed,ORD961082,Automated migration
2026-02-23,Air Filter,Engine system,6,362.38,8.25,2174.28,Wholesale Client,Check,Completed,ORD961083,Automated migration
2026-02-23,Spark Plug,Ignition system,3,316.09,506.31,948.27,Wholesale Client,GCash,Completed,ORD961084,Automated migration
2026-02-23,Oil Filter,Engine system,0,303.82,0.0,0.0,Wholesale Client,Bank Transfer,Completed,ORD961085,Automated migration
2026-02-23,Radiator,Cooling system,3,5987.99,188.31,17963.97,Retail Client,Check,Completed,ORD961086,Automated migration
2026-02-23,Air Filter,Engine system,0,322.23,0.0,0.0,Wholesale Client,Cash,Completed,ORD961087,Automated migration
2026-02-23,Brake Pad,Brake system,7,1226.8,481.4,8587.6,Wholesale Client,Check,Completed,ORD961088,Automated migration
2026-02-23,Spark Plug,Ignition system,1,322.23,8.23,322.23,Retail Client,Check,Completed,ORD961089,Automated migration
2026-02-23,Spark Plug,Ignition system,5,374.85,3.92,1874.25,Walk-in Customer,Cash,Completed,ORD961090,Automated migration
2026-02-23,Fuel Pump,Fuel system,10,4960.73,46.17,49607.3,Retail Client,Check,Completed,ORD961091,Automated migration
2026-02-23,Spark Plug,Ignition system,5,297.84,641.72,1489.2,Wholesale Client,Cash,Completed,ORD961092,Automated migration
2026-02-23,Radiator,Cooling system,4,5567.71,200.91,22270.84,Retail Client,Check,Completed,ORD961093,Automated migration
2026-02-23,Air Filter,Engine system,4,368.9,359.46,1475.6,Retail Client,Check,Completed,ORD961094,Automated migration
2026-02-23,Spark Plug,Ignition system,1,255.0,693.42,255.0,Walk-in Customer,GCash,Completed,ORD961095,Automated migration
2026-02-23,Radiator,Cooling system,1,8684.43,206.27,8684.43,Wholesale Client,Cash,Completed,ORD961096,Automated migration
2026-02-23,Oil Filter,Engine system,8,310.3,356.87,2482.4,Retail Client,Check,Completed,ORD961097,Automated migration
2026-02-23,Battery,Electrical system,8,4114.76,83.2,32918.08,Retail Client,GCash,Completed,ORD961098,Automated migration
2026-02-23,Oil Filter,Engine system,4,189.44,370.92,757.76,Wholesale Client,Bank Transfer,Completed,ORD961099,Automated migration
2026-02-23,Battery,Electrical system,1,8148.5,639.15,8148.5,Wholesale Client,Check,Completed,ORD961100,Automated migration
2026-02-23,Clutch Kit,Transmission system,10,13087.88,147.55,130878.8,Walk-in Customer,Check,Completed,ORD961101,Automated migration
2026-02-23,Battery,Electrical system,9,6605.85,620.55,59452.65,Wholesale Client,Check,Completed,ORD961102,Automated migration
2026-02-23,Shock Absorber,Suspension system,10,2483.39,204.42,24833.9,Walk-in Customer,Bank Transfer,Completed,ORD961103,Automated migration
2026-02-23,Alternator,Electrical system,7,10320.77,89.72,72245.39,Wholesale Client,Bank Transfer,Completed,ORD961104,Automated migration
2026-02-23,Shock Absorber,Suspension system,9,5123.7,650.98,46113.3,Walk-in Customer,Cash,Completed,ORD961105,Automated migration
2026-02-24,Spark Plug,Ignition system,2,337.57,641.2,675.14,Retail Client,Cash,Completed,ORD961106,Automated migration
2026-02-24,Fuel Pump,Fuel system,2,2882.96,137.58,5765.92,Walk-in Customer,Cash,Completed,ORD961107,Automated migration
2026-02-24,Clutch Kit,Transmission system,10,7774.81,558.93,77748.1,Wholesale Client,Bank Transfer,Completed,ORD961108,Automated migration
2026-02-24,Shock Absorber,Suspension system,4,4220.35,489.58,16881.4,Walk-in Customer,Bank Transfer,Completed,ORD961109,Automated migration
2026-02-24,Brake Pad,Brake system,7,2887.57,597.9,20212.99,Retail Client,Bank Transfer,Completed,ORD961110,Automated migration
2026-02-24,Shock Absorber,Suspension system,5,2349.62,665.95,11748.1,Wholesale Client,GCash,Completed,ORD961111,Automated migration
2026-02-24,Radiator,Cooling system,5,6871.35,79.2,34356.75,Retail Client,Cash,Completed,ORD961112,Automated migration
2026-02-24,Oil Filter,Engine system,10,249.17,495.73,2491.7,Wholesale Client,GCash,Completed,ORD961113,Automated migration
2026-02-24,Brake Pad,Brake system,6,1573.09,567.28,9438.54,Walk-in Customer,Check,Completed,ORD961114,Automated migration
2026-02-24,Oil Filter,Engine system,3,136.08,6.03,408.24,Wholesale Client,GCash,Completed,ORD961115,Automated migration
2026-02-24,Radiator,Cooling system,0,4983.81,0.0,0.0,Walk-in Customer,Check,Completed,ORD961116,Automated migration
2026-02-24,Brake Pad,Brake system,9,2375.05,589.28,21375.45,Walk-in Customer,Cash,Completed,ORD961117,Automated migration
2026-02-24,Alternator,Electrical system,6,7214.33,0.33,43285.98,Wholesale Client,GCash,Completed,ORD961118,Automated migration
2026-02-24,Spark Plug,Ignition system,4,251.54,124.31,1006.16,Wholesale Client,Bank Transfer,Completed,ORD961119,Automated migration
2026-02-24,Fuel Pump,Fuel system,10,4258.36,431.8,42583.6,Retail Client,Bank Transfer,Completed,ORD961120,Automated migration
2026-02-24,Oil Filter,Engine system,9,125.8,28.19,1132.2,Retail Client,Cash,Completed,ORD961121,Automated migration
2026-02-24,Alternator,Electrical system,8,10463.05,543.12,83704.4,Walk-in Customer,Check,Completed,ORD961122,Automated migration
2026-02-24,Shock Absorber,Suspension system,8,3952.08,23.15,31616.64,Walk-in Customer,Check,Completed,ORD961123,Automated migration
2026-02-24,Brake Pad,Brake system,3,2492.55,306.48,7477.65,Wholesale Client,Cash,Completed,ORD961124,Automated migration
2026-02-24,Spark Plug,Ignition system,1,484.82,474.49,484.82,Wholesale Client,GCash,Completed,ORD961125,Automated migration
2026-02-24,Air Filter,Engine system,4,208.95,682.62,835.8,Wholesale Client,GCash,Completed,ORD961126,Automated migration
2026-02-24,Shock Absorber,Suspension system,2,2267.04,331.56,4534.08,Wholesale Client,Cash,Completed,ORD961127,Automated migration
2026-02-24,Fuel Pump,Fuel system,6,3886.15,466.09,23316.9,Wholesale Client,GCash,Completed,ORD961128,Automated migration
2026-02-24,Oil Filter,Engine system,2,335.85,408.36,671.7,Wholesale Client,Check,Completed,ORD961129,Automated migration
2026-02-24,Spark Plug,Ignition system,10,572.66,671.96,5726.6,Retail Client,Check,Completed,ORD961130,Automated migration
2026-02-24,Oil Filter,Engine system,8,255.4,408.91,2043.2,Retail Client,Bank Transfer,Completed,ORD961131,Automated migration
2026-02-24,Brake Pad,Brake system,7,2798.03,308.12,19586.21,Walk-in Customer,Check,Completed,ORD961132,Automated migration
2026-02-24,Battery,Electrical system,1,8523.86,553.56,8523.86,Wholesale Client,Check,Completed,ORD961133,Automated migration
2026-02-25,Fuel Pump,Fuel system,6,5430.7,443.41,32584.2,Retail Client,Check,Completed,ORD961134,Automated migration
2026-02-25,Alternator,Electrical system,1,9540.18,380.14,9540.18,Walk-in Customer,Check,Completed,ORD961135,Automated migration
2026-02-25,Brake Pad,Brake system,0,2645.86,0.0,0.0,Walk-in Customer,Cash,Completed,ORD961136,Automated migration
2026-02-25,Shock Absorber,Suspension system,1,2858.44,380.95,2858.44,Retail Client,Bank Transfer,Completed,ORD961137,Automated migration
2026-02-25,Radiator,Cooling system,7,4486.29,506.71,31404.03,Walk-in Customer,GCash,Completed,ORD961138,Automated migration
2026-02-25,Battery,Electrical system,5,6532.1,381.59,32660.5,Retail Client,Cash,Completed,ORD961139,Automated migration
2026-02-25,Air Filter,Engine system,7,283.13,240.12,1981.91,Wholesale Client,Check,Completed,ORD961140,Automated migration
2026-02-25,Shock Absorber,Suspension system,7,2647.9,664.49,18535.3,Wholesale Client,Bank Transfer,Completed,ORD961141,Automated migration
2026-02-25,Shock Absorber,Suspension system,0,3850.26,0.0,0.0,Wholesale Client,Check,Completed,ORD961142,Automated migration
2026-02-25,Shock Absorber,Suspension system,9,5800.83,208.76,52207.47,Retail Client,GCash,Completed,ORD961143,Automated migration
2026-02-25,Battery,Electrical system,7,4905.74,126.74,34340.18,Walk-in Customer,Bank Transfer,Completed,ORD961144,Automated migration
2026-02-25,Battery,Electrical system,10,8410.17,252.26,84101.7,Retail Client,GCash,Completed,ORD961145,Automated migration
2026-02-25,Oil Filter,Engine system,10,316.66,309.83,3166.6,Wholesale Client,Check,Completed,ORD961146,Automated migration
2026-02-25,Spark Plug,Ignition system,8,248.7,87.32,1989.6,Retail Client,Cash,Completed,ORD961147,Automated migration
2026-02-25,Radiator,Cooling system,5,3284.88,449.4,16424.4,Wholesale Client,Cash,Completed,ORD961148,Automated migration
2026-02-25,Air Filter,Engine system,9,374.84,682.03,3373.56,Retail Client,Cash,Completed,ORD961149,Automated migration
2026-02-25,Oil Filter,Engine system,1,261.18,126.14,261.18,Wholesale Client,Check,Completed,ORD961150,Automated migration
2026-02-25,Spark Plug,Ignition system,5,239.14,263.48,1195.7,Retail Client,GCash,Completed,ORD961151,Automated migration
2026-02-26,Shock Absorber,Suspension system,4,2197.27,36.1,8789.08,Wholesale Client,GCash,Completed,ORD961152,Automated migration
2026-02-26,Brake Pad,Brake system,8,2733.68,472.37,21869.44,Walk-in Customer,Check,Completed,ORD961153,Automated migration
2026-02-26,Fuel Pump,Fuel system,1,2698.85,211.89,2698.85,Walk-in Customer,Check,Completed,ORD961154,Automated migration
2026-02-26,Alternator,Electrical system,2,8240.33,609.07,16480.66,Walk-in Customer,GCash,Completed,ORD961155,Automated migration
2026-02-26,Alternator,Electrical system,1,10431.11,567.24,10431.11,Walk-in Customer,GCash,Completed,ORD961156,Automated migration
2026-02-26,Shock Absorber,Suspension system,1,5012.83,393.86,5012.83,Wholesale Client,Bank Transfer,Completed,ORD961157,Automated migration
2026-02-26,Spark Plug,Ignition system,3,257.86,513.17,773.58,Walk-in Customer,Cash,Completed,ORD961158,Automated migration
2026-02-26,Brake Pad,Brake system,9,3260.64,664.58,29345.76,Retail Client,GCash,Completed,ORD961159,Automated migration
2026-02-26,Radiator,Cooling system,5,6977.24,128.72,34886.2,Walk-in Customer,GCash,Completed,ORD961160,Automated migration
2026-02-26,Spark Plug,Ignition system,3,238.48,611.09,715.44,Retail Client,Check,Completed,ORD961161,Automated migration
2026-02-26,Battery,Electrical system,1,6568.04,84.47,6568.04,Walk-in Customer,Cash,Completed,ORD961162,Automated migration
2026-02-26,Battery,Electrical system,6,6010.04,378.75,36060.24,Wholesale Client,GCash,Completed,ORD961163,Automated migration
2026-02-26,Radiator,Cooling system,3,6942.06,165.07,20826.18,Wholesale Client,Bank Transfer,Completed,ORD961164,Automated migration
2026-02-26,Oil Filter,Engine system,9,129.78,458.56,1168.02,Walk-in Customer,Bank Transfer,Completed,ORD961165,Automated migration
2026-02-26,Battery,Electrical system,1,7628.71,385.24,7628.71,Retail Client,GCash,Completed,ORD961166,Automated migration
2026-02-26,Oil Filter,Engine system,4,155.78,257.03,623.12,Retail Client,Cash,Completed,ORD961167,Automated migration
2026-02-27,Battery,Electrical system,4,6016.65,631.34,24066.6,Wholesale Client,Bank Transfer,Completed,ORD961168,Automated migration
2026-02-27,Clutch Kit,Transmission system,0,11369.88,0.0,0.0,Retail Client,Cash,Completed,ORD961169,Automated migration
2026-02-27,Radiator,Cooling system,6,8193.09,272.01,49158.54,Retail Client,Bank Transfer,Completed,ORD961170,Automated migration
2026-02-27,Spark Plug,Ignition system,8,550.13,254.15,4401.04,Walk-in Customer,GCash,Completed,ORD961171,Automated migration
2026-02-27,Shock Absorber,Suspension system,10,6472.43,149.9,64724.3,Wholesale Client,Bank Transfer,Completed,ORD961172,Automated migration
2026-02-27,Spark Plug,Ignition system,6,171.69,191.18,1030.14,Retail Client,GCash,Completed,ORD961173,Automated migration
2026-02-27,Shock Absorber,Suspension system,5,5111.14,312.63,25555.7,Walk-in Customer,Cash,Completed,ORD961174,Automated migration
2026-02-27,Alternator,Electrical system,6,7711.52,647.28,46269.12,Walk-in Customer,Check,Completed,ORD961175,Automated migration
2026-02-27,Oil Filter,Engine system,1,254.61,452.6,254.61,Wholesale Client,GCash,Completed,ORD961176,Automated migration
2026-02-27,Alternator,Electrical system,7,11319.77,164.65,79238.39,Retail Client,Check,Completed,ORD961177,Automated migration
2026-02-27,Fuel Pump,Fuel system,1,4029.6,490.78,4029.6,Retail Client,GCash,Completed,ORD961178,Automated migration
2026-02-27,Battery,Electrical system,1,6953.89,15.73,6953.89,Walk-in Customer,Check,Completed,ORD961179,Automated migration
2026-02-27,Fuel Pump,Fuel system,0,6226.9,0.0,0.0,Retail Client,Cash,Completed,ORD961180,Automated migration
2026-02-27,Air Filter,Engine system,2,349.62,646.99,699.24,Wholesale Client,Bank Transfer,Completed,ORD961181,Automated migration
2026-02-27,Spark Plug,Ignition system,5,465.13,161.54,2325.65,Walk-in Customer,GCash,Completed,ORD961182,Automated migration
2026-02-27,Battery,Electrical system,7,6793.72,360.95,47556.04,Wholesale Client,Check,Completed,ORD961183,Automated migration
2026-02-27,Fuel Pump,Fuel system,4,6484.51,198.82,25938.04,Walk-in Customer,GCash,Completed,ORD961184,Automated migration
2026-02-27,Clutch Kit,Transmission system,5,10737.37,525.28,53686.85,Wholesale Client,GCash,Completed,ORD961185,Automated migration
2026-02-27,Alternator,Electrical system,10,8907.28,29.99,89072.8,Walk-in Customer,GCash,Completed,ORD961186,Automated migration
2026-02-27,Air Filter,Engine system,6,213.08,19.13,1278.48,Wholesale Client,Cash,Completed,ORD961187,Automated migration
2026-02-27,Spark Plug,Ignition system,2,517.11,180.78,1034.22,Walk-in Customer,Check,Completed,ORD961188,Automated migration
2026-02-27,Clutch Kit,Transmission system,10,8427.51,223.49,84275.1,Walk-in Customer,Check,Completed,ORD961189,Automated migration
2026-02-27,Alternator,Electrical system,1,10368.44,49.69,10368.44,Wholesale Client,Cash,Completed,ORD961190,Automated migration
2026-02-27,Air Filter,Engine system,4,234.15,330.99,936.6,Retail Client,Cash,Completed,ORD961191,Automated migration
2026-02-27,Spark Plug,Ignition system,7,598.21,430.6,4187.47,Retail Client,Bank Transfer,Completed,ORD961192,Automated migration
2026-02-27,Shock Absorber,Suspension system,0,5606.03,0.0,0.0,Retail Client,Bank Transfer,Completed,ORD961193,Automated migration
2026-02-27,Brake Pad,Brake system,3,2313.95,340.55,6941.85,Retail Client,Check,Completed,ORD961194,Automated migration
2026-02-28,Battery,Electrical system,10,5587.98,439.13,55879.8,Walk-in Customer,Check,Completed,ORD961195,Automated migration
2026-02-28,Radiator,Cooling system,3,5775.04,626.56,17325.12,Wholesale Client,Bank Transfer,Completed,ORD961196,Automated migration
2026-02-28,Shock Absorber,Suspension system,7,2452.76,111.86,17169.32,Wholesale Client,Cash,Completed,ORD961197,Automated migration
2026-02-28,Alternator,Electrical system,2,8629.42,506.49,17258.84,Wholesale Client,GCash,Completed,ORD961198,Automated migration
2026-02-28,Clutch Kit,Transmission system,5,12752.13,251.52,63760.65,Retail Client,Check,Completed,ORD961199,Automated migration
2026-02-28,Clutch Kit,Transmission system,1,5915.28,197.91,5915.28,Walk-in Customer,GCash,Completed,ORD961200,Automated migration
2026-02-28,Alternator,Electrical system,0,11931.91,0.0,0.0,Walk-in Customer,Cash,Completed,ORD961201,Automated migration
2026-02-28,Radiator,Cooling system,8,3690.44,489.9,29523.52,Walk-in Customer,Cash,Completed,ORD961202,Automated migration
2026-02-28,Oil Filter,Engine system,7,130.39,608.85,912.73,Walk-in Customer,Bank Transfer,Completed,ORD961203,Automated migration
2026-02-28,Fuel Pump,Fuel system,6,4702.17,556.18,28213.02,Wholesale Client,GCash,Completed,ORD961204,Automated migration
2026-02-28,Brake Pad,Brake system,2,1621.32,208.41,3242.64,Retail Client,Check,Completed,ORD961205,Automated migration
2026-02-28,Clutch Kit,Transmission system,10,6753.88,79.92,67538.8,Retail Client,Bank Transfer,Completed,ORD961206,Automated migration
2026-02-28,Oil Filter,Engine system,7,297.29,476.58,2081.03,Retail Client,Cash,Completed,ORD961207,Automated migration
2026-02-28,Radiator,Cooling system,7,8960.16,443.86,62721.12,Wholesale Client,Cash,Completed,ORD961208,Automated migration
2026-02-28,Shock Absorber,Suspension system,7,5128.33,443.31,35898.31,Wholesale Client,Check,Completed,ORD961209,Automated migration
2026-03-01,Brake Pad,Brake system,6,2129.59,467.79,12777.54,Retail Client,Cash,Completed,ORD961210,Automated migration
2026-03-01,Battery,Electrical system,8,4185.23,352.62,33481.84,Walk-in Customer,Bank Transfer,Completed,ORD961211,Automated migration
2026-03-01,Oil Filter,Engine system,10,170.51,483.26,1705.1,Wholesale Client,Cash,Completed,ORD961212,Automated migration
2026-03-01,Clutch Kit,Transmission system,3,8967.93,418.95,26903.79,Wholesale Client,Check,Completed,ORD961213,Automated migration
2026-03-01,Spark Plug,Ignition system,6,333.3,414.46,1999.8,Retail Client,Bank Transfer,Completed,ORD961214,Automated migration
2026-03-01,Radiator,Cooling system,10,7100.6,175.93,71006.0,Retail Client,Bank Transfer,Completed,ORD961215,Automated migration
2026-03-01,Alternator,Electrical system,3,10957.67,646.63,32873.01,Wholesale Client,Check,Completed,ORD961216,Automated migration
2026-03-01,Fuel Pump,Fuel system,0,6422.41,0.0,0.0,Retail Client,GCash,Completed,ORD961217,Automated migration
2026-03-01,Battery,Electrical system,1,6572.03,218.15,6572.03,Walk-in Customer,Bank Transfer,Completed,ORD961218,Automated migration
2026-03-01,Spark Plug,Ignition system,8,192.47,53.06,1539.76,Walk-in Customer,Check,Completed,ORD961219,Automated migration
2026-03-01,Spark Plug,Ignition system,5,427.84,397.14,2139.2,Retail Client,GCash,Completed,ORD961220,Automated migration
2026-03-01,Alternator,Electrical system,8,8005.63,693.16,64045.04,Wholesale Client,Bank Transfer,Completed,ORD961221,Automated migration
2026-03-01,Clutch Kit,Transmission system,9,6376.45,488.56,57388.05,Walk-in Customer,Cash,Completed,ORD961222,Automated migration
2026-03-01,Shock Absorber,Suspension system,3,2704.55,578.34,8113.65,Retail Client,GCash,Completed,ORD961223,Automated migration
2026-03-01,Oil Filter,Engine system,6,188.32,521.94,1129.92,Walk-in Customer,GCash,Completed,ORD961224,Automated migration
2026-03-01,Clutch Kit,Transmission system,1,8358.21,130.86,8358.21,Walk-in Customer,Cash,Completed,ORD961225,Automated migration
2026-03-02,Shock Absorber,Suspension system,10,3972.78,358.55,39727.8,Retail Client,Cash,Completed,ORD961226,Automated migration
2026-03-02,Battery,Electrical system,1,7007.1,618.06,7007.1,Wholesale Client,Check,Completed,ORD961227,Automated migration
2026-03-02,Spark Plug,Ignition system,6,544.84,396.57,3269.04,Retail Client,Cash,Completed,ORD961228,Automated migration
2026-03-02,Clutch Kit,Transmission system,4,6302.24,651.96,25208.96,Retail Client,GCash,Completed,ORD961229,Automated migration
2026-03-02,Fuel Pump,Fuel system,9,5887.01,58.81,52983.09,Wholesale Client,Bank Transfer,Completed,ORD961230,Automated migration
2026-03-02,Radiator,Cooling system,3,3189.23,148.16,9567.69,Wholesale Client,Check,Completed,ORD961231,Automated migration
2026-03-02,Spark Plug,Ignition system,0,164.99,0.0,0.0,Retail Client,Bank Transfer,Completed,ORD961232,Automated migration
2026-03-02,Clutch Kit,Transmission system,6,10840.29,233.48,65041.74,Retail Client,Check,Completed,ORD961233,Automated migration
2026-03-02,Brake Pad,Brake system,7,1318.98,62.69,9232.86,Wholesale Client,GCash,Completed,ORD961234,Automated migration
2026-03-02,Shock Absorber,Suspension system,6,6205.85,105.83,37235.1,Walk-in Customer,Bank Transfer,Completed,ORD961235,Automated migration
2026-03-02,Air Filter,Engine system,0,357.99,0.0,0.0,Wholesale Client,GCash,Completed,ORD961236,Automated migration
2026-03-02,Alternator,Electrical system,9,7455.24,557.87,67097.16,Walk-in Customer,Bank Transfer,Completed,ORD961237,Automated migration
2026-03-02,Spark Plug,Ignition system,5,517.53,655.8,2587.65,Retail Client,Cash,Completed,ORD961238,Automated migration
2026-03-02,Oil Filter,Engine system,7,290.27,367.16,2031.89,Retail Client,Bank Transfer,Completed,ORD961239,Automated migration
2026-03-02,Radiator,Cooling system,4,4956.14,312.62,19824.56,Wholesale Client,Cash,Completed,ORD961240,Automated migration
2026-03-02,Air Filter,Engine system,9,251.8,625.64,2266.2,Walk-in Customer,GCash,Completed,ORD961241,Automated migration
2026-03-02,Alternator,Electrical system,8,11141.68,536.01,89133.44,Walk-in Customer,GCash,Completed,ORD961242,Automated migration
2026-03-02,Spark Plug,Ignition system,9,267.98,235.6,2411.82,Retail Client,GCash,Completed,ORD961243,Automated migration
2026-03-02,Radiator,Cooling system,3,6000.65,526.76,18001.95,Walk-in Customer,Bank Transfer,Completed,ORD961244,Automated migration
2026-03-02,Shock Absorber,Suspension system,9,2540.77,388.08,22866.93,Retail Client,Check,Completed,ORD961245,Automated migration
2026-03-02,Air Filter,Engine system,4,326.21,364.75,1304.84,Walk-in Customer,Bank Transfer,Completed,ORD961246,Automated migration
2026-03-02,Shock Absorber,Suspension system,2,2049.53,515.95,4099.06,Wholesale Client,Check,Completed,ORD961247,Automated migration
2026-03-02,Fuel Pump,Fuel system,0,4407.6,0.0,0.0,Retail Client,Check,Completed,ORD961248,Automated migration
2026-03-02,Air Filter,Engine system,6,310.59,146.15,1863.54,Retail Client,Cash,Completed,ORD961249,Automated migration
2026-03-02,Radiator,Cooling system,3,7721.98,247.66,23165.94,Wholesale Client,Bank Transfer,Completed,ORD961250,Automated migration
2026-03-02,Battery,Electrical system,10,6440.48,115.73,64404.8,Wholesale Client,Cash,Completed,ORD961251,Automated migration
2026-03-03,Spark Plug,Ignition system,6,340.87,60.73,2045.22,Retail Client,GCash,Completed,ORD961252,Automated migration
2026-03-03,Air Filter,Engine system,6,250.19,64.12,1501.14,Retail Client,GCash,Completed,ORD961253,Automated migration
2026-03-03,Air Filter,Engine system,4,354.79,390.22,1419.16,Walk-in Customer,Check,Completed,ORD961254,Automated migration
2026-03-03,Oil Filter,Engine system,3,310.77,184.13,932.31,Wholesale Client,Bank Transfer,Completed,ORD961255,Automated migration
2026-03-03,Oil Filter,Engine system,9,188.35,162.44,1695.15,Walk-in Customer,Cash,Completed,ORD961256,Automated migration
2026-03-03,Radiator,Cooling system,4,4075.44,600.55,16301.76,Retail Client,Check,Completed,ORD961257,Automated migration
2026-03-03,Shock Absorber,Suspension system,5,4393.94,644.78,21969.7,Walk-in Customer,GCash,Completed,ORD961258,Automated migration
2026-03-03,Air Filter,Engine system,0,250.66,0.0,0.0,Walk-in Customer,Check,Completed,ORD961259,Automated migration
2026-03-03,Clutch Kit,Transmission system,7,5782.7,396.58,40478.9,Wholesale Client,Check,Completed,ORD961260,Automated migration
2026-03-03,Clutch Kit,Transmission system,1,5153.35,332.65,5153.35,Retail Client,Cash,Completed,ORD961261,Automated migration
2026-03-03,Spark Plug,Ignition system,3,237.14,226.23,711.42,Retail Client,GCash,Completed,ORD961262,Automated migration
2026-03-03,Fuel Pump,Fuel system,0,2676.49,0.0,0.0,Retail Client,Cash,Completed,ORD961263,Automated migration
2026-03-03,Alternator,Electrical system,8,8216.45,196.92,65731.6,Retail Client,Bank Transfer,Completed,ORD961264,Automated migration
2026-03-03,Spark Plug,Ignition system,4,431.8,490.78,1727.2,Walk-in Customer,GCash,Completed,ORD961265,Automated migration
2026-03-04,Air Filter,Engine system,1,285.04,130.67,285.04,Walk-in Customer,GCash,Completed,ORD961266,Automated migration
2026-03-04,Radiator,Cooling system,1,4466.97,644.81,4466.97,Wholesale Client,Check,Completed,ORD961267,Automated migration
2026-03-04,Radiator,Cooling system,1,3986.21,489.66,3986.21,Walk-in Customer,Cash,Completed,ORD961268,Automated migration
2026-03-04,Oil Filter,Engine system,6,301.88,332.14,1811.28,Retail Client,Cash,Completed,ORD961269,Automated migration
2026-03-04,Radiator,Cooling system,3,8783.63,497.37,26350.89,Walk-in Customer,Cash,Completed,ORD961270,Automated migration
2026-03-04,Air Filter,Engine system,4,280.55,124.94,1122.2,Walk-in Customer,Cash,Completed,ORD961271,Automated migration
2026-03-04,Fuel Pump,Fuel system,4,6427.74,192.31,25710.96,Walk-in Customer,Cash,Completed,ORD961272,Automated migration
2026-03-04,Alternator,Electrical system,6,8497.38,77.79,50984.28,Retail Client,Cash,Completed,ORD961273,Automated migration
2026-03-04,Fuel Pump,Fuel system,7,6291.08,387.95,44037.56,Walk-in Customer,Cash,Completed,ORD961274,Automated migration
2026-03-04,Battery,Electrical system,10,5259.17,357.37,52591.7,Walk-in Customer,Cash,Completed,ORD961275,Automated migration
2026-03-04,Brake Pad,Brake system,10,1855.64,392.38,18556.4,Wholesale Client,Check,Completed,ORD961276,Automated migration
2026-03-04,Oil Filter,Engine system,3,252.03,458.95,756.09,Walk-in Customer,Cash,Completed,ORD961277,Automated migration
2026-03-04,Shock Absorber,Suspension system,9,3134.55,499.2,28210.95,Wholesale Client,GCash,Completed,ORD961278,Automated migration
2026-03-04,Brake Pad,Brake system,3,3049.96,348.37,9149.88,Walk-in Customer,GCash,Completed,ORD961279,Automated migration
2026-03-04,Alternator,Electrical system,7,7607.5,322.98,53252.5,Retail Client,Cash,Completed,ORD961280,Automated migration
2026-03-04,Battery,Electrical system,9,8361.21,606.14,75250.89,Walk-in Customer,Cash,Completed,ORD961281,Automated migration
2026-03-04,Alternator,Electrical system,10,8300.41,201.41,83004.1,Wholesale Client,Cash,Completed,ORD961282,Automated migration
2026-03-04,Clutch Kit,Transmission system,1,6975.06,508.51,6975.06,Wholesale Client,Bank Transfer,Completed,ORD961283,Automated migration
2026-03-05,Fuel Pump,Fuel system,7,3136.56,91.33,21955.92,Wholesale Client,Bank Transfer,Completed,ORD961284,Automated migration
2026-03-05,Brake Pad,Brake system,2,3130.36,695.71,6260.72,Wholesale Client,Cash,Completed,ORD961285,Automated migration
2026-03-05,Alternator,Electrical system,8,11922.44,455.33,95379.52,Walk-in Customer,Bank Transfer,Completed,ORD961286,Automated migration
2026-03-05,Alternator,Electrical system,7,9940.79,176.74,69585.53,Retail Client,Check,Completed,ORD961287,Automated migration
2026-03-05,Fuel Pump,Fuel system,8,5972.99,395.13,47783.92,Retail Client,Check,Completed,ORD961288,Automated migration
2026-03-05,Spark Plug,Ignition system,6,181.35,202.45,1088.1,Retail Client,GCash,Completed,ORD961289,Automated migration
2026-03-05,Spark Plug,Ignition system,10,490.97,649.56,4909.7,Wholesale Client,Cash,Completed,ORD961290,Automated migration
2026-03-05,Battery,Electrical system,3,6553.76,138.77,19661.28,Retail Client,Cash,Completed,ORD961291,Automated migration
2026-03-05,Clutch Kit,Transmission system,3,6148.28,612.85,18444.84,Walk-in Customer,Cash,Completed,ORD961292,Automated migration
2026-03-05,Shock Absorber,Suspension system,2,2904.67,579.61,5809.34,Wholesale Client,Cash,Completed,ORD961293,Automated migration
2026-03-05,Spark Plug,Ignition system,8,328.84,360.46,2630.72,Walk-in Customer,GCash,Completed,ORD961294,Automated migration
2026-03-05,Spark Plug,Ignition system,3,454.55,177.5,1363.65,Retail Client,GCash,Completed,ORD961295,Automated migration
2026-03-05,Fuel Pump,Fuel system,2,2698.58,550.68,5397.16,Wholesale Client,Check,Completed,ORD961296,Automated migration
2026-03-05,Spark Plug,Ignition system,10,376.98,142.69,3769.8,Retail Client,Bank Transfer,Completed,ORD961297,Automated migration
2026-03-06,Air Filter,Engine system,10,262.94,568.93,2629.4,Retail Client,Bank Transfer,Completed,ORD961298,Automated migration
2026-03-06,Spark Plug,Ignition system,3,388.29,205.37,1164.87,Retail Client,Check,Completed,ORD961299,Automated migration
2026-03-06,Oil Filter,Engine system,0,280.04,0.0,0.0,Retail Client,Check,Completed,ORD961300,Automated migration
2026-03-06,Brake Pad,Brake system,5,2157.82,51.03,10789.1,Retail Client,Bank Transfer,Completed,ORD961301,Automated migration
2026-03-06,Clutch Kit,Transmission system,8,5324.28,235.26,42594.24,Retail Client,Bank Transfer,Completed,ORD961302,Automated migration
2026-03-06,Radiator,Cooling system,10,6395.51,680.32,63955.1,Retail Client,Cash,Completed,ORD961303,Automated migration
2026-03-06,Brake Pad,Brake system,6,2970.0,65.0,17820.0,Walk-in Customer,Bank Transfer,Completed,ORD961304,Automated migration
2026-03-06,Fuel Pump,Fuel system,10,5689.23,480.17,56892.3,Retail Client,Bank Transfer,Completed,ORD961305,Automated migration
2026-03-06,Brake Pad,Brake system,9,2296.51,664.9,20668.59,Walk-in Customer,Cash,Completed,ORD961306,Automated migration
2026-03-06,Spark Plug,Ignition system,6,178.39,173.01,1070.34,Wholesale Client,GCash,Completed,ORD961307,Automated migration
2026-03-06,Alternator,Electrical system,8,9282.9,27.35,74263.2,Wholesale Client,GCash,Completed,ORD961308,Automated migration
2026-03-06,Brake Pad,Brake system,3,1752.9,563.38,5258.7,Wholesale Client,Bank Transfer,Completed,ORD961309,Automated migration
2026-03-06,Fuel Pump,Fuel system,2,6981.76,538.61,13963.52,Retail Client,GCash,Completed,ORD961310,Automated migration
2026-03-06,Spark Plug,Ignition system,6,576.63,38.8,3459.78,Walk-in Customer,Check,Completed,ORD961311,Automated migration
2026-03-06,Air Filter,Engine system,2,334.55,402.78,669.1,Walk-in Customer,Bank Transfer,Completed,ORD961312,Automated migration
2026-03-06,Alternator,Electrical system,7,11237.6,33.04,78663.2,Wholesale Client,Cash,Completed,ORD961313,Automated migration
2026-03-06,Alternator,Electrical system,2,8653.13,516.76,17306.26,Wholesale Client,GCash,Completed,ORD961314,Automated migration
2026-03-06,Brake Pad,Brake system,10,2447.87,692.61,24478.7,Wholesale Client,GCash,Completed,ORD961315,Automated migration
2026-03-06,Air Filter,Engine system,7,327.33,347.21,2291.31,Wholesale Client,GCash,Completed,ORD961316,Automated migration
2026-03-06,Air Filter,Engine system,9,374.68,75.57,3372.12,Retail Client,Check,Completed,ORD961317,Automated migration
2026-03-06,Shock Absorber,Suspension system,6,6329.5,539.85,37977.0,Walk-in Customer,GCash,Completed,ORD961318,Automated migration
2026-03-06,Oil Filter,Engine system,7,336.74,631.07,2357.18,Walk-in Customer,GCash,Completed,ORD961319,Automated migration
2026-03-06,Radiator,Cooling system,3,6223.12,139.46,18669.36,Retail Client,GCash,Completed,ORD961320,Automated migration
2026-03-06,Battery,Electrical system,5,8754.93,113.21,43774.65,Wholesale Client,Check,Completed,ORD961321,Automated migration
2026-03-06,Brake Pad,Brake system,1,1860.84,9.49,1860.84,Walk-in Customer,Bank Transfer,Completed,ORD961322,Automated migration
2026-03-07,Air Filter,Engine system,2,350.38,264.2,700.76,Wholesale Client,Check,Completed,ORD961323,Automated migration
2026-03-07,Brake Pad,Brake system,0,2873.3,0.0,0.0,Walk-in Customer,GCash,Completed,ORD961324,Automated migration
2026-03-07,Battery,Electrical system,8,7143.98,500.64,57151.84,Walk-in Customer,Cash,Completed,ORD961325,Automated migration
2026-03-07,Fuel Pump,Fuel system,5,2740.99,500.91,13704.95,Retail Client,GCash,Completed,ORD961326,Automated migration
2026-03-07,Alternator,Electrical system,4,10948.99,114.72,43795.96,Walk-in Customer,Check,Completed,ORD961327,Automated migration
2026-03-07,Shock Absorber,Suspension system,0,3282.79,0.0,0.0,Wholesale Client,GCash,Completed,ORD961328,Automated migration
2026-03-07,Alternator,Electrical system,4,8197.91,363.72,32791.64,Walk-in Customer,Check,Completed,ORD961329,Automated migration
2026-03-07,Alternator,Electrical system,5,8686.97,507.13,43434.85,Retail Client,Cash,Completed,ORD961330,Automated migration
2026-03-07,Fuel Pump,Fuel system,4,6211.07,423.41,24844.28,Retail Client,Check,Completed,ORD961331,Automated migration
2026-03-07,Spark Plug,Ignition system,5,181.45,31.42,907.25,Walk-in Customer,Check,Completed,ORD961332,Automated migration
2026-03-07,Fuel Pump,Fuel system,3,4528.94,314.16,13586.82,Retail Client,Cash,Completed,ORD961333,Automated migration
2026-03-07,Air Filter,Engine system,2,256.13,286.55,512.26,Retail Client,Cash,Completed,ORD961334,Automated migration
2026-03-07,Oil Filter,Engine system,6,109.71,216.46,658.26,Retail Client,Cash,Completed,ORD961335,Automated migration
2026-03-07,Air Filter,Engine system,2,331.22,16.38,662.44,Retail Client,Bank Transfer,Completed,ORD961336,Automated migration
2026-03-07,Spark Plug,Ignition system,4,251.48,500.72,1005.92,Wholesale Client,Cash,Completed,ORD961337,Automated migration
2026-03-07,Oil Filter,Engine system,3,162.88,188.79,488.64,Wholesale Client,Cash,Completed,ORD961338,Automated migration
2026-03-07,Spark Plug,Ignition system,10,156.68,641.36,1566.8,Walk-in Customer,GCash,Completed,ORD961339,Automated migration
2026-03-07,Radiator,Cooling system,4,3980.38,296.11,15921.52,Retail Client,Cash,Completed,ORD961340,Automated migration
2026-03-07,Alternator,Electrical system,2,10922.67,73.27,21845.34,Retail Client,Bank Transfer,Completed,ORD961341,Automated migration
2026-03-07,Radiator,Cooling system,3,3884.58,486.16,11653.74,Walk-in Customer,GCash,Completed,ORD961342,Automated migration
2026-03-07,Spark Plug,Ignition system,4,219.66,163.09,878.64,Walk-in Customer,Bank Transfer,Completed,ORD961343,Automated migration
2026-03-07,Shock Absorber,Suspension system,5,3943.72,403.19,19718.6,Retail Client,Bank Transfer,Completed,ORD961344,Automated migration
2026-03-07,Air Filter,Engine system,1,280.46,208.86,280.46,Walk-in Customer,Cash,Completed,ORD961345,Automated migration
2026-03-07,Oil Filter,Engine system,7,193.58,291.92,1355.06,Wholesale Client,Bank Transfer,Completed,ORD961346,Automated migration
2026-03-07,Alternator,Electrical system,6,7422.82,31.85,44536.92,Walk-in Customer,Check,Completed,ORD961347,Automated migration
2026-03-07,Shock Absorber,Suspension system,6,4793.46,136.1,28760.76,Wholesale Client,Cash,Completed,ORD961348,Automated migration
2026-03-07,Radiator,Cooling system,2,3440.46,622.83,6880.92,Retail Client,Check,Completed,ORD961349,Automated migration
2026-03-08,Alternator,Electrical system,7,8750.77,387.16,61255.39,Retail Client,GCash,Completed,ORD961350,Automated migration
2026-03-08,Spark Plug,Ignition system,10,349.28,256.44,3492.8,Walk-in Customer,GCash,Completed,ORD961351,Automated migration
2026-03-08,Radiator,Cooling system,4,7215.39,323.58,28861.56,Wholesale Client,Bank Transfer,Completed,ORD961352,Automated migration
2026-03-08,Radiator,Cooling system,2,5351.35,598.61,10702.7,Walk-in Customer,Check,Completed,ORD961353,Automated migration
2026-03-08,Oil Filter,Engine system,5,122.97,467.15,614.85,Walk-in Customer,GCash,Completed,ORD961354,Automated migration
2026-03-08,Battery,Electrical system,2,4188.6,322.97,8377.2,Retail Client,GCash,Completed,ORD961355,Automated migration
2026-03-08,Fuel Pump,Fuel system,10,3127.62,379.31,31276.2,Retail Client,Check,Completed,ORD961356,Automated migration
2026-03-08,Air Filter,Engine system,4,328.67,679.02,1314.68,Retail Client,Cash,Completed,ORD961357,Automated migration
2026-03-08,Air Filter,Engine system,3,358.18,55.93,1074.54,Walk-in Customer,Check,Completed,ORD961358,Automated migration
2026-03-08,Brake Pad,Brake system,3,1470.4,230.48,4411.2,Retail Client,Cash,Completed,ORD961359,Automated migration
2026-03-08,Shock Absorber,Suspension system,0,3130.7,0.0,0.0,Walk-in Customer,Bank Transfer,Completed,ORD961360,Automated migration
2026-03-08,Clutch Kit,Transmission system,6,13780.96,189.63,82685.76,Walk-in Customer,Check,Completed,ORD961361,Automated migration
2026-03-08,Air Filter,Engine system,4,302.63,273.26,1210.52,Wholesale Client,Cash,Completed,ORD961362,Automated migration
2026-03-08,Air Filter,Engine system,7,357.59,240.46,2503.13,Wholesale Client,Bank Transfer,Completed,ORD961363,Automated migration
2026-03-08,Spark Plug,Ignition system,3,243.92,602.45,731.76,Walk-in Customer,Bank Transfer,Completed,ORD961364,Automated migration
2026-03-08,Spark Plug,Ignition system,8,463.63,279.84,3709.04,Walk-in Customer,Cash,Completed,ORD961365,Automated migration
2026-03-08,Spark Plug,Ignition system,1,502.04,238.13,502.04,Wholesale Client,Check,Completed,ORD961366,Automated migration
2026-03-08,Clutch Kit,Transmission system,8,9064.69,314.62,72517.52,Retail Client,Check,Completed,ORD961367,Automated migration
2026-03-08,Fuel Pump,Fuel system,2,4209.38,295.98,8418.76,Wholesale Client,GCash,Completed,ORD961368,Automated migration
2026-03-08,Brake Pad,Brake system,8,3017.52,124.87,24140.16,Retail Client,Cash,Completed,ORD961369,Automated migration
2026-03-08,Oil Filter,Engine system,2,276.81,245.05,553.62,Wholesale Client,Check,Completed,ORD961370,Automated migration
2026-03-08,Shock Absorber,Suspension system,5,2537.65,375.75,12688.25,Wholesale Client,Bank Transfer,Completed,ORD961371,Automated migration
2026-03-08,Oil Filter,Engine system,2,228.51,456.83,457.02,Retail Client,GCash,Completed,ORD961372,Automated migration
2026-03-08,Clutch Kit,Transmission system,4,12613.42,150.84,50453.68,Retail Client,Bank Transfer,Completed,ORD961373,Automated migration
2026-03-08,Oil Filter,Engine system,0,347.1,0.0,0.0,Retail Client,GCash,Completed,ORD961374,Automated migration
2026-03-08,Clutch Kit,Transmission system,6,6261.66,259.36,37569.96,Retail Client,GCash,Completed,ORD961375,Automated migration
2026-03-09,Battery,Electrical system,7,8531.93,371.07,59723.51,Walk-in Customer,Bank Transfer,Completed,ORD961376,Automated migration
2026-03-09,Radiator,Cooling system,5,3661.09,470.7,18305.45,Retail Client,GCash,Completed,ORD961377,Automated migration
2026-03-09,Clutch Kit,Transmission system,8,7094.17,32.91,56753.36,Walk-in Customer,Bank Transfer,Completed,ORD961378,Automated migration
2026-03-09,Alternator,Electrical system,5,11113.82,645.73,55569.1,Retail Client,Check,Completed,ORD961379,Automated migration
2026-03-09,Clutch Kit,Transmission system,1,11815.49,196.32,11815.49,Retail Client,Cash,Completed,ORD961380,Automated migration
2026-03-09,Alternator,Electrical system,1,11406.83,150.3,11406.83,Wholesale Client,Cash,Completed,ORD961381,Automated migration
2026-03-09,Battery,Electrical system,3,5421.66,612.38,16264.98,Retail Client,GCash,Completed,ORD961382,Automated migration
2026-03-09,Battery,Electrical system,3,5968.66,413.35,17905.98,Walk-in Customer,Bank Transfer,Completed,ORD961383,Automated migration
2026-03-09,Oil Filter,Engine system,0,213.77,0.0,0.0,Walk-in Customer,Check,Completed,ORD961384,Automated migration
2026-03-09,Oil Filter,Engine system,9,237.49,578.8,2137.41,Retail Client,Check,Completed,ORD961385,Automated migration
2026-03-09,Battery,Electrical system,6,8711.75,146.53,52270.5,Walk-in Customer,GCash,Completed,ORD961386,Automated migration
2026-03-09,Clutch Kit,Transmission system,1,11082.98,666.47,11082.98,Walk-in Customer,Bank Transfer,Completed,ORD961387,Automated migration
2026-03-09,Brake Pad,Brake system,8,2934.32,98.7,23474.56,Retail Client,GCash,Completed,ORD961388,Automated migration
2026-03-09,Radiator,Cooling system,10,5566.3,392.91,55663.0,Wholesale Client,GCash,Completed,ORD961389,Automated migration
2026-03-09,Oil Filter,Engine system,4,280.96,356.63,1123.84,Retail Client,Cash,Completed,ORD961390,Automated migration
2026-03-09,Clutch Kit,Transmission system,4,5008.99,360.87,20035.96,Walk-in Customer,Bank Transfer,Completed,ORD961391,Automated migration
2026-03-09,Clutch Kit,Transmission system,0,11889.92,0.0,0.0,Retail Client,Check,Completed,ORD961392,Automated migration
2026-03-09,Battery,Electrical system,3,5515.99,608.24,16547.97,Retail Client,Bank Transfer,Completed,ORD961393,Automated migration
2026-03-09,Oil Filter,Engine system,7,101.87,693.52,713.09,Walk-in Customer,GCash,Completed,ORD961394,Automated migration
2026-03-09,Fuel Pump,Fuel system,9,4394.11,358.7,39546.99,Walk-in Customer,GCash,Completed,ORD961395,Automated migration
2026-03-09,Battery,Electrical system,10,7117.07,515.85,71170.7,Retail Client,Check,Completed,ORD961396,Automated migration
2026-03-09,Battery,Electrical system,2,5387.39,192.14,10774.78,Walk-in Customer,GCash,Completed,ORD961397,Automated migration
2026-03-09,Spark Plug,Ignition system,4,229.78,240.49,919.12,Wholesale Client,Cash,Completed,ORD961398,Automated migration
2026-03-09,Brake Pad,Brake system,8,1770.87,77.17,14166.96,Wholesale Client,Cash,Completed,ORD961399,Automated migration
2026-03-09,Air Filter,Engine system,1,370.84,286.79,370.84,Walk-in Customer,Check,Completed,ORD961400,Automated migration
2026-03-09,Alternator,Electrical system,6,11453.6,213.65,68721.6,Retail Client,Bank Transfer,Completed,ORD961401,Automated migration
2026-03-09,Brake Pad,Brake system,3,2436.02,454.87,7308.06,Walk-in Customer,Cash,Completed,ORD961402,Automated migration
2026-03-09,Oil Filter,Engine system,8,300.11,421.56,2400.88,Walk-in Customer,GCash,Completed,ORD961403,Automated migration
2026-03-10,Spark Plug,Ignition system,0,487.98,0.0,0.0,Wholesale Client,Check,Completed,ORD961404,Automated migration
2026-03-10,Oil Filter,Engine system,1,297.16,191.96,297.16,Retail Client,Bank Transfer,Completed,ORD961405,Automated migration
2026-03-10,Air Filter,Engine system,10,379.09,122.54,3790.9,Retail Client,Cash,Completed,ORD961406,Automated migration
2026-03-10,Brake Pad,Brake system,0,2348.53,0.0,0.0,Walk-in Customer,GCash,Completed,ORD961407,Automated migration
2026-03-10,Clutch Kit,Transmission system,1,8767.82,574.38,8767.82,Walk-in Customer,GCash,Completed,ORD961408,Automated migration
2026-03-10,Shock Absorber,Suspension system,5,2477.14,393.27,12385.7,Retail Client,Cash,Completed,ORD961409,Automated migration
2026-03-10,Oil Filter,Engine system,3,330.24,304.37,990.72,Walk-in Customer,GCash,Completed,ORD961410,Automated migration
2026-03-10,Air Filter,Engine system,4,388.51,107.13,1554.04,Walk-in Customer,Check,Completed,ORD961411,Automated migration
2026-03-10,Battery,Electrical system,8,5173.47,232.72,41387.76,Retail Client,GCash,Completed,ORD961412,Automated migration
2026-03-10,Brake Pad,Brake system,1,2153.34,93.78,2153.34,Wholesale Client,Check,Completed,ORD961413,Automated migration
2026-03-10,Shock Absorber,Suspension system,7,3593.6,342.87,25155.2,Wholesale Client,Bank Transfer,Completed,ORD961414,Automated migration
2026-03-10,Clutch Kit,Transmission system,0,11627.88,0.0,0.0,Walk-in Customer,Bank Transfer,Completed,ORD961415,Automated migration
2026-03-10,Battery,Electrical system,0,8952.86,0.0,0.0,Wholesale Client,GCash,Completed,ORD961416,Automated migration
2026-03-10,Clutch Kit,Transmission system,5,5704.7,688.99,28523.5,Retail Client,Cash,Completed,ORD961417,Automated migration
2026-03-10,Radiator,Cooling system,1,8947.23,185.48,8947.23,Wholesale Client,Bank Transfer,Completed,ORD961418,Automated migration
2026-03-10,Oil Filter,Engine system,0,149.01,0.0,0.0,Wholesale Client,Check,Completed,ORD961419,Automated migration
2026-03-10,Shock Absorber,Suspension system,10,4249.52,665.48,42495.2,Wholesale Client,Cash,Completed,ORD961420,Automated migration
2026-03-10,Spark Plug,Ignition system,9,349.53,548.98,3145.77,Retail Client,Cash,Completed,ORD961421,Automated migration
2026-03-10,Radiator,Cooling system,6,3626.51,117.67,21759.06,Wholesale Client,GCash,Completed,ORD961422,Automated migration
2026-03-11,Radiator,Cooling system,1,3267.1,624.17,3267.1,Retail Client,Cash,Completed,ORD961423,Automated migration
2026-03-11,Brake Pad,Brake system,0,3400.27,0.0,0.0,Retail Client,Check,Completed,ORD961424,Automated migration
2026-03-11,Air Filter,Engine system,4,342.41,598.74,1369.64,Retail Client,Cash,Completed,ORD961425,Automated migration
2026-03-11,Clutch Kit,Transmission system,6,5018.7,647.49,30112.2,Retail Client,Cash,Completed,ORD961426,Automated migration
2026-03-11,Shock Absorber,Suspension system,9,6302.75,435.12,56724.75,Walk-in Customer,GCash,Completed,ORD961427,Automated migration
2026-03-11,Battery,Electrical system,10,5527.46,399.28,55274.6,Walk-in Customer,Bank Transfer,Completed,ORD961428,Automated migration
2026-03-11,Air Filter,Engine system,2,315.92,605.87,631.84,Walk-in Customer,Check,Completed,ORD961429,Automated migration
2026-03-11,Fuel Pump,Fuel system,0,5354.76,0.0,0.0,Wholesale Client,Bank Transfer,Completed,ORD961430,Automated migration
2026-03-11,Spark Plug,Ignition system,3,426.0,139.49,1278.0,Walk-in Customer,Bank Transfer,Completed,ORD961431,Automated migration
2026-03-11,Clutch Kit,Transmission system,3,13975.62,1.61,41926.86,Walk-in Customer,Bank Transfer,Completed,ORD961432,Automated migration
2026-03-11,Fuel Pump,Fuel system,9,6644.24,545.36,59798.16,Wholesale Client,Bank Transfer,Completed,ORD961433,Automated migration
2026-03-11,Shock Absorber,Suspension system,8,6362.2,50.31,50897.6,Retail Client,Check,Completed,ORD961434,Automated migration
2026-03-11,Oil Filter,Engine system,4,347.58,494.66,1390.32,Wholesale Client,Check,Completed,ORD961435,Automated migration
2026-03-11,Spark Plug,Ignition system,0,329.65,0.0,0.0,Retail Client,Bank Transfer,Completed,ORD961436,Automated migration
2026-03-11,Clutch Kit,Transmission system,3,11561.74,568.74,34685.22,Wholesale Client,Check,Completed,ORD961437,Automated migration
2026-03-11,Air Filter,Engine system,0,373.68,0.0,0.0,Retail Client,Check,Completed,ORD961438,Automated migration
2026-03-11,Alternator,Electrical system,7,11784.13,373.91,82488.91,Retail Client,GCash,Completed,ORD961439,Automated migration
2026-03-12,Shock Absorber,Suspension system,10,4719.02,565.39,47190.2,Wholesale Client,Check,Completed,ORD961440,Automated migration
2026-03-12,Battery,Electrical system,6,6909.97,78.55,41459.82,Wholesale Client,Cash,Completed,ORD961441,Automated migration
2026-03-12,Spark Plug,Ignition system,5,537.66,695.75,2688.3,Retail Client,Cash,Completed,ORD961442,Automated migration
2026-03-12,Brake Pad,Brake system,1,2229.0,599.69,2229.0,Wholesale Client,Cash,Completed,ORD961443,Automated migration
2026-03-12,Brake Pad,Brake system,9,2992.58,493.63,26933.22,Wholesale Client,Check,Completed,ORD961444,Automated migration
2026-03-12,Air Filter,Engine system,3,304.18,290.35,912.54,Retail Client,Cash,Completed,ORD961445,Automated migration
2026-03-12,Air Filter,Engine system,1,359.3,463.65,359.3,Retail Client,GCash,Completed,ORD961446,Automated migration
2026-03-12,Oil Filter,Engine system,3,286.84,449.87,860.52,Retail Client,Bank Transfer,Completed,ORD961447,Automated migration
2026-03-12,Radiator,Cooling system,3,4759.54,488.07,14278.62,Walk-in Customer,Check,Completed,ORD961448,Automated migration
2026-03-12,Clutch Kit,Transmission system,3,11894.83,18.77,35684.49,Wholesale Client,Cash,Completed,ORD961449,Automated migration
2026-03-12,Fuel Pump,Fuel system,4,6897.74,272.3,27590.96,Wholesale Client,Bank Transfer,Completed,ORD961450,Automated migration
2026-03-12,Air Filter,Engine system,0,300.52,0.0,0.0,Retail Client,Check,Completed,ORD961451,Automated migration
2026-03-12,Brake Pad,Brake system,1,3184.85,653.3,3184.85,Wholesale Client,GCash,Completed,ORD961452,Automated migration
2026-03-12,Spark Plug,Ignition system,8,459.99,548.16,3679.92,Retail Client,GCash,Completed,ORD961453,Automated migration
2026-03-12,Brake Pad,Brake system,2,2306.63,103.09,4613.26,Walk-in Customer,GCash,Completed,ORD961454,Automated migration
2026-03-12,Battery,Electrical system,5,8297.61,4.11,41488.05,Retail Client,GCash,Completed,ORD961455,Automated migration
2026-03-12,Alternator,Electrical system,6,7169.76,406.22,43018.56,Walk-in Customer,Check,Completed,ORD961456,Automated migration
2026-03-12,Brake Pad,Brake system,2,1202.51,507.36,2405.02,Wholesale Client,GCash,Completed,ORD961457,Automated migration
2026-03-12,Alternator,Electrical system,10,10149.14,474.07,101491.4,Retail Client,GCash,Completed,ORD961458,Automated migration
2026-03-12,Air Filter,Engine system,0,240.92,0.0,0.0,Wholesale Client,Bank Transfer,Completed,ORD961459,Automated migration
2026-03-12,Battery,Electrical system,9,6445.48,474.7,58009.32,Retail Client,Check,Completed,ORD961460,Automated migration
2026-03-12,Radiator,Cooling system,2,7941.13,220.65,15882.26,Wholesale Client,Cash,Completed,ORD961461,Automated migration
2026-03-12,Brake Pad,Brake system,1,1391.96,341.26,1391.96,Walk-in Customer,Cash,Completed,ORD961462,Automated migration
2026-03-13,Brake Pad,Brake system,8,3230.6,305.83,25844.8,Walk-in Customer,Bank Transfer,Completed,ORD961463,Automated migration
2026-03-13,Brake Pad,Brake system,5,1552.52,609.59,7762.6,Retail Client,Cash,Completed,ORD961464,Automated migration
2026-03-13,Air Filter,Engine system,3,373.19,271.7,1119.57,Wholesale Client,GCash,Completed,ORD961465,Automated migration
2026-03-13,Fuel Pump,Fuel system,2,4622.58,13.09,9245.16,Wholesale Client,Check,Completed,ORD961466,Automated migration
2026-03-13,Alternator,Electrical system,1,10439.15,278.53,10439.15,Wholesale Client,Cash,Completed,ORD961467,Automated migration
2026-03-13,Alternator,Electrical system,9,8247.82,321.53,74230.38,Retail Client,GCash,Completed,ORD961468,Automated migration
2026-03-13,Spark Plug,Ignition system,5,520.37,633.63,2601.85,Retail Client,GCash,Completed,ORD961469,Automated migration
2026-03-13,Clutch Kit,Transmission system,2,12988.88,73.35,25977.76,Wholesale Client,Check,Completed,ORD961470,Automated migration
2026-03-13,Brake Pad,Brake system,3,2894.5,438.46,8683.5,Wholesale Client,Check,Completed,ORD961471,Automated migration
2026-03-13,Fuel Pump,Fuel system,5,3263.54,527.58,16317.7,Retail Client,Check,Completed,ORD961472,Automated migration
2026-03-13,Fuel Pump,Fuel system,9,3844.01,345.01,34596.09,Wholesale Client,Check,Completed,ORD961473,Automated migration
2026-03-13,Spark Plug,Ignition system,9,325.4,250.2,2928.6,Wholesale Client,Check,Completed,ORD961474,Automated migration
2026-03-13,Alternator,Electrical system,8,7131.63,521.66,57053.04,Retail Client,Cash,Completed,ORD961475,Automated migration
2026-03-13,Shock Absorber,Suspension system,9,5400.13,398.58,48601.17,Walk-in Customer,Check,Completed,ORD961476,Automated migration
2026-03-13,Battery,Electrical system,9,6248.5,430.04,56236.5,Wholesale Client,Check,Completed,ORD961477,Automated migration
2026-03-13,Clutch Kit,Transmission system,6,13918.6,381.25,83511.6,Retail Client,Cash,Completed,ORD961478,Automated migration
2026-03-13,Clutch Kit,Transmission system,8,11067.0,503.88,88536.0,Retail Client,Cash,Completed,ORD961479,Automated migration
2026-03-13,Battery,Electrical system,9,8060.63,60.59,72545.67,Retail Client,Cash,Completed,ORD961480,Automated migration
2026-03-13,Air Filter,Engine system,7,331.55,80.66,2320.85,Walk-in Customer,Bank Transfer,Completed,ORD961481,Automated migration
2026-03-13,Fuel Pump,Fuel system,4,4673.64,424.4,18694.56,Wholesale Client,Check,Completed,ORD961482,Automated migration
2026-03-13,Spark Plug,Ignition system,8,385.62,73.51,3084.96,Wholesale Client,Cash,Completed,ORD961483,Automated migration
2026-03-13,Oil Filter,Engine system,8,280.02,105.5,2240.16,Wholesale Client,GCash,Completed,ORD961484,Automated migration
2026-03-13,Radiator,Cooling system,5,4126.13,118.11,20630.65,Retail Client,Check,Completed,ORD961485,Automated migration
2026-03-14,Radiator,Cooling system,3,8028.58,331.0,24085.74,Wholesale Client,GCash,Completed,ORD961486,Automated migration
2026-03-14,Oil Filter,Engine system,4,348.97,699.57,1395.88,Walk-in Customer,Bank Transfer,Completed,ORD961487,Automated migration
2026-03-14,Battery,Electrical system,7,7671.57,587.7,53700.99,Walk-in Customer,Cash,Completed,ORD961488,Automated migration
2026-03-14,Shock Absorber,Suspension system,5,5374.91,546.07,26874.55,Retail Client,GCash,Completed,ORD961489,Automated migration
2026-03-14,Radiator,Cooling system,8,8536.34,603.1,68290.72,Wholesale Client,Cash,Completed,ORD961490,Automated migration
2026-03-14,Alternator,Electrical system,4,10258.2,576.13,41032.8,Wholesale Client,Check,Completed,ORD961491,Automated migration
2026-03-14,Battery,Electrical system,5,4030.86,174.58,20154.3,Walk-in Customer,GCash,Completed,ORD961492,Automated migration
2026-03-14,Brake Pad,Brake system,10,2126.04,1.53,21260.4,Retail Client,Check,Completed,ORD961493,Automated migration
2026-03-14,Alternator,Electrical system,10,7388.82,96.4,73888.2,Walk-in Customer,Check,Completed,ORD961494,Automated migration
2026-03-14,Spark Plug,Ignition system,3,408.29,284.22,1224.87,Wholesale Client,Cash,Completed,ORD961495,Automated migration
2026-03-14,Oil Filter,Engine system,0,151.95,0.0,0.0,Retail Client,Cash,Completed,ORD961496,Automated migration
2026-03-14,Radiator,Cooling system,6,6614.5,477.19,39687.0,Retail Client,Cash,Completed,ORD961497,Automated migration
2026-03-14,Brake Pad,Brake system,2,2912.18,492.21,5824.36,Walk-in Customer,Check,Completed,ORD961498,Automated migration
2026-03-14,Shock Absorber,Suspension system,3,3197.54,516.04,9592.62,Wholesale Client,Cash,Completed,ORD961499,Automated migration
2026-03-14,Fuel Pump,Fuel system,3,5545.99,428.38,16637.97,Wholesale Client,Bank Transfer,Completed,ORD961500,Automated migration
2026-03-14,Air Filter,Engine system,3,384.75,181.74,1154.25,Wholesale Client,GCash,Completed,ORD961501,Automated migration
2026-03-14,Oil Filter,Engine system,2,149.08,387.96,298.16,Retail Client,GCash,Completed,ORD961502,Automated migration
2026-03-14,Clutch Kit,Transmission system,1,5691.53,321.35,5691.53,Retail Client,Check,Completed,ORD961503,Automated migration
2026-03-14,Clutch Kit,Transmission system,7,7873.53,246.52,55114.71,Walk-in Customer,Cash,Completed,ORD961504,Automated migration
2026-03-14,Clutch Kit,Transmission system,0,10304.44,0.0,0.0,Wholesale Client,Cash,Completed,ORD961505,Automated migration
2026-03-14,Brake Pad,Brake system,9,2542.96,452.57,22886.64,Walk-in Customer,Bank Transfer,Completed,ORD961506,Automated migration
2026-03-14,Spark Plug,Ignition system,7,496.22,129.72,3473.54,Walk-in Customer,Bank Transfer,Completed,ORD961507,Automated migration
2026-03-14,Air Filter,Engine system,1,382.38,20.03,382.38,Walk-in Customer,Check,Completed,ORD961508,Automated migration
2026-03-14,Battery,Electrical system,10,5482.93,143.8,54829.3,Walk-in Customer,Bank Transfer,Completed,ORD961509,Automated migration
2026-03-14,Spark Plug,Ignition system,6,448.21,277.53,2689.26,Walk-in Customer,Bank Transfer,Completed,ORD961510,Automated migration
2026-03-14,Battery,Electrical system,4,8345.12,433.56,33380.48,Walk-in Customer,GCash,Completed,ORD961511,Automated migration
2026-03-14,Battery,Electrical system,6,5571.42,220.57,33428.52,Walk-in Customer,Check,Completed,ORD961512,Automated migration
2026-03-15,Alternator,Electrical system,4,8398.59,259.41,33594.36,Retail Client,Check,Completed,ORD961513,Automated migration
2026-03-15,Air Filter,Engine system,2,390.99,439.18,781.98,Retail Client,Check,Completed,ORD961514,Automated migration
2026-03-15,Alternator,Electrical system,7,9487.05,479.26,66409.35,Wholesale Client,Check,Completed,ORD961515,Automated migration
2026-03-15,Clutch Kit,Transmission system,9,12507.56,599.23,112568.04,Wholesale Client,Cash,Completed,ORD961516,Automated migration
2026-03-15,Shock Absorber,Suspension system,7,6063.63,643.26,42445.41,Retail Client,Check,Completed,ORD961517,Automated migration
2026-03-15,Clutch Kit,Transmission system,1,10559.33,38.6,10559.33,Retail Client,Bank Transfer,Completed,ORD961518,Automated migration
2026-03-15,Clutch Kit,Transmission system,1,12267.04,124.01,12267.04,Retail Client,Check,Completed,ORD961519,Automated migration
2026-03-15,Radiator,Cooling system,6,4409.23,8.57,26455.38,Walk-in Customer,Check,Completed,ORD961520,Automated migration
2026-03-15,Air Filter,Engine system,3,389.51,290.03,1168.53,Wholesale Client,Bank Transfer,Completed,ORD961521,Automated migration
2026-03-15,Oil Filter,Engine system,6,195.9,318.53,1175.4,Walk-in Customer,Bank Transfer,Completed,ORD961522,Automated migration
2026-03-15,Brake Pad,Brake system,7,1706.94,300.63,11948.58,Wholesale Client,Bank Transfer,Completed,ORD961523,Automated migration
2026-03-15,Radiator,Cooling system,4,6459.9,286.13,25839.6,Wholesale Client,Cash,Completed,ORD961524,Automated migration
2026-03-15,Fuel Pump,Fuel system,9,3640.24,171.51,32762.16,Wholesale Client,Cash,Completed,ORD961525,Automated migration
2026-03-15,Fuel Pump,Fuel system,1,6078.15,431.15,6078.15,Wholesale Client,Bank Transfer,Completed,ORD961526,Automated migration
2026-03-15,Air Filter,Engine system,1,246.19,92.94,246.19,Walk-in Customer,GCash,Completed,ORD961527,Automated migration
2026-03-15,Oil Filter,Engine system,6,290.91,454.23,1745.46,Retail Client,Bank Transfer,Completed,ORD961528,Automated migration
2026-03-15,Radiator,Cooling system,1,5588.64,88.83,5588.64,Wholesale Client,Check,Completed,ORD961529,Automated migration
2026-03-15,Radiator,Cooling system,2,5393.25,103.02,10786.5,Walk-in Customer,GCash,Completed,ORD961530,Automated migration
2026-03-15,Alternator,Electrical system,10,7055.2,257.09,70552.0,Retail Client,Check,Completed,ORD961531,Automated migration
2026-03-15,Brake Pad,Brake system,8,1848.8,623.52,14790.4,Walk-in Customer,Check,Completed,ORD961532,Automated migration
2026-03-15,Spark Plug,Ignition system,1,483.29,410.97,483.29,Retail Client,Bank Transfer,Completed,ORD961533,Automated migration
2026-03-15,Radiator,Cooling system,2,7901.65,538.63,15803.3,Walk-in Customer,GCash,Completed,ORD961534,Automated migration
2026-03-15,Clutch Kit,Transmission system,4,7254.45,450.78,29017.8,Retail Client,GCash,Completed,ORD961535,Automated migration
2026-03-15,Clutch Kit,Transmission system,3,6289.26,189.46,18867.78,Walk-in Customer,Bank Transfer,Completed,ORD961536,Automated migration
2026-03-15,Oil Filter,Engine system,6,294.24,134.04,1765.44,Walk-in Customer,Bank Transfer,Completed,ORD961537,Automated migration
2026-03-15,Battery,Electrical system,3,4679.92,449.73,14039.76,Retail Client,Check,Completed,ORD961538,Automated migration
2026-03-15,Battery,Electrical system,3,8489.68,440.62,25469.04,Walk-in Customer,Check,Completed,ORD961539,Automated migration
2026-03-15,Brake Pad,Brake system,4,3264.48,386.79,13057.92,Wholesale Client,Check,Completed,ORD961540,Automated migration
2026-03-16,Spark Plug,Ignition system,4,463.27,296.67,1853.08,Wholesale Client,Cash,Completed,ORD961541,Automated migration
2026-03-16,Radiator,Cooling system,6,4225.02,426.03,25350.12,Walk-in Customer,Cash,Completed,ORD961542,Automated migration
2026-03-16,Oil Filter,Engine system,3,241.84,446.29,725.52,Retail Client,Check,Completed,ORD961543,Automated migration
2026-03-16,Oil Filter,Engine system,4,135.63,219.49,542.52,Walk-in Customer,Bank Transfer,Completed,ORD961544,Automated migration
2026-03-16,Oil Filter,Engine system,7,278.0,97.8,1946.0,Retail Client,GCash,Completed,ORD961545,Automated migration
2026-03-16,Shock Absorber,Suspension system,3,5369.12,274.71,16107.36,Wholesale Client,GCash,Completed,ORD961546,Automated migration
2026-03-16,Clutch Kit,Transmission system,4,8870.13,6.57,35480.52,Walk-in Customer,GCash,Completed,ORD961547,Automated migration
2026-03-16,Spark Plug,Ignition system,2,205.11,132.19,410.22,Wholesale Client,Cash,Completed,ORD961548,Automated migration
2026-03-16,Oil Filter,Engine system,1,325.44,384.05,325.44,Walk-in Customer,Bank Transfer,Completed,ORD961549,Automated migration
2026-03-16,Fuel Pump,Fuel system,10,6714.08,588.24,67140.8,Retail Client,Cash,Completed,ORD961550,Automated migration
2026-03-16,Spark Plug,Ignition system,3,286.3,140.17,858.9,Wholesale Client,Cash,Completed,ORD961551,Automated migration
2026-03-16,Alternator,Electrical system,9,8115.79,672.63,73042.11,Wholesale Client,Cash,Completed,ORD961552,Automated migration
2026-03-16,Clutch Kit,Transmission system,3,13477.82,425.01,40433.46,Wholesale Client,Bank Transfer,Completed,ORD961553,Automated migration
2026-03-16,Spark Plug,Ignition system,10,286.42,343.08,2864.2,Wholesale Client,GCash,Completed,ORD961554,Automated migration
2026-03-16,Alternator,Electrical system,3,10834.62,335.61,32503.86,Walk-in Customer,Check,Completed,ORD961555,Automated migration
2026-03-16,Radiator,Cooling system,2,4592.62,274.26,9185.24,Wholesale Client,Bank Transfer,Completed,ORD961556,Automated migration
2026-03-16,Battery,Electrical system,3,4916.78,31.48,14750.34,Retail Client,GCash,Completed,ORD961557,Automated migration
2026-03-17,Radiator,Cooling system,8,7632.41,226.45,61059.28,Wholesale Client,Check,Completed,ORD961558,Automated migration
2026-03-17,Brake Pad,Brake system,4,2871.9,120.56,11487.6,Retail Client,Cash,Completed,ORD961559,Automated migration
2026-03-17,Fuel Pump,Fuel system,10,3937.43,266.64,39374.3,Walk-in Customer,Bank Transfer,Completed,ORD961560,Automated migration
2026-03-17,Alternator,Electrical system,4,7858.0,10.01,31432.0,Retail Client,GCash,Completed,ORD961561,Automated migration
2026-03-17,Shock Absorber,Suspension system,9,3848.93,42.51,34640.37,Retail Client,Check,Completed,ORD961562,Automated migration
2026-03-17,Spark Plug,Ignition system,4,292.11,97.77,1168.44,Walk-in Customer,Bank Transfer,Completed,ORD961563,Automated migration
2026-03-17,Clutch Kit,Transmission system,8,13800.27,694.5,110402.16,Retail Client,Check,Completed,ORD961564,Automated migration
2026-03-17,Radiator,Cooling system,10,3725.29,318.36,37252.9,Retail Client,Cash,Completed,ORD961565,Automated migration
2026-03-17,Battery,Electrical system,3,7862.13,351.1,23586.39,Retail Client,Check,Completed,ORD961566,Automated migration
2026-03-17,Alternator,Electrical system,2,9223.63,13.33,18447.26,Retail Client,Check,Completed,ORD961567,Automated migration
2026-03-17,Shock Absorber,Suspension system,5,3192.53,459.6,15962.65,Retail Client,Bank Transfer,Completed,ORD961568,Automated migration
2026-03-17,Brake Pad,Brake system,2,1394.17,650.24,2788.34,Wholesale Client,Bank Transfer,Completed,ORD961569,Automated migration
2026-03-17,Brake Pad,Brake system,8,2780.13,557.85,22241.04,Walk-in Customer,Bank Transfer,Completed,ORD961570,Automated migration
2026-03-17,Brake Pad,Brake system,1,3425.73,244.35,3425.73,Retail Client,GCash,Completed,ORD961571,Automated migration
2026-03-17,Alternator,Electrical system,5,8950.44,88.46,44752.2,Wholesale Client,Cash,Completed,ORD961572,Automated migration
2026-03-17,Brake Pad,Brake system,4,1867.79,50.91,7471.16,Wholesale Client,GCash,Completed,ORD961573,Automated migration
2026-03-17,Clutch Kit,Transmission system,6,11087.48,657.31,66524.88,Wholesale Client,GCash,Completed,ORD961574,Automated migration
2026-03-17,Radiator,Cooling system,10,6067.26,240.32,60672.6,Walk-in Customer,Cash,Completed,ORD961575,Automated migration
2026-03-17,Clutch Kit,Transmission system,8,11831.52,125.37,94652.16,Retail Client,GCash,Completed,ORD961576,Automated migration
2026-03-18,Oil Filter,Engine system,8,179.53,390.77,1436.24,Retail Client,Bank Transfer,Completed,ORD961577,Automated migration
2026-03-18,Alternator,Electrical system,0,7631.24,0.0,0.0,Walk-in Customer,Cash,Completed,ORD961578,Automated migration
2026-03-18,Oil Filter,Engine system,10,167.89,330.81,1678.9,Walk-in Customer,GCash,Completed,ORD961579,Automated migration
2026-03-18,Alternator,Electrical system,7,10531.18,99.66,73718.26,Walk-in Customer,GCash,Completed,ORD961580,Automated migration
2026-03-18,Air Filter,Engine system,2,371.56,244.15,743.12,Wholesale Client,Cash,Completed,ORD961581,Automated migration
2026-03-18,Oil Filter,Engine system,7,164.26,513.27,1149.82,Retail Client,GCash,Completed,ORD961582,Automated migration
2026-03-18,Brake Pad,Brake system,7,1733.46,455.17,12134.22,Retail Client,Bank Transfer,Completed,ORD961583,Automated migration
2026-03-18,Clutch Kit,Transmission system,6,8341.98,665.77,50051.88,Retail Client,GCash,Completed,ORD961584,Automated migration
2026-03-18,Fuel Pump,Fuel system,2,5691.22,84.37,11382.44,Wholesale Client,GCash,Completed,ORD961585,Automated migration
2026-03-18,Spark Plug,Ignition system,9,394.64,95.81,3551.76,Wholesale Client,GCash,Completed,ORD961586,Automated migration
2026-03-18,Shock Absorber,Suspension system,0,5995.48,0.0,0.0,Walk-in Customer,Bank Transfer,Completed,ORD961587,Automated migration
2026-03-18,Battery,Electrical system,1,6304.42,330.62,6304.42,Retail Client,Bank Transfer,Completed,ORD961588,Automated migration
2026-03-18,Radiator,Cooling system,4,6234.43,676.65,24937.72,Wholesale Client,GCash,Completed,ORD961589,Automated migration
2026-03-18,Shock Absorber,Suspension system,9,3871.38,66.64,34842.42,Walk-in Customer,Bank Transfer,Completed,ORD961590,Automated migration
2026-03-18,Brake Pad,Brake system,10,1884.38,626.85,18843.8,Wholesale Client,Check,Completed,ORD961591,Automated migration
2026-03-18,Fuel Pump,Fuel system,10,5775.17,219.95,57751.7,Retail Client,Bank Transfer,Completed,ORD961592,Automated migration
2026-03-18,Spark Plug,Ignition system,5,262.07,408.97,1310.35,Retail Client,GCash,Completed,ORD961593,Automated migration
2026-03-18,Radiator,Cooling system,7,6138.63,673.88,42970.41,Retail Client,Bank Transfer,Completed,ORD961594,Automated migration
2026-03-18,Fuel Pump,Fuel system,7,5831.73,331.22,40822.11,Wholesale Client,Bank Transfer,Completed,ORD961595,Automated migration
2026-03-18,Air Filter,Engine system,3,382.63,130.88,1147.89,Wholesale Client,Check,Completed,ORD961596,Automated migration
2026-03-18,Clutch Kit,Transmission system,2,8909.12,394.58,17818.24,Retail Client,Check,Completed,ORD961597,Automated migration
2026-03-18,Alternator,Electrical system,5,10781.28,510.51,53906.4,Retail Client,Bank Transfer,Completed,ORD961598,Automated migration
2026-03-18,Fuel Pump,Fuel system,2,5370.53,587.58,10741.06,Wholesale Client,Bank Transfer,Completed,ORD961599,Automated migration
2026-03-18,Oil Filter,Engine system,4,205.29,257.51,821.16,Walk-in Customer,Check,Completed,ORD961600,Automated migration
2026-03-18,Clutch Kit,Transmission system,2,10390.21,22.52,20780.42,Walk-in Customer,Check,Completed,ORD961601,Automated migration
2026-03-18,Alternator,Electrical system,5,10829.78,422.08,54148.9,Wholesale Client,Cash,Completed,ORD961602,Automated migration
2026-03-18,Radiator,Cooling system,5,7282.29,64.87,36411.45,Wholesale Client,Cash,Completed,ORD961603,Automated migration
2026-03-18,Radiator,Cooling system,4,7174.19,138.22,28696.76,Retail Client,GCash,Completed,ORD961604,Automated migration
2026-03-19,Alternator,Electrical system,10,8164.13,183.91,81641.3,Walk-in Customer,Cash,Completed,ORD961605,Automated migration
2026-03-19,Radiator,Cooling system,1,6950.69,32.28,6950.69,Wholesale Client,GCash,Completed,ORD961606,Automated migration
2026-03-19,Oil Filter,Engine system,10,187.49,178.11,1874.9,Wholesale Client,Check,Completed,ORD961607,Automated migration
2026-03-19,Fuel Pump,Fuel system,8,5396.13,521.38,43169.04,Wholesale Client,GCash,Completed,ORD961608,Automated migration
2026-03-19,Brake Pad,Brake system,7,3380.39,252.25,23662.73,Wholesale Client,Bank Transfer,Completed,ORD961609,Automated migration
2026-03-19,Oil Filter,Engine system,1,235.6,528.65,235.6,Walk-in Customer,GCash,Completed,ORD961610,Automated migration
2026-03-19,Air Filter,Engine system,4,211.6,264.65,846.4,Retail Client,Cash,Completed,ORD961611,Automated migration
2026-03-19,Clutch Kit,Transmission system,7,10401.89,445.63,72813.23,Walk-in Customer,GCash,Completed,ORD961612,Automated migration
2026-03-19,Clutch Kit,Transmission system,9,10574.95,103.97,95174.55,Retail Client,Bank Transfer,Completed,ORD961613,Automated migration
2026-03-19,Spark Plug,Ignition system,6,540.97,512.75,3245.82,Retail Client,GCash,Completed,ORD961614,Automated migration
2026-03-19,Battery,Electrical system,5,4458.34,106.14,22291.7,Walk-in Customer,Check,Completed,ORD961615,Automated migration
2026-03-19,Radiator,Cooling system,6,3287.61,411.35,19725.66,Retail Client,Bank Transfer,Completed,ORD961616,Automated migration
2026-03-19,Spark Plug,Ignition system,3,448.03,264.25,1344.09,Wholesale Client,Check,Completed,ORD961617,Automated migration
2026-03-19,Fuel Pump,Fuel system,3,3176.09,293.93,9528.27,Walk-in Customer,Bank Transfer,Completed,ORD961618,Automated migration
2026-03-19,Shock Absorber,Suspension system,10,2690.63,623.73,26906.3,Retail Client,Cash,Completed,ORD961619,Automated migration
2026-03-19,Clutch Kit,Transmission system,6,9674.27,559.38,58045.62,Retail Client,GCash,Completed,ORD961620,Automated migration
2026-03-19,Radiator,Cooling system,6,6623.97,662.62,39743.82,Wholesale Client,Check,Completed,ORD961621,Automated migration
2026-03-19,Air Filter,Engine system,0,384.85,0.0,0.0,Retail Client,Bank Transfer,Completed,ORD961622,Automated migration
2026-03-19,Air Filter,Engine system,4,242.97,623.5,971.88,Wholesale Client,Bank Transfer,Completed,ORD961623,Automated migration
2026-03-19,Radiator,Cooling system,5,7751.0,216.36,38755.0,Walk-in Customer,Check,Completed,ORD961624,Automated migration
2026-03-19,Clutch Kit,Transmission system,4,7343.17,186.76,29372.68,Walk-in Customer,Check,Completed,ORD961625,Automated migration
2026-03-19,Battery,Electrical system,7,5374.32,518.65,37620.24,Wholesale Client,Check,Completed,ORD961626,Automated migration
2026-03-19,Battery,Electrical system,10,6070.22,57.82,60702.2,Wholesale Client,Cash,Completed,ORD961627,Automated migration
2026-03-19,Shock Absorber,Suspension system,10,2575.07,100.73,25750.7,Wholesale Client,GCash,Completed,ORD961628,Automated migration
2026-03-20,Spark Plug,Ignition system,2,272.94,282.66,545.88,Retail Client,GCash,Completed,ORD961629,Automated migration
2026-03-20,Air Filter,Engine system,3,294.28,642.43,882.84,Wholesale Client,Cash,Completed,ORD961630,Automated migration
2026-03-20,Oil Filter,Engine system,5,204.05,595.07,1020.25,Wholesale Client,GCash,Completed,ORD961631,Automated migration
2026-03-20,Radiator,Cooling system,1,4954.62,332.25,4954.62,Walk-in Customer,Bank Transfer,Completed,ORD961632,Automated migration
2026-03-20,Radiator,Cooling system,7,5924.48,123.49,41471.36,Retail Client,Bank Transfer,Completed,ORD961633,Automated migration
2026-03-20,Spark Plug,Ignition system,3,506.69,507.27,1520.07,Retail Client,Bank Transfer,Completed,ORD961634,Automated migration
2026-03-20,Clutch Kit,Transmission system,1,9180.5,246.45,9180.5,Wholesale Client,Bank Transfer,Completed,ORD961635,Automated migration
2026-03-20,Fuel Pump,Fuel system,8,6392.57,183.01,51140.56,Retail Client,GCash,Completed,ORD961636,Automated migration
2026-03-20,Alternator,Electrical system,4,10348.39,551.92,41393.56,Retail Client,GCash,Completed,ORD961637,Automated migration
2026-03-20,Oil Filter,Engine system,6,273.78,409.58,1642.68,Walk-in Customer,GCash,Completed,ORD961638,Automated migration
2026-03-20,Oil Filter,Engine system,8,194.39,446.15,1555.12,Retail Client,Cash,Completed,ORD961639,Automated migration
2026-03-20,Spark Plug,Ignition system,10,427.6,472.43,4276.0,Walk-in Customer,Bank Transfer,Completed,ORD961640,Automated migration
2026-03-20,Spark Plug,Ignition system,3,247.44,537.22,742.32,Wholesale Client,Check,Completed,ORD961641,Automated migration
2026-03-20,Brake Pad,Brake system,4,2662.12,244.3,10648.48,Retail Client,Cash,Completed,ORD961642,Automated migration
2026-03-20,Radiator,Cooling system,8,8356.74,308.13,66853.92,Walk-in Customer,GCash,Completed,ORD961643,Automated migration
2026-03-20,Spark Plug,Ignition system,6,570.44,353.83,3422.64,Walk-in Customer,Bank Transfer,Completed,ORD961644,Automated migration
2026-03-20,Alternator,Electrical system,1,7201.09,1.98,7201.09,Wholesale Client,GCash,Completed,ORD961645,Automated migration
2026-03-20,Radiator,Cooling system,7,6101.3,61.42,42709.1,Retail Client,GCash,Completed,ORD961646,Automated migration
2026-03-21,Radiator,Cooling system,4,7777.79,311.28,31111.16,Retail Client,Bank Transfer,Completed,ORD961647,Automated migration
2026-03-21,Spark Plug,Ignition system,10,521.67,127.16,5216.7,Walk-in Customer,Bank Transfer,Completed,ORD961648,Automated migration
2026-03-21,Air Filter,Engine system,6,216.18,479.31,1297.08,Walk-in Customer,GCash,Completed,ORD961649,Automated migration
2026-03-21,Oil Filter,Engine system,5,304.95,386.29,1524.75,Walk-in Customer,Bank Transfer,Completed,ORD961650,Automated migration
2026-03-21,Shock Absorber,Suspension system,3,4844.37,536.27,14533.11,Walk-in Customer,Bank Transfer,Completed,ORD961651,Automated migration
2026-03-21,Battery,Electrical system,10,8126.83,366.84,81268.3,Wholesale Client,Bank Transfer,Completed,ORD961652,Automated migration
2026-03-21,Air Filter,Engine system,7,341.28,650.09,2388.96,Wholesale Client,Check,Completed,ORD961653,Automated migration
2026-03-21,Oil Filter,Engine system,6,211.2,683.52,1267.2,Retail Client,Cash,Completed,ORD961654,Automated migration
2026-03-21,Radiator,Cooling system,5,3830.45,365.99,19152.25,Walk-in Customer,Cash,Completed,ORD961655,Automated migration
2026-03-21,Brake Pad,Brake system,4,2475.02,358.1,9900.08,Walk-in Customer,Cash,Completed,ORD961656,Automated migration
2026-03-21,Spark Plug,Ignition system,1,195.09,283.42,195.09,Retail Client,GCash,Completed,ORD961657,Automated migration
2026-03-21,Air Filter,Engine system,5,289.95,22.77,1449.75,Walk-in Customer,Bank Transfer,Completed,ORD961658,Automated migration
2026-03-21,Radiator,Cooling system,10,4255.15,597.14,42551.5,Walk-in Customer,Check,Completed,ORD961659,Automated migration
2026-03-21,Shock Absorber,Suspension system,9,5875.99,337.28,52883.91,Retail Client,GCash,Completed,ORD961660,Automated migration
2026-03-22,Oil Filter,Engine system,4,158.24,546.29,632.96,Wholesale Client,GCash,Completed,ORD961661,Automated migration
2026-03-22,Air Filter,Engine system,0,331.86,0.0,0.0,Walk-in Customer,Cash,Completed,ORD961662,Automated migration
2026-03-22,Clutch Kit,Transmission system,6,12186.64,599.98,73119.84,Retail Client,GCash,Completed,ORD961663,Automated migration
2026-03-22,Shock Absorber,Suspension system,0,4230.42,0.0,0.0,Walk-in Customer,Cash,Completed,ORD961664,Automated migration
2026-03-22,Battery,Electrical system,10,4108.6,109.89,41086.0,Retail Client,GCash,Completed,ORD961665,Automated migration
2026-03-22,Fuel Pump,Fuel system,0,3239.42,0.0,0.0,Walk-in Customer,GCash,Completed,ORD961666,Automated migration
2026-03-22,Battery,Electrical system,6,7525.04,674.18,45150.24,Retail Client,Check,Completed,ORD961667,Automated migration
2026-03-22,Clutch Kit,Transmission system,4,6234.32,46.59,24937.28,Wholesale Client,Cash,Completed,ORD961668,Automated migration
2026-03-22,Fuel Pump,Fuel system,5,3338.46,431.47,16692.3,Wholesale Client,GCash,Completed,ORD961669,Automated migration
2026-03-22,Alternator,Electrical system,10,8319.79,382.14,83197.9,Walk-in Customer,GCash,Completed,ORD961670,Automated migration
2026-03-22,Spark Plug,Ignition system,9,598.42,223.96,5385.78,Walk-in Customer,Bank Transfer,Completed,ORD961671,Automated migration
2026-03-22,Alternator,Electrical system,7,9826.19,619.11,68783.33,Walk-in Customer,Check,Completed,ORD961672,Automated migration
2026-03-22,Clutch Kit,Transmission system,0,6894.59,0.0,0.0,Walk-in Customer,Bank Transfer,Completed,ORD961673,Automated migration
2026-03-22,Alternator,Electrical system,4,11678.9,15.57,46715.6,Wholesale Client,GCash,Completed,ORD961674,Automated migration
2026-03-22,Spark Plug,Ignition system,7,370.39,203.53,2592.73,Walk-in Customer,Check,Completed,ORD961675,Automated migration
2026-03-22,Fuel Pump,Fuel system,5,3324.69,19.84,16623.45,Walk-in Customer,Bank Transfer,Completed,ORD961676,Automated migration
2026-03-22,Brake Pad,Brake system,5,2469.78,330.37,12348.9,Retail Client,Bank Transfer,Completed,ORD961677,Automated migration
2026-03-22,Radiator,Cooling system,3,5557.78,29.87,16673.34,Wholesale Client,Bank Transfer,Completed,ORD961678,Automated migration
2026-03-22,Spark Plug,Ignition system,5,528.04,681.11,2640.2,Walk-in Customer,Cash,Completed,ORD961679,Automated migration
2026-03-23,Spark Plug,Ignition system,1,377.84,143.43,377.84,Walk-in Customer,Check,Completed,ORD961680,Automated migration
2026-03-23,Shock Absorber,Suspension system,3,4629.28,290.6,13887.84,Walk-in Customer,Check,Completed,ORD961681,Automated migration
2026-03-23,Alternator,Electrical system,7,9551.02,16.4,66857.14,Wholesale Client,Check,Completed,ORD961682,Automated migration
2026-03-23,Brake Pad,Brake system,2,2936.64,527.1,5873.28,Wholesale Client,Check,Completed,ORD961683,Automated migration
2026-03-23,Air Filter,Engine system,3,232.7,344.02,698.1,Wholesale Client,Bank Transfer,Completed,ORD961684,Automated migration
2026-03-23,Radiator,Cooling system,5,8103.77,449.08,40518.85,Retail Client,GCash,Completed,ORD961685,Automated migration
2026-03-23,Shock Absorber,Suspension system,6,2529.17,209.9,15175.02,Retail Client,Check,Completed,ORD961686,Automated migration
2026-03-23,Air Filter,Engine system,6,273.41,688.31,1640.46,Retail Client,Cash,Completed,ORD961687,Automated migration
2026-03-23,Spark Plug,Ignition system,7,279.09,93.17,1953.63,Wholesale Client,Check,Completed,ORD961688,Automated migration
2026-03-23,Radiator,Cooling system,9,7182.41,448.93,64641.69,Wholesale Client,Check,Completed,ORD961689,Automated migration
2026-03-23,Radiator,Cooling system,1,3709.67,676.35,3709.67,Retail Client,Bank Transfer,Completed,ORD961690,Automated migration
2026-03-23,Clutch Kit,Transmission system,10,12757.47,5.65,127574.7,Walk-in Customer,Check,Completed,ORD961691,Automated migration
2026-03-23,Oil Filter,Engine system,6,341.07,426.85,2046.42,Walk-in Customer,Cash,Completed,ORD961692,Automated migration
2026-03-23,Brake Pad,Brake system,5,2502.5,591.02,12512.5,Retail Client,Bank Transfer,Completed,ORD961693,Automated migration
2026-03-23,Radiator,Cooling system,9,7755.88,653.48,69802.92,Wholesale Client,GCash,Completed,ORD961694,Automated migration
2026-03-24,Spark Plug,Ignition system,3,498.55,5.12,1495.65,Wholesale Client,Cash,Completed,ORD961695,Automated migration
2026-03-24,Spark Plug,Ignition system,9,269.66,12.53,2426.94,Wholesale Client,GCash,Completed,ORD961696,Automated migration
2026-03-24,Fuel Pump,Fuel system,4,6507.96,517.86,26031.84,Walk-in Customer,GCash,Completed,ORD961697,Automated migration
2026-03-24,Radiator,Cooling system,0,8211.33,0.0,0.0,Walk-in Customer,GCash,Completed,ORD961698,Automated migration
2026-03-24,Oil Filter,Engine system,8,263.59,121.21,2108.72,Wholesale Client,Bank Transfer,Completed,ORD961699,Automated migration
2026-03-24,Battery,Electrical system,10,8137.23,281.59,81372.3,Walk-in Customer,Check,Completed,ORD961700,Automated migration
2026-03-24,Radiator,Cooling system,1,8729.79,322.93,8729.79,Wholesale Client,GCash,Completed,ORD961701,Automated migration
2026-03-24,Oil Filter,Engine system,4,142.98,529.36,571.92,Walk-in Customer,Cash,Completed,ORD961702,Automated migration
2026-03-24,Air Filter,Engine system,3,396.18,281.41,1188.54,Retail Client,GCash,Completed,ORD961703,Automated migration
2026-03-24,Brake Pad,Brake system,6,1737.45,378.42,10424.7,Retail Client,Check,Completed,ORD961704,Automated migration
2026-03-24,Alternator,Electrical system,7,8220.4,59.6,57542.8,Wholesale Client,Cash,Completed,ORD961705,Automated migration
2026-03-24,Brake Pad,Brake system,1,1882.6,236.07,1882.6,Retail Client,GCash,Completed,ORD961706,Automated migration
2026-03-24,Oil Filter,Engine system,9,256.82,202.02,2311.38,Wholesale Client,Check,Completed,ORD961707,Automated migration
2026-03-24,Fuel Pump,Fuel system,10,4111.95,139.16,41119.5,Wholesale Client,Check,Completed,ORD961708,Automated migration
2026-03-24,Fuel Pump,Fuel system,5,6897.34,448.14,34486.7,Walk-in Customer,GCash,Completed,ORD961709,Automated migration
2026-03-24,Clutch Kit,Transmission system,2,9885.96,660.02,19771.92,Wholesale Client,Cash,Completed,ORD961710,Automated migration
2026-03-24,Clutch Kit,Transmission system,7,6395.51,140.98,44768.57,Wholesale Client,Bank Transfer,Completed,ORD961711,Automated migration
2026-03-24,Air Filter,Engine system,9,294.9,426.35,2654.1,Walk-in Customer,Cash,Completed,ORD961712,Automated migration
2026-03-24,Alternator,Electrical system,6,7631.51,563.42,45789.06,Walk-in Customer,Bank Transfer,Completed,ORD961713,Automated migration
2026-03-25,Brake Pad,Brake system,3,1298.37,562.25,3895.11,Retail Client,Check,Completed,ORD961714,Automated migration
2026-03-25,Battery,Electrical system,1,6329.82,292.81,6329.82,Walk-in Customer,Cash,Completed,ORD961715,Automated migration
2026-03-25,Oil Filter,Engine system,1,319.55,379.82,319.55,Wholesale Client,GCash,Completed,ORD961716,Automated migration
2026-03-25,Air Filter,Engine system,6,302.18,135.17,1813.08,Retail Client,GCash,Completed,ORD961717,Automated migration
2026-03-25,Shock Absorber,Suspension system,1,3810.15,221.95,3810.15,Walk-in Customer,Cash,Completed,ORD961718,Automated migration
2026-03-25,Fuel Pump,Fuel system,8,3375.38,169.82,27003.04,Wholesale Client,Check,Completed,ORD961719,Automated migration
2026-03-25,Oil Filter,Engine system,6,247.05,69.26,1482.3,Wholesale Client,Check,Completed,ORD961720,Automated migration
2026-03-25,Fuel Pump,Fuel system,3,4171.15,109.54,12513.45,Walk-in Customer,Check,Completed,ORD961721,Automated migration
2026-03-25,Spark Plug,Ignition system,9,578.24,295.44,5204.16,Wholesale Client,Bank Transfer,Completed,ORD961722,Automated migration
2026-03-25,Oil Filter,Engine system,1,279.13,142.86,279.13,Walk-in Customer,GCash,Completed,ORD961723,Automated migration
2026-03-25,Oil Filter,Engine system,0,162.0,0.0,0.0,Retail Client,GCash,Completed,ORD961724,Automated migration
2026-03-25,Spark Plug,Ignition system,1,315.84,113.3,315.84,Wholesale Client,Bank Transfer,Completed,ORD961725,Automated migration
2026-03-25,Spark Plug,Ignition system,9,162.93,487.98,1466.37,Wholesale Client,Check,Completed,ORD961726,Automated migration
2026-03-25,Spark Plug,Ignition system,7,343.62,390.47,2405.34,Retail Client,GCash,Completed,ORD961727,Automated migration
2026-03-25,Shock Absorber,Suspension system,7,4053.29,534.61,28373.03,Retail Client,Bank Transfer,Completed,ORD961728,Automated migration
2026-03-25,Clutch Kit,Transmission system,0,13989.25,0.0,0.0,Retail Client,GCash,Completed,ORD961729,Automated migration
2026-03-25,Oil Filter,Engine system,0,323.49,0.0,0.0,Wholesale Client,Cash,Completed,ORD961730,Automated migration
2026-03-25,Brake Pad,Brake system,2,3086.33,499.2,6172.66,Walk-in Customer,Check,Completed,ORD961731,Automated migration
2026-03-25,Brake Pad,Brake system,7,2398.87,203.03,16792.09,Walk-in Customer,Cash,Completed,ORD961732,Automated migration
2026-03-25,Radiator,Cooling system,5,6009.46,30.06,30047.3,Wholesale Client,Bank Transfer,Completed,ORD961733,Automated migration
2026-03-25,Brake Pad,Brake system,1,2699.13,449.71,2699.13,Retail Client,GCash,Completed,ORD961734,Automated migration
2026-03-25,Clutch Kit,Transmission system,4,12652.5,470.68,50610.0,Retail Client,Bank Transfer,Completed,ORD961735,Automated migration
2026-03-25,Spark Plug,Ignition system,1,301.89,448.04,301.89,Wholesale Client,Check,Completed,ORD961736,Automated migration
2026-03-25,Shock Absorber,Suspension system,7,3751.9,572.55,26263.3,Retail Client,GCash,Completed,ORD961737,Automated migration
2026-03-25,Battery,Electrical system,3,4705.17,635.93,14115.51,Walk-in Customer,Cash,Completed,ORD961738,Automated migration
2026-03-25,Fuel Pump,Fuel system,4,6816.93,196.21,27267.72,Walk-in Customer,Check,Completed,ORD961739,Automated migration
2026-03-25,Radiator,Cooling system,2,4186.75,293.84,8373.5,Walk-in Customer,Check,Completed,ORD961740,Automated migration
2026-03-26,Shock Absorber,Suspension system,8,6065.32,277.04,48522.56,Retail Client,Check,Completed,ORD961741,Automated migration
2026-03-26,Oil Filter,Engine system,8,338.64,647.19,2709.12,Retail Client,Bank Transfer,Completed,ORD961742,Automated migration
2026-03-26,Radiator,Cooling system,3,8922.12,386.26,26766.36,Walk-in Customer,Bank Transfer,Completed,ORD961743,Automated migration
2026-03-26,Oil Filter,Engine system,4,330.88,483.16,1323.52,Walk-in Customer,Cash,Completed,ORD961744,Automated migration
2026-03-26,Oil Filter,Engine system,1,127.08,643.93,127.08,Walk-in Customer,Cash,Completed,ORD961745,Automated migration
2026-03-26,Clutch Kit,Transmission system,9,7294.75,245.62,65652.75,Walk-in Customer,GCash,Completed,ORD961746,Automated migration
2026-03-26,Battery,Electrical system,8,4933.16,501.7,39465.28,Walk-in Customer,Cash,Completed,ORD961747,Automated migration
2026-03-26,Shock Absorber,Suspension system,4,5901.36,484.89,23605.44,Wholesale Client,Cash,Completed,ORD961748,Automated migration
2026-03-26,Air Filter,Engine system,3,236.63,409.41,709.89,Retail Client,Check,Completed,ORD961749,Automated migration
2026-03-26,Air Filter,Engine system,6,394.98,106.79,2369.88,Wholesale Client,Check,Completed,ORD961750,Automated migration
2026-03-26,Brake Pad,Brake system,2,1627.47,134.52,3254.94,Wholesale Client,Cash,Completed,ORD961751,Automated migration
2026-03-26,Air Filter,Engine system,10,342.03,206.36,3420.3,Walk-in Customer,Bank Transfer,Completed,ORD961752,Automated migration
2026-03-26,Fuel Pump,Fuel system,2,6140.69,421.35,12281.38,Walk-in Customer,Check,Completed,ORD961753,Automated migration
2026-03-26,Clutch Kit,Transmission system,7,6181.2,112.79,43268.4,Walk-in Customer,Cash,Completed,ORD961754,Automated migration
2026-03-27,Fuel Pump,Fuel system,10,2988.03,583.99,29880.3,Retail Client,Cash,Completed,ORD961755,Automated migration
2026-03-27,Spark Plug,Ignition system,5,379.93,188.17,1899.65,Wholesale Client,GCash,Completed,ORD961756,Automated migration
2026-03-27,Fuel Pump,Fuel system,0,2818.67,0.0,0.0,Wholesale Client,Check,Completed,ORD961757,Automated migration
2026-03-27,Shock Absorber,Suspension system,0,3904.26,0.0,0.0,Wholesale Client,Check,Completed,ORD961758,Automated migration
2026-03-27,Spark Plug,Ignition system,6,592.08,617.07,3552.48,Wholesale Client,Cash,Completed,ORD961759,Automated migration
2026-03-27,Clutch Kit,Transmission system,3,5084.32,300.26,15252.96,Wholesale Client,Cash,Completed,ORD961760,Automated migration
2026-03-27,Air Filter,Engine system,9,200.98,471.07,1808.82,Walk-in Customer,Check,Completed,ORD961761,Automated migration
2026-03-27,Air Filter,Engine system,5,380.81,191.37,1904.05,Retail Client,Check,Completed,ORD961762,Automated migration
2026-03-27,Battery,Electrical system,5,5739.96,24.53,28699.8,Retail Client,Bank Transfer,Completed,ORD961763,Automated migration
2026-03-27,Brake Pad,Brake system,4,3299.27,681.01,13197.08,Wholesale Client,Cash,Completed,ORD961764,Automated migration
2026-03-27,Alternator,Electrical system,10,10664.37,370.74,106643.7,Retail Client,Cash,Completed,ORD961765,Automated migration
2026-03-27,Clutch Kit,Transmission system,8,11238.69,516.19,89909.52,Walk-in Customer,Bank Transfer,Completed,ORD961766,Automated migration
2026-03-27,Fuel Pump,Fuel system,6,5435.93,623.91,32615.58,Walk-in Customer,GCash,Completed,ORD961767,Automated migration
2026-03-27,Battery,Electrical system,10,5759.46,140.83,57594.6,Retail Client,Bank Transfer,Completed,ORD961768,Automated migration
2026-03-27,Battery,Electrical system,4,6607.1,385.42,26428.4,Walk-in Customer,Cash,Completed,ORD961769,Automated migration
2026-03-28,Clutch Kit,Transmission system,9,9201.52,112.99,82813.68,Retail Client,Bank Transfer,Completed,ORD961770,Automated migration
2026-03-28,Brake Pad,Brake system,7,2817.41,514.65,19721.87,Walk-in Customer,GCash,Completed,ORD961771,Automated migration
2026-03-28,Radiator,Cooling system,1,6952.34,66.68,6952.34,Retail Client,Check,Completed,ORD961772,Automated migration
2026-03-28,Alternator,Electrical system,7,10466.72,44.44,73267.04,Wholesale Client,GCash,Completed,ORD961773,Automated migration
2026-03-28,Alternator,Electrical system,9,11193.06,172.66,100737.54,Wholesale Client,GCash,Completed,ORD961774,Automated migration
2026-03-28,Shock Absorber,Suspension system,0,6473.95,0.0,0.0,Walk-in Customer,Cash,Completed,ORD961775,Automated migration
2026-03-28,Battery,Electrical system,0,5064.67,0.0,0.0,Walk-in Customer,Bank Transfer,Completed,ORD961776,Automated migration
2026-03-28,Alternator,Electrical system,3,11436.92,412.21,34310.76,Retail Client,GCash,Completed,ORD961777,Automated migration
2026-03-28,Radiator,Cooling system,3,3083.55,73.74,9250.65,Walk-in Customer,Cash,Completed,ORD961778,Automated migration
2026-03-28,Clutch Kit,Transmission system,10,13545.2,566.47,135452.0,Retail Client,GCash,Completed,ORD961779,Automated migration
2026-03-28,Fuel Pump,Fuel system,2,5926.15,398.66,11852.3,Wholesale Client,Check,Completed,ORD961780,Automated migration
2026-03-28,Brake Pad,Brake system,8,1721.42,379.82,13771.36,Walk-in Customer,Bank Transfer,Completed,ORD961781,Automated migration
2026-03-28,Alternator,Electrical system,8,9448.7,318.76,75589.6,Wholesale Client,Cash,Completed,ORD961782,Automated migration
2026-03-28,Radiator,Cooling system,2,4906.22,432.47,9812.44,Wholesale Client,GCash,Completed,ORD961783,Automated migration
2026-03-28,Spark Plug,Ignition system,9,372.96,376.85,3356.64,Retail Client,Check,Completed,ORD961784,Automated migration
2026-03-28,Oil Filter,Engine system,5,145.82,355.41,729.1,Wholesale Client,Check,Completed,ORD961785,Automated migration
2026-03-28,Alternator,Electrical system,1,11121.18,6.62,11121.18,Retail Client,Check,Completed,ORD961786,Automated migration
2026-03-28,Brake Pad,Brake system,9,2861.87,87.5,25756.83,Wholesale Client,Bank Transfer,Completed,ORD961787,Automated migration
2026-03-28,Spark Plug,Ignition system,3,407.4,310.32,1222.2,Retail Client,Bank Transfer,Completed,ORD961788,Automated migration
2026-03-28,Alternator,Electrical system,1,9353.65,222.34,9353.65,Retail Client,Cash,Completed,ORD961789,Automated migration
2026-03-28,Battery,Electrical system,4,8729.69,408.13,34918.76,Wholesale Client,Bank Transfer,Completed,ORD961790,Automated migration
2026-03-28,Battery,Electrical system,3,6472.0,566.39,19416.0,Walk-in Customer,Bank Transfer,Completed,ORD961791,Automated migration
2026-03-28,Oil Filter,Engine system,3,310.91,100.62,932.73,Walk-in Customer,Bank Transfer,Completed,ORD961792,Automated migration
2026-03-28,Battery,Electrical system,3,8981.28,121.22,26943.84,Walk-in Customer,GCash,Completed,ORD961793,Automated migration
2026-03-28,Brake Pad,Brake system,1,2774.43,343.87,2774.43,Retail Client,GCash,Completed,ORD961794,Automated migration
2026-03-28,Air Filter,Engine system,4,376.28,294.86,1505.12,Walk-in Customer,GCash,Completed,ORD961795,Automated migration
2026-03-28,Alternator,Electrical system,5,9601.2,412.82,48006.0,Retail Client,Cash,Completed,ORD961796,Automated migration
2026-03-29,Air Filter,Engine system,2,379.04,546.45,758.08,Retail Client,Bank Transfer,Completed,ORD961797,Automated migration
2026-03-29,Clutch Kit,Transmission system,8,9775.36,394.95,78202.88,Walk-in Customer,Check,Completed,ORD961798,Automated migration
2026-03-29,Brake Pad,Brake system,6,1951.63,284.78,11709.78,Walk-in Customer,Bank Transfer,Completed,ORD961799,Automated migration
2026-03-29,Radiator,Cooling system,2,4114.63,262.88,8229.26,Walk-in Customer,Bank Transfer,Completed,ORD961800,Automated migration
2026-03-29,Shock Absorber,Suspension system,10,6467.15,525.01,64671.5,Wholesale Client,Check,Completed,ORD961801,Automated migration
2026-03-29,Battery,Electrical system,7,5451.89,285.27,38163.23,Wholesale Client,GCash,Completed,ORD961802,Automated migration
2026-03-29,Air Filter,Engine system,8,293.76,667.69,2350.08,Wholesale Client,Check,Completed,ORD961803,Automated migration
2026-03-29,Spark Plug,Ignition system,9,186.06,660.92,1674.54,Wholesale Client,Bank Transfer,Completed,ORD961804,Automated migration
2026-03-29,Oil Filter,Engine system,6,229.34,283.71,1376.04,Retail Client,Cash,Completed,ORD961805,Automated migration
2026-03-29,Clutch Kit,Transmission system,10,10704.33,517.71,107043.3,Walk-in Customer,Cash,Completed,ORD961806,Automated migration
2026-03-29,Shock Absorber,Suspension system,3,5660.58,39.42,16981.74,Retail Client,GCash,Completed,ORD961807,Automated migration
2026-03-29,Battery,Electrical system,7,8825.81,417.92,61780.67,Retail Client,Bank Transfer,Completed,ORD961808,Automated migration
2026-03-29,Fuel Pump,Fuel system,0,5376.74,0.0,0.0,Walk-in Customer,Check,Completed,ORD961809,Automated migration
2026-03-29,Spark Plug,Ignition system,7,182.18,541.6,1275.26,Wholesale Client,Check,Completed,ORD961810,Automated migration
2026-03-29,Radiator,Cooling system,8,3828.85,582.94,30630.8,Retail Client,Bank Transfer,Completed,ORD961811,Automated migration
2026-03-29,Oil Filter,Engine system,1,191.08,220.01,191.08,Wholesale Client,Cash,Completed,ORD961812,Automated migration
2026-03-29,Alternator,Electrical system,0,11697.95,0.0,0.0,Walk-in Customer,Bank Transfer,Completed,ORD961813,Automated migration
2026-03-29,Air Filter,Engine system,1,330.5,269.2,330.5,Retail Client,GCash,Completed,ORD961814,Automated migration
2026-03-29,Fuel Pump,Fuel system,3,4399.37,555.38,13198.11,Walk-in Customer,Bank Transfer,Completed,ORD961815,Automated migration
2026-03-29,Brake Pad,Brake system,0,2470.3,0.0,0.0,Retail Client,Check,Completed,ORD961816,Automated migration
2026-03-29,Fuel Pump,Fuel system,3,5750.81,406.38,17252.43,Retail Client,GCash,Completed,ORD961817,Automated migration
2026-03-29,Alternator,Electrical system,4,9487.24,666.1,37948.96,Retail Client,Bank Transfer,Completed,ORD961818,Automated migration
2026-03-30,Alternator,Electrical system,10,7530.29,149.34,75302.9,Wholesale Client,Cash,Completed,ORD961819,Automated migration
2026-03-30,Fuel Pump,Fuel system,2,4054.36,428.86,8108.72,Retail Client,Bank Transfer,Completed,ORD961820,Automated migration
2026-03-30,Clutch Kit,Transmission system,4,7134.7,451.83,28538.8,Retail Client,GCash,Completed,ORD961821,Automated migration
2026-03-30,Radiator,Cooling system,0,8394.14,0.0,0.0,Wholesale Client,Check,Completed,ORD961822,Automated migration
2026-03-30,Battery,Electrical system,10,8498.48,400.02,84984.8,Wholesale Client,Bank Transfer,Completed,ORD961823,Automated migration
2026-03-30,Air Filter,Engine system,5,245.4,615.31,1227.0,Walk-in Customer,Bank Transfer,Completed,ORD961824,Automated migration
2026-03-30,Brake Pad,Brake system,10,3395.13,597.29,33951.3,Retail Client,Cash,Completed,ORD961825,Automated migration
2026-03-30,Oil Filter,Engine system,3,185.48,503.92,556.44,Walk-in Customer,Cash,Completed,ORD961826,Automated migration
2026-03-30,Brake Pad,Brake system,10,3189.46,172.47,31894.6,Walk-in Customer,Cash,Completed,ORD961827,Automated migration
2026-03-30,Oil Filter,Engine system,3,249.32,694.72,747.96,Wholesale Client,GCash,Completed,ORD961828,Automated migration
2026-03-30,Battery,Electrical system,6,7533.79,447.08,45202.74,Retail Client,Cash,Completed,ORD961829,Automated migration
2026-03-30,Oil Filter,Engine system,9,345.75,625.16,3111.75,Retail Client,Check,Completed,ORD961830,Automated migration
2026-03-30,Oil Filter,Engine system,4,292.05,51.7,1168.2,Wholesale Client,GCash,Completed,ORD961831,Automated migration
2026-03-30,Radiator,Cooling system,9,5481.52,393.32,49333.68,Retail Client,GCash,Completed,ORD961832,Automated migration
2026-03-30,Fuel Pump,Fuel system,2,3322.16,112.07,6644.32,Walk-in Customer,Bank Transfer,Completed,ORD961833,Automated migration
2026-03-30,Oil Filter,Engine system,1,125.5,673.07,125.5,Retail Client,Bank Transfer,Completed,ORD961834,Automated migration
2026-03-30,Fuel Pump,Fuel system,4,6914.18,132.92,27656.72,Walk-in Customer,Check,Completed,ORD961835,Automated migration
2026-03-30,Fuel Pump,Fuel system,6,4543.02,312.1,27258.12,Walk-in Customer,Bank Transfer,Completed,ORD961836,Automated migration
2026-03-30,Air Filter,Engine system,9,355.94,317.03,3203.46,Wholesale Client,Check,Completed,ORD961837,Automated migration
2026-03-30,Air Filter,Engine system,0,225.9,0.0,0.0,Walk-in Customer,GCash,Completed,ORD961838,Automated migration
2026-03-30,Oil Filter,Engine system,1,231.16,211.78,231.16,Walk-in Customer,Cash,Completed,ORD961839,Automated migration
2026-03-30,Fuel Pump,Fuel system,5,4332.2,472.51,21661.0,Walk-in Customer,Bank Transfer,Completed,ORD961840,Automated migration
2026-03-30,Battery,Electrical system,4,6360.45,305.06,25441.8,Retail Client,GCash,Completed,ORD961841,Automated migration
2026-03-31,Oil Filter,Engine system,9,285.92,528.52,2573.28,Retail Client,GCash,Completed,ORD961842,Automated migration
2026-03-31,Brake Pad,Brake system,5,3459.57,103.27,17297.85,Wholesale Client,GCash,Completed,ORD961843,Automated migration
2026-03-31,Battery,Electrical system,6,6330.64,155.9,37983.84,Wholesale Client,Bank Transfer,Completed,ORD961844,Automated migration
2026-03-31,Battery,Electrical system,0,6603.75,0.0,0.0,Wholesale Client,Check,Completed,ORD961845,Automated migration
2026-03-31,Air Filter,Engine system,3,258.04,586.53,774.12,Wholesale Client,GCash,Completed,ORD961846,Automated migration
2026-03-31,Spark Plug,Ignition system,4,489.33,337.77,1957.32,Walk-in Customer,Cash,Completed,ORD961847,Automated migration
2026-03-31,Spark Plug,Ignition system,1,568.14,50.85,568.14,Retail Client,Cash,Completed,ORD961848,Automated migration
2026-03-31,Alternator,Electrical system,1,11532.2,230.48,11532.2,Retail Client,Bank Transfer,Completed,ORD961849,Automated migration
2026-03-31,Shock Absorber,Suspension system,8,3233.25,18.86,25866.0,Walk-in Customer,Cash,Completed,ORD961850,Automated migration
2026-03-31,Alternator,Electrical system,10,10565.68,357.1,105656.8,Walk-in Customer,Cash,Completed,ORD961851,Automated migration
2026-03-31,Brake Pad,Brake system,1,2895.38,326.1,2895.38,Retail Client,Cash,Completed,ORD961852,Automated migration
2026-03-31,Shock Absorber,Suspension system,6,6129.17,425.56,36775.02,Wholesale Client,Check,Completed,ORD961853,Automated migration
2026-03-31,Oil Filter,Engine system,10,329.51,303.66,3295.1,Retail Client,Cash,Completed,ORD961854,Automated migration
2026-03-31,Radiator,Cooling system,4,3003.09,687.61,12012.36,Retail Client,GCash,Completed,ORD961855,Automated migration
2026-03-31,Radiator,Cooling system,8,4661.69,108.81,37293.52,Walk-in Customer,GCash,Completed,ORD961856,Automated migration
2026-03-31,Battery,Electrical system,5,6269.81,329.91,31349.05,Retail Client,Cash,Completed,ORD961857,Automated migration
2026-03-31,Fuel Pump,Fuel system,8,3029.58,258.5,24236.64,Retail Client,Cash,Completed,ORD961858,Automated migration
2026-03-31,Alternator,Electrical system,4,8759.31,40.03,35037.24,Wholesale Client,Check,Completed,ORD961859,Automated migration
2026-03-31,Shock Absorber,Suspension system,0,4587.2,0.0,0.0,Retail Client,Bank Transfer,Completed,ORD961860,Automated migration
2026-03-31,Spark Plug,Ignition system,9,364.11,424.14,3276.99,Retail Client,Bank Transfer,Completed,ORD961861,Automated migration
2026-04-01,Oil Filter,Engine system,9,193.58,110.36,1742.22,Walk-in Customer,Cash,Completed,ORD961862,Automated migration
2026-04-01,Alternator,Electrical system,5,10963.16,54.74,54815.8,Walk-in Customer,Cash,Completed,ORD961863,Automated migration
2026-04-01,Clutch Kit,Transmission system,9,11982.47,621.54,107842.23,Walk-in Customer,Bank Transfer,Completed,ORD961864,Automated migration
2026-04-01,Air Filter,Engine system,0,238.62,0.0,0.0,Retail Client,Check,Completed,ORD961865,Automated migration
2026-04-01,Shock Absorber,Suspension system,8,2045.35,573.76,16362.8,Walk-in Customer,Bank Transfer,Completed,ORD961866,Automated migration
2026-04-01,Alternator,Electrical system,10,7069.82,577.52,70698.2,Walk-in Customer,Bank Transfer,Completed,ORD961867,Automated migration
2026-04-01,Battery,Electrical system,1,4885.31,527.64,4885.31,Walk-in Customer,GCash,Completed,ORD961868,Automated migration
2026-04-01,Battery,Electrical system,2,6450.8,661.49,12901.6,Retail Client,Check,Completed,ORD961869,Automated migration
2026-04-01,Fuel Pump,Fuel system,7,3198.1,128.97,22386.7,Wholesale Client,Check,Completed,ORD961870,Automated migration
2026-04-01,Brake Pad,Brake system,2,2852.64,654.3,5705.28,Retail Client,GCash,Completed,ORD961871,Automated migration
2026-04-01,Radiator,Cooling system,2,6402.82,307.43,12805.64,Retail Client,Bank Transfer,Completed,ORD961872,Automated migration
2026-04-01,Oil Filter,Engine system,9,115.52,391.99,1039.68,Walk-in Customer,Check,Completed,ORD961873,Automated migration
2026-04-01,Clutch Kit,Transmission system,7,11037.6,391.19,77263.2,Wholesale Client,Cash,Completed,ORD961874,Automated migration
2026-04-01,Spark Plug,Ignition system,4,330.43,198.1,1321.72,Wholesale Client,Check,Completed,ORD961875,Automated migration
2026-04-01,Oil Filter,Engine system,5,214.46,280.75,1072.3,Walk-in Customer,Check,Completed,ORD961876,Automated migration
2026-04-01,Alternator,Electrical system,9,7907.25,601.27,71165.25,Wholesale Client,Cash,Completed,ORD961877,Automated migration
2026-04-01,Brake Pad,Brake system,7,2614.58,225.23,18302.06,Retail Client,Check,Completed,ORD961878,Automated migration
2026-04-01,Clutch Kit,Transmission system,9,11025.19,303.14,99226.71,Walk-in Customer,Cash,Completed,ORD961879,Automated migration
2026-04-01,Shock Absorber,Suspension system,3,5034.66,378.7,15103.98,Walk-in Customer,Check,Completed,ORD961880,Automated migration
2026-04-01,Alternator,Electrical system,10,7017.22,20.91,70172.2,Wholesale Client,Bank Transfer,Completed,ORD961881,Automated migration
2026-04-02,Radiator,Cooling system,4,7950.22,398.36,31800.88,Wholesale Client,GCash,Completed,ORD961882,Automated migration
2026-04-02,Radiator,Cooling system,5,7286.37,660.82,36431.85,Walk-in Customer,GCash,Completed,ORD961883,Automated migration
2026-04-02,Radiator,Cooling system,5,3188.13,189.44,15940.65,Walk-in Customer,GCash,Completed,ORD961884,Automated migration
2026-04-02,Air Filter,Engine system,10,378.03,55.11,3780.3,Wholesale Client,Check,Completed,ORD961885,Automated migration
2026-04-02,Clutch Kit,Transmission system,5,11411.2,15.07,57056.0,Walk-in Customer,GCash,Completed,ORD961886,Automated migration
2026-04-02,Alternator,Electrical system,6,7391.01,364.89,44346.06,Wholesale Client,Bank Transfer,Completed,ORD961887,Automated migration
2026-04-02,Clutch Kit,Transmission system,9,8201.48,401.72,73813.32,Retail Client,Bank Transfer,Completed,ORD961888,Automated migration
2026-04-02,Air Filter,Engine system,5,353.88,516.24,1769.4,Wholesale Client,Cash,Completed,ORD961889,Automated migration
2026-04-02,Clutch Kit,Transmission system,4,8785.86,668.44,35143.44,Wholesale Client,Check,Completed,ORD961890,Automated migration
2026-04-02,Shock Absorber,Suspension system,2,2225.42,303.64,4450.84,Walk-in Customer,Check,Completed,ORD961891,Automated migration
2026-04-02,Spark Plug,Ignition system,8,305.06,110.25,2440.48,Walk-in Customer,Check,Completed,ORD961892,Automated migration
2026-04-02,Fuel Pump,Fuel system,5,4921.87,55.83,24609.35,Wholesale Client,Check,Completed,ORD961893,Automated migration
2026-04-02,Spark Plug,Ignition system,4,556.38,293.33,2225.52,Walk-in Customer,GCash,Completed,ORD961894,Automated migration
2026-04-02,Fuel Pump,Fuel system,9,4079.4,323.89,36714.6,Retail Client,Bank Transfer,Completed,ORD961895,Automated migration
2026-04-02,Alternator,Electrical system,6,11165.84,67.24,66995.04,Retail Client,Bank Transfer,Completed,ORD961896,Automated migration
2026-04-02,Radiator,Cooling system,1,4649.08,31.31,4649.08,Retail Client,Cash,Completed,ORD961897,Automated migration
2026-04-02,Air Filter,Engine system,2,354.96,689.09,709.92,Wholesale Client,Bank Transfer,Completed,ORD961898,Automated migration
2026-04-02,Oil Filter,Engine system,1,271.14,472.18,271.14,Wholesale Client,Check,Completed,ORD961899,Automated migration
2026-04-02,Fuel Pump,Fuel system,3,6855.16,70.01,20565.48,Wholesale Client,Check,Completed,ORD961900,Automated migration
2026-04-03,Oil Filter,Engine system,1,193.82,34.56,193.82,Walk-in Customer,Check,Completed,ORD961901,Automated migration
2026-04-03,Oil Filter,Engine system,8,295.14,193.62,2361.12,Wholesale Client,Cash,Completed,ORD961902,Automated migration
2026-04-03,Fuel Pump,Fuel system,8,4981.44,357.39,39851.52,Retail Client,Check,Completed,ORD961903,Automated migration
2026-04-03,Radiator,Cooling system,8,6401.9,142.31,51215.2,Retail Client,Check,Completed,ORD961904,Automated migration
2026-04-03,Brake Pad,Brake system,5,2430.77,415.41,12153.85,Wholesale Client,Check,Completed,ORD961905,Automated migration
2026-04-03,Oil Filter,Engine system,7,129.08,41.08,903.56,Walk-in Customer,GCash,Completed,ORD961906,Automated migration
2026-04-03,Brake Pad,Brake system,1,2503.65,610.93,2503.65,Wholesale Client,Cash,Completed,ORD961907,Automated migration
2026-04-03,Shock Absorber,Suspension system,6,6372.97,285.24,38237.82,Retail Client,Bank Transfer,Completed,ORD961908,Automated migration
2026-04-03,Clutch Kit,Transmission system,8,12939.28,11.54,103514.24,Walk-in Customer,Check,Completed,ORD961909,Automated migration
2026-04-03,Fuel Pump,Fuel system,5,6203.16,191.51,31015.8,Retail Client,GCash,Completed,ORD961910,Automated migration
2026-04-03,Fuel Pump,Fuel system,9,5234.97,11.81,47114.73,Wholesale Client,GCash,Completed,ORD961911,Automated migration
2026-04-03,Alternator,Electrical system,1,8455.53,423.53,8455.53,Retail Client,Cash,Completed,ORD961912,Automated migration
2026-04-03,Fuel Pump,Fuel system,0,2582.58,0.0,0.0,Walk-in Customer,Bank Transfer,Completed,ORD961913,Automated migration
2026-04-03,Clutch Kit,Transmission system,8,8791.02,383.8,70328.16,Wholesale Client,Check,Completed,ORD961914,Automated migration
2026-04-03,Radiator,Cooling system,3,6625.95,681.09,19877.85,Retail Client,Cash,Completed,ORD961915,Automated migration
2026-04-03,Alternator,Electrical system,2,10041.01,508.06,20082.02,Wholesale Client,Cash,Completed,ORD961916,Automated migration
2026-04-03,Spark Plug,Ignition system,3,317.97,680.95,953.91,Walk-in Customer,GCash,Completed,ORD961917,Automated migration
2026-04-03,Alternator,Electrical system,2,11204.95,536.8,22409.9,Walk-in Customer,Cash,Completed,ORD961918,Automated migration
2026-04-03,Air Filter,Engine system,9,261.1,89.38,2349.9,Wholesale Client,Bank Transfer,Completed,ORD961919,Automated migration
2026-04-03,Radiator,Cooling system,3,7114.09,211.67,21342.27,Walk-in Customer,Bank Transfer,Completed,ORD961920,Automated migration
2026-04-03,Alternator,Electrical system,9,9718.33,587.41,87464.97,Retail Client,GCash,Completed,ORD961921,Automated migration
2026-04-04,Shock Absorber,Suspension system,10,6304.55,383.0,63045.5,Walk-in Customer,GCash,Completed,ORD961922,Automated migration
2026-04-04,Alternator,Electrical system,3,10014.16,165.38,30042.48,Walk-in Customer,GCash,Completed,ORD961923,Automated migration
2026-04-04,Spark Plug,Ignition system,4,208.06,332.12,832.24,Retail Client,Check,Completed,ORD961924,Automated migration
2026-04-04,Shock Absorber,Suspension system,3,3481.8,638.33,10445.4,Retail Client,Check,Completed,ORD961925,Automated migration
2026-04-04,Clutch Kit,Transmission system,9,7424.88,506.25,66823.92,Retail Client,Cash,Completed,ORD961926,Automated migration
2026-04-04,Brake Pad,Brake system,8,1768.34,136.43,14146.72,Retail Client,GCash,Completed,ORD961927,Automated migration
2026-04-04,Clutch Kit,Transmission system,4,12177.01,230.31,48708.04,Wholesale Client,Cash,Completed,ORD961928,Automated migration
2026-04-04,Alternator,Electrical system,8,7807.12,528.81,62456.96,Walk-in Customer,Bank Transfer,Completed,ORD961929,Automated migration
2026-04-04,Fuel Pump,Fuel system,5,5516.15,319.35,27580.75,Wholesale Client,Check,Completed,ORD961930,Automated migration
2026-04-04,Radiator,Cooling system,9,4411.79,221.36,39706.11,Wholesale Client,Bank Transfer,Completed,ORD961931,Automated migration
2026-04-04,Oil Filter,Engine system,5,225.78,580.3,1128.9,Retail Client,Bank Transfer,Completed,ORD961932,Automated migration
2026-04-04,Alternator,Electrical system,3,9348.24,99.94,28044.72,Wholesale Client,Bank Transfer,Completed,ORD961933,Automated migration
2026-04-04,Fuel Pump,Fuel system,0,4982.08,0.0,0.0,Wholesale Client,Bank Transfer,Completed,ORD961934,Automated migration
2026-04-04,Clutch Kit,Transmission system,6,7564.76,121.35,45388.56,Walk-in Customer,Cash,Completed,ORD961935,Automated migration
2026-04-04,Radiator,Cooling system,1,5706.25,59.06,5706.25,Wholesale Client,Check,Completed,ORD961936,Automated migration
2026-04-04,Radiator,Cooling system,7,5444.02,92.12,38108.14,Wholesale Client,Bank Transfer,Completed,ORD961937,Automated migration
2026-04-04,Spark Plug,Ignition system,2,414.91,654.42,829.82,Retail Client,Check,Completed,ORD961938,Automated migration
2026-04-04,Fuel Pump,Fuel system,6,4176.15,92.17,25056.9,Walk-in Customer,Bank Transfer,Completed,ORD961939,Automated migration
2026-04-04,Battery,Electrical system,2,8475.43,580.24,16950.86,Retail Client,Bank Transfer,Completed,ORD961940,Automated migration
2026-04-04,Spark Plug,Ignition system,0,579.65,0.0,0.0,Wholesale Client,Check,Completed,ORD961941,Automated migration
2026-04-04,Alternator,Electrical system,9,8631.92,320.52,77687.28,Wholesale Client,Bank Transfer,Completed,ORD961942,Automated migration
2026-04-04,Shock Absorber,Suspension system,3,2864.27,436.93,8592.81,Wholesale Client,GCash,Completed,ORD961943,Automated migration
2026-04-04,Shock Absorber,Suspension system,2,2457.67,289.78,4915.34,Walk-in Customer,GCash,Completed,ORD961944,Automated migration
2026-04-04,Brake Pad,Brake system,4,3345.72,224.12,13382.88,Retail Client,Bank Transfer,Completed,ORD961945,Automated migration
2026-04-04,Alternator,Electrical system,7,9350.12,537.24,65450.84,Wholesale Client,Check,Completed,ORD961946,Automated migration
2026-04-04,Spark Plug,Ignition system,9,231.69,347.28,2085.21,Walk-in Customer,Cash,Completed,ORD961947,Automated migration
2026-04-04,Oil Filter,Engine system,5,292.48,601.25,1462.4,Retail Client,Bank Transfer,Completed,ORD961948,Automated migration
2026-04-04,Oil Filter,Engine system,6,223.96,365.29,1343.76,Walk-in Customer,Bank Transfer,Completed,ORD961949,Automated migration
2026-04-05,Battery,Electrical system,1,7303.37,294.25,7303.37,Retail Client,Bank Transfer,Completed,ORD961950,Automated migration
2026-04-05,Brake Pad,Brake system,4,1859.04,599.26,7436.16,Retail Client,Cash,Completed,ORD961951,Automated migration
2026-04-05,Air Filter,Engine system,3,209.2,388.44,627.6,Wholesale Client,Check,Completed,ORD961952,Automated migration
2026-04-05,Battery,Electrical system,7,7952.83,84.77,55669.81,Retail Client,GCash,Completed,ORD961953,Automated migration
2026-04-05,Alternator,Electrical system,6,7785.47,446.87,46712.82,Wholesale Client,Check,Completed,ORD961954,Automated migration
2026-04-05,Clutch Kit,Transmission system,0,6887.56,0.0,0.0,Walk-in Customer,Check,Completed,ORD961955,Automated migration
2026-04-05,Battery,Electrical system,0,5285.62,0.0,0.0,Retail Client,Check,Completed,ORD961956,Automated migration
2026-04-05,Air Filter,Engine system,8,205.39,362.78,1643.12,Walk-in Customer,Check,Completed,ORD961957,Automated migration
2026-04-05,Battery,Electrical system,1,4723.25,242.13,4723.25,Retail Client,Check,Completed,ORD961958,Automated migration
2026-04-05,Oil Filter,Engine system,3,235.51,210.28,706.53,Walk-in Customer,Cash,Completed,ORD961959,Automated migration
2026-04-05,Clutch Kit,Transmission system,2,5462.25,657.51,10924.5,Wholesale Client,GCash,Completed,ORD961960,Automated migration
2026-04-05,Brake Pad,Brake system,3,3419.01,434.47,10257.03,Wholesale Client,Check,Completed,ORD961961,Automated migration
2026-04-05,Battery,Electrical system,8,6321.88,509.05,50575.04,Retail Client,Check,Completed,ORD961962,Automated migration
2026-04-05,Alternator,Electrical system,0,8429.43,0.0,0.0,Retail Client,GCash,Completed,ORD961963,Automated migration
2026-04-05,Alternator,Electrical system,2,11616.86,77.63,23233.72,Retail Client,Check,Completed,ORD961964,Automated migration
2026-04-05,Clutch Kit,Transmission system,9,11077.51,144.91,99697.59,Retail Client,Check,Completed,ORD961965,Automated migration
2026-04-05,Spark Plug,Ignition system,9,453.41,489.84,4080.69,Wholesale Client,Check,Completed,ORD961966,Automated migration
2026-04-05,Brake Pad,Brake system,3,2789.82,456.45,8369.46,Walk-in Customer,GCash,Completed,ORD961967,Automated migration
2026-04-05,Fuel Pump,Fuel system,1,3177.19,491.25,3177.19,Wholesale Client,Bank Transfer,Completed,ORD961968,Automated migration
2026-04-05,Spark Plug,Ignition system,0,530.24,0.0,0.0,Wholesale Client,Check,Completed,ORD961969,Automated migration
2026-04-05,Alternator,Electrical system,2,7562.29,173.2,15124.58,Retail Client,GCash,Completed,ORD961970,Automated migration
2026-04-05,Battery,Electrical system,2,4584.08,50.85,9168.16,Retail Client,Bank Transfer,Completed,ORD961971,Automated migration
2026-04-06,Brake Pad,Brake system,8,2897.55,504.53,23180.4,Retail Client,Check,Completed,ORD961972,Automated migration
2026-04-06,Shock Absorber,Suspension system,0,2129.15,0.0,0.0,Retail Client,GCash,Completed,ORD961973,Automated migration
2026-04-06,Clutch Kit,Transmission system,10,9451.29,42.49,94512.9,Wholesale Client,GCash,Completed,ORD961974,Automated migration
2026-04-06,Radiator,Cooling system,7,8326.79,13.15,58287.53,Retail Client,GCash,Completed,ORD961975,Automated migration
2026-04-06,Air Filter,Engine system,3,251.59,308.41,754.77,Walk-in Customer,GCash,Completed,ORD961976,Automated migration
2026-04-06,Fuel Pump,Fuel system,6,3046.19,658.98,18277.14,Wholesale Client,Bank Transfer,Completed,ORD961977,Automated migration
2026-04-06,Alternator,Electrical system,9,8100.47,510.18,72904.23,Retail Client,Cash,Completed,ORD961978,Automated migration
2026-04-06,Shock Absorber,Suspension system,9,2407.14,13.78,21664.26,Wholesale Client,Check,Completed,ORD961979,Automated migration
2026-04-06,Alternator,Electrical system,5,8989.39,549.66,44946.95,Retail Client,GCash,Completed,ORD961980,Automated migration
2026-04-06,Brake Pad,Brake system,6,3249.3,250.46,19495.8,Retail Client,Check,Completed,ORD961981,Automated migration
2026-04-06,Fuel Pump,Fuel system,3,6822.89,421.09,20468.67,Wholesale Client,Check,Completed,ORD961982,Automated migration
2026-04-06,Brake Pad,Brake system,2,2473.73,59.45,4947.46,Wholesale Client,GCash,Completed,ORD961983,Automated migration
2026-04-06,Air Filter,Engine system,5,333.36,214.42,1666.8,Wholesale Client,Check,Completed,ORD961984,Automated migration
2026-04-06,Shock Absorber,Suspension system,6,3834.76,202.64,23008.56,Wholesale Client,Bank Transfer,Completed,ORD961985,Automated migration
2026-04-06,Fuel Pump,Fuel system,8,3301.22,30.42,26409.76,Walk-in Customer,Cash,Completed,ORD961986,Automated migration
2026-04-07,Air Filter,Engine system,5,374.59,482.82,1872.95,Retail Client,Bank Transfer,Completed,ORD961987,Automated migration
2026-04-07,Clutch Kit,Transmission system,4,8309.26,692.03,33237.04,Retail Client,Check,Completed,ORD961988,Automated migration
2026-04-07,Clutch Kit,Transmission system,1,11737.56,440.37,11737.56,Retail Client,GCash,Completed,ORD961989,Automated migration
2026-04-07,Spark Plug,Ignition system,1,423.61,609.44,423.61,Walk-in Customer,GCash,Completed,ORD961990,Automated migration
2026-04-07,Alternator,Electrical system,7,10303.82,266.38,72126.74,Retail Client,Bank Transfer,Completed,ORD961991,Automated migration
2026-04-07,Alternator,Electrical system,1,9154.08,187.07,9154.08,Retail Client,GCash,Completed,ORD961992,Automated migration
2026-04-07,Shock Absorber,Suspension system,5,3997.9,96.54,19989.5,Walk-in Customer,GCash,Completed,ORD961993,Automated migration
2026-04-07,Spark Plug,Ignition system,7,367.06,554.07,2569.42,Retail Client,Cash,Completed,ORD961994,Automated migration
2026-04-07,Battery,Electrical system,0,5413.64,0.0,0.0,Retail Client,Cash,Completed,ORD961995,Automated migration
2026-04-07,Battery,Electrical system,7,5787.06,669.38,40509.42,Retail Client,Bank Transfer,Completed,ORD961996,Automated migration
2026-04-07,Battery,Electrical system,4,8888.01,597.12,35552.04,Wholesale Client,Cash,Completed,ORD961997,Automated migration
2026-04-07,Battery,Electrical system,0,4396.52,0.0,0.0,Wholesale Client,Bank Transfer,Completed,ORD961998,Automated migration
2026-04-07,Spark Plug,Ignition system,0,588.05,0.0,0.0,Walk-in Customer,Check,Completed,ORD961999,Automated migration
2026-04-07,Radiator,Cooling system,3,8564.53,193.47,25693.59,Wholesale Client,Cash,Completed,ORD962000,Automated migration
2026-04-07,Radiator,Cooling system,9,5794.58,426.02,52151.22,Wholesale Client,Bank Transfer,Completed,ORD962001,Automated migration
2026-04-07,Fuel Pump,Fuel system,0,4915.49,0.0,0.0,Walk-in Customer,GCash,Completed,ORD962002,Automated migration
2026-04-07,Spark Plug,Ignition system,2,461.07,153.27,922.14,Walk-in Customer,Check,Completed,ORD962003,Automated migration
2026-04-08,Oil Filter,Engine system,7,139.43,346.44,976.01,Wholesale Client,Cash,Completed,ORD962004,Automated migration
2026-04-08,Shock Absorber,Suspension system,7,5790.06,622.99,40530.42,Walk-in Customer,GCash,Completed,ORD962005,Automated migration
2026-04-08,Battery,Electrical system,8,5175.72,83.93,41405.76,Wholesale Client,Check,Completed,ORD962006,Automated migration
2026-04-08,Clutch Kit,Transmission system,4,13249.81,62.53,52999.24,Wholesale Client,Bank Transfer,Completed,ORD962007,Automated migration
2026-04-08,Radiator,Cooling system,5,3284.3,406.84,16421.5,Wholesale Client,Check,Completed,ORD962008,Automated migration
2026-04-08,Alternator,Electrical system,8,10359.4,126.32,82875.2,Retail Client,Check,Completed,ORD962009,Automated migration
2026-04-08,Air Filter,Engine system,1,354.75,357.6,354.75,Wholesale Client,Bank Transfer,Completed,ORD962010,Automated migration
2026-04-08,Clutch Kit,Transmission system,5,6427.37,325.95,32136.85,Retail Client,Check,Completed,ORD962011,Automated migration
2026-04-08,Alternator,Electrical system,7,9613.63,151.55,67295.41,Wholesale Client,Cash,Completed,ORD962012,Automated migration
2026-04-08,Shock Absorber,Suspension system,6,3309.03,639.92,19854.18,Walk-in Customer,GCash,Completed,ORD962013,Automated migration
2026-04-08,Brake Pad,Brake system,8,2938.96,155.84,23511.68,Wholesale Client,Bank Transfer,Completed,ORD962014,Automated migration
2026-04-08,Alternator,Electrical system,7,7849.38,395.33,54945.66,Walk-in Customer,Check,Completed,ORD962015,Automated migration
2026-04-08,Brake Pad,Brake system,2,1992.86,134.15,3985.72,Wholesale Client,Bank Transfer,Completed,ORD962016,Automated migration
2026-04-08,Air Filter,Engine system,6,290.43,93.76,1742.58,Retail Client,GCash,Completed,ORD962017,Automated migration
2026-04-08,Spark Plug,Ignition system,7,268.86,681.59,1882.02,Retail Client,GCash,Completed,ORD962018,Automated migration
2026-04-09,Shock Absorber,Suspension system,6,3790.23,42.55,22741.38,Walk-in Customer,Cash,Completed,ORD962019,Automated migration
2026-04-09,Brake Pad,Brake system,2,3043.35,477.88,6086.7,Retail Client,GCash,Completed,ORD962020,Automated migration
2026-04-09,Oil Filter,Engine system,6,251.41,368.29,1508.46,Walk-in Customer,Cash,Completed,ORD962021,Automated migration
2026-04-09,Oil Filter,Engine system,1,234.92,469.06,234.92,Retail Client,Cash,Completed,ORD962022,Automated migration
2026-04-09,Alternator,Electrical system,7,10288.62,169.17,72020.34,Walk-in Customer,GCash,Completed,ORD962023,Automated migration
2026-04-09,Alternator,Electrical system,8,10133.94,105.89,81071.52,Walk-in Customer,Bank Transfer,Completed,ORD962024,Automated migration
2026-04-09,Fuel Pump,Fuel system,1,3615.5,482.31,3615.5,Retail Client,Bank Transfer,Completed,ORD962025,Automated migration
2026-04-09,Fuel Pump,Fuel system,2,5414.83,608.01,10829.66,Wholesale Client,Cash,Completed,ORD962026,Automated migration
2026-04-09,Clutch Kit,Transmission system,3,7709.29,378.36,23127.87,Walk-in Customer,GCash,Completed,ORD962027,Automated migration
2026-04-09,Oil Filter,Engine system,4,182.83,470.39,731.32,Wholesale Client,Check,Completed,ORD962028,Automated migration
2026-04-09,Radiator,Cooling system,8,6603.67,682.1,52829.36,Retail Client,GCash,Completed,ORD962029,Automated migration
2026-04-09,Oil Filter,Engine system,1,291.51,58.65,291.51,Retail Client,GCash,Completed,ORD962030,Automated migration
2026-04-09,Brake Pad,Brake system,7,3489.67,91.96,24427.69,Wholesale Client,Check,Completed,ORD962031,Automated migration
2026-04-09,Fuel Pump,Fuel system,9,2938.18,140.45,26443.62,Wholesale Client,Cash,Completed,ORD962032,Automated migration
2026-04-09,Clutch Kit,Transmission system,3,10823.99,434.48,32471.97,Wholesale Client,Cash,Completed,ORD962033,Automated migration
2026-04-09,Alternator,Electrical system,8,10321.2,637.23,82569.6,Walk-in Customer,Bank Transfer,Completed,ORD962034,Automated migration
2026-04-09,Spark Plug,Ignition system,7,318.42,259.94,2228.94,Wholesale Client,Check,Completed,ORD962035,Automated migration
2026-04-09,Air Filter,Engine system,4,335.17,73.24,1340.68,Retail Client,Check,Completed,ORD962036,Automated migration
2026-04-09,Alternator,Electrical system,5,8894.3,478.5,44471.5,Retail Client,Cash,Completed,ORD962037,Automated migration
2026-04-09,Fuel Pump,Fuel system,3,4959.51,506.24,14878.53,Wholesale Client,Bank Transfer,Completed,ORD962038,Automated migration
2026-04-09,Battery,Electrical system,7,6430.22,61.05,45011.54,Retail Client,Cash,Completed,ORD962039,Automated migration
2026-04-09,Alternator,Electrical system,5,10284.75,435.88,51423.75,Wholesale Client,Cash,Completed,ORD962040,Automated migration
2026-04-09,Oil Filter,Engine system,2,279.04,228.72,558.08,Retail Client,GCash,Completed,ORD962041,Automated migration
2026-04-10,Spark Plug,Ignition system,0,431.7,0.0,0.0,Wholesale Client,Check,Completed,ORD962042,Automated migration
2026-04-10,Alternator,Electrical system,6,7165.24,96.99,42991.44,Retail Client,GCash,Completed,ORD962043,Automated migration
2026-04-10,Brake Pad,Brake system,1,3384.96,371.65,3384.96,Retail Client,GCash,Completed,ORD962044,Automated migration
2026-04-10,Air Filter,Engine system,8,271.99,239.73,2175.92,Wholesale Client,Cash,Completed,ORD962045,Automated migration
2026-04-10,Radiator,Cooling system,10,7853.4,627.59,78534.0,Wholesale Client,Check,Completed,ORD962046,Automated migration
2026-04-10,Spark Plug,Ignition system,2,253.05,5.38,506.1,Wholesale Client,GCash,Completed,ORD962047,Automated migration
2026-04-10,Brake Pad,Brake system,5,3229.32,697.95,16146.6,Walk-in Customer,Bank Transfer,Completed,ORD962048,Automated migration
2026-04-10,Brake Pad,Brake system,4,1487.17,355.82,5948.68,Wholesale Client,Bank Transfer,Completed,ORD962049,Automated migration
2026-04-10,Shock Absorber,Suspension system,9,3336.18,188.65,30025.62,Retail Client,Bank Transfer,Completed,ORD962050,Automated migration
2026-04-10,Shock Absorber,Suspension system,9,5903.42,560.25,53130.78,Wholesale Client,Bank Transfer,Completed,ORD962051,Automated migration
2026-04-10,Air Filter,Engine system,3,362.31,411.88,1086.93,Wholesale Client,GCash,Completed,ORD962052,Automated migration
2026-04-10,Shock Absorber,Suspension system,0,2886.55,0.0,0.0,Wholesale Client,Cash,Completed,ORD962053,Automated migration
2026-04-10,Shock Absorber,Suspension system,0,2730.15,0.0,0.0,Retail Client,Cash,Completed,ORD962054,Automated migration
2026-04-10,Battery,Electrical system,5,8706.88,317.52,43534.4,Wholesale Client,Cash,Completed,ORD962055,Automated migration
2026-04-11,Fuel Pump,Fuel system,8,6942.13,90.83,55537.04,Wholesale Client,Cash,Completed,ORD962056,Automated migration
2026-04-11,Fuel Pump,Fuel system,8,3086.37,216.55,24690.96,Wholesale Client,Bank Transfer,Completed,ORD962057,Automated migration
2026-04-11,Radiator,Cooling system,2,8175.4,610.65,16350.8,Wholesale Client,Check,Completed,ORD962058,Automated migration
2026-04-11,Clutch Kit,Transmission system,5,5513.22,108.12,27566.1,Wholesale Client,Bank Transfer,Completed,ORD962059,Automated migration
2026-04-11,Alternator,Electrical system,4,10021.45,61.43,40085.8,Walk-in Customer,Check,Completed,ORD962060,Automated migration
2026-04-11,Radiator,Cooling system,7,4827.34,665.67,33791.38,Wholesale Client,Bank Transfer,Completed,ORD962061,Automated migration
2026-04-11,Brake Pad,Brake system,2,1594.78,336.17,3189.56,Walk-in Customer,GCash,Completed,ORD962062,Automated migration
2026-04-11,Battery,Electrical system,1,6090.68,288.74,6090.68,Retail Client,Bank Transfer,Completed,ORD962063,Automated migration
2026-04-11,Battery,Electrical system,7,6649.68,308.67,46547.76,Retail Client,Cash,Completed,ORD962064,Automated migration
2026-04-11,Shock Absorber,Suspension system,6,5305.81,577.98,31834.86,Walk-in Customer,GCash,Completed,ORD962065,Automated migration
2026-04-11,Clutch Kit,Transmission system,2,8554.78,85.1,17109.56,Walk-in Customer,GCash,Completed,ORD962066,Automated migration
2026-04-11,Air Filter,Engine system,1,250.01,134.98,250.01,Walk-in Customer,Bank Transfer,Completed,ORD962067,Automated migration
2026-04-11,Spark Plug,Ignition system,9,527.65,461.01,4748.85,Wholesale Client,Check,Completed,ORD962068,Automated migration
2026-04-11,Fuel Pump,Fuel system,8,4047.88,140.27,32383.04,Walk-in Customer,Check,Completed,ORD962069,Automated migration
2026-04-11,Shock Absorber,Suspension system,1,4210.72,330.87,4210.72,Retail Client,Check,Completed,ORD962070,Automated migration
2026-04-11,Alternator,Electrical system,8,11204.07,588.09,89632.56,Retail Client,Bank Transfer,Completed,ORD962071,Automated migration
2026-04-11,Oil Filter,Engine system,6,259.97,22.64,1559.82,Wholesale Client,GCash,Completed,ORD962072,Automated migration
2026-04-11,Battery,Electrical system,6,8208.12,155.55,49248.72,Walk-in Customer,Cash,Completed,ORD962073,Automated migration
2026-04-11,Alternator,Electrical system,6,8127.15,442.08,48762.9,Wholesale Client,Cash,Completed,ORD962074,Automated migration
2026-04-11,Air Filter,Engine system,5,395.42,202.24,1977.1,Wholesale Client,Cash,Completed,ORD962075,Automated migration
2026-04-11,Clutch Kit,Transmission system,10,7531.37,376.68,75313.7,Retail Client,Bank Transfer,Completed,ORD962076,Automated migration
2026-04-11,Alternator,Electrical system,0,11371.41,0.0,0.0,Walk-in Customer,Check,Completed,ORD962077,Automated migration
2026-04-11,Air Filter,Engine system,9,292.93,534.46,2636.37,Retail Client,GCash,Completed,ORD962078,Automated migration
2026-04-11,Brake Pad,Brake system,2,3268.14,485.98,6536.28,Walk-in Customer,Bank Transfer,Completed,ORD962079,Automated migration
2026-04-11,Shock Absorber,Suspension system,7,3365.82,550.08,23560.74,Retail Client,Bank Transfer,Completed,ORD962080,Automated migration
2026-04-11,Alternator,Electrical system,8,7301.33,679.27,58410.64,Walk-in Customer,GCash,Completed,ORD962081,Automated migration
2026-04-11,Radiator,Cooling system,6,5234.43,324.19,31406.58,Walk-in Customer,Cash,Completed,ORD962082,Automated migration
2026-04-12,Battery,Electrical system,3,7305.48,190.03,21916.44,Retail Client,Check,Completed,ORD962083,Automated migration
2026-04-12,Spark Plug,Ignition system,7,578.62,651.07,4050.34,Retail Client,Check,Completed,ORD962084,Automated migration
2026-04-12,Alternator,Electrical system,4,9257.05,521.18,37028.2,Retail Client,Check,Completed,ORD962085,Automated migration
2026-04-12,Alternator,Electrical system,10,9876.45,416.55,98764.5,Walk-in Customer,GCash,Completed,ORD962086,Automated migration
2026-04-12,Fuel Pump,Fuel system,10,5764.65,646.65,57646.5,Walk-in Customer,Cash,Completed,ORD962087,Automated migration
2026-04-12,Clutch Kit,Transmission system,9,8084.01,674.43,72756.09,Walk-in Customer,Cash,Completed,ORD962088,Automated migration
2026-04-12,Air Filter,Engine system,5,246.61,502.04,1233.05,Wholesale Client,Cash,Completed,ORD962089,Automated migration
2026-04-12,Spark Plug,Ignition system,4,193.68,556.63,774.72,Walk-in Customer,Check,Completed,ORD962090,Automated migration
2026-04-12,Spark Plug,Ignition system,7,379.54,180.6,2656.78,Wholesale Client,GCash,Completed,ORD962091,Automated migration
2026-04-12,Oil Filter,Engine system,10,307.37,145.0,3073.7,Wholesale Client,Check,Completed,ORD962092,Automated migration
2026-04-12,Fuel Pump,Fuel system,2,5136.46,238.36,10272.92,Walk-in Customer,Bank Transfer,Completed,ORD962093,Automated migration
2026-04-12,Oil Filter,Engine system,8,182.68,340.56,1461.44,Walk-in Customer,GCash,Completed,ORD962094,Automated migration
2026-04-12,Air Filter,Engine system,10,240.14,64.73,2401.4,Retail Client,Bank Transfer,Completed,ORD962095,Automated migration
2026-04-12,Fuel Pump,Fuel system,10,4369.75,403.21,43697.5,Walk-in Customer,Check,Completed,ORD962096,Automated migration
2026-04-12,Radiator,Cooling system,3,4978.05,43.24,14934.15,Retail Client,Bank Transfer,Completed,ORD962097,Automated migration
2026-04-12,Battery,Electrical system,0,8323.98,0.0,0.0,Walk-in Customer,Cash,Completed,ORD962098,Automated migration
2026-04-12,Alternator,Electrical system,10,10161.35,73.91,101613.5,Wholesale Client,Bank Transfer,Completed,ORD962099,Automated migration
2026-04-12,Radiator,Cooling system,4,3906.14,632.73,15624.56,Retail Client,GCash,Completed,ORD962100,Automated migration
2026-04-12,Spark Plug,Ignition system,5,387.49,517.41,1937.45,Retail Client,Cash,Completed,ORD962101,Automated migration
2026-04-12,Clutch Kit,Transmission system,8,9658.5,12.62,77268.0,Wholesale Client,Check,Completed,ORD962102,Automated migration
2026-04-12,Alternator,Electrical system,0,11589.9,0.0,0.0,Walk-in Customer,Check,Completed,ORD962103,Automated migration
2026-04-13,Shock Absorber,Suspension system,2,5593.97,692.53,11187.94,Walk-in Customer,Check,Completed,ORD962104,Automated migration
2026-04-13,Spark Plug,Ignition system,8,382.92,92.74,3063.36,Walk-in Customer,Check,Completed,ORD962105,Automated migration
2026-04-13,Spark Plug,Ignition system,3,219.6,93.58,658.8,Wholesale Client,Cash,Completed,ORD962106,Automated migration
2026-04-13,Brake Pad,Brake system,6,3485.0,77.52,20910.0,Walk-in Customer,Bank Transfer,Completed,ORD962107,Automated migration
2026-04-13,Alternator,Electrical system,0,9123.11,0.0,0.0,Retail Client,GCash,Completed,ORD962108,Automated migration
2026-04-13,Alternator,Electrical system,9,7609.39,527.17,68484.51,Wholesale Client,GCash,Completed,ORD962109,Automated migration
2026-04-13,Clutch Kit,Transmission system,2,11579.53,250.19,23159.06,Retail Client,Check,Completed,ORD962110,Automated migration
2026-04-13,Brake Pad,Brake system,0,1430.29,0.0,0.0,Walk-in Customer,Bank Transfer,Completed,ORD962111,Automated migration
2026-04-13,Battery,Electrical system,7,5436.88,570.29,38058.16,Retail Client,Cash,Completed,ORD962112,Automated migration
2026-04-13,Shock Absorber,Suspension system,4,3208.69,67.67,12834.76,Wholesale Client,Cash,Completed,ORD962113,Automated migration
2026-04-13,Fuel Pump,Fuel system,2,2627.54,249.59,5255.08,Retail Client,Bank Transfer,Completed,ORD962114,Automated migration
2026-04-13,Air Filter,Engine system,6,336.91,152.9,2021.46,Walk-in Customer,GCash,Completed,ORD962115,Automated migration
2026-04-13,Shock Absorber,Suspension system,1,6227.95,5.49,6227.95,Wholesale Client,Check,Completed,ORD962116,Automated migration
2026-04-13,Battery,Electrical system,1,7671.28,29.48,7671.28,Retail Client,Cash,Completed,ORD962117,Automated migration
2026-04-13,Spark Plug,Ignition system,8,176.81,347.78,1414.48,Walk-in Customer,Bank Transfer,Completed,ORD962118,Automated migration
2026-04-13,Alternator,Electrical system,10,10302.27,440.45,103022.7,Retail Client,GCash,Completed,ORD962119,Automated migration
2026-04-13,Spark Plug,Ignition system,7,184.14,574.09,1288.98,Walk-in Customer,Cash,Completed,ORD962120,Automated migration
2026-04-13,Radiator,Cooling system,0,4888.05,0.0,0.0,Walk-in Customer,Bank Transfer,Completed,ORD962121,Automated migration
2026-04-13,Brake Pad,Brake system,2,1917.03,268.87,3834.06,Wholesale Client,Bank Transfer,Completed,ORD962122,Automated migration
2026-04-13,Brake Pad,Brake system,7,2855.84,151.62,19990.88,Wholesale Client,GCash,Completed,ORD962123,Automated migration
2026-04-13,Spark Plug,Ignition system,3,493.74,511.72,1481.22,Walk-in Customer,Bank Transfer,Completed,ORD962124,Automated migration
2026-04-14,Shock Absorber,Suspension system,4,5180.12,378.97,20720.48,Retail Client,Check,Completed,ORD962125,Automated migration
2026-04-14,Shock Absorber,Suspension system,7,2460.2,9.5,17221.4,Walk-in Customer,Cash,Completed,ORD962126,Automated migration
2026-04-14,Fuel Pump,Fuel system,6,6507.86,561.57,39047.16,Retail Client,GCash,Completed,ORD962127,Automated migration
2026-04-14,Brake Pad,Brake system,3,2986.55,106.83,8959.65,Retail Client,GCash,Completed,ORD962128,Automated migration
2026-04-14,Oil Filter,Engine system,0,242.04,0.0,0.0,Wholesale Client,Cash,Completed,ORD962129,Automated migration
2026-04-14,Air Filter,Engine system,5,391.36,281.06,1956.8,Retail Client,Cash,Completed,ORD962130,Automated migration
2026-04-14,Air Filter,Engine system,7,351.57,524.06,2460.99,Wholesale Client,GCash,Completed,ORD962131,Automated migration
2026-04-14,Alternator,Electrical system,0,8278.28,0.0,0.0,Wholesale Client,Bank Transfer,Completed,ORD962132,Automated migration
2026-04-14,Alternator,Electrical system,5,9058.53,86.51,45292.65,Walk-in Customer,Bank Transfer,Completed,ORD962133,Automated migration
2026-04-14,Clutch Kit,Transmission system,5,6866.23,267.41,34331.15,Walk-in Customer,Cash,Completed,ORD962134,Automated migration
2026-04-14,Brake Pad,Brake system,3,3268.23,635.64,9804.69,Retail Client,Cash,Completed,ORD962135,Automated migration
2026-04-14,Air Filter,Engine system,3,367.86,534.19,1103.58,Walk-in Customer,Check,Completed,ORD962136,Automated migration
2026-04-14,Radiator,Cooling system,5,8976.04,380.96,44880.2,Wholesale Client,Bank Transfer,Completed,ORD962137,Automated migration
2026-04-14,Oil Filter,Engine system,8,222.82,533.9,1782.56,Wholesale Client,Check,Completed,ORD962138,Automated migration
2026-04-15,Shock Absorber,Suspension system,5,2493.93,691.4,12469.65,Walk-in Customer,Check,Completed,ORD962139,Automated migration
2026-04-15,Clutch Kit,Transmission system,5,5326.09,464.83,26630.45,Retail Client,Bank Transfer,Completed,ORD962140,Automated migration
2026-04-15,Fuel Pump,Fuel system,6,5027.22,376.51,30163.32,Wholesale Client,Check,Completed,ORD962141,Automated migration
2026-04-15,Spark Plug,Ignition system,9,569.41,632.27,5124.69,Wholesale Client,Cash,Completed,ORD962142,Automated migration
2026-04-15,Fuel Pump,Fuel system,2,6502.11,160.13,13004.22,Retail Client,GCash,Completed,ORD962143,Automated migration
2026-04-15,Radiator,Cooling system,8,4300.65,540.47,34405.2,Retail Client,Bank Transfer,Completed,ORD962144,Automated migration
2026-04-15,Brake Pad,Brake system,5,2927.18,524.28,14635.9,Walk-in Customer,GCash,Completed,ORD962145,Automated migration
2026-04-15,Spark Plug,Ignition system,2,269.09,49.59,538.18,Retail Client,GCash,Completed,ORD962146,Automated migration
2026-04-15,Clutch Kit,Transmission system,8,12761.49,39.31,102091.92,Walk-in Customer,Check,Completed,ORD962147,Automated migration
2026-04-15,Air Filter,Engine system,4,376.41,352.44,1505.64,Walk-in Customer,Cash,Completed,ORD962148,Automated migration
2026-04-15,Radiator,Cooling system,9,5302.42,38.91,47721.78,Walk-in Customer,GCash,Completed,ORD962149,Automated migration
2026-04-15,Brake Pad,Brake system,6,1778.83,37.54,10672.98,Walk-in Customer,GCash,Completed,ORD962150,Automated migration
2026-04-15,Clutch Kit,Transmission system,0,5862.94,0.0,0.0,Retail Client,GCash,Completed,ORD962151,Automated migration
2026-04-15,Radiator,Cooling system,4,3173.23,425.49,12692.92,Wholesale Client,Check,Completed,ORD962152,Automated migration
2026-04-15,Shock Absorber,Suspension system,1,6252.11,222.09,6252.11,Retail Client,GCash,Completed,ORD962153,Automated migration
2026-04-15,Clutch Kit,Transmission system,2,12916.98,293.17,25833.96,Wholesale Client,Cash,Completed,ORD962154,Automated migration
2026-04-15,Battery,Electrical system,4,7718.99,380.92,30875.96,Wholesale Client,Bank Transfer,Completed,ORD962155,Automated migration
2026-04-15,Oil Filter,Engine system,0,162.36,0.0,0.0,Retail Client,Cash,Completed,ORD962156,Automated migration
2026-04-15,Air Filter,Engine system,9,274.27,345.78,2468.43,Walk-in Customer,GCash,Completed,ORD962157,Automated migration
2026-04-15,Oil Filter,Engine system,6,241.71,613.17,1450.26,Retail Client,Check,Completed,ORD962158,Automated migration
2026-04-15,Brake Pad,Brake system,3,2075.93,81.48,6227.79,Retail Client,GCash,Completed,ORD962159,Automated migration
2026-04-15,Air Filter,Engine system,3,383.56,333.0,1150.68,Wholesale Client,Cash,Completed,ORD962160,Automated migration
2026-04-15,Radiator,Cooling system,0,8436.0,0.0,0.0,Wholesale Client,Cash,Completed,ORD962161,Automated migration
2026-04-15,Air Filter,Engine system,8,312.86,548.89,2502.88,Walk-in Customer,GCash,Completed,ORD962162,Automated migration
2026-04-16,Radiator,Cooling system,10,4450.47,562.23,44504.7,Walk-in Customer,Cash,Completed,ORD962163,Automated migration
2026-04-16,Shock Absorber,Suspension system,2,2122.49,266.0,4244.98,Walk-in Customer,Check,Completed,ORD962164,Automated migration
2026-04-16,Oil Filter,Engine system,7,146.83,672.27,1027.81,Retail Client,GCash,Completed,ORD962165,Automated migration
2026-04-16,Alternator,Electrical system,2,11291.64,193.75,22583.28,Retail Client,Check,Completed,ORD962166,Automated migration
2026-04-16,Spark Plug,Ignition system,0,362.72,0.0,0.0,Walk-in Customer,GCash,Completed,ORD962167,Automated migration
2026-04-16,Radiator,Cooling system,2,7573.26,474.05,15146.52,Wholesale Client,GCash,Completed,ORD962168,Automated migration
2026-04-16,Radiator,Cooling system,3,4712.27,443.82,14136.81,Retail Client,Cash,Completed,ORD962169,Automated migration
2026-04-16,Air Filter,Engine system,3,388.52,383.22,1165.56,Wholesale Client,Cash,Completed,ORD962170,Automated migration
2026-04-16,Alternator,Electrical system,0,7063.33,0.0,0.0,Retail Client,Check,Completed,ORD962171,Automated migration
2026-04-16,Clutch Kit,Transmission system,6,8189.04,175.53,49134.24,Retail Client,Bank Transfer,Completed,ORD962172,Automated migration
2026-04-16,Radiator,Cooling system,8,7712.59,650.96,61700.72,Retail Client,GCash,Completed,ORD962173,Automated migration
2026-04-16,Alternator,Electrical system,4,10252.38,679.98,41009.52,Wholesale Client,Cash,Completed,ORD962174,Automated migration
2026-04-16,Air Filter,Engine system,3,227.6,514.23,682.8,Retail Client,Bank Transfer,Completed,ORD962175,Automated migration
2026-04-16,Air Filter,Engine system,8,287.2,392.12,2297.6,Retail Client,Cash,Completed,ORD962176,Automated migration
2026-04-16,Radiator,Cooling system,8,3917.41,20.23,31339.28,Retail Client,Bank Transfer,Completed,ORD962177,Automated migration
2026-04-16,Brake Pad,Brake system,10,1872.51,185.25,18725.1,Retail Client,Cash,Completed,ORD962178,Automated migration
2026-04-16,Brake Pad,Brake system,0,2461.74,0.0,0.0,Retail Client,Cash,Completed,ORD962179,Automated migration
2026-04-16,Air Filter,Engine system,4,383.27,153.68,1533.08,Retail Client,Check,Completed,ORD962180,Automated migration
2026-04-16,Brake Pad,Brake system,2,2893.04,383.01,5786.08,Walk-in Customer,Check,Completed,ORD962181,Automated migration
2026-04-16,Alternator,Electrical system,1,8214.48,352.78,8214.48,Retail Client,Bank Transfer,Completed,ORD962182,Automated migration
2026-04-16,Spark Plug,Ignition system,4,293.36,324.55,1173.44,Wholesale Client,Check,Completed,ORD962183,Automated migration
2026-04-16,Fuel Pump,Fuel system,2,6508.55,151.98,13017.1,Walk-in Customer,GCash,Completed,ORD962184,Automated migration
2026-04-17,Alternator,Electrical system,8,11792.07,51.45,94336.56,Retail Client,Cash,Completed,ORD962185,Automated migration
2026-04-17,Fuel Pump,Fuel system,0,5466.83,0.0,0.0,Wholesale Client,Bank Transfer,Completed,ORD962186,Automated migration
2026-04-17,Battery,Electrical system,10,5602.56,280.18,56025.6,Retail Client,Bank Transfer,Completed,ORD962187,Automated migration
2026-04-17,Battery,Electrical system,9,7147.0,514.7,64323.0,Retail Client,Check,Completed,ORD962188,Automated migration
2026-04-17,Alternator,Electrical system,0,11962.98,0.0,0.0,Wholesale Client,Cash,Completed,ORD962189,Automated migration
2026-04-17,Fuel Pump,Fuel system,10,3273.24,364.68,32732.4,Retail Client,Bank Transfer,Completed,ORD962190,Automated migration
2026-04-17,Fuel Pump,Fuel system,7,5155.53,92.44,36088.71,Walk-in Customer,GCash,Completed,ORD962191,Automated migration
2026-04-17,Alternator,Electrical system,5,9898.25,195.79,49491.25,Retail Client,Bank Transfer,Completed,ORD962192,Automated migration
2026-04-17,Air Filter,Engine system,8,359.47,324.87,2875.76,Retail Client,Cash,Completed,ORD962193,Automated migration
2026-04-17,Brake Pad,Brake system,5,1282.97,629.41,6414.85,Walk-in Customer,Bank Transfer,Completed,ORD962194,Automated migration
2026-04-17,Oil Filter,Engine system,9,266.41,427.59,2397.69,Wholesale Client,Bank Transfer,Completed,ORD962195,Automated migration
2026-04-17,Fuel Pump,Fuel system,3,5097.03,616.09,15291.09,Walk-in Customer,Cash,Completed,ORD962196,Automated migration
2026-04-17,Fuel Pump,Fuel system,0,5009.87,0.0,0.0,Wholesale Client,Check,Completed,ORD962197,Automated migration
2026-04-17,Shock Absorber,Suspension system,0,5989.94,0.0,0.0,Wholesale Client,Cash,Completed,ORD962198,Automated migration
2026-04-17,Spark Plug,Ignition system,9,448.72,452.85,4038.48,Wholesale Client,Bank Transfer,Completed,ORD962199,Automated migration
2026-04-17,Clutch Kit,Transmission system,4,7356.53,54.84,29426.12,Wholesale Client,Cash,Completed,ORD962200,Automated migration
2026-04-17,Brake Pad,Brake system,7,1328.49,382.95,9299.43,Walk-in Customer,Check,Completed,ORD962201,Automated migration
2026-04-17,Spark Plug,Ignition system,9,526.44,216.79,4737.96,Wholesale Client,GCash,Completed,ORD962202,Automated migration
2026-04-17,Radiator,Cooling system,5,4290.48,50.14,21452.4,Wholesale Client,Cash,Completed,ORD962203,Automated migration
2026-04-17,Air Filter,Engine system,10,344.31,408.64,3443.1,Walk-in Customer,Cash,Completed,ORD962204,Automated migration
2026-04-17,Air Filter,Engine system,5,295.16,349.19,1475.8,Retail Client,GCash,Completed,ORD962205,Automated migration
2026-04-17,Air Filter,Engine system,8,326.21,146.29,2609.68,Walk-in Customer,Bank Transfer,Completed,ORD962206,Automated migration
2026-04-17,Alternator,Electrical system,5,9848.01,262.31,49240.05,Walk-in Customer,Cash,Completed,ORD962207,Automated migration
2026-04-17,Spark Plug,Ignition system,9,553.02,682.2,4977.18,Walk-in Customer,Bank Transfer,Completed,ORD962208,Automated migration
2026-04-17,Fuel Pump,Fuel system,8,5572.26,29.71,44578.08,Retail Client,GCash,Completed,ORD962209,Automated migration
2026-04-18,Brake Pad,Brake system,2,3207.04,502.74,6414.08,Retail Client,Bank Transfer,Completed,ORD962210,Automated migration
2026-04-18,Clutch Kit,Transmission system,9,8801.13,220.31,79210.17,Wholesale Client,Bank Transfer,Completed,ORD962211,Automated migration
2026-04-18,Clutch Kit,Transmission system,2,12153.59,3.67,24307.18,Walk-in Customer,Check,Completed,ORD962212,Automated migration
2026-04-18,Clutch Kit,Transmission system,6,6797.44,90.11,40784.64,Walk-in Customer,GCash,Completed,ORD962213,Automated migration
2026-04-18,Brake Pad,Brake system,10,2235.48,669.14,22354.8,Walk-in Customer,GCash,Completed,ORD962214,Automated migration
2026-04-18,Clutch Kit,Transmission system,5,6404.26,665.09,32021.3,Wholesale Client,Bank Transfer,Completed,ORD962215,Automated migration
2026-04-18,Air Filter,Engine system,2,208.25,125.61,416.5,Wholesale Client,Cash,Completed,ORD962216,Automated migration
2026-04-18,Alternator,Electrical system,3,11169.67,591.32,33509.01,Wholesale Client,Check,Completed,ORD962217,Automated migration
2026-04-18,Spark Plug,Ignition system,0,488.25,0.0,0.0,Walk-in Customer,GCash,Completed,ORD962218,Automated migration
2026-04-18,Spark Plug,Ignition system,7,589.09,206.11,4123.63,Walk-in Customer,Bank Transfer,Completed,ORD962219,Automated migration
2026-04-18,Air Filter,Engine system,4,372.98,91.81,1491.92,Walk-in Customer,Check,Completed,ORD962220,Automated migration
2026-04-18,Fuel Pump,Fuel system,1,5946.19,81.2,5946.19,Retail Client,Bank Transfer,Completed,ORD962221,Automated migration
2026-04-18,Fuel Pump,Fuel system,3,4796.13,644.54,14388.39,Retail Client,GCash,Completed,ORD962222,Automated migration
2026-04-18,Clutch Kit,Transmission system,7,10047.0,284.13,70329.0,Wholesale Client,Check,Completed,ORD962223,Automated migration
2026-04-18,Alternator,Electrical system,0,8736.19,0.0,0.0,Retail Client,Bank Transfer,Completed,ORD962224,Automated migration
2026-04-19,Air Filter,Engine system,1,394.89,135.84,394.89,Retail Client,Bank Transfer,Completed,ORD962225,Automated migration
2026-04-19,Oil Filter,Engine system,1,236.12,604.74,236.12,Retail Client,GCash,Completed,ORD962226,Automated migration
2026-04-19,Fuel Pump,Fuel system,0,4048.52,0.0,0.0,Retail Client,Bank Transfer,Completed,ORD962227,Automated migration
2026-04-19,Shock Absorber,Suspension system,7,3641.13,41.2,25487.91,Walk-in Customer,Check,Completed,ORD962228,Automated migration
2026-04-19,Radiator,Cooling system,10,3718.73,253.96,37187.3,Walk-in Customer,Cash,Completed,ORD962229,Automated migration
2026-04-19,Alternator,Electrical system,5,10743.26,146.09,53716.3,Wholesale Client,Cash,Completed,ORD962230,Automated migration
2026-04-19,Radiator,Cooling system,0,8611.92,0.0,0.0,Walk-in Customer,Bank Transfer,Completed,ORD962231,Automated migration
2026-04-19,Clutch Kit,Transmission system,5,7006.29,427.49,35031.45,Retail Client,Cash,Completed,ORD962232,Automated migration
2026-04-19,Fuel Pump,Fuel system,9,5440.22,162.21,48961.98,Wholesale Client,GCash,Completed,ORD962233,Automated migration
2026-04-19,Battery,Electrical system,6,7750.23,677.23,46501.38,Retail Client,Bank Transfer,Completed,ORD962234,Automated migration
2026-04-19,Air Filter,Engine system,3,253.48,630.94,760.44,Wholesale Client,GCash,Completed,ORD962235,Automated migration
2026-04-19,Clutch Kit,Transmission system,0,11002.26,0.0,0.0,Wholesale Client,GCash,Completed,ORD962236,Automated migration
2026-04-19,Radiator,Cooling system,8,4288.31,679.1,34306.48,Retail Client,Cash,Completed,ORD962237,Automated migration
2026-04-19,Oil Filter,Engine system,10,247.85,528.59,2478.5,Retail Client,Bank Transfer,Completed,ORD962238,Automated migration
2026-04-19,Clutch Kit,Transmission system,1,5528.18,477.79,5528.18,Retail Client,Bank Transfer,Completed,ORD962239,Automated migration
2026-04-19,Radiator,Cooling system,7,3513.88,330.61,24597.16,Wholesale Client,GCash,Completed,ORD962240,Automated migration
2026-04-19,Clutch Kit,Transmission system,2,12089.12,49.23,24178.24,Walk-in Customer,Check,Completed,ORD962241,Automated migration
2026-04-19,Fuel Pump,Fuel system,9,5218.51,377.82,46966.59,Wholesale Client,Cash,Completed,ORD962242,Automated migration
2026-04-19,Spark Plug,Ignition system,0,525.37,0.0,0.0,Retail Client,Check,Completed,ORD962243,Automated migration
2026-04-19,Alternator,Electrical system,5,9731.87,431.53,48659.35,Retail Client,Cash,Completed,ORD962244,Automated migration
2026-04-19,Battery,Electrical system,8,7175.98,462.04,57407.84,Wholesale Client,Cash,Completed,ORD962245,Automated migration
2026-04-19,Oil Filter,Engine system,2,166.91,168.67,333.82,Retail Client,Bank Transfer,Completed,ORD962246,Automated migration
2026-04-19,Battery,Electrical system,0,7024.62,0.0,0.0,Walk-in Customer,GCash,Completed,ORD962247,Automated migration
2026-04-19,Oil Filter,Engine system,2,131.79,405.04,263.58,Wholesale Client,GCash,Completed,ORD962248,Automated migration
2026-04-19,Alternator,Electrical system,10,7048.61,482.7,70486.1,Wholesale Client,GCash,Completed,ORD962249,Automated migration
2026-04-19,Fuel Pump,Fuel system,1,5806.77,165.6,5806.77,Retail Client,Check,Completed,ORD962250,Automated migration
2026-04-19,Alternator,Electrical system,10,9100.64,397.52,91006.4,Retail Client,GCash,Completed,ORD962251,Automated migration
2026-04-20,Fuel Pump,Fuel system,9,3310.41,90.75,29793.69,Walk-in Customer,Cash,Completed,ORD962252,Automated migration
2026-04-20,Oil Filter,Engine system,8,103.01,548.54,824.08,Retail Client,GCash,Completed,ORD962253,Automated migration
2026-04-20,Fuel Pump,Fuel system,6,5932.53,526.07,35595.18,Retail Client,Bank Transfer,Completed,ORD962254,Automated migration
2026-04-20,Oil Filter,Engine system,3,302.41,330.94,907.23,Wholesale Client,Bank Transfer,Completed,ORD962255,Automated migration
2026-04-20,Fuel Pump,Fuel system,10,4753.82,499.24,47538.2,Wholesale Client,Check,Completed,ORD962256,Automated migration
2026-04-20,Clutch Kit,Transmission system,9,12901.14,288.05,116110.26,Retail Client,Cash,Completed,ORD962257,Automated migration
2026-04-20,Air Filter,Engine system,7,362.29,115.8,2536.03,Walk-in Customer,GCash,Completed,ORD962258,Automated migration
2026-04-20,Clutch Kit,Transmission system,2,13013.59,529.66,26027.18,Walk-in Customer,Check,Completed,ORD962259,Automated migration
2026-04-20,Radiator,Cooling system,6,7337.49,202.66,44024.94,Retail Client,Bank Transfer,Completed,ORD962260,Automated migration
2026-04-20,Air Filter,Engine system,4,383.97,125.18,1535.88,Retail Client,Bank Transfer,Completed,ORD962261,Automated migration
2026-04-20,Fuel Pump,Fuel system,10,5503.57,606.29,55035.7,Retail Client,GCash,Completed,ORD962262,Automated migration
2026-04-20,Alternator,Electrical system,4,11361.73,516.88,45446.92,Walk-in Customer,Bank Transfer,Completed,ORD962263,Automated migration
2026-04-20,Oil Filter,Engine system,9,121.53,665.71,1093.77,Walk-in Customer,Bank Transfer,Completed,ORD962264,Automated migration
2026-04-20,Radiator,Cooling system,9,6153.24,515.73,55379.16,Wholesale Client,GCash,Completed,ORD962265,Automated migration
2026-04-20,Spark Plug,Ignition system,2,431.17,680.16,862.34,Retail Client,Cash,Completed,ORD962266,Automated migration
2026-04-20,Battery,Electrical system,10,6585.34,174.7,65853.4,Retail Client,Cash,Completed,ORD962267,Automated migration
2026-04-20,Fuel Pump,Fuel system,2,2504.24,269.02,5008.48,Retail Client,Cash,Completed,ORD962268,Automated migration
2026-04-20,Clutch Kit,Transmission system,9,12535.31,264.64,112817.79,Walk-in Customer,GCash,Completed,ORD962269,Automated migration
2026-04-20,Shock Absorber,Suspension system,4,4259.18,219.23,17036.72,Wholesale Client,Check,Completed,ORD962270,Automated migration
2026-04-20,Oil Filter,Engine system,10,236.17,352.06,2361.7,Wholesale Client,Check,Completed,ORD962271,Automated migration
2026-04-20,Clutch Kit,Transmission system,9,13643.4,536.46,122790.6,Walk-in Customer,Bank Transfer,Completed,ORD962272,Automated migration
2026-04-20,Air Filter,Engine system,0,240.52,0.0,0.0,Wholesale Client,Check,Completed,ORD962273,Automated migration
2026-04-20,Radiator,Cooling system,0,3924.88,0.0,0.0,Retail Client,GCash,Completed,ORD962274,Automated migration
2026-04-20,Clutch Kit,Transmission system,10,11084.08,424.76,110840.8,Retail Client,Check,Completed,ORD962275,Automated migration
2026-04-20,Alternator,Electrical system,1,7019.78,650.57,7019.78,Wholesale Client,Bank Transfer,Completed,ORD962276,Automated migration
2026-04-20,Spark Plug,Ignition system,2,343.27,456.89,686.54,Wholesale Client,Check,Completed,ORD962277,Automated migration
2026-04-21,Radiator,Cooling system,1,7830.9,533.88,7830.9,Retail Client,Check,Completed,ORD962278,Automated migration
2026-04-21,Oil Filter,Engine system,9,239.01,458.54,2151.09,Wholesale Client,Bank Transfer,Completed,ORD962279,Automated migration
2026-04-21,Shock Absorber,Suspension system,7,3338.69,670.09,23370.83,Retail Client,Check,Completed,ORD962280,Automated migration
2026-04-21,Clutch Kit,Transmission system,9,11963.45,515.68,107671.05,Retail Client,Bank Transfer,Completed,ORD962281,Automated migration
2026-04-21,Spark Plug,Ignition system,2,413.55,502.81,827.1,Retail Client,Check,Completed,ORD962282,Automated migration
2026-04-21,Air Filter,Engine system,2,226.27,489.03,452.54,Wholesale Client,GCash,Completed,ORD962283,Automated migration
2026-04-21,Radiator,Cooling system,1,4289.37,655.31,4289.37,Wholesale Client,Bank Transfer,Completed,ORD962284,Automated migration
2026-04-21,Battery,Electrical system,0,5644.66,0.0,0.0,Wholesale Client,Cash,Completed,ORD962285,Automated migration
2026-04-21,Battery,Electrical system,6,4511.33,59.06,27067.98,Wholesale Client,GCash,Completed,ORD962286,Automated migration
2026-04-21,Battery,Electrical system,4,6461.97,56.85,25847.88,Wholesale Client,GCash,Completed,ORD962287,Automated migration
2026-04-21,Spark Plug,Ignition system,6,357.41,457.71,2144.46,Retail Client,Check,Completed,ORD962288,Automated migration
2026-04-21,Clutch Kit,Transmission system,7,8475.17,418.31,59326.19,Wholesale Client,Bank Transfer,Completed,ORD962289,Automated migration
2026-04-21,Air Filter,Engine system,3,270.7,257.52,812.1,Wholesale Client,Cash,Completed,ORD962290,Automated migration
2026-04-21,Spark Plug,Ignition system,0,477.1,0.0,0.0,Walk-in Customer,Check,Completed,ORD962291,Automated migration
2026-04-21,Fuel Pump,Fuel system,2,2575.35,510.82,5150.7,Wholesale Client,Check,Completed,ORD962292,Automated migration
2026-04-21,Alternator,Electrical system,2,11666.73,478.95,23333.46,Retail Client,Cash,Completed,ORD962293,Automated migration
2026-04-21,Air Filter,Engine system,9,356.13,480.18,3205.17,Walk-in Customer,Cash,Completed,ORD962294,Automated migration
2026-04-21,Shock Absorber,Suspension system,2,5360.13,30.88,10720.26,Walk-in Customer,Bank Transfer,Completed,ORD962295,Automated migration
2026-04-22,Fuel Pump,Fuel system,3,3477.44,334.57,10432.32,Retail Client,Cash,Completed,ORD962296,Automated migration
2026-04-22,Spark Plug,Ignition system,7,432.96,91.91,3030.72,Walk-in Customer,GCash,Completed,ORD962297,Automated migration
2026-04-22,Oil Filter,Engine system,0,206.8,0.0,0.0,Retail Client,Bank Transfer,Completed,ORD962298,Automated migration
2026-04-22,Oil Filter,Engine system,1,328.09,374.71,328.09,Walk-in Customer,Cash,Completed,ORD962299,Automated migration
2026-04-22,Radiator,Cooling system,6,4419.25,335.23,26515.5,Wholesale Client,Cash,Completed,ORD962300,Automated migration
2026-04-22,Alternator,Electrical system,1,7856.24,146.53,7856.24,Retail Client,Check,Completed,ORD962301,Automated migration
2026-04-22,Battery,Electrical system,7,4255.75,230.96,29790.25,Wholesale Client,Cash,Completed,ORD962302,Automated migration
2026-04-22,Alternator,Electrical system,8,9684.09,136.95,77472.72,Walk-in Customer,Cash,Completed,ORD962303,Automated migration
2026-04-22,Spark Plug,Ignition system,2,198.48,656.19,396.96,Wholesale Client,Bank Transfer,Completed,ORD962304,Automated migration
2026-04-22,Spark Plug,Ignition system,6,402.6,601.65,2415.6,Walk-in Customer,Cash,Completed,ORD962305,Automated migration
2026-04-22,Clutch Kit,Transmission system,9,7488.25,318.63,67394.25,Retail Client,GCash,Completed,ORD962306,Automated migration
2026-04-22,Oil Filter,Engine system,9,206.31,119.29,1856.79,Walk-in Customer,GCash,Completed,ORD962307,Automated migration
2026-04-22,Oil Filter,Engine system,6,348.11,615.6,2088.66,Wholesale Client,GCash,Completed,ORD962308,Automated migration
2026-04-22,Clutch Kit,Transmission system,5,9604.2,59.62,48021.0,Retail Client,GCash,Completed,ORD962309,Automated migration
2026-04-22,Spark Plug,Ignition system,0,475.49,0.0,0.0,Walk-in Customer,Bank Transfer,Completed,ORD962310,Automated migration
2026-04-22,Oil Filter,Engine system,0,128.56,0.0,0.0,Wholesale Client,Bank Transfer,Completed,ORD962311,Automated migration
2026-04-22,Alternator,Electrical system,7,8124.49,522.48,56871.43,Retail Client,Check,Completed,ORD962312,Automated migration
2026-04-23,Shock Absorber,Suspension system,3,2009.71,116.05,6029.13,Wholesale Client,Bank Transfer,Completed,ORD962313,Automated migration
2026-04-23,Battery,Electrical system,4,7357.9,121.9,29431.6,Wholesale Client,GCash,Completed,ORD962314,Automated migration
2026-04-23,Air Filter,Engine system,7,321.58,212.36,2251.06,Walk-in Customer,Check,Completed,ORD962315,Automated migration
2026-04-23,Alternator,Electrical system,0,11920.77,0.0,0.0,Wholesale Client,Cash,Completed,ORD962316,Automated migration
2026-04-23,Spark Plug,Ignition system,2,294.47,364.58,588.94,Retail Client,Check,Completed,ORD962317,Automated migration
2026-04-23,Air Filter,Engine system,5,358.8,289.45,1794.0,Wholesale Client,GCash,Completed,ORD962318,Automated migration
2026-04-23,Air Filter,Engine system,5,283.94,215.97,1419.7,Walk-in Customer,Cash,Completed,ORD962319,Automated migration
2026-04-23,Shock Absorber,Suspension system,8,2425.32,346.29,19402.56,Retail Client,Check,Completed,ORD962320,Automated migration
2026-04-23,Battery,Electrical system,4,6429.26,192.7,25717.04,Walk-in Customer,Check,Completed,ORD962321,Automated migration
2026-04-23,Shock Absorber,Suspension system,7,6142.51,220.43,42997.57,Retail Client,GCash,Completed,ORD962322,Automated migration
2026-04-23,Spark Plug,Ignition system,2,535.47,107.39,1070.94,Walk-in Customer,Cash,Completed,ORD962323,Automated migration
2026-04-23,Fuel Pump,Fuel system,4,5867.4,132.87,23469.6,Retail Client,Cash,Completed,ORD962324,Automated migration
2026-04-23,Alternator,Electrical system,8,11670.91,261.26,93367.28,Retail Client,Bank Transfer,Completed,ORD962325,Automated migration
2026-04-23,Brake Pad,Brake system,5,2491.03,137.63,12455.15,Retail Client,Cash,Completed,ORD962326,Automated migration
2026-04-23,Air Filter,Engine system,4,384.34,243.81,1537.36,Retail Client,Check,Completed,ORD962327,Automated migration
2026-04-23,Air Filter,Engine system,4,320.42,565.41,1281.68,Wholesale Client,Cash,Completed,ORD962328,Automated migration
2026-04-23,Fuel Pump,Fuel system,6,6978.76,115.17,41872.56,Walk-in Customer,GCash,Completed,ORD962329,Automated migration
2026-04-23,Shock Absorber,Suspension system,4,6408.59,569.5,25634.36,Walk-in Customer,Cash,Completed,ORD962330,Automated migration
2026-04-23,Clutch Kit,Transmission system,0,9889.79,0.0,0.0,Walk-in Customer,Check,Completed,ORD962331,Automated migration
2026-04-23,Shock Absorber,Suspension system,4,5187.72,447.01,20750.88,Walk-in Customer,Check,Completed,ORD962332,Automated migration
2026-04-23,Radiator,Cooling system,7,6886.32,460.22,48204.24,Wholesale Client,Bank Transfer,Completed,ORD962333,Automated migration
2026-04-23,Fuel Pump,Fuel system,6,3973.82,68.36,23842.92,Walk-in Customer,Cash,Completed,ORD962334,Automated migration
2026-04-23,Alternator,Electrical system,9,8096.71,181.06,72870.39,Wholesale Client,GCash,Completed,ORD962335,Automated migration
2026-04-23,Air Filter,Engine system,2,231.47,347.21,462.94,Walk-in Customer,GCash,Completed,ORD962336,Automated migration
2026-04-23,Air Filter,Engine system,9,208.04,26.47,1872.36,Retail Client,Check,Completed,ORD962337,Automated migration
2026-04-23,Fuel Pump,Fuel system,7,4907.96,145.48,34355.72,Retail Client,Cash,Completed,ORD962338,Automated migration
2026-04-24,Clutch Kit,Transmission system,1,5671.89,60.91,5671.89,Wholesale Client,Bank Transfer,Completed,ORD962339,Automated migration
2026-04-24,Brake Pad,Brake system,7,1220.53,345.49,8543.71,Retail Client,Bank Transfer,Completed,ORD962340,Automated migration
2026-04-24,Oil Filter,Engine system,4,186.69,385.2,746.76,Retail Client,Bank Transfer,Completed,ORD962341,Automated migration
2026-04-24,Shock Absorber,Suspension system,3,3907.93,155.74,11723.79,Wholesale Client,Cash,Completed,ORD962342,Automated migration
2026-04-24,Shock Absorber,Suspension system,8,2997.62,325.64,23980.96,Retail Client,GCash,Completed,ORD962343,Automated migration
2026-04-24,Spark Plug,Ignition system,10,263.34,665.07,2633.4,Wholesale Client,Cash,Completed,ORD962344,Automated migration
2026-04-24,Air Filter,Engine system,1,335.83,201.41,335.83,Retail Client,Cash,Completed,ORD962345,Automated migration
2026-04-24,Spark Plug,Ignition system,0,402.14,0.0,0.0,Walk-in Customer,Cash,Completed,ORD962346,Automated migration
2026-04-24,Fuel Pump,Fuel system,2,2581.38,405.43,5162.76,Walk-in Customer,Bank Transfer,Completed,ORD962347,Automated migration
2026-04-24,Clutch Kit,Transmission system,7,8364.06,143.86,58548.42,Wholesale Client,Bank Transfer,Completed,ORD962348,Automated migration
2026-04-24,Spark Plug,Ignition system,8,377.48,0.93,3019.84,Wholesale Client,Bank Transfer,Completed,ORD962349,Automated migration
2026-04-24,Battery,Electrical system,7,6182.99,97.89,43280.93,Retail Client,GCash,Completed,ORD962350,Automated migration
2026-04-24,Fuel Pump,Fuel system,4,2855.28,683.6,11421.12,Wholesale Client,Bank Transfer,Completed,ORD962351,Automated migration
2026-04-24,Air Filter,Engine system,6,212.04,169.31,1272.24,Retail Client,Check,Completed,ORD962352,Automated migration
2026-04-24,Air Filter,Engine system,2,370.72,175.78,741.44,Retail Client,Check,Completed,ORD962353,Automated migration
2026-04-24,Radiator,Cooling system,2,5127.07,31.06,10254.14,Retail Client,GCash,Completed,ORD962354,Automated migration
2026-04-24,Radiator,Cooling system,1,3043.52,441.98,3043.52,Walk-in Customer,Check,Completed,ORD962355,Automated migration
2026-04-24,Clutch Kit,Transmission system,5,5314.82,6.44,26574.1,Wholesale Client,Check,Completed,ORD962356,Automated migration
2026-04-24,Shock Absorber,Suspension system,3,4900.48,225.93,14701.44,Wholesale Client,Check,Completed,ORD962357,Automated migration
2026-04-24,Clutch Kit,Transmission system,7,8739.49,626.09,61176.43,Retail Client,Bank Transfer,Completed,ORD962358,Automated migration
2026-04-24,Alternator,Electrical system,3,8014.42,152.43,24043.26,Walk-in Customer,Check,Completed,ORD962359,Automated migration
2026-04-25,Air Filter,Engine system,4,381.55,658.67,1526.2,Wholesale Client,Bank Transfer,Completed,ORD962360,Automated migration
2026-04-25,Air Filter,Engine system,0,314.5,0.0,0.0,Walk-in Customer,Cash,Completed,ORD962361,Automated migration
2026-04-25,Fuel Pump,Fuel system,5,3506.64,575.29,17533.2,Walk-in Customer,GCash,Completed,ORD962362,Automated migration
2026-04-25,Alternator,Electrical system,0,11816.05,0.0,0.0,Retail Client,GCash,Completed,ORD962363,Automated migration
2026-04-25,Radiator,Cooling system,1,7826.28,565.11,7826.28,Walk-in Customer,Bank Transfer,Completed,ORD962364,Automated migration
2026-04-25,Oil Filter,Engine system,8,147.66,18.2,1181.28,Walk-in Customer,Cash,Completed,ORD962365,Automated migration
2026-04-25,Air Filter,Engine system,3,241.69,253.02,725.07,Walk-in Customer,Bank Transfer,Completed,ORD962366,Automated migration
2026-04-25,Fuel Pump,Fuel system,9,6235.08,546.23,56115.72,Retail Client,Check,Completed,ORD962367,Automated migration
2026-04-25,Shock Absorber,Suspension system,6,3866.15,2.92,23196.9,Wholesale Client,GCash,Completed,ORD962368,Automated migration
2026-04-25,Brake Pad,Brake system,6,2894.07,190.29,17364.42,Wholesale Client,Check,Completed,ORD962369,Automated migration
2026-04-25,Alternator,Electrical system,0,8733.91,0.0,0.0,Wholesale Client,Cash,Completed,ORD962370,Automated migration
2026-04-25,Alternator,Electrical system,1,8147.04,287.1,8147.04,Walk-in Customer,Check,Completed,ORD962371,Automated migration
2026-04-25,Shock Absorber,Suspension system,10,5015.0,358.24,50150.0,Walk-in Customer,Check,Completed,ORD962372,Automated migration
2026-04-25,Fuel Pump,Fuel system,4,4002.6,2.98,16010.4,Retail Client,Check,Completed,ORD962373,Automated migration
2026-04-25,Alternator,Electrical system,3,11619.86,696.92,34859.58,Wholesale Client,GCash,Completed,ORD962374,Automated migration
2026-04-25,Brake Pad,Brake system,0,2444.58,0.0,0.0,Walk-in Customer,Cash,Completed,ORD962375,Automated migration
2026-04-25,Clutch Kit,Transmission system,4,9253.87,507.8,37015.48,Retail Client,Check,Completed,ORD962376,Automated migration
2026-04-26,Clutch Kit,Transmission system,10,7392.53,33.67,73925.3,Retail Client,Bank Transfer,Completed,ORD962377,Automated migration
2026-04-26,Oil Filter,Engine system,6,162.25,374.03,973.5,Walk-in Customer,Bank Transfer,Completed,ORD962378,Automated migration
2026-04-26,Spark Plug,Ignition system,5,150.53,686.43,752.65,Walk-in Customer,Check,Completed,ORD962379,Automated migration
2026-04-26,Spark Plug,Ignition system,2,526.65,539.66,1053.3,Walk-in Customer,GCash,Completed,ORD962380,Automated migration
2026-04-26,Spark Plug,Ignition system,3,436.77,472.26,1310.31,Wholesale Client,GCash,Completed,ORD962381,Automated migration
2026-04-26,Radiator,Cooling system,2,3333.56,426.76,6667.12,Walk-in Customer,Cash,Completed,ORD962382,Automated migration
2026-04-26,Clutch Kit,Transmission system,1,8004.0,84.02,8004.0,Wholesale Client,Check,Completed,ORD962383,Automated migration
2026-04-26,Oil Filter,Engine system,4,175.39,326.51,701.56,Wholesale Client,Cash,Completed,ORD962384,Automated migration
2026-04-26,Fuel Pump,Fuel system,4,6134.64,593.6,24538.56,Wholesale Client,Cash,Completed,ORD962385,Automated migration
2026-04-26,Radiator,Cooling system,10,3253.38,525.74,32533.8,Walk-in Customer,Check,Completed,ORD962386,Automated migration
2026-04-26,Oil Filter,Engine system,10,310.48,55.75,3104.8,Walk-in Customer,GCash,Completed,ORD962387,Automated migration
2026-04-26,Fuel Pump,Fuel system,2,5422.48,252.54,10844.96,Wholesale Client,Cash,Completed,ORD962388,Automated migration
2026-04-26,Air Filter,Engine system,5,384.49,618.01,1922.45,Wholesale Client,Cash,Completed,ORD962389,Automated migration
2026-04-26,Fuel Pump,Fuel system,5,6721.46,423.6,33607.3,Walk-in Customer,Check,Completed,ORD962390,Automated migration
2026-04-26,Fuel Pump,Fuel system,5,5780.46,675.42,28902.3,Wholesale Client,Check,Completed,ORD962391,Automated migration
2026-04-26,Shock Absorber,Suspension system,7,5285.1,653.54,36995.7,Wholesale Client,GCash,Completed,ORD962392,Automated migration
2026-04-27,Radiator,Cooling system,1,3276.62,345.19,3276.62,Wholesale Client,Bank Transfer,Completed,ORD962393,Automated migration
2026-04-27,Radiator,Cooling system,6,4707.52,674.88,28245.12,Wholesale Client,Bank Transfer,Completed,ORD962394,Automated migration
2026-04-27,Battery,Electrical system,3,8064.7,534.97,24194.1,Walk-in Customer,Check,Completed,ORD962395,Automated migration
2026-04-27,Brake Pad,Brake system,6,1642.74,354.27,9856.44,Retail Client,Bank Transfer,Completed,ORD962396,Automated migration
2026-04-27,Brake Pad,Brake system,10,3161.29,459.52,31612.9,Walk-in Customer,Bank Transfer,Completed,ORD962397,Automated migration
2026-04-27,Radiator,Cooling system,7,6475.44,458.38,45328.08,Retail Client,Check,Completed,ORD962398,Automated migration
2026-04-27,Brake Pad,Brake system,1,3381.04,2.09,3381.04,Wholesale Client,Check,Completed,ORD962399,Automated migration
2026-04-27,Oil Filter,Engine system,3,165.01,517.57,495.03,Walk-in Customer,Bank Transfer,Completed,ORD962400,Automated migration
2026-04-27,Battery,Electrical system,0,4819.81,0.0,0.0,Retail Client,Cash,Completed,ORD962401,Automated migration
2026-04-27,Alternator,Electrical system,9,9063.06,509.3,81567.54,Walk-in Customer,Bank Transfer,Completed,ORD962402,Automated migration
2026-04-27,Clutch Kit,Transmission system,6,8912.26,159.92,53473.56,Retail Client,Bank Transfer,Completed,ORD962403,Automated migration
2026-04-27,Clutch Kit,Transmission system,5,7462.71,84.39,37313.55,Retail Client,Check,Completed,ORD962404,Automated migration
2026-04-27,Radiator,Cooling system,5,6702.21,556.7,33511.05,Retail Client,Check,Completed,ORD962405,Automated migration
2026-04-27,Battery,Electrical system,10,6590.38,642.13,65903.8,Retail Client,GCash,Completed,ORD962406,Automated migration
2026-04-27,Clutch Kit,Transmission system,7,7047.79,439.38,49334.53,Retail Client,Check,Completed,ORD962407,Automated migration
2026-04-28,Alternator,Electrical system,4,11670.76,179.21,46683.04,Walk-in Customer,Bank Transfer,Completed,ORD962408,Automated migration
2026-04-28,Air Filter,Engine system,5,238.91,687.96,1194.55,Retail Client,Bank Transfer,Completed,ORD962409,Automated migration
2026-04-28,Shock Absorber,Suspension system,2,5141.34,255.22,10282.68,Retail Client,GCash,Completed,ORD962410,Automated migration
2026-04-28,Brake Pad,Brake system,1,2874.28,690.02,2874.28,Wholesale Client,Bank Transfer,Completed,ORD962411,Automated migration
2026-04-28,Spark Plug,Ignition system,9,199.77,226.64,1797.93,Retail Client,Check,Completed,ORD962412,Automated migration
2026-04-28,Battery,Electrical system,6,6404.94,266.22,38429.64,Retail Client,Cash,Completed,ORD962413,Automated migration
2026-04-28,Clutch Kit,Transmission system,8,9998.19,230.79,79985.52,Walk-in Customer,Bank Transfer,Completed,ORD962414,Automated migration
2026-04-28,Air Filter,Engine system,8,301.09,45.31,2408.72,Retail Client,Check,Completed,ORD962415,Automated migration
2026-04-28,Alternator,Electrical system,7,8026.0,112.02,56182.0,Walk-in Customer,Check,Completed,ORD962416,Automated migration
2026-04-28,Oil Filter,Engine system,8,217.66,484.24,1741.28,Walk-in Customer,Bank Transfer,Completed,ORD962417,Automated migration
2026-04-28,Brake Pad,Brake system,10,2806.44,101.93,28064.4,Retail Client,GCash,Completed,ORD962418,Automated migration
2026-04-28,Clutch Kit,Transmission system,3,7629.24,671.0,22887.72,Walk-in Customer,Bank Transfer,Completed,ORD962419,Automated migration
2026-04-28,Oil Filter,Engine system,5,134.27,631.99,671.35,Walk-in Customer,Cash,Completed,ORD962420,Automated migration
2026-04-28,Fuel Pump,Fuel system,4,4093.18,537.75,16372.72,Wholesale Client,Bank Transfer,Completed,ORD962421,Automated migration
2026-04-28,Spark Plug,Ignition system,1,536.17,76.32,536.17,Retail Client,Cash,Completed,ORD962422,Automated migration
2026-04-28,Fuel Pump,Fuel system,1,6649.85,174.81,6649.85,Retail Client,Bank Transfer,Completed,ORD962423,Automated migration
2026-04-29,Spark Plug,Ignition system,8,472.42,290.61,3779.36,Wholesale Client,Bank Transfer,Completed,ORD962424,Automated migration
2026-04-29,Shock Absorber,Suspension system,5,4587.43,304.59,22937.15,Retail Client,Bank Transfer,Completed,ORD962425,Automated migration
2026-04-29,Brake Pad,Brake system,8,1641.42,652.1,13131.36,Wholesale Client,Bank Transfer,Completed,ORD962426,Automated migration
2026-04-29,Brake Pad,Brake system,5,1584.97,493.2,7924.85,Wholesale Client,Check,Completed,ORD962427,Automated migration
2026-04-29,Clutch Kit,Transmission system,5,7854.24,304.06,39271.2,Walk-in Customer,Cash,Completed,ORD962428,Automated migration
2026-04-29,Air Filter,Engine system,2,288.72,141.87,577.44,Retail Client,Cash,Completed,ORD962429,Automated migration
2026-04-29,Radiator,Cooling system,7,3130.97,642.55,21916.79,Retail Client,Check,Completed,ORD962430,Automated migration
2026-04-29,Oil Filter,Engine system,3,312.25,162.48,936.75,Wholesale Client,Check,Completed,ORD962431,Automated migration
2026-04-29,Battery,Electrical system,2,7956.64,212.04,15913.28,Wholesale Client,Check,Completed,ORD962432,Automated migration
2026-04-29,Battery,Electrical system,2,4613.95,476.52,9227.9,Retail Client,GCash,Completed,ORD962433,Automated migration
2026-04-29,Alternator,Electrical system,2,8250.57,66.94,16501.14,Retail Client,Check,Completed,ORD962434,Automated migration
2026-04-29,Shock Absorber,Suspension system,7,2529.76,105.53,17708.32,Walk-in Customer,Check,Completed,ORD962435,Automated migration
2026-04-29,Fuel Pump,Fuel system,7,3574.52,25.38,25021.64,Wholesale Client,Check,Completed,ORD962436,Automated migration
2026-04-29,Fuel Pump,Fuel system,5,4814.07,86.39,24070.35,Wholesale Client,Cash,Completed,ORD962437,Automated migration
2026-04-29,Radiator,Cooling system,6,7701.09,674.18,46206.54,Retail Client,Bank Transfer,Completed,ORD962438,Automated migration
2026-04-29,Radiator,Cooling system,5,4065.1,636.03,20325.5,Wholesale Client,GCash,Completed,ORD962439,Automated migration
2026-04-29,Air Filter,Engine system,7,329.64,370.63,2307.48,Walk-in Customer,Check,Completed,ORD962440,Automated migration
2026-04-29,Alternator,Electrical system,4,9157.19,332.25,36628.76,Wholesale Client,Cash,Completed,ORD962441,Automated migration
2026-04-29,Clutch Kit,Transmission system,10,12328.46,65.2,123284.6,Walk-in Customer,Bank Transfer,Completed,ORD962442,Automated migration
2026-04-29,Air Filter,Engine system,7,219.54,681.02,1536.78,Retail Client,Bank Transfer,Completed,ORD962443,Automated migration
2026-04-29,Oil Filter,Engine system,8,341.62,189.01,2732.96,Retail Client,Bank Transfer,Completed,ORD962444,Automated migration
2026-04-29,Spark Plug,Ignition system,10,591.65,214.62,5916.5,Walk-in Customer,Bank Transfer,Completed,ORD962445,Automated migration
2026-04-29,Radiator,Cooling system,10,6853.93,450.83,68539.3,Wholesale Client,Bank Transfer,Completed,ORD962446,Automated migration
2026-04-29,Fuel Pump,Fuel system,3,5638.64,86.9,16915.92,Retail Client,Bank Transfer,Completed,ORD962447,Automated migration
2026-04-30,Alternator,Electrical system,7,7661.83,115.09,53632.81,Walk-in Customer,Check,Completed,ORD962448,Automated migration
2026-04-30,Battery,Electrical system,2,8032.45,272.29,16064.9,Retail Client,Cash,Completed,ORD962449,Automated migration
2026-04-30,Spark Plug,Ignition system,9,498.35,215.48,4485.15,Wholesale Client,GCash,Completed,ORD962450,Automated migration
2026-04-30,Battery,Electrical system,7,8952.48,163.65,62667.36,Walk-in Customer,Bank Transfer,Completed,ORD962451,Automated migration
2026-04-30,Battery,Electrical system,5,7195.05,11.28,35975.25,Wholesale Client,Cash,Completed,ORD962452,Automated migration
2026-04-30,Clutch Kit,Transmission system,4,11844.13,186.41,47376.52,Wholesale Client,Cash,Completed,ORD962453,Automated migration
2026-04-30,Alternator,Electrical system,0,7117.61,0.0,0.0,Retail Client,Bank Transfer,Completed,ORD962454,Automated migration
2026-04-30,Alternator,Electrical system,6,11566.16,296.95,69396.96,Wholesale Client,Check,Completed,ORD962455,Automated migration
2026-04-30,Battery,Electrical system,3,5961.64,483.99,17884.92,Walk-in Customer,Cash,Completed,ORD962456,Automated migration
2026-04-30,Brake Pad,Brake system,7,1489.41,331.73,10425.87,Walk-in Customer,Check,Completed,ORD962457,Automated migration
2026-04-30,Clutch Kit,Transmission system,10,12104.96,538.78,121049.6,Retail Client,Check,Completed,ORD962458,Automated migration
2026-04-30,Brake Pad,Brake system,0,2197.87,0.0,0.0,Walk-in Customer,GCash,Completed,ORD962459,Automated migration
2026-04-30,Brake Pad,Brake system,8,3353.13,346.4,26825.04,Wholesale Client,Check,Completed,ORD962460,Automated migration
2026-04-30,Fuel Pump,Fuel system,5,2891.49,360.25,14457.45,Walk-in Customer,Cash,Completed,ORD962461,Automated migration
2026-04-30,Brake Pad,Brake system,2,2923.54,543.09,5847.08,Walk-in Customer,Bank Transfer,Completed,ORD962462,Automated migration
2026-04-30,Battery,Electrical system,3,5633.13,340.18,16899.39,Wholesale Client,GCash,Completed,ORD962463,Automated migration
2026-04-30,Alternator,Electrical system,5,7896.18,116.15,39480.9,Retail Client,Bank Transfer,Completed,ORD962464,Automated migration
2026-04-30,Spark Plug,Ignition system,3,271.33,129.06,813.99,Wholesale Client,GCash,Completed,ORD962465,Automated migration
2026-04-30,Oil Filter,Engine system,4,237.56,53.84,950.24,Retail Client,Cash,Completed,ORD962466,Automated migration
2026-04-30,Oil Filter,Engine system,0,149.26,0.0,0.0,Walk-in Customer,Bank Transfer,Completed,ORD962467,Automated migration
2026-04-30,Spark Plug,Ignition system,5,451.17,98.99,2255.85,Walk-in Customer,Bank Transfer,Completed,ORD962468,Automated migration
2026-05-01,Battery,Electrical system,8,6746.92,697.51,53975.36,Wholesale Client,Check,Completed,ORD962469,Automated migration
2026-05-01,Air Filter,Engine system,7,328.24,100.62,2297.68,Retail Client,GCash,Completed,ORD962470,Automated migration
2026-05-01,Radiator,Cooling system,10,5099.5,382.53,50995.0,Walk-in Customer,Cash,Completed,ORD962471,Automated migration
2026-05-01,Brake Pad,Brake system,8,2338.52,228.73,18708.16,Walk-in Customer,Bank Transfer,Completed,ORD962472,Automated migration
2026-05-01,Air Filter,Engine system,0,278.49,0.0,0.0,Walk-in Customer,Cash,Completed,ORD962473,Automated migration
2026-05-01,Spark Plug,Ignition system,8,207.1,603.28,1656.8,Walk-in Customer,GCash,Completed,ORD962474,Automated migration
2026-05-01,Oil Filter,Engine system,8,125.2,515.64,1001.6,Walk-in Customer,Bank Transfer,Completed,ORD962475,Automated migration
2026-05-01,Clutch Kit,Transmission system,1,10612.09,350.12,10612.09,Retail Client,Cash,Completed,ORD962476,Automated migration
2026-05-01,Clutch Kit,Transmission system,3,12006.29,471.74,36018.87,Wholesale Client,Check,Completed,ORD962477,Automated migration
2026-05-01,Air Filter,Engine system,0,359.18,0.0,0.0,Walk-in Customer,Check,Completed,ORD962478,Automated migration
2026-05-01,Brake Pad,Brake system,4,3331.97,306.17,13327.88,Wholesale Client,GCash,Completed,ORD962479,Automated migration
2026-05-01,Radiator,Cooling system,3,4768.48,691.02,14305.44,Walk-in Customer,Bank Transfer,Completed,ORD962480,Automated migration
2026-05-01,Oil Filter,Engine system,0,324.64,0.0,0.0,Walk-in Customer,GCash,Completed,ORD962481,Automated migration
2026-05-01,Alternator,Electrical system,0,11728.83,0.0,0.0,Walk-in Customer,Bank Transfer,Completed,ORD962482,Automated migration
2026-05-01,Oil Filter,Engine system,8,120.29,479.12,962.32,Wholesale Client,Cash,Completed,ORD962483,Automated migration
2026-05-01,Fuel Pump,Fuel system,10,2890.14,509.03,28901.4,Retail Client,Cash,Completed,ORD962484,Automated migration
2026-05-01,Clutch Kit,Transmission system,1,13500.85,452.43,13500.85,Walk-in Customer,Bank Transfer,Completed,ORD962485,Automated migration
2026-05-01,Alternator,Electrical system,2,7646.83,470.42,15293.66,Retail Client,Check,Completed,ORD962486,Automated migration
2026-05-01,Air Filter,Engine system,5,352.66,436.19,1763.3,Wholesale Client,Cash,Completed,ORD962487,Automated migration
2026-05-01,Oil Filter,Engine system,6,168.47,239.33,1010.82,Wholesale Client,Bank Transfer,Completed,ORD962488,Automated migration
2026-05-01,Spark Plug,Ignition system,1,556.15,697.3,556.15,Walk-in Customer,Cash,Completed,ORD962489,Automated migration
2026-05-01,Radiator,Cooling system,5,7571.05,482.37,37855.25,Walk-in Customer,GCash,Completed,ORD962490,Automated migration
2026-05-02,Shock Absorber,Suspension system,5,3814.11,402.57,19070.55,Retail Client,Cash,Completed,ORD962491,Automated migration
2026-05-02,Radiator,Cooling system,0,7570.61,0.0,0.0,Wholesale Client,Cash,Completed,ORD962492,Automated migration
2026-05-02,Alternator,Electrical system,10,7874.07,544.01,78740.7,Retail Client,GCash,Completed,ORD962493,Automated migration
2026-05-02,Clutch Kit,Transmission system,8,7614.26,167.09,60914.08,Retail Client,Check,Completed,ORD962494,Automated migration
2026-05-02,Battery,Electrical system,10,7027.74,120.95,70277.4,Walk-in Customer,Check,Completed,ORD962495,Automated migration
2026-05-02,Shock Absorber,Suspension system,4,5788.64,353.53,23154.56,Retail Client,Bank Transfer,Completed,ORD962496,Automated migration
2026-05-02,Air Filter,Engine system,10,245.23,435.78,2452.3,Wholesale Client,Cash,Completed,ORD962497,Automated migration
2026-05-02,Air Filter,Engine system,8,314.39,394.7,2515.12,Wholesale Client,Cash,Completed,ORD962498,Automated migration
2026-05-02,Fuel Pump,Fuel system,5,4958.92,132.28,24794.6,Walk-in Customer,Check,Completed,ORD962499,Automated migration
2026-05-02,Radiator,Cooling system,5,3930.32,325.51,19651.6,Retail Client,GCash,Completed,ORD962500,Automated migration
2026-05-02,Air Filter,Engine system,2,335.32,586.2,670.64,Wholesale Client,GCash,Completed,ORD962501,Automated migration
2026-05-02,Clutch Kit,Transmission system,1,7158.72,115.41,7158.72,Walk-in Customer,Bank Transfer,Completed,ORD962502,Automated migration
2026-05-02,Battery,Electrical system,2,7029.24,418.46,14058.48,Wholesale Client,Bank Transfer,Completed,ORD962503,Automated migration
2026-05-02,Fuel Pump,Fuel system,7,6024.61,195.03,42172.27,Walk-in Customer,Bank Transfer,Completed,ORD962504,Automated migration
2026-05-02,Shock Absorber,Suspension system,0,2179.92,0.0,0.0,Walk-in Customer,GCash,Completed,ORD962505,Automated migration
2026-05-02,Clutch Kit,Transmission system,5,6672.59,569.57,33362.95,Retail Client,Check,Completed,ORD962506,Automated migration
2026-05-02,Fuel Pump,Fuel system,9,6657.4,267.79,59916.6,Walk-in Customer,Check,Completed,ORD962507,Automated migration
2026-05-02,Shock Absorber,Suspension system,7,4986.22,30.05,34903.54,Retail Client,Cash,Completed,ORD962508,Automated migration
2026-05-02,Brake Pad,Brake system,5,2493.86,346.35,12469.3,Walk-in Customer,Bank Transfer,Completed,ORD962509,Automated migration
2026-05-02,Radiator,Cooling system,3,3663.58,49.09,10990.74,Retail Client,Bank Transfer,Completed,ORD962510,Automated migration
2026-05-02,Brake Pad,Brake system,3,3251.68,211.42,9755.04,Retail Client,Cash,Completed,ORD962511,Automated migration
2026-05-02,Spark Plug,Ignition system,6,227.35,248.07,1364.1,Retail Client,GCash,Completed,ORD962512,Automated migration
2026-05-02,Battery,Electrical system,4,4612.51,604.07,18450.04,Walk-in Customer,Cash,Completed,ORD962513,Automated migration
2026-05-02,Oil Filter,Engine system,2,309.92,502.24,619.84,Retail Client,Check,Completed,ORD962514,Automated migration
2026-05-02,Shock Absorber,Suspension system,5,2100.98,10.95,10504.9,Wholesale Client,Cash,Completed,ORD962515,Automated migration
2026-05-02,Alternator,Electrical system,2,9501.06,499.5,19002.12,Retail Client,Cash,Completed,ORD962516,Automated migration
2026-05-03,Shock Absorber,Suspension system,6,2557.43,683.28,15344.58,Walk-in Customer,Check,Completed,ORD962517,Automated migration
2026-05-03,Brake Pad,Brake system,3,3450.26,325.87,10350.78,Wholesale Client,Check,Completed,ORD962518,Automated migration
2026-05-03,Oil Filter,Engine system,8,175.82,283.33,1406.56,Wholesale Client,Cash,Completed,ORD962519,Automated migration
2026-05-03,Radiator,Cooling system,7,8149.61,664.82,57047.27,Retail Client,Check,Completed,ORD962520,Automated migration
2026-05-03,Alternator,Electrical system,9,10358.05,84.2,93222.45,Wholesale Client,GCash,Completed,ORD962521,Automated migration
2026-05-03,Fuel Pump,Fuel system,6,3125.17,30.98,18751.02,Retail Client,Cash,Completed,ORD962522,Automated migration
2026-05-03,Clutch Kit,Transmission system,2,5345.87,472.52,10691.74,Walk-in Customer,Check,Completed,ORD962523,Automated migration
2026-05-03,Fuel Pump,Fuel system,6,6158.74,356.31,36952.44,Wholesale Client,Check,Completed,ORD962524,Automated migration
2026-05-03,Battery,Electrical system,8,5496.87,121.71,43974.96,Walk-in Customer,Cash,Completed,ORD962525,Automated migration
2026-05-03,Shock Absorber,Suspension system,2,4412.92,464.87,8825.84,Retail Client,Bank Transfer,Completed,ORD962526,Automated migration
2026-05-03,Battery,Electrical system,5,6683.73,591.96,33418.65,Retail Client,Bank Transfer,Completed,ORD962527,Automated migration
2026-05-03,Shock Absorber,Suspension system,6,4826.31,277.66,28957.86,Wholesale Client,GCash,Completed,ORD962528,Automated migration
2026-05-03,Brake Pad,Brake system,10,2539.87,465.01,25398.7,Walk-in Customer,Check,Completed,ORD962529,Automated migration
2026-05-03,Alternator,Electrical system,7,10030.66,438.05,70214.62,Wholesale Client,Bank Transfer,Completed,ORD962530,Automated migration
2026-05-03,Battery,Electrical system,5,6899.24,217.01,34496.2,Retail Client,Check,Completed,ORD962531,Automated migration
2026-05-03,Shock Absorber,Suspension system,6,4859.86,505.83,29159.16,Wholesale Client,GCash,Completed,ORD962532,Automated migration
2026-05-03,Battery,Electrical system,9,8573.66,50.76,77162.94,Wholesale Client,Cash,Completed,ORD962533,Automated migration
2026-05-03,Oil Filter,Engine system,8,310.54,123.02,2484.32,Wholesale Client,GCash,Completed,ORD962534,Automated migration
2026-05-03,Clutch Kit,Transmission system,4,12358.91,691.68,49435.64,Wholesale Client,Cash,Completed,ORD962535,Automated migration
2026-05-03,Battery,Electrical system,3,6810.41,600.26,20431.23,Walk-in Customer,GCash,Completed,ORD962536,Automated migration
2026-05-03,Fuel Pump,Fuel system,4,3300.28,342.01,13201.12,Wholesale Client,Check,Completed,ORD962537,Automated migration
2026-05-03,Fuel Pump,Fuel system,7,6907.08,325.84,48349.56,Retail Client,GCash,Completed,ORD962538,Automated migration
2026-05-03,Spark Plug,Ignition system,5,276.97,66.22,1384.85,Walk-in Customer,GCash,Completed,ORD962539,Automated migration
2026-05-03,Radiator,Cooling system,6,3203.68,415.77,19222.08,Walk-in Customer,Cash,Completed,ORD962540,Automated migration
2026-05-03,Brake Pad,Brake system,4,1439.08,169.13,5756.32,Retail Client,GCash,Completed,ORD962541,Automated migration
2026-05-04,Battery,Electrical system,6,4439.18,549.52,26635.08,Walk-in Customer,Cash,Completed,ORD962542,Automated migration
2026-05-04,Battery,Electrical system,4,7483.42,233.12,29933.68,Wholesale Client,Check,Completed,ORD962543,Automated migration
2026-05-04,Air Filter,Engine system,6,389.16,290.52,2334.96,Walk-in Customer,Bank Transfer,Completed,ORD962544,Automated migration
2026-05-04,Alternator,Electrical system,9,7112.41,165.92,64011.69,Walk-in Customer,Bank Transfer,Completed,ORD962545,Automated migration
2026-05-04,Spark Plug,Ignition system,0,594.79,0.0,0.0,Wholesale Client,Check,Completed,ORD962546,Automated migration
2026-05-04,Fuel Pump,Fuel system,9,4156.97,444.63,37412.73,Retail Client,Cash,Completed,ORD962547,Automated migration
2026-05-04,Radiator,Cooling system,3,8754.1,117.94,26262.3,Retail Client,GCash,Completed,ORD962548,Automated migration
2026-05-04,Fuel Pump,Fuel system,3,4504.28,558.05,13512.84,Walk-in Customer,Bank Transfer,Completed,ORD962549,Automated migration
2026-05-04,Brake Pad,Brake system,9,2235.67,410.56,20121.03,Wholesale Client,Bank Transfer,Completed,ORD962550,Automated migration
2026-05-04,Brake Pad,Brake system,8,1775.12,51.22,14200.96,Retail Client,GCash,Completed,ORD962551,Automated migration
2026-05-04,Shock Absorber,Suspension system,3,2447.19,56.02,7341.57,Wholesale Client,GCash,Completed,ORD962552,Automated migration
2026-05-04,Spark Plug,Ignition system,6,230.35,117.85,1382.1,Retail Client,GCash,Completed,ORD962553,Automated migration
2026-05-04,Battery,Electrical system,9,5325.31,233.3,47927.79,Retail Client,Cash,Completed,ORD962554,Automated migration
2026-05-04,Alternator,Electrical system,6,8389.56,650.05,50337.36,Walk-in Customer,GCash,Completed,ORD962555,Automated migration
2026-05-04,Brake Pad,Brake system,5,1789.89,125.06,8949.45,Wholesale Client,GCash,Completed,ORD962556,Automated migration
2026-05-04,Battery,Electrical system,5,7200.76,504.52,36003.8,Walk-in Customer,Bank Transfer,Completed,ORD962557,Automated migration
2026-05-04,Spark Plug,Ignition system,2,430.71,401.24,861.42,Wholesale Client,Cash,Completed,ORD962558,Automated migration
2026-05-04,Oil Filter,Engine system,8,214.11,475.69,1712.88,Retail Client,Bank Transfer,Completed,ORD962559,Automated migration
2026-05-04,Radiator,Cooling system,2,8092.67,338.77,16185.34,Retail Client,Bank Transfer,Completed,ORD962560,Automated migration
2026-05-04,Brake Pad,Brake system,8,1705.83,277.8,13646.64,Walk-in Customer,Check,Completed,ORD962561,Automated migration
2026-05-04,Clutch Kit,Transmission system,7,13635.54,474.14,95448.78,Retail Client,GCash,Completed,ORD962562,Automated migration
2026-05-04,Alternator,Electrical system,6,10188.37,231.95,61130.22,Walk-in Customer,Cash,Completed,ORD962563,Automated migration
2026-05-04,Clutch Kit,Transmission system,0,10576.23,0.0,0.0,Retail Client,GCash,Completed,ORD962564,Automated migration
2026-05-05,Spark Plug,Ignition system,8,182.64,89.44,1461.12,Retail Client,Cash,Completed,ORD962565,Automated migration
2026-05-05,Shock Absorber,Suspension system,7,3271.52,635.07,22900.64,Wholesale Client,Cash,Completed,ORD962566,Automated migration
2026-05-05,Radiator,Cooling system,1,8292.51,58.81,8292.51,Wholesale Client,Bank Transfer,Completed,ORD962567,Automated migration
2026-05-05,Air Filter,Engine system,8,226.35,14.81,1810.8,Retail Client,Bank Transfer,Completed,ORD962568,Automated migration
2026-05-05,Battery,Electrical system,7,4846.95,117.99,33928.65,Walk-in Customer,Bank Transfer,Completed,ORD962569,Automated migration
2026-05-05,Oil Filter,Engine system,4,312.57,155.3,1250.28,Walk-in Customer,Check,Completed,ORD962570,Automated migration
2026-05-05,Brake Pad,Brake system,3,1290.77,261.26,3872.31,Walk-in Customer,GCash,Completed,ORD962571,Automated migration
2026-05-05,Shock Absorber,Suspension system,5,3266.12,386.32,16330.6,Retail Client,Cash,Completed,ORD962572,Automated migration
2026-05-05,Clutch Kit,Transmission system,3,13811.0,554.84,41433.0,Walk-in Customer,Bank Transfer,Completed,ORD962573,Automated migration
2026-05-05,Alternator,Electrical system,3,10982.79,244.93,32948.37,Walk-in Customer,Check,Completed,ORD962574,Automated migration
2026-05-05,Spark Plug,Ignition system,7,323.63,673.29,2265.41,Wholesale Client,Bank Transfer,Completed,ORD962575,Automated migration
2026-05-05,Alternator,Electrical system,5,9080.91,505.17,45404.55,Retail Client,Check,Completed,ORD962576,Automated migration
2026-05-05,Oil Filter,Engine system,6,182.24,127.08,1093.44,Retail Client,GCash,Completed,ORD962577,Automated migration
2026-05-05,Air Filter,Engine system,10,358.78,129.63,3587.8,Wholesale Client,GCash,Completed,ORD962578,Automated migration
2026-05-05,Clutch Kit,Transmission system,3,11894.01,76.47,35682.03,Walk-in Customer,Bank Transfer,Completed,ORD962579,Automated migration
2026-05-05,Clutch Kit,Transmission system,10,8361.53,660.44,83615.3,Wholesale Client,Cash,Completed,ORD962580,Automated migration
2026-05-05,Spark Plug,Ignition system,6,175.32,318.33,1051.92,Wholesale Client,Cash,Completed,ORD962581,Automated migration
2026-05-05,Battery,Electrical system,8,5176.95,687.81,41415.6,Walk-in Customer,Check,Completed,ORD962582,Automated migration
2026-05-05,Spark Plug,Ignition system,6,337.25,49.94,2023.5,Walk-in Customer,Cash,Completed,ORD962583,Automated migration
2026-05-05,Spark Plug,Ignition system,8,271.07,9.96,2168.56,Walk-in Customer,Bank Transfer,Completed,ORD962584,Automated migration
2026-05-05,Battery,Electrical system,0,6844.98,0.0,0.0,Walk-in Customer,Check,Completed,ORD962585,Automated migration
2026-05-05,Brake Pad,Brake system,4,2044.07,280.28,8176.28,Retail Client,GCash,Completed,ORD962586,Automated migration
2026-05-06,Fuel Pump,Fuel system,10,6860.38,466.27,68603.8,Retail Client,Bank Transfer,Completed,ORD962587,Automated migration
2026-05-06,Alternator,Electrical system,8,8079.36,386.55,64634.88,Retail Client,Check,Completed,ORD962588,Automated migration
2026-05-06,Radiator,Cooling system,5,4758.43,510.87,23792.15,Wholesale Client,GCash,Completed,ORD962589,Automated migration
2026-05-06,Oil Filter,Engine system,5,161.21,106.58,806.05,Walk-in Customer,Cash,Completed,ORD962590,Automated migration
2026-05-06,Clutch Kit,Transmission system,0,12511.08,0.0,0.0,Retail Client,Bank Transfer,Completed,ORD962591,Automated migration
2026-05-06,Clutch Kit,Transmission system,3,11368.91,456.82,34106.73,Retail Client,GCash,Completed,ORD962592,Automated migration
2026-05-06,Clutch Kit,Transmission system,2,13682.89,165.4,27365.78,Wholesale Client,Bank Transfer,Completed,ORD962593,Automated migration
2026-05-06,Clutch Kit,Transmission system,6,6770.95,199.09,40625.7,Walk-in Customer,GCash,Completed,ORD962594,Automated migration
2026-05-06,Air Filter,Engine system,8,255.48,589.93,2043.84,Retail Client,GCash,Completed,ORD962595,Automated migration
2026-05-06,Battery,Electrical system,9,4561.45,657.8,41053.05,Wholesale Client,Bank Transfer,Completed,ORD962596,Automated migration
2026-05-06,Clutch Kit,Transmission system,4,13705.08,393.38,54820.32,Wholesale Client,GCash,Completed,ORD962597,Automated migration
2026-05-06,Alternator,Electrical system,0,11399.52,0.0,0.0,Retail Client,Check,Completed,ORD962598,Automated migration
2026-05-06,Radiator,Cooling system,4,6687.15,682.68,26748.6,Wholesale Client,Check,Completed,ORD962599,Automated migration
2026-05-06,Alternator,Electrical system,5,7458.1,142.62,37290.5,Walk-in Customer,GCash,Completed,ORD962600,Automated migration
2026-05-07,Battery,Electrical system,1,6155.81,235.25,6155.81,Walk-in Customer,Bank Transfer,Completed,ORD962601,Automated migration
2026-05-07,Radiator,Cooling system,1,6313.54,659.38,6313.54,Retail Client,Cash,Completed,ORD962602,Automated migration
2026-05-07,Brake Pad,Brake system,1,3225.75,633.03,3225.75,Retail Client,Check,Completed,ORD962603,Automated migration
2026-05-07,Alternator,Electrical system,9,11991.52,247.52,107923.68,Wholesale Client,Bank Transfer,Completed,ORD962604,Automated migration
2026-05-07,Battery,Electrical system,8,4807.76,587.4,38462.08,Wholesale Client,Bank Transfer,Completed,ORD962605,Automated migration
2026-05-07,Brake Pad,Brake system,4,2706.31,685.42,10825.24,Wholesale Client,GCash,Completed,ORD962606,Automated migration
2026-05-07,Air Filter,Engine system,5,372.5,81.46,1862.5,Retail Client,Cash,Completed,ORD962607,Automated migration
2026-05-07,Alternator,Electrical system,5,11924.69,375.13,59623.45,Walk-in Customer,Bank Transfer,Completed,ORD962608,Automated migration
2026-05-07,Fuel Pump,Fuel system,7,3872.28,216.28,27105.96,Walk-in Customer,Cash,Completed,ORD962609,Automated migration
2026-05-07,Alternator,Electrical system,7,7945.7,368.4,55619.9,Wholesale Client,Cash,Completed,ORD962610,Automated migration
2026-05-07,Brake Pad,Brake system,8,3044.0,231.2,24352.0,Wholesale Client,GCash,Completed,ORD962611,Automated migration
2026-05-07,Air Filter,Engine system,0,202.41,0.0,0.0,Retail Client,GCash,Completed,ORD962612,Automated migration
2026-05-07,Alternator,Electrical system,6,7195.12,613.02,43170.72,Retail Client,Bank Transfer,Completed,ORD962613,Automated migration
2026-05-07,Clutch Kit,Transmission system,6,8351.83,5.92,50110.98,Walk-in Customer,Check,Completed,ORD962614,Automated migration
2026-05-07,Air Filter,Engine system,1,366.19,535.62,366.19,Walk-in Customer,Check,Completed,ORD962615,Automated migration
2026-05-07,Clutch Kit,Transmission system,1,13875.87,536.56,13875.87,Retail Client,GCash,Completed,ORD962616,Automated migration
2026-05-07,Clutch Kit,Transmission system,1,10097.39,428.07,10097.39,Walk-in Customer,GCash,Completed,ORD962617,Automated migration
2026-05-07,Battery,Electrical system,3,4222.22,410.71,12666.66,Walk-in Customer,Cash,Completed,ORD962618,Automated migration
2026-05-07,Clutch Kit,Transmission system,8,9637.63,611.57,77101.04,Retail Client,Check,Completed,ORD962619,Automated migration
2026-05-07,Oil Filter,Engine system,7,273.19,400.43,1912.33,Wholesale Client,Cash,Completed,ORD962620,Automated migration
2026-05-07,Air Filter,Engine system,5,371.76,396.45,1858.8,Walk-in Customer,Check,Completed,ORD962621,Automated migration
2026-05-07,Air Filter,Engine system,4,333.36,136.73,1333.44,Wholesale Client,GCash,Completed,ORD962622,Automated migration
2026-05-07,Battery,Electrical system,8,4319.32,661.39,34554.56,Wholesale Client,GCash,Completed,ORD962623,Automated migration
2026-05-07,Radiator,Cooling system,7,5448.6,619.51,38140.2,Walk-in Customer,Bank Transfer,Completed,ORD962624,Automated migration
2026-05-07,Air Filter,Engine system,7,384.35,605.41,2690.45,Walk-in Customer,GCash,Completed,ORD962625,Automated migration
2026-05-07,Fuel Pump,Fuel system,10,3740.24,670.92,37402.4,Wholesale Client,Cash,Completed,ORD962626,Automated migration
2026-05-07,Oil Filter,Engine system,7,169.98,209.84,1189.86,Retail Client,Cash,Completed,ORD962627,Automated migration
2026-05-08,Alternator,Electrical system,6,9627.23,659.52,57763.38,Retail Client,Cash,Completed,ORD962628,Automated migration
2026-05-08,Clutch Kit,Transmission system,10,9532.17,14.37,95321.7,Walk-in Customer,GCash,Completed,ORD962629,Automated migration
2026-05-08,Alternator,Electrical system,6,8051.11,98.03,48306.66,Retail Client,Check,Completed,ORD962630,Automated migration
2026-05-08,Brake Pad,Brake system,0,2446.68,0.0,0.0,Walk-in Customer,Check,Completed,ORD962631,Automated migration
2026-05-08,Alternator,Electrical system,7,11269.61,259.74,78887.27,Retail Client,GCash,Completed,ORD962632,Automated migration
2026-05-08,Spark Plug,Ignition system,7,424.79,248.09,2973.53,Retail Client,GCash,Completed,ORD962633,Automated migration
2026-05-08,Oil Filter,Engine system,8,292.35,557.89,2338.8,Wholesale Client,Cash,Completed,ORD962634,Automated migration
2026-05-08,Fuel Pump,Fuel system,1,5019.24,381.36,5019.24,Walk-in Customer,Bank Transfer,Completed,ORD962635,Automated migration
2026-05-08,Fuel Pump,Fuel system,7,6915.35,113.99,48407.45,Walk-in Customer,GCash,Completed,ORD962636,Automated migration
2026-05-08,Air Filter,Engine system,0,205.38,0.0,0.0,Retail Client,Check,Completed,ORD962637,Automated migration
2026-05-08,Brake Pad,Brake system,9,2805.97,495.57,25253.73,Retail Client,Cash,Completed,ORD962638,Automated migration
2026-05-08,Battery,Electrical system,8,5212.64,119.76,41701.12,Retail Client,GCash,Completed,ORD962639,Automated migration
2026-05-08,Spark Plug,Ignition system,5,350.79,616.64,1753.95,Walk-in Customer,GCash,Completed,ORD962640,Automated migration
2026-05-08,Fuel Pump,Fuel system,5,4113.48,685.63,20567.4,Walk-in Customer,Check,Completed,ORD962641,Automated migration
2026-05-08,Oil Filter,Engine system,8,342.46,320.08,2739.68,Wholesale Client,GCash,Completed,ORD962642,Automated migration
2026-05-08,Shock Absorber,Suspension system,1,2489.53,564.97,2489.53,Walk-in Customer,Check,Completed,ORD962643,Automated migration
2026-05-08,Air Filter,Engine system,10,362.44,10.9,3624.4,Walk-in Customer,Bank Transfer,Completed,ORD962644,Automated migration
2026-05-08,Shock Absorber,Suspension system,9,2657.06,107.28,23913.54,Walk-in Customer,Bank Transfer,Completed,ORD962645,Automated migration
2026-05-08,Radiator,Cooling system,4,6515.53,291.97,26062.12,Walk-in Customer,Cash,Completed,ORD962646,Automated migration
2026-05-08,Air Filter,Engine system,4,369.22,580.34,1476.88,Retail Client,Bank Transfer,Completed,ORD962647,Automated migration
2026-05-08,Oil Filter,Engine system,8,227.68,361.9,1821.44,Wholesale Client,GCash,Completed,ORD962648,Automated migration
2026-05-08,Oil Filter,Engine system,1,298.44,101.68,298.44,Walk-in Customer,Cash,Completed,ORD962649,Automated migration
2026-05-08,Air Filter,Engine system,1,215.27,477.48,215.27,Retail Client,Cash,Completed,ORD962650,Automated migration
2026-05-08,Spark Plug,Ignition system,10,335.31,538.57,3353.1,Wholesale Client,Cash,Completed,ORD962651,Automated migration
2026-05-09,Radiator,Cooling system,0,5287.64,0.0,0.0,Wholesale Client,Check,Completed,ORD962652,Automated migration
2026-05-09,Shock Absorber,Suspension system,7,4507.36,613.13,31551.52,Wholesale Client,Bank Transfer,Completed,ORD962653,Automated migration
2026-05-09,Spark Plug,Ignition system,8,316.03,44.39,2528.24,Walk-in Customer,Check,Completed,ORD962654,Automated migration
2026-05-09,Alternator,Electrical system,0,9340.78,0.0,0.0,Wholesale Client,Check,Completed,ORD962655,Automated migration
2026-05-09,Fuel Pump,Fuel system,7,6073.05,695.66,42511.35,Wholesale Client,Cash,Completed,ORD962656,Automated migration
2026-05-09,Alternator,Electrical system,3,9863.91,67.89,29591.73,Walk-in Customer,Cash,Completed,ORD962657,Automated migration
2026-05-09,Shock Absorber,Suspension system,4,4839.84,497.93,19359.36,Wholesale Client,Cash,Completed,ORD962658,Automated migration
2026-05-09,Brake Pad,Brake system,4,2576.63,50.01,10306.52,Walk-in Customer,Cash,Completed,ORD962659,Automated migration
2026-05-09,Alternator,Electrical system,6,8735.73,540.09,52414.38,Retail Client,GCash,Completed,ORD962660,Automated migration
2026-05-09,Spark Plug,Ignition system,0,383.04,0.0,0.0,Wholesale Client,Check,Completed,ORD962661,Automated migration
2026-05-09,Alternator,Electrical system,8,9750.87,116.16,78006.96,Walk-in Customer,Cash,Completed,ORD962662,Automated migration
2026-05-09,Brake Pad,Brake system,10,1549.65,256.64,15496.5,Walk-in Customer,Check,Completed,ORD962663,Automated migration
2026-05-09,Radiator,Cooling system,10,6684.96,46.64,66849.6,Retail Client,Bank Transfer,Completed,ORD962664,Automated migration
2026-05-09,Shock Absorber,Suspension system,0,2242.92,0.0,0.0,Walk-in Customer,GCash,Completed,ORD962665,Automated migration
2026-05-09,Battery,Electrical system,3,8688.85,395.75,26066.55,Walk-in Customer,Cash,Completed,ORD962666,Automated migration
2026-05-09,Air Filter,Engine system,3,247.71,287.55,743.13,Wholesale Client,Bank Transfer,Completed,ORD962667,Automated migration
2026-05-09,Shock Absorber,Suspension system,5,4116.81,77.88,20584.05,Wholesale Client,GCash,Completed,ORD962668,Automated migration
2026-05-09,Fuel Pump,Fuel system,5,4708.89,156.64,23544.45,Retail Client,Cash,Completed,ORD962669,Automated migration
2026-05-09,Battery,Electrical system,7,6373.45,64.52,44614.15,Retail Client,GCash,Completed,ORD962670,Automated migration
2026-05-10,Brake Pad,Brake system,0,1624.96,0.0,0.0,Wholesale Client,Cash,Completed,ORD962671,Automated migration
2026-05-10,Clutch Kit,Transmission system,8,5828.61,464.92,46628.88,Walk-in Customer,GCash,Completed,ORD962672,Automated migration
2026-05-10,Fuel Pump,Fuel system,5,2969.18,288.71,14845.9,Retail Client,Check,Completed,ORD962673,Automated migration
2026-05-10,Clutch Kit,Transmission system,1,7725.61,245.32,7725.61,Retail Client,Cash,Completed,ORD962674,Automated migration
2026-05-10,Shock Absorber,Suspension system,3,4086.49,406.44,12259.47,Wholesale Client,Check,Completed,ORD962675,Automated migration
2026-05-10,Alternator,Electrical system,0,7073.39,0.0,0.0,Wholesale Client,Cash,Completed,ORD962676,Automated migration
2026-05-10,Fuel Pump,Fuel system,9,4660.14,472.6,41941.26,Retail Client,GCash,Completed,ORD962677,Automated migration
2026-05-10,Spark Plug,Ignition system,1,399.03,587.77,399.03,Wholesale Client,Bank Transfer,Completed,ORD962678,Automated migration
2026-05-10,Shock Absorber,Suspension system,10,3786.68,27.73,37866.8,Retail Client,Cash,Completed,ORD962679,Automated migration
2026-05-10,Clutch Kit,Transmission system,3,5496.46,339.01,16489.38,Retail Client,GCash,Completed,ORD962680,Automated migration
2026-05-10,Oil Filter,Engine system,7,262.1,77.37,1834.7,Wholesale Client,Check,Completed,ORD962681,Automated migration
2026-05-10,Battery,Electrical system,5,5113.08,290.59,25565.4,Walk-in Customer,Bank Transfer,Completed,ORD962682,Automated migration
2026-05-10,Fuel Pump,Fuel system,5,3387.54,241.63,16937.7,Retail Client,Cash,Completed,ORD962683,Automated migration
2026-05-10,Radiator,Cooling system,3,4276.36,148.0,12829.08,Wholesale Client,Bank Transfer,Completed,ORD962684,Automated migration
2026-05-10,Clutch Kit,Transmission system,8,6146.78,127.8,49174.24,Wholesale Client,Cash,Completed,ORD962685,Automated migration
2026-05-10,Brake Pad,Brake system,0,3062.85,0.0,0.0,Walk-in Customer,Bank Transfer,Completed,ORD962686,Automated migration
2026-05-10,Brake Pad,Brake system,3,2973.24,178.42,8919.72,Wholesale Client,Cash,Completed,ORD962687,Automated migration
2026-05-10,Spark Plug,Ignition system,8,394.98,196.52,3159.84,Wholesale Client,Check,Completed,ORD962688,Automated migration
2026-05-10,Fuel Pump,Fuel system,8,3167.19,110.28,25337.52,Walk-in Customer,Check,Completed,ORD962689,Automated migration
2026-05-11,Brake Pad,Brake system,6,2511.54,72.08,15069.24,Retail Client,Cash,Completed,ORD962690,Automated migration
2026-05-11,Oil Filter,Engine system,7,295.48,46.81,2068.36,Walk-in Customer,Check,Completed,ORD962691,Automated migration
2026-05-11,Alternator,Electrical system,2,8096.27,381.52,16192.54,Walk-in Customer,Check,Completed,ORD962692,Automated migration
2026-05-11,Battery,Electrical system,10,8001.86,295.92,80018.6,Walk-in Customer,Cash,Completed,ORD962693,Automated migration
2026-05-11,Oil Filter,Engine system,3,233.8,663.49,701.4,Retail Client,Bank Transfer,Completed,ORD962694,Automated migration
2026-05-11,Alternator,Electrical system,3,11878.08,539.4,35634.24,Walk-in Customer,Cash,Completed,ORD962695,Automated migration
2026-05-11,Battery,Electrical system,7,7682.91,156.07,53780.37,Wholesale Client,Cash,Completed,ORD962696,Automated migration
2026-05-11,Clutch Kit,Transmission system,6,5361.88,695.77,32171.28,Wholesale Client,Cash,Completed,ORD962697,Automated migration
2026-05-11,Oil Filter,Engine system,8,218.44,216.96,1747.52,Retail Client,Cash,Completed,ORD962698,Automated migration
2026-05-11,Fuel Pump,Fuel system,5,2862.77,521.84,14313.85,Wholesale Client,GCash,Completed,ORD962699,Automated migration
2026-05-11,Fuel Pump,Fuel system,1,6925.4,298.1,6925.4,Retail Client,Cash,Completed,ORD962700,Automated migration
2026-05-11,Alternator,Electrical system,6,10126.47,571.88,60758.82,Retail Client,GCash,Completed,ORD962701,Automated migration
2026-05-11,Alternator,Electrical system,9,10341.62,629.01,93074.58,Retail Client,GCash,Completed,ORD962702,Automated migration
2026-05-11,Air Filter,Engine system,0,382.18,0.0,0.0,Wholesale Client,Check,Completed,ORD962703,Automated migration
2026-05-11,Clutch Kit,Transmission system,7,6344.39,288.16,44410.73,Wholesale Client,Bank Transfer,Completed,ORD962704,Automated migration
2026-05-11,Radiator,Cooling system,6,8129.13,32.84,48774.78,Retail Client,Check,Completed,ORD962705,Automated migration
2026-05-11,Brake Pad,Brake system,6,1569.21,341.54,9415.26,Wholesale Client,GCash,Completed,ORD962706,Automated migration
2026-05-11,Oil Filter,Engine system,4,204.33,486.94,817.32,Walk-in Customer,GCash,Completed,ORD962707,Automated migration
2026-05-11,Oil Filter,Engine system,0,101.7,0.0,0.0,Wholesale Client,GCash,Completed,ORD962708,Automated migration
2026-05-11,Battery,Electrical system,6,6632.39,484.03,39794.34,Walk-in Customer,Cash,Completed,ORD962709,Automated migration
2026-05-12,Fuel Pump,Fuel system,2,3072.79,508.76,6145.58,Wholesale Client,GCash,Completed,ORD962710,Automated migration
2026-05-12,Spark Plug,Ignition system,3,436.19,422.58,1308.57,Retail Client,Cash,Completed,ORD962711,Automated migration
2026-05-12,Oil Filter,Engine system,10,115.03,340.49,1150.3,Walk-in Customer,Check,Completed,ORD962712,Automated migration
2026-05-12,Battery,Electrical system,8,6291.15,94.24,50329.2,Retail Client,GCash,Completed,ORD962713,Automated migration
2026-05-12,Spark Plug,Ignition system,6,342.48,102.34,2054.88,Wholesale Client,Check,Completed,ORD962714,Automated migration
2026-05-12,Fuel Pump,Fuel system,3,2709.99,229.04,8129.97,Walk-in Customer,Check,Completed,ORD962715,Automated migration
2026-05-12,Battery,Electrical system,3,4346.47,304.61,13039.41,Wholesale Client,Bank Transfer,Completed,ORD962716,Automated migration
2026-05-12,Clutch Kit,Transmission system,5,12825.3,15.93,64126.5,Walk-in Customer,GCash,Completed,ORD962717,Automated migration
2026-05-12,Battery,Electrical system,5,8520.68,386.26,42603.4,Walk-in Customer,GCash,Completed,ORD962718,Automated migration
2026-05-12,Alternator,Electrical system,8,10175.51,504.95,81404.08,Walk-in Customer,GCash,Completed,ORD962719,Automated migration
2026-05-12,Fuel Pump,Fuel system,0,4697.95,0.0,0.0,Retail Client,Cash,Completed,ORD962720,Automated migration
2026-05-12,Air Filter,Engine system,0,388.7,0.0,0.0,Retail Client,Cash,Completed,ORD962721,Automated migration
2026-05-12,Fuel Pump,Fuel system,7,5008.71,466.98,35060.97,Retail Client,Cash,Completed,ORD962722,Automated migration
2026-05-12,Brake Pad,Brake system,10,2990.6,602.92,29906.0,Wholesale Client,GCash,Completed,ORD962723,Automated migration
2026-05-12,Fuel Pump,Fuel system,10,5396.06,623.24,53960.6,Walk-in Customer,Check,Completed,ORD962724,Automated migration
2026-05-12,Spark Plug,Ignition system,10,370.18,333.41,3701.8,Retail Client,GCash,Completed,ORD962725,Automated migration
2026-05-12,Shock Absorber,Suspension system,3,3593.44,207.15,10780.32,Walk-in Customer,Check,Completed,ORD962726,Automated migration
2026-05-12,Shock Absorber,Suspension system,5,4840.01,271.41,24200.05,Wholesale Client,Check,Completed,ORD962727,Automated migration
2026-05-12,Air Filter,Engine system,7,210.9,553.47,1476.3,Walk-in Customer,Check,Completed,ORD962728,Automated migration
2026-05-13,Alternator,Electrical system,8,7938.17,130.71,63505.36,Wholesale Client,GCash,Completed,ORD962729,Automated migration
2026-05-13,Fuel Pump,Fuel system,9,4010.52,219.78,36094.68,Walk-in Customer,Cash,Completed,ORD962730,Automated migration
2026-05-13,Battery,Electrical system,1,7939.24,79.78,7939.24,Wholesale Client,GCash,Completed,ORD962731,Automated migration
2026-05-13,Fuel Pump,Fuel system,1,6997.36,510.48,6997.36,Walk-in Customer,Cash,Completed,ORD962732,Automated migration
2026-05-13,Oil Filter,Engine system,8,259.67,620.21,2077.36,Walk-in Customer,Bank Transfer,Completed,ORD962733,Automated migration
2026-05-13,Air Filter,Engine system,5,352.72,142.06,1763.6,Retail Client,GCash,Completed,ORD962734,Automated migration
2026-05-13,Battery,Electrical system,2,7711.15,133.95,15422.3,Walk-in Customer,Bank Transfer,Completed,ORD962735,Automated migration
2026-05-13,Battery,Electrical system,3,7307.47,350.71,21922.41,Wholesale Client,Check,Completed,ORD962736,Automated migration
2026-05-13,Fuel Pump,Fuel system,2,3641.73,82.18,7283.46,Walk-in Customer,Check,Completed,ORD962737,Automated migration
2026-05-13,Fuel Pump,Fuel system,6,6913.39,210.63,41480.34,Wholesale Client,Check,Completed,ORD962738,Automated migration
2026-05-13,Shock Absorber,Suspension system,6,3319.54,162.87,19917.24,Wholesale Client,Bank Transfer,Completed,ORD962739,Automated migration
2026-05-13,Fuel Pump,Fuel system,5,5265.86,466.94,26329.3,Walk-in Customer,GCash,Completed,ORD962740,Automated migration
2026-05-13,Battery,Electrical system,1,8118.28,128.83,8118.28,Wholesale Client,GCash,Completed,ORD962741,Automated migration
2026-05-13,Clutch Kit,Transmission system,8,9622.34,232.73,76978.72,Wholesale Client,Cash,Completed,ORD962742,Automated migration
2026-05-13,Shock Absorber,Suspension system,7,4147.27,382.61,29030.89,Walk-in Customer,GCash,Completed,ORD962743,Automated migration
2026-05-13,Radiator,Cooling system,8,4198.17,108.24,33585.36,Retail Client,Check,Completed,ORD962744,Automated migration
2026-05-13,Air Filter,Engine system,4,327.48,25.18,1309.92,Wholesale Client,Cash,Completed,ORD962745,Automated migration
2026-05-13,Fuel Pump,Fuel system,6,6703.45,89.51,40220.7,Retail Client,Cash,Completed,ORD962746,Automated migration
2026-05-13,Oil Filter,Engine system,8,327.8,534.0,2622.4,Walk-in Customer,Bank Transfer,Completed,ORD962747,Automated migration
2026-05-13,Clutch Kit,Transmission system,2,7123.29,306.12,14246.58,Walk-in Customer,Bank Transfer,Completed,ORD962748,Automated migration
2026-05-13,Fuel Pump,Fuel system,6,5576.27,637.34,33457.62,Walk-in Customer,Check,Completed,ORD962749,Automated migration
2026-05-13,Brake Pad,Brake system,2,3131.31,518.8,6262.62,Walk-in Customer,Cash,Completed,ORD962750,Automated migration
2026-05-13,Fuel Pump,Fuel system,2,3218.68,481.8,6437.36,Retail Client,Check,Completed,ORD962751,Automated migration
2026-05-13,Battery,Electrical system,0,4350.75,0.0,0.0,Retail Client,Check,Completed,ORD962752,Automated migration
2026-05-13,Shock Absorber,Suspension system,2,2082.9,688.31,4165.8,Walk-in Customer,GCash,Completed,ORD962753,Automated migration
2026-05-13,Radiator,Cooling system,6,5925.84,533.12,35555.04,Wholesale Client,Cash,Completed,ORD962754,Automated migration
2026-05-14,Radiator,Cooling system,1,6789.58,555.14,6789.58,Walk-in Customer,Check,Completed,ORD962755,Automated migration
2026-05-14,Alternator,Electrical system,1,11894.74,409.19,11894.74,Retail Client,Cash,Completed,ORD962756,Automated migration
2026-05-14,Brake Pad,Brake system,7,2052.14,20.68,14364.98,Wholesale Client,Bank Transfer,Completed,ORD962757,Automated migration
2026-05-14,Brake Pad,Brake system,10,2069.6,413.77,20696.0,Wholesale Client,Bank Transfer,Completed,ORD962758,Automated migration
2026-05-14,Shock Absorber,Suspension system,7,3448.1,405.93,24136.7,Walk-in Customer,Check,Completed,ORD962759,Automated migration
2026-05-14,Radiator,Cooling system,1,5019.8,165.66,5019.8,Wholesale Client,Check,Completed,ORD962760,Automated migration
2026-05-14,Fuel Pump,Fuel system,4,3415.6,461.49,13662.4,Retail Client,Bank Transfer,Completed,ORD962761,Automated migration
2026-05-14,Shock Absorber,Suspension system,0,4691.27,0.0,0.0,Retail Client,GCash,Completed,ORD962762,Automated migration
2026-05-14,Spark Plug,Ignition system,7,486.48,324.43,3405.36,Walk-in Customer,Check,Completed,ORD962763,Automated migration
2026-05-14,Brake Pad,Brake system,10,1294.1,563.04,12941.0,Wholesale Client,GCash,Completed,ORD962764,Automated migration
2026-05-14,Alternator,Electrical system,1,11722.45,600.08,11722.45,Retail Client,Cash,Completed,ORD962765,Automated migration
2026-05-14,Air Filter,Engine system,7,322.77,318.6,2259.39,Retail Client,Check,Completed,ORD962766,Automated migration
2026-05-14,Radiator,Cooling system,8,4136.82,344.94,33094.56,Wholesale Client,Cash,Completed,ORD962767,Automated migration
2026-05-14,Spark Plug,Ignition system,8,534.76,296.15,4278.08,Wholesale Client,Cash,Completed,ORD962768,Automated migration
2026-05-15,Air Filter,Engine system,5,376.92,336.27,1884.6,Wholesale Client,Check,Completed,ORD962769,Automated migration
2026-05-15,Shock Absorber,Suspension system,8,2189.34,219.0,17514.72,Walk-in Customer,Bank Transfer,Completed,ORD962770,Automated migration
2026-05-15,Spark Plug,Ignition system,8,457.71,528.54,3661.68,Walk-in Customer,Check,Completed,ORD962771,Automated migration
2026-05-15,Fuel Pump,Fuel system,1,6755.19,58.15,6755.19,Walk-in Customer,Bank Transfer,Completed,ORD962772,Automated migration
2026-05-15,Spark Plug,Ignition system,4,266.16,591.26,1064.64,Walk-in Customer,Bank Transfer,Completed,ORD962773,Automated migration
2026-05-15,Battery,Electrical system,7,4979.89,653.07,34859.23,Walk-in Customer,Cash,Completed,ORD962774,Automated migration
2026-05-15,Fuel Pump,Fuel system,9,4745.46,629.1,42709.14,Walk-in Customer,Check,Completed,ORD962775,Automated migration
2026-05-15,Shock Absorber,Suspension system,1,4592.88,678.38,4592.88,Wholesale Client,Cash,Completed,ORD962776,Automated migration
2026-05-15,Brake Pad,Brake system,1,2394.35,502.17,2394.35,Retail Client,GCash,Completed,ORD962777,Automated migration
2026-05-15,Spark Plug,Ignition system,0,400.36,0.0,0.0,Retail Client,Check,Completed,ORD962778,Automated migration
2026-05-15,Spark Plug,Ignition system,1,297.03,163.28,297.03,Walk-in Customer,GCash,Completed,ORD962779,Automated migration
2026-05-15,Battery,Electrical system,7,7811.65,103.0,54681.55,Walk-in Customer,GCash,Completed,ORD962780,Automated migration
2026-05-15,Spark Plug,Ignition system,6,291.54,178.21,1749.24,Wholesale Client,GCash,Completed,ORD962781,Automated migration
2026-05-15,Oil Filter,Engine system,5,133.94,472.09,669.7,Wholesale Client,Cash,Completed,ORD962782,Automated migration
2026-05-15,Oil Filter,Engine system,8,250.95,125.49,2007.6,Retail Client,Bank Transfer,Completed,ORD962783,Automated migration
2026-05-16,Brake Pad,Brake system,0,2874.34,0.0,0.0,Retail Client,Bank Transfer,Completed,ORD962784,Automated migration
2026-05-16,Oil Filter,Engine system,1,265.1,139.27,265.1,Walk-in Customer,GCash,Completed,ORD962785,Automated migration
2026-05-16,Air Filter,Engine system,10,331.53,185.43,3315.3,Retail Client,GCash,Completed,ORD962786,Automated migration
2026-05-16,Alternator,Electrical system,3,7191.83,163.03,21575.49,Wholesale Client,Bank Transfer,Completed,ORD962787,Automated migration
2026-05-16,Shock Absorber,Suspension system,10,4696.1,489.77,46961.0,Wholesale Client,GCash,Completed,ORD962788,Automated migration
2026-05-16,Spark Plug,Ignition system,0,525.03,0.0,0.0,Retail Client,Cash,Completed,ORD962789,Automated migration
2026-05-16,Clutch Kit,Transmission system,8,10284.77,356.79,82278.16,Wholesale Client,GCash,Completed,ORD962790,Automated migration
2026-05-16,Fuel Pump,Fuel system,7,5693.98,631.55,39857.86,Retail Client,Cash,Completed,ORD962791,Automated migration
2026-05-16,Spark Plug,Ignition system,4,204.47,170.98,817.88,Wholesale Client,Cash,Completed,ORD962792,Automated migration
2026-05-16,Oil Filter,Engine system,3,250.28,280.15,750.84,Wholesale Client,Check,Completed,ORD962793,Automated migration
2026-05-16,Oil Filter,Engine system,3,126.54,156.52,379.62,Wholesale Client,Cash,Completed,ORD962794,Automated migration
2026-05-16,Clutch Kit,Transmission system,7,13208.48,87.43,92459.36,Retail Client,Check,Completed,ORD962795,Automated migration
2026-05-16,Spark Plug,Ignition system,2,435.76,483.53,871.52,Retail Client,Cash,Completed,ORD962796,Automated migration
2026-05-16,Alternator,Electrical system,5,8598.87,282.14,42994.35,Retail Client,Check,Completed,ORD962797,Automated migration
2026-05-16,Alternator,Electrical system,8,8429.14,105.59,67433.12,Retail Client,Bank Transfer,Completed,ORD962798,Automated migration
2026-05-16,Clutch Kit,Transmission system,10,5235.97,460.72,52359.7,Walk-in Customer,Check,Completed,ORD962799,Automated migration
2026-05-16,Shock Absorber,Suspension system,2,4827.77,628.38,9655.54,Wholesale Client,Bank Transfer,Completed,ORD962800,Automated migration
2026-05-16,Brake Pad,Brake system,4,3285.32,651.64,13141.28,Retail Client,Cash,Completed,ORD962801,Automated migration
2026-05-16,Radiator,Cooling system,2,7492.18,80.0,14984.36,Retail Client,Check,Completed,ORD962802,Automated migration
2026-05-16,Alternator,Electrical system,8,8505.26,670.65,68042.08,Retail Client,Cash,Completed,ORD962803,Automated migration
2026-05-16,Shock Absorber,Suspension system,0,2955.65,0.0,0.0,Walk-in Customer,Cash,Completed,ORD962804,Automated migration
2026-05-16,Oil Filter,Engine system,5,185.95,251.69,929.75,Retail Client,Check,Completed,ORD962805,Automated migration
2026-05-16,Radiator,Cooling system,7,6990.97,65.92,48936.79,Walk-in Customer,GCash,Completed,ORD962806,Automated migration
2026-05-16,Clutch Kit,Transmission system,6,8872.34,222.35,53234.04,Retail Client,Bank Transfer,Completed,ORD962807,Automated migration
2026-05-16,Shock Absorber,Suspension system,1,6450.41,37.15,6450.41,Wholesale Client,Cash,Completed,ORD962808,Automated migration
2026-05-17,Air Filter,Engine system,10,297.33,140.14,2973.3,Retail Client,Bank Transfer,Completed,ORD962809,Automated migration
2026-05-17,Shock Absorber,Suspension system,8,4989.12,576.16,39912.96,Wholesale Client,Check,Completed,ORD962810,Automated migration
2026-05-17,Radiator,Cooling system,6,7610.22,251.91,45661.32,Walk-in Customer,Bank Transfer,Completed,ORD962811,Automated migration
2026-05-17,Battery,Electrical system,5,8401.81,475.49,42009.05,Retail Client,Bank Transfer,Completed,ORD962812,Automated migration
2026-05-17,Shock Absorber,Suspension system,1,5790.44,491.15,5790.44,Retail Client,GCash,Completed,ORD962813,Automated migration
2026-05-17,Fuel Pump,Fuel system,9,2927.67,271.07,26349.03,Retail Client,Bank Transfer,Completed,ORD962814,Automated migration
2026-05-17,Brake Pad,Brake system,10,2833.85,196.9,28338.5,Walk-in Customer,GCash,Completed,ORD962815,Automated migration
2026-05-17,Shock Absorber,Suspension system,7,6439.83,29.52,45078.81,Retail Client,Cash,Completed,ORD962816,Automated migration
2026-05-17,Clutch Kit,Transmission system,3,13791.17,635.52,41373.51,Wholesale Client,GCash,Completed,ORD962817,Automated migration
2026-05-17,Air Filter,Engine system,1,275.32,523.71,275.32,Retail Client,Cash,Completed,ORD962818,Automated migration
2026-05-17,Alternator,Electrical system,8,8738.99,384.14,69911.92,Retail Client,Check,Completed,ORD962819,Automated migration
2026-05-17,Shock Absorber,Suspension system,5,2376.4,685.67,11882.0,Walk-in Customer,Check,Completed,ORD962820,Automated migration
2026-05-17,Clutch Kit,Transmission system,9,6575.82,231.13,59182.38,Retail Client,Check,Completed,ORD962821,Automated migration
2026-05-17,Brake Pad,Brake system,9,1219.1,614.86,10971.9,Wholesale Client,Check,Completed,ORD962822,Automated migration
2026-05-17,Oil Filter,Engine system,0,341.37,0.0,0.0,Walk-in Customer,Cash,Completed,ORD962823,Automated migration
2026-05-18,Radiator,Cooling system,9,5700.31,593.48,51302.79,Walk-in Customer,GCash,Completed,ORD962824,Automated migration
2026-05-18,Air Filter,Engine system,5,398.38,416.54,1991.9,Walk-in Customer,Check,Completed,ORD962825,Automated migration
2026-05-18,Battery,Electrical system,7,5264.79,360.8,36853.53,Retail Client,Check,Completed,ORD962826,Automated migration
2026-05-18,Shock Absorber,Suspension system,3,6397.83,570.3,19193.49,Retail Client,Cash,Completed,ORD962827,Automated migration
2026-05-18,Battery,Electrical system,6,4599.08,274.83,27594.48,Wholesale Client,Cash,Completed,ORD962828,Automated migration
2026-05-18,Fuel Pump,Fuel system,8,6415.29,593.78,51322.32,Retail Client,Bank Transfer,Completed,ORD962829,Automated migration
2026-05-18,Fuel Pump,Fuel system,10,4921.27,639.03,49212.7,Walk-in Customer,Check,Completed,ORD962830,Automated migration
2026-05-18,Oil Filter,Engine system,7,193.44,540.89,1354.08,Walk-in Customer,Cash,Completed,ORD962831,Automated migration
2026-05-18,Brake Pad,Brake system,10,1875.73,522.56,18757.3,Wholesale Client,Bank Transfer,Completed,ORD962832,Automated migration
2026-05-18,Oil Filter,Engine system,0,146.74,0.0,0.0,Walk-in Customer,Cash,Completed,ORD962833,Automated migration
2026-05-18,Alternator,Electrical system,4,7470.36,480.9,29881.44,Walk-in Customer,GCash,Completed,ORD962834,Automated migration
2026-05-18,Fuel Pump,Fuel system,1,5997.25,503.55,5997.25,Retail Client,GCash,Completed,ORD962835,Automated migration
2026-05-18,Alternator,Electrical system,8,9184.34,341.06,73474.72,Wholesale Client,Check,Completed,ORD962836,Automated migration
2026-05-18,Oil Filter,Engine system,5,307.31,20.11,1536.55,Walk-in Customer,GCash,Completed,ORD962837,Automated migration
2026-05-18,Spark Plug,Ignition system,1,589.26,244.57,589.26,Walk-in Customer,Check,Completed,ORD962838,Automated migration
2026-05-18,Clutch Kit,Transmission system,0,11204.26,0.0,0.0,Walk-in Customer,Check,Completed,ORD962839,Automated migration
2026-05-18,Air Filter,Engine system,3,214.62,585.95,643.86,Walk-in Customer,Bank Transfer,Completed,ORD962840,Automated migration
2026-05-18,Air Filter,Engine system,1,373.04,120.65,373.04,Wholesale Client,Cash,Completed,ORD962841,Automated migration
2026-05-18,Fuel Pump,Fuel system,6,2564.7,182.73,15388.2,Walk-in Customer,GCash,Completed,ORD962842,Automated migration
2026-05-18,Clutch Kit,Transmission system,3,9108.47,48.05,27325.41,Retail Client,Bank Transfer,Completed,ORD962843,Automated migration
2026-05-18,Oil Filter,Engine system,8,226.07,402.15,1808.56,Walk-in Customer,GCash,Completed,ORD962844,Automated migration
2026-05-18,Spark Plug,Ignition system,10,408.27,102.63,4082.7,Retail Client,Cash,Completed,ORD962845,Automated migration
2026-05-18,Spark Plug,Ignition system,5,580.42,98.73,2902.1,Retail Client,Cash,Completed,ORD962846,Automated migration
2026-05-18,Air Filter,Engine system,8,335.97,576.46,2687.76,Wholesale Client,Cash,Completed,ORD962847,Automated migration
2026-05-18,Clutch Kit,Transmission system,7,13888.76,2.37,97221.32,Walk-in Customer,Check,Completed,ORD962848,Automated migration
2026-05-19,Clutch Kit,Transmission system,2,9467.45,694.67,18934.9,Retail Client,Bank Transfer,Completed,ORD962849,Automated migration
2026-05-19,Air Filter,Engine system,8,264.77,299.77,2118.16,Retail Client,Bank Transfer,Completed,ORD962850,Automated migration
2026-05-19,Oil Filter,Engine system,5,171.34,652.48,856.7,Retail Client,Bank Transfer,Completed,ORD962851,Automated migration
2026-05-19,Battery,Electrical system,7,5662.37,406.78,39636.59,Retail Client,GCash,Completed,ORD962852,Automated migration
2026-05-19,Oil Filter,Engine system,6,217.41,528.19,1304.46,Retail Client,Cash,Completed,ORD962853,Automated migration
2026-05-19,Brake Pad,Brake system,3,3134.38,205.66,9403.14,Wholesale Client,GCash,Completed,ORD962854,Automated migration
2026-05-19,Clutch Kit,Transmission system,6,5620.0,26.17,33720.0,Walk-in Customer,Check,Completed,ORD962855,Automated migration
2026-05-19,Shock Absorber,Suspension system,2,4961.41,228.96,9922.82,Wholesale Client,Bank Transfer,Completed,ORD962856,Automated migration
2026-05-19,Battery,Electrical system,5,4739.7,15.52,23698.5,Retail Client,Check,Completed,ORD962857,Automated migration
2026-05-19,Brake Pad,Brake system,7,1309.1,220.52,9163.7,Wholesale Client,GCash,Completed,ORD962858,Automated migration
2026-05-19,Radiator,Cooling system,4,7460.42,32.78,29841.68,Wholesale Client,GCash,Completed,ORD962859,Automated migration
2026-05-19,Shock Absorber,Suspension system,9,2549.47,177.26,22945.23,Retail Client,Cash,Completed,ORD962860,Automated migration
2026-05-19,Clutch Kit,Transmission system,5,13046.31,113.44,65231.55,Wholesale Client,Cash,Completed,ORD962861,Automated migration
2026-05-19,Battery,Electrical system,5,6741.65,212.58,33708.25,Walk-in Customer,GCash,Completed,ORD962862,Automated migration
2026-05-19,Clutch Kit,Transmission system,1,8826.55,574.17,8826.55,Walk-in Customer,Cash,Completed,ORD962863,Automated migration
2026-05-19,Oil Filter,Engine system,9,113.01,30.01,1017.09,Retail Client,GCash,Completed,ORD962864,Automated migration
2026-05-19,Air Filter,Engine system,1,339.3,469.21,339.3,Retail Client,Cash,Completed,ORD962865,Automated migration
2026-05-19,Spark Plug,Ignition system,8,194.37,359.1,1554.96,Walk-in Customer,Check,Completed,ORD962866,Automated migration
2026-05-19,Air Filter,Engine system,1,234.22,261.86,234.22,Walk-in Customer,Bank Transfer,Completed,ORD962867,Automated migration
2026-05-20,Battery,Electrical system,1,7217.26,489.58,7217.26,Retail Client,Bank Transfer,Completed,ORD962868,Automated migration
2026-05-20,Battery,Electrical system,9,6494.23,370.33,58448.07,Wholesale Client,Cash,Completed,ORD962869,Automated migration
2026-05-20,Clutch Kit,Transmission system,4,10505.48,517.57,42021.92,Wholesale Client,Check,Completed,ORD962870,Automated migration
2026-05-20,Oil Filter,Engine system,1,258.26,572.83,258.26,Walk-in Customer,Bank Transfer,Completed,ORD962871,Automated migration
2026-05-20,Air Filter,Engine system,8,356.24,499.84,2849.92,Wholesale Client,Check,Completed,ORD962872,Automated migration
2026-05-20,Spark Plug,Ignition system,4,509.91,370.73,2039.64,Retail Client,GCash,Completed,ORD962873,Automated migration
2026-05-20,Alternator,Electrical system,6,11895.47,536.87,71372.82,Wholesale Client,Check,Completed,ORD962874,Automated migration
2026-05-20,Oil Filter,Engine system,5,296.45,142.82,1482.25,Retail Client,Check,Completed,ORD962875,Automated migration
2026-05-20,Fuel Pump,Fuel system,10,6698.21,118.12,66982.1,Retail Client,GCash,Completed,ORD962876,Automated migration
2026-05-20,Air Filter,Engine system,0,249.09,0.0,0.0,Retail Client,GCash,Completed,ORD962877,Automated migration
2026-05-20,Brake Pad,Brake system,8,2350.71,673.6,18805.68,Retail Client,GCash,Completed,ORD962878,Automated migration
2026-05-20,Battery,Electrical system,2,4872.02,552.73,9744.04,Walk-in Customer,GCash,Completed,ORD962879,Automated migration
2026-05-20,Oil Filter,Engine system,10,210.76,168.88,2107.6,Wholesale Client,Cash,Completed,ORD962880,Automated migration
2026-05-20,Oil Filter,Engine system,8,178.96,469.09,1431.68,Retail Client,Bank Transfer,Completed,ORD962881,Automated migration
2026-05-20,Radiator,Cooling system,4,4065.91,553.11,16263.64,Walk-in Customer,Bank Transfer,Completed,ORD962882,Automated migration
2026-05-20,Spark Plug,Ignition system,8,202.46,678.28,1619.68,Retail Client,GCash,Completed,ORD962883,Automated migration
2026-05-20,Spark Plug,Ignition system,10,361.27,494.19,3612.7,Retail Client,Check,Completed,ORD962884,Automated migration
2026-05-20,Alternator,Electrical system,10,10359.55,172.23,103595.5,Wholesale Client,Cash,Completed,ORD962885,Automated migration
2026-05-20,Brake Pad,Brake system,5,1307.73,238.34,6538.65,Retail Client,Check,Completed,ORD962886,Automated migration
2026-05-20,Air Filter,Engine system,6,338.34,107.82,2030.04,Retail Client,Bank Transfer,Completed,ORD962887,Automated migration
2026-05-20,Oil Filter,Engine system,6,284.71,571.14,1708.26,Retail Client,Check,Completed,ORD962888,Automated migration
2026-05-20,Fuel Pump,Fuel system,0,5072.45,0.0,0.0,Retail Client,GCash,Completed,ORD962889,Automated migration
2026-05-20,Spark Plug,Ignition system,0,353.24,0.0,0.0,Retail Client,GCash,Completed,ORD962890,Automated migration
2026-05-21,Alternator,Electrical system,9,9224.53,11.87,83020.77,Walk-in Customer,Cash,Completed,ORD962891,Automated migration
2026-05-21,Brake Pad,Brake system,3,2886.01,347.79,8658.03,Walk-in Customer,Check,Completed,ORD962892,Automated migration
2026-05-21,Radiator,Cooling system,0,6720.47,0.0,0.0,Wholesale Client,Cash,Completed,ORD962893,Automated migration
2026-05-21,Air Filter,Engine system,6,227.42,295.79,1364.52,Wholesale Client,Cash,Completed,ORD962894,Automated migration
2026-05-21,Oil Filter,Engine system,8,256.49,400.01,2051.92,Wholesale Client,Check,Completed,ORD962895,Automated migration
2026-05-21,Radiator,Cooling system,1,7524.09,311.91,7524.09,Retail Client,Check,Completed,ORD962896,Automated migration
2026-05-21,Spark Plug,Ignition system,5,533.91,465.57,2669.55,Walk-in Customer,Bank Transfer,Completed,ORD962897,Automated migration
2026-05-21,Shock Absorber,Suspension system,5,3453.87,378.38,17269.35,Wholesale Client,Bank Transfer,Completed,ORD962898,Automated migration
2026-05-21,Brake Pad,Brake system,10,1244.7,525.44,12447.0,Retail Client,GCash,Completed,ORD962899,Automated migration
2026-05-21,Radiator,Cooling system,10,3317.54,111.64,33175.4,Wholesale Client,Bank Transfer,Completed,ORD962900,Automated migration
2026-05-21,Alternator,Electrical system,1,9791.55,637.6,9791.55,Retail Client,GCash,Completed,ORD962901,Automated migration
2026-05-21,Spark Plug,Ignition system,4,203.75,237.1,815.0,Wholesale Client,Cash,Completed,ORD962902,Automated migration
2026-05-21,Oil Filter,Engine system,0,186.95,0.0,0.0,Retail Client,GCash,Completed,ORD962903,Automated migration
2026-05-21,Radiator,Cooling system,10,6434.95,562.91,64349.5,Retail Client,GCash,Completed,ORD962904,Automated migration
2026-05-21,Radiator,Cooling system,1,6248.45,401.78,6248.45,Retail Client,GCash,Completed,ORD962905,Automated migration
2026-05-21,Spark Plug,Ignition system,6,284.21,218.37,1705.26,Walk-in Customer,Bank Transfer,Completed,ORD962906,Automated migration
2026-05-21,Battery,Electrical system,3,5871.27,484.56,17613.81,Walk-in Customer,Check,Completed,ORD962907,Automated migration
2026-05-21,Alternator,Electrical system,8,8471.19,648.41,67769.52,Retail Client,Cash,Completed,ORD962908,Automated migration
2026-05-21,Radiator,Cooling system,7,7983.32,280.31,55883.24,Retail Client,Check,Completed,ORD962909,Automated migration
2026-05-21,Radiator,Cooling system,8,5521.66,633.2,44173.28,Wholesale Client,GCash,Completed,ORD962910,Automated migration
2026-05-21,Battery,Electrical system,7,7482.37,269.84,52376.59,Retail Client,Bank Transfer,Completed,ORD962911,Automated migration
2026-05-21,Radiator,Cooling system,0,7920.78,0.0,0.0,Retail Client,GCash,Completed,ORD962912,Automated migration
2026-05-21,Brake Pad,Brake system,10,2644.63,584.24,26446.3,Walk-in Customer,GCash,Completed,ORD962913,Automated migration
2026-05-21,Air Filter,Engine system,9,360.27,15.17,3242.43,Walk-in Customer,Cash,Completed,ORD962914,Automated migration
2026-05-21,Alternator,Electrical system,2,11681.46,36.95,23362.92,Walk-in Customer,Bank Transfer,Completed,ORD962915,Automated migration
