reportDate,productName,category,quantity,unitPrice,otherExpenses,totalAmount,customerName,paymentMethod,status,orderNumber,notes
2025-01-01,Air Filter,Engine system,2,221.36,31.57,442.72,Retail Client,Check,Completed,ORD900001,Automated migration
2025-01-01,Alternator,Electrical system,2,7392.45,866.56,14784.9,Retail Client,GCash,Completed,ORD900002,Automated migration
2025-01-01,Battery,Electrical system,3,5132.3,881.02,15396.9,Retail Client,Cash,Completed,ORD900003,Automated migration
2025-01-01,Brake Pads,Braking system,3,1357.98,136.96,4073.94,Wholesale Client,Cash,Completed,ORD900004,Automated migration
2025-01-01,Catalytic Converter,Exhaust system,1,22998.46,883.73,22998.46,Retail Client,GCash,Completed,ORD900005,Automated migration
2025-01-01,ECU Module,Electrical system,3,21672.24,2392.64,65016.72,Wholesale Client,Check,Completed,ORD900006,Automated migration
2025-01-01,Oil Filter,Engine system,2,252.2,36.56,504.4,Wholesale Client,GCash,Completed,ORD900007,Automated migration
2025-01-02,Shock Absorber,Suspension & traction,2,3497.76,427.42,6995.52,Retail Client,Maya,Completed,ORD900008,Automated migration
2025-01-02,Starter Motor,Electrical system,1,9327.21,708.97,9327.21,Wholesale Client,Maya,Completed,ORD900009,Automated migration
2025-01-02,Wheel Bearing,Drivetrain,1,2335.76,94.44,2335.76,Retail Client,Cash,Completed,ORD900010,Automated migration
2025-01-02,Brake Pads,Braking system,3,1518.18,270.28,4554.54,Retail Client,Bank Transfer,Completed,ORD900011,Automated migration
2025-01-02,Brake Pads,Braking system,2,1331.82,234.28,2663.64,Wholesale Client,GCash,Completed,ORD900012,Automated migration
2025-01-03,Catalytic Converter,Exhaust system,3,18951.39,3372.9,56854.17,Retail Client,Check,Completed,ORD900013,Automated migration
2025-01-03,Shock Absorber,Suspension & traction,1,3550.78,281.34,3550.78,Wholesale Client,Maya,Completed,ORD900014,Automated migration
2025-01-03,Catalytic Converter,Exhaust system,1,22158.56,967.17,22158.56,Retail Client,GCash,Completed,ORD900015,Automated migration
2025-01-03,Catalytic Converter,Exhaust system,2,12740.52,2069.08,25481.04,Wholesale Client,GCash,Completed,ORD900016,Automated migration
2025-01-03,Oil Filter,Engine system,1,160.84,6.0,160.84,Retail Client,Check,Completed,ORD900017,Automated migration
2025-01-03,Catalytic Converter,Exhaust system,2,17199.12,1405.7,34398.24,Retail Client,GCash,Completed,ORD900018,Automated migration
2025-01-03,Starter Motor,Electrical system,1,6385.79,396.79,6385.79,Wholesale Client,Cash,Completed,ORD900019,Automated migration
2025-01-03,Battery,Electrical system,2,4759.68,755.75,9519.36,Wholesale Client,Bank Transfer,Completed,ORD900020,Automated migration
2025-01-03,Oil Filter,Engine system,3,229.24,60.76,687.72,Wholesale Client,Check,Completed,ORD900021,Automated migration
2025-01-04,Air Filter,Engine system,1,358.46,24.71,358.46,Retail Client,Maya,Completed,ORD900022,Automated migration
2025-01-04,Brake Pads,Braking system,2,1363.75,187.34,2727.5,Retail Client,Check,Completed,ORD900023,Automated migration
2025-01-04,Brake Pads,Braking system,1,1575.61,69.09,1575.61,Wholesale Client,Check,Completed,ORD900024,Automated migration
2025-01-04,ECU Module,Electrical system,2,22429.27,2432.03,44858.54,Retail Client,Cash,Completed,ORD900025,Automated migration
2025-01-04,Starter Motor,Electrical system,1,8549.42,721.67,8549.42,Retail Client,Check,Completed,ORD900026,Automated migration
2025-01-04,ECU Module,Electrical system,1,14959.98,596.34,14959.98,Wholesale Client,Bank Transfer,Completed,ORD900027,Automated migration
2025-01-04,Battery,Electrical system,1,7679.17,527.16,7679.17,Retail Client,GCash,Completed,ORD900028,Automated migration
2025-01-04,Wheel Bearing,Drivetrain,1,2668.15,170.28,2668.15,Retail Client,GCash,Completed,ORD900029,Automated migration
2025-01-04,ECU Module,Electrical system,4,21948.97,5137.83,87795.88,Wholesale Client,Bank Transfer,Completed,ORD900030,Automated migration
2025-01-05,Oil Filter,Engine system,1,159.64,9.7,159.64,Wholesale Client,GCash,Completed,ORD900031,Automated migration
2025-01-05,Wheel Bearing,Drivetrain,1,2687.6,93.19,2687.6,Retail Client,GCash,Completed,ORD900032,Automated migration
2025-01-05,Shock Absorber,Suspension & traction,1,3942.68,327.9,3942.68,Wholesale Client,GCash,Completed,ORD900033,Automated migration
2025-01-05,Air Filter,Engine system,1,242.67,13.83,242.67,Retail Client,Cash,Completed,ORD900034,Automated migration
2025-01-05,Brake Pads,Braking system,1,950.18,53.89,950.18,Wholesale Client,Check,Completed,ORD900035,Automated migration
2025-01-05,Wheel Bearing,Drivetrain,4,2805.49,919.65,11221.96,Retail Client,Bank Transfer,Completed,ORD900036,Automated migration
2025-01-05,Brake Pads,Braking system,2,1355.92,159.85,2711.84,Wholesale Client,Check,Completed,ORD900037,Automated migration
2025-01-05,Shock Absorber,Suspension & traction,1,3678.6,256.32,3678.6,Retail Client,Check,Completed,ORD900038,Automated migration
2025-01-06,Catalytic Converter,Exhaust system,2,22983.4,1871.75,45966.8,Retail Client,GCash,Completed,ORD900039,Automated migration
2025-01-06,Oil Filter,Engine system,1,148.07,13.03,148.07,Wholesale Client,GCash,Completed,ORD900040,Automated migration
2025-01-06,Shock Absorber,Suspension & traction,1,2915.75,93.66,2915.75,Wholesale Client,Check,Completed,ORD900041,Automated migration
2025-01-06,ECU Module,Electrical system,4,18813.17,4548.25,75252.68,Retail Client,Bank Transfer,Completed,ORD900042,Automated migration
2025-01-06,Oil Filter,Engine system,2,149.47,23.26,298.94,Wholesale Client,GCash,Completed,ORD900043,Automated migration
2025-01-07,Oil Filter,Engine system,2,165.56,28.36,331.12,Retail Client,Maya,Completed,ORD900044,Automated migration
2025-01-07,Alternator,Electrical system,2,10593.69,1126.84,21187.38,Retail Client,Cash,Completed,ORD900045,Automated migration
2025-01-07,Brake Pads,Braking system,2,1138.38,109.33,2276.76,Wholesale Client,Check,Completed,ORD900046,Automated migration
2025-01-08,Brake Pads,Braking system,1,1327.36,111.26,1327.36,Wholesale Client,Check,Completed,ORD900047,Automated migration
2025-01-08,Air Filter,Engine system,1,294.55,24.95,294.55,Wholesale Client,Check,Completed,ORD900048,Automated migration
2025-01-08,Wheel Bearing,Drivetrain,1,2628.06,120.1,2628.06,Wholesale Client,Cash,Completed,ORD900049,Automated migration
2025-01-08,Wheel Bearing,Drivetrain,3,2899.71,667.71,8699.13,Wholesale Client,GCash,Completed,ORD900050,Automated migration
2025-01-08,Brake Pads,Braking system,2,1598.75,254.47,3197.5,Wholesale Client,Maya,Completed,ORD900051,Automated migration
2025-01-08,Brake Pads,Braking system,3,1471.97,200.2,4415.91,Wholesale Client,Bank Transfer,Completed,ORD900052,Automated migration
2025-01-09,Shock Absorber,Suspension & traction,2,2611.32,426.86,5222.64,Wholesale Client,Bank Transfer,Completed,ORD900053,Automated migration
2025-01-09,Shock Absorber,Suspension & traction,1,3430.52,240.17,3430.52,Wholesale Client,Check,Completed,ORD900054,Automated migration
2025-01-09,Catalytic Converter,Exhaust system,2,15048.98,1121.11,30097.96,Retail Client,Check,Completed,ORD900055,Automated migration
2025-01-09,Air Filter,Engine system,3,358.61,50.66,1075.83,Wholesale Client,Bank Transfer,Completed,ORD900056,Automated migration
2025-01-09,Alternator,Electrical system,2,7171.32,602.43,14342.64,Wholesale Client,Maya,Completed,ORD900057,Automated migration
2025-01-09,Shock Absorber,Suspension & traction,1,2947.78,153.07,2947.78,Retail Client,Cash,Completed,ORD900058,Automated migration
2025-01-10,ECU Module,Electrical system,1,15815.84,587.15,15815.84,Retail Client,Maya,Completed,ORD900059,Automated migration
2025-01-10,Wheel Bearing,Drivetrain,1,1999.13,104.52,1999.13,Retail Client,GCash,Completed,ORD900060,Automated migration
2025-01-10,Shock Absorber,Suspension & traction,1,3760.81,297.2,3760.81,Wholesale Client,GCash,Completed,ORD900061,Automated migration
2025-01-10,Oil Filter,Engine system,2,173.64,30.42,347.28,Retail Client,Bank Transfer,Completed,ORD900062,Automated migration
2025-01-10,Shock Absorber,Suspension & traction,2,2901.24,440.51,5802.48,Retail Client,GCash,Completed,ORD900063,Automated migration
2025-01-11,Air Filter,Engine system,2,342.13,34.42,684.26,Retail Client,Cash,Completed,ORD900064,Automated migration
2025-01-11,Air Filter,Engine system,3,285.45,29.5,856.35,Wholesale Client,Check,Completed,ORD900065,Automated migration
2025-01-11,Oil Filter,Engine system,1,208.08,17.22,208.08,Wholesale Client,GCash,Completed,ORD900066,Automated migration
2025-01-11,Shock Absorber,Suspension & traction,3,3701.06,931.35,11103.18,Wholesale Client,GCash,Completed,ORD900067,Automated migration
2025-01-12,Alternator,Electrical system,2,10014.02,1391.91,20028.04,Retail Client,Bank Transfer,Completed,ORD900068,Automated migration
2025-01-12,Shock Absorber,Suspension & traction,1,3476.91,172.14,3476.91,Retail Client,Maya,Completed,ORD900069,Automated migration
2025-01-12,Oil Filter,Engine system,2,167.03,22.5,334.06,Wholesale Client,Check,Completed,ORD900070,Automated migration
2025-01-12,Wheel Bearing,Drivetrain,3,2137.33,260.29,6411.99,Retail Client,Maya,Completed,ORD900071,Automated migration
2025-01-12,Shock Absorber,Suspension & traction,1,2477.25,101.32,2477.25,Wholesale Client,Cash,Completed,ORD900072,Automated migration
2025-01-12,Alternator,Electrical system,1,6965.23,500.39,6965.23,Wholesale Client,GCash,Completed,ORD900073,Automated migration
2025-01-13,Shock Absorber,Suspension & traction,2,3419.6,371.17,6839.2,Retail Client,Check,Completed,ORD900074,Automated migration
2025-01-13,ECU Module,Electrical system,1,25266.27,1112.58,25266.27,Wholesale Client,Cash,Completed,ORD900075,Automated migration
2025-01-13,Shock Absorber,Suspension & traction,2,3016.17,187.31,6032.34,Wholesale Client,GCash,Completed,ORD900076,Automated migration
2025-01-13,Air Filter,Engine system,2,341.08,53.3,682.16,Retail Client,Cash,Completed,ORD900077,Automated migration
2025-01-13,Oil Filter,Engine system,1,214.07,14.41,214.07,Retail Client,Cash,Completed,ORD900078,Automated migration
2025-01-14,Brake Pads,Braking system,1,1401.05,43.06,1401.05,Retail Client,Maya,Completed,ORD900079,Automated migration
2025-01-14,Oil Filter,Engine system,1,209.62,11.31,209.62,Wholesale Client,Bank Transfer,Completed,ORD900080,Automated migration
2025-01-14,Air Filter,Engine system,1,307.68,9.36,307.68,Wholesale Client,Bank Transfer,Completed,ORD900081,Automated migration
2025-01-14,ECU Module,Electrical system,2,27486.2,3195.77,54972.4,Wholesale Client,Check,Completed,ORD900082,Automated migration
2025-01-15,Shock Absorber,Suspension & traction,1,3996.43,312.63,3996.43,Retail Client,Bank Transfer,Completed,ORD900083,Automated migration
2025-01-15,Oil Filter,Engine system,2,219.71,14.18,439.42,Retail Client,GCash,Completed,ORD900084,Automated migration
2025-01-15,Brake Pads,Braking system,3,981.14,157.93,2943.42,Retail Client,Check,Completed,ORD900085,Automated migration
2025-01-16,ECU Module,Electrical system,2,20268.91,2979.19,40537.82,Wholesale Client,Check,Completed,ORD900086,Automated migration
2025-01-16,Battery,Electrical system,2,5093.32,468.92,10186.64,Wholesale Client,Maya,Completed,ORD900087,Automated migration
2025-01-16,Brake Pads,Braking system,1,1014.22,39.11,1014.22,Wholesale Client,GCash,Completed,ORD900088,Automated migration
2025-01-16,Brake Pads,Braking system,1,1021.63,59.44,1021.63,Retail Client,GCash,Completed,ORD900089,Automated migration
2025-01-17,Shock Absorber,Suspension & traction,2,2978.21,416.58,5956.42,Retail Client,Maya,Completed,ORD900090,Automated migration
2025-01-17,Shock Absorber,Suspension & traction,2,3150.24,407.89,6300.48,Wholesale Client,Check,Completed,ORD900091,Automated migration
2025-01-17,Air Filter,Engine system,1,307.14,22.93,307.14,Retail Client,Cash,Completed,ORD900092,Automated migration
2025-01-17,Air Filter,Engine system,2,260.73,40.24,521.46,Wholesale Client,Bank Transfer,Completed,ORD900093,Automated migration
2025-01-17,Catalytic Converter,Exhaust system,3,22186.4,5174.23,66559.2,Retail Client,Check,Completed,ORD900094,Automated migration
2025-01-17,Shock Absorber,Suspension & traction,1,4139.34,311.2,4139.34,Wholesale Client,Check,Completed,ORD900095,Automated migration
2025-01-17,Oil Filter,Engine system,3,154.9,38.3,464.7,Wholesale Client,GCash,Completed,ORD900096,Automated migration
2025-01-18,Brake Pads,Braking system,1,1359.82,59.32,1359.82,Retail Client,Bank Transfer,Completed,ORD900097,Automated migration
2025-01-18,Shock Absorber,Suspension & traction,2,3832.98,587.15,7665.96,Wholesale Client,Cash,Completed,ORD900098,Automated migration
2025-01-19,Battery,Electrical system,2,6489.55,867.58,12979.1,Wholesale Client,Bank Transfer,Completed,ORD900099,Automated migration
2025-01-19,Air Filter,Engine system,2,294.11,20.61,588.22,Retail Client,GCash,Completed,ORD900100,Automated migration
2025-01-19,Oil Filter,Engine system,2,235.93,23.24,471.86,Wholesale Client,Maya,Completed,ORD900101,Automated migration
2025-01-20,Shock Absorber,Suspension & traction,2,3447.88,242.62,6895.76,Wholesale Client,Maya,Completed,ORD900102,Automated migration
2025-01-20,Oil Filter,Engine system,1,177.14,7.22,177.14,Wholesale Client,Cash,Completed,ORD900103,Automated migration
2025-01-20,Shock Absorber,Suspension & traction,2,3055.78,287.29,6111.56,Retail Client,Cash,Completed,ORD900104,Automated migration
2025-01-20,Alternator,Electrical system,2,8733.13,1303.92,17466.26,Wholesale Client,GCash,Completed,ORD900105,Automated migration
2025-01-21,Brake Pads,Braking system,2,1344.5,216.57,2689.0,Wholesale Client,Cash,Completed,ORD900106,Automated migration
2025-01-21,Battery,Electrical system,1,6033.4,295.31,6033.4,Wholesale Client,Cash,Completed,ORD900107,Automated migration
2025-01-21,Battery,Electrical system,2,7391.77,870.72,14783.54,Wholesale Client,Cash,Completed,ORD900108,Automated migration
2025-01-22,Air Filter,Engine system,1,315.9,17.42,315.9,Retail Client,GCash,Completed,ORD900109,Automated migration
2025-01-22,Starter Motor,Electrical system,1,11485.64,396.71,11485.64,Retail Client,Cash,Completed,ORD900110,Automated migration
2025-01-22,Brake Pads,Braking system,3,1491.08,330.02,4473.24,Wholesale Client,Bank Transfer,Completed,ORD900111,Automated migration
2025-01-22,Brake Pads,Braking system,2,958.23,97.06,1916.46,Wholesale Client,GCash,Completed,ORD900112,Automated migration
2025-01-22,Oil Filter,Engine system,3,203.21,19.06,609.63,Retail Client,Bank Transfer,Completed,ORD900113,Automated migration
2025-01-23,Starter Motor,Electrical system,1,10098.34,802.65,10098.34,Retail Client,Bank Transfer,Completed,ORD900114,Automated migration
2025-01-23,Air Filter,Engine system,1,329.05,21.11,329.05,Retail Client,GCash,Completed,ORD900115,Automated migration
2025-01-23,Catalytic Converter,Exhaust system,2,19982.01,2320.88,39964.02,Wholesale Client,GCash,Completed,ORD900116,Automated migration
2025-01-23,Air Filter,Engine system,2,248.66,15.87,497.32,Retail Client,Maya,Completed,ORD900117,Automated migration
2025-01-23,Brake Pads,Braking system,3,1390.6,186.73,4171.8,Wholesale Client,Maya,Completed,ORD900118,Automated migration
2025-01-23,Brake Pads,Braking system,2,1472.22,253.6,2944.44,Wholesale Client,Check,Completed,ORD900119,Automated migration
2025-01-23,Oil Filter,Engine system,1,155.14,11.96,155.14,Retail Client,Maya,Completed,ORD900120,Automated migration
2025-01-24,Oil Filter,Engine system,3,166.8,33.82,500.4,Wholesale Client,Check,Completed,ORD900121,Automated migration
2025-01-24,Starter Motor,Electrical system,1,6433.62,449.02,6433.62,Wholesale Client,Check,Completed,ORD900122,Automated migration
2025-01-24,Catalytic Converter,Exhaust system,1,19802.85,917.57,19802.85,Retail Client,Check,Completed,ORD900123,Automated migration
2025-01-24,Oil Filter,Engine system,1,220.5,15.58,220.5,Retail Client,Maya,Completed,ORD900124,Automated migration
2025-01-25,Air Filter,Engine system,1,309.88,22.96,309.88,Wholesale Client,Bank Transfer,Completed,ORD900125,Automated migration
2025-01-25,Air Filter,Engine system,1,307.34,26.13,307.34,Wholesale Client,Check,Completed,ORD900126,Automated migration
2025-01-25,Battery,Electrical system,2,6399.99,554.97,12799.98,Retail Client,Maya,Completed,ORD900127,Automated migration
2025-01-25,Oil Filter,Engine system,4,197.06,55.68,788.24,Wholesale Client,Check,Completed,ORD900128,Automated migration
2025-01-26,Air Filter,Engine system,2,342.39,47.38,684.78,Retail Client,Maya,Completed,ORD900129,Automated migration
2025-01-26,Brake Pads,Braking system,1,1122.0,50.1,1122.0,Wholesale Client,Bank Transfer,Completed,ORD900130,Automated migration
2025-01-26,Brake Pads,Braking system,2,1069.39,107.87,2138.78,Retail Client,Bank Transfer,Completed,ORD900131,Automated migration
2025-01-27,Brake Pads,Braking system,2,1160.14,132.03,2320.28,Retail Client,Bank Transfer,Completed,ORD900132,Automated migration
2025-01-27,ECU Module,Electrical system,1,18699.32,1654.88,18699.32,Wholesale Client,Maya,Completed,ORD900133,Automated migration
2025-01-27,Air Filter,Engine system,4,236.07,42.3,944.28,Wholesale Client,GCash,Completed,ORD900134,Automated migration
2025-01-28,Shock Absorber,Suspension & traction,2,3892.25,393.45,7784.5,Wholesale Client,Check,Completed,ORD900135,Automated migration
2025-01-28,Catalytic Converter,Exhaust system,1,19526.24,591.08,19526.24,Wholesale Client,Check,Completed,ORD900136,Automated migration
2025-01-29,Shock Absorber,Suspension & traction,3,2508.82,403.4,7526.46,Wholesale Client,GCash,Completed,ORD900137,Automated migration
2025-01-29,Alternator,Electrical system,1,11213.38,979.49,11213.38,Retail Client,GCash,Completed,ORD900138,Automated migration
2025-01-29,Brake Pads,Braking system,1,1170.81,92.39,1170.81,Retail Client,Maya,Completed,ORD900139,Automated migration
2025-01-29,Air Filter,Engine system,1,344.07,17.33,344.07,Retail Client,Cash,Completed,ORD900140,Automated migration
2025-01-29,Wheel Bearing,Drivetrain,1,1775.47,101.3,1775.47,Retail Client,Cash,Completed,ORD900141,Automated migration
2025-01-29,Wheel Bearing,Drivetrain,2,1740.16,275.31,3480.32,Wholesale Client,Cash,Completed,ORD900142,Automated migration
2025-01-29,Brake Pads,Braking system,1,1179.18,85.48,1179.18,Wholesale Client,GCash,Completed,ORD900143,Automated migration
2025-01-29,Wheel Bearing,Drivetrain,1,2548.63,152.93,2548.63,Wholesale Client,GCash,Completed,ORD900144,Automated migration
2025-01-30,Air Filter,Engine system,2,306.32,21.22,612.64,Wholesale Client,Bank Transfer,Completed,ORD900145,Automated migration
2025-01-30,Brake Pads,Braking system,1,1238.34,109.37,1238.34,Retail Client,Bank Transfer,Completed,ORD900146,Automated migration
2025-01-30,ECU Module,Electrical system,1,15235.81,567.37,15235.81,Wholesale Client,Check,Completed,ORD900147,Automated migration
2025-01-30,Oil Filter,Engine system,1,250.86,12.99,250.86,Retail Client,GCash,Completed,ORD900148,Automated migration
2025-01-30,Alternator,Electrical system,1,6809.54,590.88,6809.54,Wholesale Client,Check,Completed,ORD900149,Automated migration
2025-01-30,Air Filter,Engine system,3,316.36,77.15,949.08,Retail Client,Bank Transfer,Completed,ORD900150,Automated migration
2025-01-30,Shock Absorber,Suspension & traction,3,3647.72,690.37,10943.16,Wholesale Client,Cash,Completed,ORD900151,Automated migration
2025-01-31,Brake Pads,Braking system,1,1055.58,65.65,1055.58,Wholesale Client,Bank Transfer,Completed,ORD900152,Automated migration
2025-01-31,Air Filter,Engine system,1,267.05,21.22,267.05,Wholesale Client,Maya,Completed,ORD900153,Automated migration
2025-01-31,Oil Filter,Engine system,1,200.83,17.06,200.83,Wholesale Client,Check,Completed,ORD900154,Automated migration
2025-01-31,Wheel Bearing,Drivetrain,2,2659.57,172.36,5319.14,Retail Client,Cash,Completed,ORD900155,Automated migration
2025-01-31,Catalytic Converter,Exhaust system,3,16957.32,3251.74,50871.96,Wholesale Client,Bank Transfer,Completed,ORD900156,Automated migration
2025-01-31,ECU Module,Electrical system,1,26182.2,1568.34,26182.2,Wholesale Client,Maya,Completed,ORD900157,Automated migration
2025-02-01,Air Filter,Engine system,2,272.05,40.53,544.1,Wholesale Client,Check,Completed,ORD900158,Automated migration
2025-02-01,Catalytic Converter,Exhaust system,2,21684.29,3525.9,43368.58,Wholesale Client,Cash,Completed,ORD900159,Automated migration
2025-02-01,ECU Module,Electrical system,1,17315.13,641.25,17315.13,Wholesale Client,Check,Completed,ORD900160,Automated migration
2025-02-01,Brake Pads,Braking system,3,1344.46,207.55,4033.38,Wholesale Client,Maya,Completed,ORD900161,Automated migration
2025-02-01,Alternator,Electrical system,1,12432.01,378.46,12432.01,Wholesale Client,Cash,Completed,ORD900162,Automated migration
2025-02-01,Brake Pads,Braking system,1,1249.6,94.39,1249.6,Wholesale Client,Bank Transfer,Completed,ORD900163,Automated migration
2025-02-01,Shock Absorber,Suspension & traction,4,3613.34,981.52,14453.36,Retail Client,Bank Transfer,Completed,ORD900164,Automated migration
2025-02-01,Air Filter,Engine system,2,227.61,15.73,455.22,Retail Client,Cash,Completed,ORD900165,Automated migration
2025-02-02,ECU Module,Electrical system,1,22734.83,1594.2,22734.83,Retail Client,GCash,Completed,ORD900166,Automated migration
2025-02-02,Brake Pads,Braking system,2,1164.15,154.71,2328.3,Wholesale Client,Check,Completed,ORD900167,Automated migration
2025-02-02,Oil Filter,Engine system,1,251.08,13.53,251.08,Retail Client,Maya,Completed,ORD900168,Automated migration
2025-02-02,Brake Pads,Braking system,2,1035.31,111.8,2070.62,Wholesale Client,Bank Transfer,Completed,ORD900169,Automated migration
2025-02-02,Wheel Bearing,Drivetrain,1,2070.32,102.39,2070.32,Retail Client,Check,Completed,ORD900170,Automated migration
2025-02-03,Brake Pads,Braking system,1,1095.9,89.26,1095.9,Retail Client,GCash,Completed,ORD900171,Automated migration
2025-02-03,Oil Filter,Engine system,3,243.1,24.07,729.3,Retail Client,Maya,Completed,ORD900172,Automated migration
2025-02-03,Starter Motor,Electrical system,1,8812.38,758.41,8812.38,Wholesale Client,Maya,Completed,ORD900173,Automated migration
2025-02-03,Alternator,Electrical system,1,8178.67,245.48,8178.67,Retail Client,Cash,Completed,ORD900174,Automated migration
2025-02-03,Air Filter,Engine system,3,234.18,31.6,702.54,Retail Client,Bank Transfer,Completed,ORD900175,Automated migration
2025-02-03,Oil Filter,Engine system,2,257.84,19.01,515.68,Wholesale Client,Cash,Completed,ORD900176,Automated migration
2025-02-04,Shock Absorber,Suspension & traction,1,2447.56,166.17,2447.56,Wholesale Client,GCash,Completed,ORD900177,Automated migration
2025-02-04,Wheel Bearing,Drivetrain,1,2561.96,193.33,2561.96,Retail Client,Cash,Completed,ORD900178,Automated migration
2025-02-04,Oil Filter,Engine system,1,159.71,14.35,159.71,Retail Client,Maya,Completed,ORD900179,Automated migration
2025-02-04,Oil Filter,Engine system,2,247.69,35.4,495.38,Retail Client,Bank Transfer,Completed,ORD900180,Automated migration
2025-02-05,Wheel Bearing,Drivetrain,1,2320.68,185.18,2320.68,Wholesale Client,Maya,Completed,ORD900181,Automated migration
2025-02-05,Air Filter,Engine system,1,352.73,11.63,352.73,Retail Client,Bank Transfer,Completed,ORD900182,Automated migration
2025-02-05,Oil Filter,Engine system,2,247.08,43.59,494.16,Retail Client,GCash,Completed,ORD900183,Automated migration
2025-02-05,Catalytic Converter,Exhaust system,1,18638.5,1134.89,18638.5,Wholesale Client,Bank Transfer,Completed,ORD900184,Automated migration
2025-02-05,Wheel Bearing,Drivetrain,2,1813.55,121.47,3627.1,Retail Client,Check,Completed,ORD900185,Automated migration
2025-02-05,Air Filter,Engine system,3,240.52,28.13,721.56,Wholesale Client,GCash,Completed,ORD900186,Automated migration
2025-02-05,Brake Pads,Braking system,1,1056.33,45.64,1056.33,Wholesale Client,Cash,Completed,ORD900187,Automated migration
2025-02-06,Oil Filter,Engine system,2,186.87,16.85,373.74,Retail Client,Bank Transfer,Completed,ORD900188,Automated migration
2025-02-06,Catalytic Converter,Exhaust system,3,15977.41,3877.96,47932.23,Retail Client,Maya,Completed,ORD900189,Automated migration
2025-02-06,Shock Absorber,Suspension & traction,1,4089.97,132.02,4089.97,Retail Client,Maya,Completed,ORD900190,Automated migration
2025-02-06,Shock Absorber,Suspension & traction,1,2768.34,147.24,2768.34,Retail Client,Maya,Completed,ORD900191,Automated migration
2025-02-06,Oil Filter,Engine system,1,252.58,12.84,252.58,Wholesale Client,Maya,Completed,ORD900192,Automated migration
2025-02-06,ECU Module,Electrical system,3,20277.96,5269.46,60833.88,Wholesale Client,Bank Transfer,Completed,ORD900193,Automated migration
2025-02-07,Oil Filter,Engine system,1,175.72,14.05,175.72,Retail Client,Cash,Completed,ORD900194,Automated migration
2025-02-07,Shock Absorber,Suspension & traction,1,2727.09,105.83,2727.09,Retail Client,Bank Transfer,Completed,ORD900195,Automated migration
2025-02-07,Starter Motor,Electrical system,1,8443.59,678.07,8443.59,Retail Client,Maya,Completed,ORD900196,Automated migration
2025-02-08,Brake Pads,Braking system,1,1452.41,92.71,1452.41,Retail Client,Bank Transfer,Completed,ORD900197,Automated migration
2025-02-08,Oil Filter,Engine system,1,198.71,7.4,198.71,Retail Client,Maya,Completed,ORD900198,Automated migration
2025-02-08,Brake Pads,Braking system,1,1240.94,78.49,1240.94,Wholesale Client,GCash,Completed,ORD900199,Automated migration
2025-02-08,Oil Filter,Engine system,1,215.82,13.72,215.82,Wholesale Client,Cash,Completed,ORD900200,Automated migration
2025-02-08,Alternator,Electrical system,4,10643.7,3641.45,42574.8,Retail Client,Check,Completed,ORD900201,Automated migration
2025-02-08,Brake Pads,Braking system,2,1456.29,248.23,2912.58,Retail Client,GCash,Completed,ORD900202,Automated migration
2025-02-09,Wheel Bearing,Drivetrain,1,2899.71,202.24,2899.71,Wholesale Client,GCash,Completed,ORD900203,Automated migration
2025-02-09,Brake Pads,Braking system,2,1023.86,166.07,2047.72,Retail Client,GCash,Completed,ORD900204,Automated migration
2025-02-09,Brake Pads,Braking system,1,1331.79,58.31,1331.79,Retail Client,Maya,Completed,ORD900205,Automated migration
2025-02-09,Brake Pads,Braking system,3,1283.19,192.88,3849.57,Wholesale Client,Check,Completed,ORD900206,Automated migration
2025-02-09,Brake Pads,Braking system,1,1246.21,100.31,1246.21,Retail Client,Bank Transfer,Completed,ORD900207,Automated migration
2025-02-09,Shock Absorber,Suspension & traction,2,2816.99,469.45,5633.98,Wholesale Client,Maya,Completed,ORD900208,Automated migration
2025-02-09,Brake Pads,Braking system,1,1493.01,89.96,1493.01,Wholesale Client,GCash,Completed,ORD900209,Automated migration
2025-02-10,Wheel Bearing,Drivetrain,1,2694.48,190.33,2694.48,Wholesale Client,Maya,Completed,ORD900210,Automated migration
2025-02-10,Shock Absorber,Suspension & traction,1,2733.13,83.93,2733.13,Wholesale Client,Check,Completed,ORD900211,Automated migration
2025-02-11,Wheel Bearing,Drivetrain,1,1909.93,128.85,1909.93,Retail Client,GCash,Completed,ORD900212,Automated migration
2025-02-11,Brake Pads,Braking system,1,1213.19,108.44,1213.19,Retail Client,Bank Transfer,Completed,ORD900213,Automated migration
2025-02-11,Shock Absorber,Suspension & traction,2,2600.96,381.41,5201.92,Retail Client,GCash,Completed,ORD900214,Automated migration
2025-02-11,Brake Pads,Braking system,1,1185.85,43.87,1185.85,Wholesale Client,Bank Transfer,Completed,ORD900215,Automated migration
2025-02-11,Wheel Bearing,Drivetrain,2,1802.8,253.36,3605.6,Retail Client,Maya,Completed,ORD900216,Automated migration
2025-02-12,Oil Filter,Engine system,1,186.29,15.47,186.29,Wholesale Client,Bank Transfer,Completed,ORD900217,Automated migration
2025-02-12,Shock Absorber,Suspension & traction,2,3091.01,212.32,6182.02,Wholesale Client,GCash,Completed,ORD900218,Automated migration
2025-02-12,Alternator,Electrical system,2,10916.17,1444.54,21832.34,Wholesale Client,Maya,Completed,ORD900219,Automated migration
2025-02-12,Air Filter,Engine system,1,325.78,10.0,325.78,Retail Client,Cash,Completed,ORD900220,Automated migration
2025-02-12,Catalytic Converter,Exhaust system,1,16626.46,1375.39,16626.46,Retail Client,Bank Transfer,Completed,ORD900221,Automated migration
2025-02-12,Wheel Bearing,Drivetrain,2,2309.15,180.9,4618.3,Wholesale Client,Cash,Completed,ORD900222,Automated migration
2025-02-13,Shock Absorber,Suspension & traction,2,2969.89,463.45,5939.78,Retail Client,Bank Transfer,Completed,ORD900223,Automated migration
2025-02-13,Oil Filter,Engine system,2,210.14,30.6,420.28,Retail Client,Bank Transfer,Completed,ORD900224,Automated migration
2025-02-13,Wheel Bearing,Drivetrain,2,2515.89,248.5,5031.78,Wholesale Client,Bank Transfer,Completed,ORD900225,Automated migration
2025-02-14,Shock Absorber,Suspension & traction,1,3280.99,196.67,3280.99,Retail Client,Check,Completed,ORD900226,Automated migration
2025-02-14,Catalytic Converter,Exhaust system,1,12898.84,548.71,12898.84,Wholesale Client,Cash,Completed,ORD900227,Automated migration
2025-02-14,Brake Pads,Braking system,1,1532.49,119.92,1532.49,Retail Client,Check,Completed,ORD900228,Automated migration
2025-02-14,Oil Filter,Engine system,1,179.29,13.44,179.29,Wholesale Client,Bank Transfer,Completed,ORD900229,Automated migration
2025-02-14,ECU Module,Electrical system,1,23022.63,1380.06,23022.63,Wholesale Client,Maya,Completed,ORD900230,Automated migration
2025-02-15,Shock Absorber,Suspension & traction,1,3649.5,298.87,3649.5,Wholesale Client,Maya,Completed,ORD900231,Automated migration
2025-02-15,Starter Motor,Electrical system,2,11701.59,1750.84,23403.18,Retail Client,GCash,Completed,ORD900232,Automated migration
2025-02-15,Air Filter,Engine system,1,233.35,11.59,233.35,Retail Client,GCash,Completed,ORD900233,Automated migration
2025-02-16,Alternator,Electrical system,2,10868.37,890.36,21736.74,Retail Client,Bank Transfer,Completed,ORD900234,Automated migration
2025-02-16,Oil Filter,Engine system,2,190.84,15.63,381.68,Wholesale Client,Cash,Completed,ORD900235,Automated migration
2025-02-16,Shock Absorber,Suspension & traction,1,2629.55,98.42,2629.55,Wholesale Client,GCash,Completed,ORD900236,Automated migration
2025-02-17,Brake Pads,Braking system,2,1037.95,64.78,2075.9,Wholesale Client,GCash,Completed,ORD900237,Automated migration
2025-02-17,ECU Module,Electrical system,1,26783.52,2083.67,26783.52,Retail Client,GCash,Completed,ORD900238,Automated migration
2025-02-17,Air Filter,Engine system,1,255.98,22.43,255.98,Wholesale Client,Maya,Completed,ORD900239,Automated migration
2025-02-17,Brake Pads,Braking system,1,1216.47,70.99,1216.47,Retail Client,Bank Transfer,Completed,ORD900240,Automated migration
2025-02-17,Starter Motor,Electrical system,1,7963.42,627.26,7963.42,Retail Client,Maya,Completed,ORD900241,Automated migration
2025-02-17,Brake Pads,Braking system,2,1598.61,250.79,3197.22,Wholesale Client,Maya,Completed,ORD900242,Automated migration
2025-02-18,Starter Motor,Electrical system,2,10455.94,1765.64,20911.88,Wholesale Client,Cash,Completed,ORD900243,Automated migration
2025-02-18,Brake Pads,Braking system,1,1127.27,94.45,1127.27,Wholesale Client,Cash,Completed,ORD900244,Automated migration
2025-02-19,Catalytic Converter,Exhaust system,1,18566.38,922.87,18566.38,Wholesale Client,Bank Transfer,Completed,ORD900245,Automated migration
2025-02-19,Catalytic Converter,Exhaust system,1,12294.51,454.89,12294.51,Wholesale Client,Bank Transfer,Completed,ORD900246,Automated migration
2025-02-19,Shock Absorber,Suspension & traction,1,3660.2,236.16,3660.2,Wholesale Client,Cash,Completed,ORD900247,Automated migration
2025-02-19,Brake Pads,Braking system,2,1552.38,238.49,3104.76,Wholesale Client,Maya,Completed,ORD900248,Automated migration
2025-02-19,Oil Filter,Engine system,3,231.24,53.45,693.72,Wholesale Client,Maya,Completed,ORD900249,Automated migration
2025-02-19,Oil Filter,Engine system,1,163.21,7.48,163.21,Retail Client,GCash,Completed,ORD900250,Automated migration
2025-02-19,ECU Module,Electrical system,2,15309.97,2053.97,30619.94,Retail Client,Bank Transfer,Completed,ORD900251,Automated migration
2025-02-19,Shock Absorber,Suspension & traction,1,2798.42,203.85,2798.42,Retail Client,Maya,Completed,ORD900252,Automated migration
2025-02-20,Wheel Bearing,Drivetrain,1,1902.17,154.24,1902.17,Wholesale Client,GCash,Completed,ORD900253,Automated migration
2025-02-20,Catalytic Converter,Exhaust system,3,18796.88,2427.85,56390.64,Wholesale Client,Bank Transfer,Completed,ORD900254,Automated migration
2025-02-20,ECU Module,Electrical system,2,20352.08,1726.85,40704.16,Retail Client,GCash,Completed,ORD900255,Automated migration
2025-02-20,Shock Absorber,Suspension & traction,2,4199.84,750.58,8399.68,Retail Client,Check,Completed,ORD900256,Automated migration
2025-02-21,Shock Absorber,Suspension & traction,1,3604.03,266.75,3604.03,Wholesale Client,Check,Completed,ORD900257,Automated migration
2025-02-21,Air Filter,Engine system,2,220.02,38.62,440.04,Wholesale Client,GCash,Completed,ORD900258,Automated migration
2025-02-21,Brake Pads,Braking system,1,1040.16,73.59,1040.16,Retail Client,Maya,Completed,ORD900259,Automated migration
2025-02-21,Shock Absorber,Suspension & traction,1,3350.11,266.69,3350.11,Wholesale Client,Check,Completed,ORD900260,Automated migration
2025-02-21,Brake Pads,Braking system,3,1509.16,391.86,4527.48,Wholesale Client,Bank Transfer,Completed,ORD900261,Automated migration
2025-02-21,Brake Pads,Braking system,1,1333.73,96.73,1333.73,Wholesale Client,GCash,Completed,ORD900262,Automated migration
2025-02-22,Air Filter,Engine system,2,250.34,39.92,500.68,Retail Client,Check,Completed,ORD900263,Automated migration
2025-02-22,Wheel Bearing,Drivetrain,1,2103.98,118.4,2103.98,Wholesale Client,Bank Transfer,Completed,ORD900264,Automated migration
2025-02-22,Brake Pads,Braking system,1,1369.63,115.78,1369.63,Retail Client,Check,Completed,ORD900265,Automated migration
2025-02-22,Oil Filter,Engine system,2,159.21,26.69,318.42,Retail Client,Cash,Completed,ORD900266,Automated migration
2025-02-22,Wheel Bearing,Drivetrain,3,2013.64,378.17,6040.92,Retail Client,Bank Transfer,Completed,ORD900267,Automated migration
2025-02-22,Brake Pads,Braking system,1,1149.03,63.35,1149.03,Retail Client,Maya,Completed,ORD900268,Automated migration
2025-02-22,Oil Filter,Engine system,2,199.85,23.13,399.7,Retail Client,Check,Completed,ORD900269,Automated migration
2025-02-23,Brake Pads,Braking system,2,1481.77,212.98,2963.54,Wholesale Client,Cash,Completed,ORD900270,Automated migration
2025-02-23,Wheel Bearing,Drivetrain,1,2183.51,130.56,2183.51,Retail Client,Maya,Completed,ORD900271,Automated migration
2025-02-23,Brake Pads,Braking system,1,1518.04,134.28,1518.04,Retail Client,Maya,Completed,ORD900272,Automated migration
2025-02-23,Oil Filter,Engine system,4,243.17,51.85,972.68,Wholesale Client,Check,Completed,ORD900273,Automated migration
2025-02-23,Oil Filter,Engine system,2,231.88,28.16,463.76,Wholesale Client,Cash,Completed,ORD900274,Automated migration
2025-02-23,ECU Module,Electrical system,2,25398.62,2538.29,50797.24,Retail Client,Check,Completed,ORD900275,Automated migration
2025-02-23,ECU Module,Electrical system,1,14952.86,688.97,14952.86,Retail Client,Check,Completed,ORD900276,Automated migration
2025-02-24,Air Filter,Engine system,3,245.75,59.66,737.25,Retail Client,Maya,Completed,ORD900277,Automated migration
2025-02-24,Brake Pads,Braking system,1,1166.83,59.16,1166.83,Wholesale Client,Check,Completed,ORD900278,Automated migration
2025-02-24,Brake Pads,Braking system,3,1157.75,218.25,3473.25,Retail Client,Check,Completed,ORD900279,Automated migration
2025-02-24,Brake Pads,Braking system,1,1206.45,45.78,1206.45,Wholesale Client,Check,Completed,ORD900280,Automated migration
2025-02-25,Shock Absorber,Suspension & traction,1,3760.99,234.44,3760.99,Retail Client,Maya,Completed,ORD900281,Automated migration
2025-02-25,Brake Pads,Braking system,1,1560.0,122.11,1560.0,Retail Client,Maya,Completed,ORD900282,Automated migration
2025-02-25,Air Filter,Engine system,2,273.44,17.6,546.88,Wholesale Client,Cash,Completed,ORD900283,Automated migration
2025-02-25,Brake Pads,Braking system,1,1380.96,75.01,1380.96,Retail Client,Bank Transfer,Completed,ORD900284,Automated migration
2025-02-25,Wheel Bearing,Drivetrain,2,1816.71,254.8,3633.42,Retail Client,Cash,Completed,ORD900285,Automated migration
2025-02-25,Brake Pads,Braking system,2,1389.55,225.53,2779.1,Retail Client,Cash,Completed,ORD900286,Automated migration
2025-02-25,Shock Absorber,Suspension & traction,2,3233.65,547.35,6467.3,Retail Client,Check,Completed,ORD900287,Automated migration
2025-02-25,Oil Filter,Engine system,1,189.44,6.78,189.44,Retail Client,GCash,Completed,ORD900288,Automated migration
2025-02-26,Wheel Bearing,Drivetrain,3,1798.61,441.6,5395.83,Retail Client,Bank Transfer,Completed,ORD900289,Automated migration
2025-02-26,Catalytic Converter,Exhaust system,1,19309.37,1292.43,19309.37,Wholesale Client,Maya,Completed,ORD900290,Automated migration
2025-02-26,Oil Filter,Engine system,1,170.67,10.1,170.67,Retail Client,Maya,Completed,ORD900291,Automated migration
2025-02-26,Oil Filter,Engine system,2,249.6,36.55,499.2,Wholesale Client,Cash,Completed,ORD900292,Automated migration
2025-02-26,ECU Module,Electrical system,1,17285.7,1341.57,17285.7,Wholesale Client,Check,Completed,ORD900293,Automated migration
2025-02-26,Alternator,Electrical system,1,12491.7,909.03,12491.7,Retail Client,Maya,Completed,ORD900294,Automated migration
2025-02-26,Battery,Electrical system,0,4797.86,0.0,0.0,Wholesale Client,Maya,Completed,ORD900295,Automated migration
2025-02-26,Alternator,Electrical system,1,10014.69,576.99,10014.69,Retail Client,Check,Completed,ORD900296,Automated migration
2025-02-26,Battery,Electrical system,1,6718.1,279.99,6718.1,Wholesale Client,Check,Completed,ORD900297,Automated migration
2025-02-26,Shock Absorber,Suspension & traction,2,2864.84,413.85,5729.68,Wholesale Client,GCash,Completed,ORD900298,Automated migration
2025-02-27,Catalytic Converter,Exhaust system,1,14518.81,667.52,14518.81,Retail Client,Cash,Completed,ORD900299,Automated migration
2025-02-27,Shock Absorber,Suspension & traction,1,3929.05,274.33,3929.05,Retail Client,GCash,Completed,ORD900300,Automated migration
2025-02-27,ECU Module,Electrical system,2,26522.45,3771.2,53044.9,Wholesale Client,GCash,Completed,ORD900301,Automated migration
2025-02-27,Air Filter,Engine system,1,298.36,23.1,298.36,Wholesale Client,Maya,Completed,ORD900302,Automated migration
2025-02-27,Catalytic Converter,Exhaust system,1,19924.42,767.3,19924.42,Retail Client,Check,Completed,ORD900303,Automated migration
2025-02-28,Shock Absorber,Suspension & traction,3,2559.86,385.96,7679.58,Wholesale Client,Check,Completed,ORD900304,Automated migration
2025-02-28,Wheel Bearing,Drivetrain,2,2614.33,228.53,5228.66,Wholesale Client,GCash,Completed,ORD900305,Automated migration
2025-02-28,Shock Absorber,Suspension & traction,4,4100.58,815.67,16402.32,Retail Client,Maya,Completed,ORD900306,Automated migration
2025-02-28,Alternator,Electrical system,1,9334.35,725.64,9334.35,Retail Client,Cash,Completed,ORD900307,Automated migration
2025-02-28,Brake Pads,Braking system,2,1561.34,175.99,3122.68,Retail Client,Maya,Completed,ORD900308,Automated migration
2025-02-28,Shock Absorber,Suspension & traction,1,3077.01,236.58,3077.01,Wholesale Client,GCash,Completed,ORD900309,Automated migration
2025-02-28,Oil Filter,Engine system,2,231.44,15.82,462.88,Wholesale Client,Cash,Completed,ORD900310,Automated migration
2025-03-01,Oil Filter,Engine system,1,238.14,10.57,238.14,Wholesale Client,Cash,Completed,ORD900311,Automated migration
2025-03-01,Alternator,Electrical system,1,6970.45,410.61,6970.45,Wholesale Client,Maya,Completed,ORD900312,Automated migration
2025-03-02,ECU Module,Electrical system,1,26914.69,1612.26,26914.69,Wholesale Client,Cash,Completed,ORD900313,Automated migration
2025-03-02,ECU Module,Electrical system,3,15649.28,2246.87,46947.84,Retail Client,Cash,Completed,ORD900314,Automated migration
2025-03-02,Shock Absorber,Suspension & traction,1,3588.34,279.59,3588.34,Wholesale Client,Maya,Completed,ORD900315,Automated migration
2025-03-02,ECU Module,Electrical system,2,21914.75,3188.46,43829.5,Retail Client,Bank Transfer,Completed,ORD900316,Automated migration
2025-03-03,Oil Filter,Engine system,1,199.12,6.75,199.12,Wholesale Client,GCash,Completed,ORD900317,Automated migration
2025-03-03,Oil Filter,Engine system,1,186.88,6.23,186.88,Wholesale Client,Check,Completed,ORD900318,Automated migration
2025-03-03,Catalytic Converter,Exhaust system,3,18461.36,3278.52,55384.08,Wholesale Client,Maya,Completed,ORD900319,Automated migration
2025-03-04,Battery,Electrical system,2,7496.0,1203.51,14992.0,Wholesale Client,Cash,Completed,ORD900320,Automated migration
2025-03-04,Starter Motor,Electrical system,2,6201.97,390.98,12403.94,Wholesale Client,Cash,Completed,ORD900321,Automated migration
2025-03-04,Battery,Electrical system,3,7799.37,1562.3,23398.11,Retail Client,Bank Transfer,Completed,ORD900322,Automated migration
2025-03-04,Oil Filter,Engine system,1,248.65,19.31,248.65,Wholesale Client,Maya,Completed,ORD900323,Automated migration
2025-03-05,Air Filter,Engine system,2,301.62,47.05,603.24,Retail Client,GCash,Completed,ORD900324,Automated migration
2025-03-05,Air Filter,Engine system,4,263.13,47.9,1052.52,Retail Client,Maya,Completed,ORD900325,Automated migration
2025-03-05,Shock Absorber,Suspension & traction,1,3904.05,315.34,3904.05,Wholesale Client,Check,Completed,ORD900326,Automated migration
2025-03-05,Brake Pads,Braking system,1,1115.36,59.1,1115.36,Retail Client,Bank Transfer,Completed,ORD900327,Automated migration
2025-03-05,Shock Absorber,Suspension & traction,2,3792.66,635.11,7585.32,Retail Client,Maya,Completed,ORD900328,Automated migration
2025-03-05,Shock Absorber,Suspension & traction,1,4145.36,256.4,4145.36,Retail Client,Check,Completed,ORD900329,Automated migration
2025-03-05,ECU Module,Electrical system,3,19056.91,3615.84,57170.73,Retail Client,GCash,Completed,ORD900330,Automated migration
2025-03-05,Brake Pads,Braking system,1,1205.66,72.28,1205.66,Wholesale Client,Bank Transfer,Completed,ORD900331,Automated migration
2025-03-05,Shock Absorber,Suspension & traction,1,2582.51,226.65,2582.51,Retail Client,Maya,Completed,ORD900332,Automated migration
2025-03-06,Wheel Bearing,Drivetrain,1,2417.84,194.7,2417.84,Wholesale Client,Maya,Completed,ORD900333,Automated migration
2025-03-06,Shock Absorber,Suspension & traction,3,2727.38,287.51,8182.14,Wholesale Client,Check,Completed,ORD900334,Automated migration
2025-03-06,ECU Module,Electrical system,1,20473.42,845.32,20473.42,Retail Client,Cash,Completed,ORD900335,Automated migration
2025-03-06,Oil Filter,Engine system,2,248.25,39.16,496.5,Retail Client,Cash,Completed,ORD900336,Automated migration
2025-03-06,Battery,Electrical system,1,4778.07,153.52,4778.07,Retail Client,Maya,Completed,ORD900337,Automated migration
2025-03-07,Oil Filter,Engine system,2,247.42,24.64,494.84,Retail Client,Maya,Completed,ORD900338,Automated migration
2025-03-07,Air Filter,Engine system,2,308.41,26.39,616.82,Wholesale Client,Maya,Completed,ORD900339,Automated migration
2025-03-07,Catalytic Converter,Exhaust system,2,12003.27,784.07,24006.54,Wholesale Client,GCash,Completed,ORD900340,Automated migration
2025-03-07,Battery,Electrical system,3,5629.01,976.54,16887.03,Wholesale Client,Check,Completed,ORD900341,Automated migration
2025-03-08,Wheel Bearing,Drivetrain,3,1937.05,373.75,5811.15,Retail Client,Bank Transfer,Completed,ORD900342,Automated migration
2025-03-08,Air Filter,Engine system,1,322.63,22.55,322.63,Wholesale Client,Maya,Completed,ORD900343,Automated migration
2025-03-08,Catalytic Converter,Exhaust system,1,13395.5,451.68,13395.5,Wholesale Client,Bank Transfer,Completed,ORD900344,Automated migration
2025-03-08,Alternator,Electrical system,1,7145.1,290.74,7145.1,Retail Client,Cash,Completed,ORD900345,Automated migration
2025-03-08,Air Filter,Engine system,2,346.24,53.45,692.48,Retail Client,Maya,Completed,ORD900346,Automated migration
2025-03-08,Wheel Bearing,Drivetrain,3,1894.61,211.7,5683.83,Wholesale Client,Check,Completed,ORD900347,Automated migration
2025-03-08,Shock Absorber,Suspension & traction,2,2437.21,150.58,4874.42,Wholesale Client,GCash,Completed,ORD900348,Automated migration
2025-03-08,Battery,Electrical system,1,5211.7,369.06,5211.7,Wholesale Client,Maya,Completed,ORD900349,Automated migration
2025-03-09,Brake Pads,Braking system,4,1208.64,325.57,4834.56,Wholesale Client,Check,Completed,ORD900350,Automated migration
2025-03-09,Catalytic Converter,Exhaust system,3,12688.54,2637.58,38065.62,Retail Client,Check,Completed,ORD900351,Automated migration
2025-03-09,Air Filter,Engine system,1,302.14,27.02,302.14,Retail Client,Bank Transfer,Completed,ORD900352,Automated migration
2025-03-09,Air Filter,Engine system,3,304.98,30.32,914.94,Wholesale Client,Maya,Completed,ORD900353,Automated migration
2025-03-09,ECU Module,Electrical system,3,21411.33,2548.85,64233.99,Wholesale Client,Bank Transfer,Completed,ORD900354,Automated migration
2025-03-10,ECU Module,Electrical system,1,16636.74,1079.73,16636.74,Wholesale Client,GCash,Completed,ORD900355,Automated migration
2025-03-10,Battery,Electrical system,1,5109.92,215.6,5109.92,Retail Client,Cash,Completed,ORD900356,Automated migration
2025-03-10,Oil Filter,Engine system,1,181.35,10.78,181.35,Retail Client,Maya,Completed,ORD900357,Automated migration
2025-03-10,Wheel Bearing,Drivetrain,4,1964.06,550.26,7856.24,Retail Client,GCash,Completed,ORD900358,Automated migration
2025-03-10,Brake Pads,Braking system,3,1387.33,244.51,4161.99,Wholesale Client,GCash,Completed,ORD900359,Automated migration
2025-03-10,Air Filter,Engine system,2,326.44,36.2,652.88,Wholesale Client,GCash,Completed,ORD900360,Automated migration
2025-03-10,Air Filter,Engine system,2,240.54,20.25,481.08,Retail Client,GCash,Completed,ORD900361,Automated migration
2025-03-11,Starter Motor,Electrical system,2,7355.98,696.41,14711.96,Retail Client,Bank Transfer,Completed,ORD900362,Automated migration
2025-03-11,Shock Absorber,Suspension & traction,1,2444.46,120.47,2444.46,Wholesale Client,Bank Transfer,Completed,ORD900363,Automated migration
2025-03-11,Battery,Electrical system,2,7127.2,1071.82,14254.4,Wholesale Client,GCash,Completed,ORD900364,Automated migration
2025-03-11,Shock Absorber,Suspension & traction,1,3069.4,190.0,3069.4,Wholesale Client,Bank Transfer,Completed,ORD900365,Automated migration
2025-03-11,Alternator,Electrical system,1,7807.23,626.97,7807.23,Wholesale Client,Check,Completed,ORD900366,Automated migration
2025-03-11,Air Filter,Engine system,1,273.38,18.36,273.38,Wholesale Client,Cash,Completed,ORD900367,Automated migration
2025-03-11,Starter Motor,Electrical system,2,6633.58,502.81,13267.16,Retail Client,Cash,Completed,ORD900368,Automated migration
2025-03-11,Wheel Bearing,Drivetrain,4,2743.56,379.51,10974.24,Retail Client,GCash,Completed,ORD900369,Automated migration
2025-03-12,Wheel Bearing,Drivetrain,1,1804.82,63.35,1804.82,Wholesale Client,Bank Transfer,Completed,ORD900370,Automated migration
2025-03-12,Oil Filter,Engine system,2,216.92,27.18,433.84,Wholesale Client,Bank Transfer,Completed,ORD900371,Automated migration
2025-03-12,Wheel Bearing,Drivetrain,1,2127.06,88.63,2127.06,Retail Client,Bank Transfer,Completed,ORD900372,Automated migration
2025-03-12,Air Filter,Engine system,2,306.34,27.8,612.68,Wholesale Client,Maya,Completed,ORD900373,Automated migration
2025-03-12,Alternator,Electrical system,2,10660.32,1201.49,21320.64,Retail Client,Check,Completed,ORD900374,Automated migration
2025-03-12,Shock Absorber,Suspension & traction,1,3802.92,329.83,3802.92,Retail Client,Cash,Completed,ORD900375,Automated migration
2025-03-12,ECU Module,Electrical system,2,15169.85,1252.41,30339.7,Retail Client,Bank Transfer,Completed,ORD900376,Automated migration
2025-03-12,Catalytic Converter,Exhaust system,1,13921.66,1220.43,13921.66,Retail Client,Check,Completed,ORD900377,Automated migration
2025-03-12,Shock Absorber,Suspension & traction,1,3013.76,223.52,3013.76,Retail Client,GCash,Completed,ORD900378,Automated migration
2025-03-13,Alternator,Electrical system,1,11135.74,750.26,11135.74,Wholesale Client,GCash,Completed,ORD900379,Automated migration
2025-03-13,Alternator,Electrical system,1,10409.21,917.76,10409.21,Wholesale Client,Cash,Completed,ORD900380,Automated migration
2025-03-13,Oil Filter,Engine system,2,228.31,40.46,456.62,Wholesale Client,GCash,Completed,ORD900381,Automated migration
2025-03-13,ECU Module,Electrical system,1,19827.46,1425.06,19827.46,Retail Client,GCash,Completed,ORD900382,Automated migration
2025-03-13,Wheel Bearing,Drivetrain,1,1761.62,53.48,1761.62,Retail Client,Bank Transfer,Completed,ORD900383,Automated migration
2025-03-13,Oil Filter,Engine system,1,188.03,11.39,188.03,Wholesale Client,Bank Transfer,Completed,ORD900384,Automated migration
2025-03-13,Wheel Bearing,Drivetrain,1,2094.17,180.18,2094.17,Retail Client,GCash,Completed,ORD900385,Automated migration
2025-03-14,Air Filter,Engine system,2,359.99,51.99,719.98,Retail Client,Cash,Completed,ORD900386,Automated migration
2025-03-14,Brake Pads,Braking system,2,1356.52,168.26,2713.04,Wholesale Client,GCash,Completed,ORD900387,Automated migration
2025-03-14,Brake Pads,Braking system,1,991.57,32.16,991.57,Wholesale Client,Maya,Completed,ORD900388,Automated migration
2025-03-14,Oil Filter,Engine system,2,221.84,39.22,443.68,Wholesale Client,Check,Completed,ORD900389,Automated migration
2025-03-15,Shock Absorber,Suspension & traction,2,2441.6,154.88,4883.2,Wholesale Client,GCash,Completed,ORD900390,Automated migration
2025-03-15,Catalytic Converter,Exhaust system,2,12433.2,1581.44,24866.4,Wholesale Client,Bank Transfer,Completed,ORD900391,Automated migration
2025-03-15,Catalytic Converter,Exhaust system,1,21797.68,1272.9,21797.68,Retail Client,Maya,Completed,ORD900392,Automated migration
2025-03-15,Alternator,Electrical system,1,8130.77,260.45,8130.77,Retail Client,Check,Completed,ORD900393,Automated migration
2025-03-15,Air Filter,Engine system,2,247.57,39.44,495.14,Wholesale Client,Check,Completed,ORD900394,Automated migration
2025-03-15,ECU Module,Electrical system,2,17281.68,2929.14,34563.36,Retail Client,Maya,Completed,ORD900395,Automated migration
2025-03-16,Air Filter,Engine system,2,306.86,25.23,613.72,Retail Client,Cash,Completed,ORD900396,Automated migration
2025-03-16,Air Filter,Engine system,2,231.42,40.01,462.84,Wholesale Client,Bank Transfer,Completed,ORD900397,Automated migration
2025-03-16,Air Filter,Engine system,1,285.37,22.89,285.37,Wholesale Client,Bank Transfer,Completed,ORD900398,Automated migration
2025-03-16,Brake Pads,Braking system,1,1550.95,111.23,1550.95,Retail Client,Bank Transfer,Completed,ORD900399,Automated migration
2025-03-16,Shock Absorber,Suspension & traction,2,3818.5,368.48,7637.0,Retail Client,Check,Completed,ORD900400,Automated migration
2025-03-16,Shock Absorber,Suspension & traction,1,3899.85,170.64,3899.85,Wholesale Client,GCash,Completed,ORD900401,Automated migration
2025-03-17,Shock Absorber,Suspension & traction,1,3316.45,185.44,3316.45,Wholesale Client,Bank Transfer,Completed,ORD900402,Automated migration
2025-03-17,Shock Absorber,Suspension & traction,3,3234.82,317.05,9704.46,Retail Client,Cash,Completed,ORD900403,Automated migration
2025-03-18,Oil Filter,Engine system,1,155.29,9.69,155.29,Retail Client,GCash,Completed,ORD900404,Automated migration
2025-03-18,ECU Module,Electrical system,1,23193.01,1574.35,23193.01,Wholesale Client,Bank Transfer,Completed,ORD900405,Automated migration
2025-03-18,Air Filter,Engine system,1,279.14,15.31,279.14,Retail Client,Cash,Completed,ORD900406,Automated migration
2025-03-18,Air Filter,Engine system,1,265.2,19.73,265.2,Retail Client,Cash,Completed,ORD900407,Automated migration
2025-03-19,Oil Filter,Engine system,2,168.19,28.4,336.38,Retail Client,Check,Completed,ORD900408,Automated migration
2025-03-19,Shock Absorber,Suspension & traction,2,3037.84,187.66,6075.68,Retail Client,Bank Transfer,Completed,ORD900409,Automated migration
2025-03-19,Alternator,Electrical system,1,11714.56,443.53,11714.56,Wholesale Client,Maya,Completed,ORD900410,Automated migration
2025-03-19,Shock Absorber,Suspension & traction,3,3865.64,362.25,11596.92,Retail Client,Bank Transfer,Completed,ORD900411,Automated migration
2025-03-19,Shock Absorber,Suspension & traction,2,3335.14,330.73,6670.28,Retail Client,Maya,Completed,ORD900412,Automated migration
2025-03-19,Brake Pads,Braking system,1,1212.32,77.65,1212.32,Retail Client,Check,Completed,ORD900413,Automated migration
2025-03-19,Air Filter,Engine system,2,227.07,36.74,454.14,Retail Client,GCash,Completed,ORD900414,Automated migration
2025-03-19,Oil Filter,Engine system,1,220.12,16.31,220.12,Retail Client,Cash,Completed,ORD900415,Automated migration
2025-03-20,Air Filter,Engine system,1,312.91,13.29,312.91,Retail Client,GCash,Completed,ORD900416,Automated migration
2025-03-20,Wheel Bearing,Drivetrain,2,2243.97,332.93,4487.94,Retail Client,GCash,Completed,ORD900417,Automated migration
2025-03-20,ECU Module,Electrical system,1,15702.24,1383.74,15702.24,Wholesale Client,Bank Transfer,Completed,ORD900418,Automated migration
2025-03-20,Oil Filter,Engine system,2,210.41,19.56,420.82,Retail Client,Bank Transfer,Completed,ORD900419,Automated migration
2025-03-20,Air Filter,Engine system,1,241.83,21.11,241.83,Retail Client,Check,Completed,ORD900420,Automated migration
2025-03-20,Oil Filter,Engine system,1,248.95,19.82,248.95,Retail Client,Bank Transfer,Completed,ORD900421,Automated migration
2025-03-20,Shock Absorber,Suspension & traction,1,3123.44,204.04,3123.44,Wholesale Client,Maya,Completed,ORD900422,Automated migration
2025-03-21,Oil Filter,Engine system,3,219.34,46.36,658.02,Wholesale Client,Check,Completed,ORD900423,Automated migration
2025-03-21,Oil Filter,Engine system,1,232.87,9.65,232.87,Wholesale Client,Check,Completed,ORD900424,Automated migration
2025-03-21,Brake Pads,Braking system,2,1418.52,139.42,2837.04,Retail Client,Cash,Completed,ORD900425,Automated migration
2025-03-21,Starter Motor,Electrical system,3,10283.05,2589.42,30849.15,Retail Client,Maya,Completed,ORD900426,Automated migration
2025-03-22,Starter Motor,Electrical system,1,11202.83,507.16,11202.83,Wholesale Client,GCash,Completed,ORD900427,Automated migration
2025-03-22,Shock Absorber,Suspension & traction,1,2674.45,200.73,2674.45,Wholesale Client,Bank Transfer,Completed,ORD900428,Automated migration
2025-03-22,Shock Absorber,Suspension & traction,1,2684.09,94.32,2684.09,Retail Client,Check,Completed,ORD900429,Automated migration
2025-03-22,Wheel Bearing,Drivetrain,3,1676.49,415.94,5029.47,Wholesale Client,Maya,Completed,ORD900430,Automated migration
2025-03-23,Wheel Bearing,Drivetrain,1,1812.98,107.95,1812.98,Wholesale Client,Cash,Completed,ORD900431,Automated migration
2025-03-23,Oil Filter,Engine system,3,201.34,22.43,604.02,Retail Client,GCash,Completed,ORD900432,Automated migration
2025-03-23,Shock Absorber,Suspension & traction,1,3678.16,165.14,3678.16,Wholesale Client,Check,Completed,ORD900433,Automated migration
2025-03-23,Oil Filter,Engine system,1,245.85,11.06,245.85,Retail Client,Check,Completed,ORD900434,Automated migration
2025-03-23,Shock Absorber,Suspension & traction,1,3498.58,311.42,3498.58,Wholesale Client,Cash,Completed,ORD900435,Automated migration
2025-03-23,Shock Absorber,Suspension & traction,4,3506.95,1240.6,14027.8,Wholesale Client,Check,Completed,ORD900436,Automated migration
2025-03-23,Shock Absorber,Suspension & traction,1,3316.94,228.19,3316.94,Retail Client,GCash,Completed,ORD900437,Automated migration
2025-03-23,Shock Absorber,Suspension & traction,3,2525.16,461.27,7575.48,Wholesale Client,Bank Transfer,Completed,ORD900438,Automated migration
2025-03-23,Air Filter,Engine system,2,290.62,49.81,581.24,Retail Client,Cash,Completed,ORD900439,Automated migration
2025-03-23,Shock Absorber,Suspension & traction,1,2508.63,140.41,2508.63,Retail Client,Cash,Completed,ORD900440,Automated migration
2025-03-24,Oil Filter,Engine system,2,253.63,17.11,507.26,Wholesale Client,Maya,Completed,ORD900441,Automated migration
2025-03-24,Shock Absorber,Suspension & traction,1,3387.03,268.28,3387.03,Wholesale Client,Check,Completed,ORD900442,Automated migration
2025-03-24,Brake Pads,Braking system,1,1357.93,100.15,1357.93,Retail Client,Maya,Completed,ORD900443,Automated migration
2025-03-25,Brake Pads,Braking system,3,1500.84,371.04,4502.52,Retail Client,Cash,Completed,ORD900444,Automated migration
2025-03-25,Shock Absorber,Suspension & traction,2,4012.81,510.55,8025.62,Wholesale Client,Bank Transfer,Completed,ORD900445,Automated migration
2025-03-25,Oil Filter,Engine system,1,240.4,20.96,240.4,Wholesale Client,GCash,Completed,ORD900446,Automated migration
2025-03-25,Air Filter,Engine system,1,345.78,19.22,345.78,Retail Client,Check,Completed,ORD900447,Automated migration
2025-03-25,Brake Pads,Braking system,3,1303.61,140.28,3910.83,Wholesale Client,GCash,Completed,ORD900448,Automated migration
2025-03-25,Air Filter,Engine system,1,310.61,25.06,310.61,Wholesale Client,Maya,Completed,ORD900449,Automated migration
2025-03-25,Shock Absorber,Suspension & traction,1,2559.28,141.08,2559.28,Wholesale Client,Check,Completed,ORD900450,Automated migration
2025-03-25,Air Filter,Engine system,3,306.09,57.08,918.27,Retail Client,Check,Completed,ORD900451,Automated migration
2025-03-26,Wheel Bearing,Drivetrain,1,2309.95,79.31,2309.95,Retail Client,Cash,Completed,ORD900452,Automated migration
2025-03-26,Oil Filter,Engine system,1,146.84,7.93,146.84,Wholesale Client,Check,Completed,ORD900453,Automated migration
2025-03-26,Wheel Bearing,Drivetrain,1,2896.75,192.13,2896.75,Retail Client,GCash,Completed,ORD900454,Automated migration
2025-03-26,Wheel Bearing,Drivetrain,2,1622.52,111.56,3245.04,Retail Client,Bank Transfer,Completed,ORD900455,Automated migration
2025-03-27,Air Filter,Engine system,1,255.76,22.95,255.76,Wholesale Client,Check,Completed,ORD900456,Automated migration
2025-03-27,Air Filter,Engine system,2,263.45,17.16,526.9,Wholesale Client,Check,Completed,ORD900457,Automated migration
2025-03-27,Alternator,Electrical system,2,7976.16,1249.77,15952.32,Wholesale Client,Maya,Completed,ORD900458,Automated migration
2025-03-27,Battery,Electrical system,1,7285.59,241.35,7285.59,Retail Client,Bank Transfer,Completed,ORD900459,Automated migration
2025-03-27,Oil Filter,Engine system,2,159.66,20.67,319.32,Retail Client,Maya,Completed,ORD900460,Automated migration
2025-03-27,Catalytic Converter,Exhaust system,1,22524.94,1938.34,22524.94,Wholesale Client,Bank Transfer,Completed,ORD900461,Automated migration
2025-03-27,Shock Absorber,Suspension & traction,3,4100.03,658.72,12300.09,Retail Client,Maya,Completed,ORD900462,Automated migration
2025-03-27,Air Filter,Engine system,1,252.29,18.6,252.29,Wholesale Client,Cash,Completed,ORD900463,Automated migration
2025-03-28,Shock Absorber,Suspension & traction,3,3475.66,678.09,10426.98,Retail Client,Check,Completed,ORD900464,Automated migration
2025-03-28,Oil Filter,Engine system,2,211.26,35.81,422.52,Wholesale Client,Maya,Completed,ORD900465,Automated migration
2025-03-29,Shock Absorber,Suspension & traction,2,3778.48,618.78,7556.96,Wholesale Client,Check,Completed,ORD900466,Automated migration
2025-03-29,Brake Pads,Braking system,3,1560.3,253.08,4680.9,Retail Client,Cash,Completed,ORD900467,Automated migration
2025-03-29,ECU Module,Electrical system,1,17894.11,594.95,17894.11,Wholesale Client,GCash,Completed,ORD900468,Automated migration
2025-03-29,Oil Filter,Engine system,1,224.86,18.82,224.86,Wholesale Client,Maya,Completed,ORD900469,Automated migration
2025-03-29,Shock Absorber,Suspension & traction,1,3986.41,209.71,3986.41,Wholesale Client,Cash,Completed,ORD900470,Automated migration
2025-03-29,Brake Pads,Braking system,3,1438.48,348.67,4315.44,Retail Client,Bank Transfer,Completed,ORD900471,Automated migration
2025-03-29,Wheel Bearing,Drivetrain,1,2171.52,69.21,2171.52,Retail Client,GCash,Completed,ORD900472,Automated migration
2025-03-29,Air Filter,Engine system,3,248.14,61.28,744.42,Retail Client,Bank Transfer,Completed,ORD900473,Automated migration
2025-03-29,Brake Pads,Braking system,2,1060.57,86.61,2121.14,Wholesale Client,GCash,Completed,ORD900474,Automated migration
2025-03-29,Alternator,Electrical system,2,10672.36,758.65,21344.72,Wholesale Client,Cash,Completed,ORD900475,Automated migration
2025-03-30,Wheel Bearing,Drivetrain,2,2344.37,289.41,4688.74,Wholesale Client,Bank Transfer,Completed,ORD900476,Automated migration
2025-03-30,Wheel Bearing,Drivetrain,2,2562.76,398.81,5125.52,Retail Client,GCash,Completed,ORD900477,Automated migration
2025-03-30,Wheel Bearing,Drivetrain,3,2314.54,557.86,6943.62,Retail Client,GCash,Completed,ORD900478,Automated migration
2025-03-30,Brake Pads,Braking system,1,1175.66,99.83,1175.66,Retail Client,Bank Transfer,Completed,ORD900479,Automated migration
2025-03-30,Oil Filter,Engine system,1,231.64,19.32,231.64,Wholesale Client,Check,Completed,ORD900480,Automated migration
2025-03-30,Air Filter,Engine system,2,349.84,40.01,699.68,Wholesale Client,Maya,Completed,ORD900481,Automated migration
2025-03-30,Oil Filter,Engine system,1,153.84,13.64,153.84,Retail Client,GCash,Completed,ORD900482,Automated migration
2025-03-30,Battery,Electrical system,2,5701.59,546.48,11403.18,Wholesale Client,Maya,Completed,ORD900483,Automated migration
2025-03-30,Wheel Bearing,Drivetrain,2,2000.35,359.05,4000.7,Wholesale Client,Maya,Completed,ORD900484,Automated migration
2025-03-30,Alternator,Electrical system,1,8672.44,422.08,8672.44,Wholesale Client,GCash,Completed,ORD900485,Automated migration
2025-03-30,Air Filter,Engine system,2,310.78,44.85,621.56,Retail Client,Cash,Completed,ORD900486,Automated migration
2025-03-31,Catalytic Converter,Exhaust system,1,23482.1,1036.59,23482.1,Retail Client,Cash,Completed,ORD900487,Automated migration
2025-03-31,Oil Filter,Engine system,2,248.18,34.26,496.36,Wholesale Client,Bank Transfer,Completed,ORD900488,Automated migration
2025-03-31,Wheel Bearing,Drivetrain,3,2087.73,521.29,6263.19,Wholesale Client,Maya,Completed,ORD900489,Automated migration
2025-03-31,Shock Absorber,Suspension & traction,1,2642.49,178.79,2642.49,Retail Client,GCash,Completed,ORD900490,Automated migration
2025-03-31,Brake Pads,Braking system,2,1450.68,147.64,2901.36,Retail Client,Bank Transfer,Completed,ORD900491,Automated migration
2025-03-31,Wheel Bearing,Drivetrain,1,1714.47,132.75,1714.47,Wholesale Client,Cash,Completed,ORD900492,Automated migration
2025-04-01,Brake Pads,Braking system,3,1545.3,338.78,4635.9,Retail Client,Check,Completed,ORD900493,Automated migration
2025-04-01,Shock Absorber,Suspension & traction,1,2727.8,175.39,2727.8,Wholesale Client,Check,Completed,ORD900494,Automated migration
2025-04-01,Catalytic Converter,Exhaust system,3,12824.91,1286.73,38474.73,Wholesale Client,GCash,Completed,ORD900495,Automated migration
2025-04-01,Oil Filter,Engine system,2,170.94,13.43,341.88,Wholesale Client,Cash,Completed,ORD900496,Automated migration
2025-04-01,Battery,Electrical system,2,5282.48,592.33,10564.96,Wholesale Client,GCash,Completed,ORD900497,Automated migration
2025-04-02,Oil Filter,Engine system,3,207.92,46.08,623.76,Retail Client,GCash,Completed,ORD900498,Automated migration
2025-04-02,Wheel Bearing,Drivetrain,3,1764.23,434.65,5292.69,Wholesale Client,Cash,Completed,ORD900499,Automated migration
2025-04-02,ECU Module,Electrical system,2,19081.23,1189.33,38162.46,Wholesale Client,GCash,Completed,ORD900500,Automated migration
2025-04-02,Starter Motor,Electrical system,2,6203.83,934.21,12407.66,Wholesale Client,Maya,Completed,ORD900501,Automated migration
2025-04-02,Wheel Bearing,Drivetrain,1,1762.95,122.97,1762.95,Retail Client,Bank Transfer,Completed,ORD900502,Automated migration
2025-04-02,Starter Motor,Electrical system,1,9222.71,567.54,9222.71,Wholesale Client,Maya,Completed,ORD900503,Automated migration
2025-04-02,Air Filter,Engine system,1,262.45,12.54,262.45,Wholesale Client,Maya,Completed,ORD900504,Automated migration
2025-04-02,Shock Absorber,Suspension & traction,3,3107.38,655.22,9322.14,Wholesale Client,Check,Completed,ORD900505,Automated migration
2025-04-02,Shock Absorber,Suspension & traction,2,3093.23,424.65,6186.46,Wholesale Client,Bank Transfer,Completed,ORD900506,Automated migration
2025-04-02,Brake Pads,Braking system,2,1475.36,91.37,2950.72,Wholesale Client,Check,Completed,ORD900507,Automated migration
2025-04-03,ECU Module,Electrical system,3,16607.27,3468.65,49821.81,Wholesale Client,GCash,Completed,ORD900508,Automated migration
2025-04-03,Starter Motor,Electrical system,1,7118.86,280.57,7118.86,Wholesale Client,GCash,Completed,ORD900509,Automated migration
2025-04-03,ECU Module,Electrical system,2,21948.55,2407.74,43897.1,Retail Client,GCash,Completed,ORD900510,Automated migration
2025-04-03,Brake Pads,Braking system,1,1262.04,52.81,1262.04,Retail Client,Bank Transfer,Completed,ORD900511,Automated migration
2025-04-03,Wheel Bearing,Drivetrain,1,2009.78,89.59,2009.78,Wholesale Client,Cash,Completed,ORD900512,Automated migration
2025-04-03,Oil Filter,Engine system,3,177.02,25.23,531.06,Retail Client,GCash,Completed,ORD900513,Automated migration
2025-04-03,Brake Pads,Braking system,1,1360.0,109.31,1360.0,Wholesale Client,Bank Transfer,Completed,ORD900514,Automated migration
2025-04-03,Oil Filter,Engine system,1,178.1,8.11,178.1,Wholesale Client,Cash,Completed,ORD900515,Automated migration
2025-04-03,Battery,Electrical system,2,6996.59,1142.69,13993.18,Retail Client,Bank Transfer,Completed,ORD900516,Automated migration
2025-04-03,ECU Module,Electrical system,1,25428.08,1763.15,25428.08,Retail Client,GCash,Completed,ORD900517,Automated migration
2025-04-04,ECU Module,Electrical system,2,23270.11,3518.14,46540.22,Wholesale Client,Check,Completed,ORD900518,Automated migration
2025-04-04,Catalytic Converter,Exhaust system,2,20531.54,2471.07,41063.08,Retail Client,Bank Transfer,Completed,ORD900519,Automated migration
2025-04-04,Wheel Bearing,Drivetrain,1,2482.09,115.49,2482.09,Wholesale Client,GCash,Completed,ORD900520,Automated migration
2025-04-04,Wheel Bearing,Drivetrain,1,2227.39,141.97,2227.39,Retail Client,Cash,Completed,ORD900521,Automated migration
2025-04-04,Shock Absorber,Suspension & traction,2,3025.26,247.0,6050.52,Retail Client,Bank Transfer,Completed,ORD900522,Automated migration
2025-04-05,Air Filter,Engine system,2,332.89,52.25,665.78,Retail Client,Check,Completed,ORD900523,Automated migration
2025-04-05,Wheel Bearing,Drivetrain,3,1873.99,349.6,5621.97,Retail Client,Check,Completed,ORD900524,Automated migration
2025-04-05,Starter Motor,Electrical system,3,7082.26,1459.43,21246.78,Wholesale Client,Check,Completed,ORD900525,Automated migration
2025-04-05,Air Filter,Engine system,2,290.64,51.59,581.28,Wholesale Client,Cash,Completed,ORD900526,Automated migration
2025-04-05,Alternator,Electrical system,1,10110.03,393.15,10110.03,Retail Client,Check,Completed,ORD900527,Automated migration
2025-04-05,Brake Pads,Braking system,1,1371.63,122.46,1371.63,Retail Client,Bank Transfer,Completed,ORD900528,Automated migration
2025-04-05,Starter Motor,Electrical system,1,10388.76,911.4,10388.76,Wholesale Client,Cash,Completed,ORD900529,Automated migration
2025-04-06,Oil Filter,Engine system,1,239.39,19.96,239.39,Retail Client,Cash,Completed,ORD900530,Automated migration
2025-04-06,Brake Pads,Braking system,3,1222.0,327.91,3666.0,Wholesale Client,GCash,Completed,ORD900531,Automated migration
2025-04-06,Brake Pads,Braking system,1,1102.63,89.33,1102.63,Retail Client,Cash,Completed,ORD900532,Automated migration
2025-04-06,ECU Module,Electrical system,3,21081.33,5188.95,63243.99,Retail Client,Maya,Completed,ORD900533,Automated migration
2025-04-06,Air Filter,Engine system,1,258.59,21.02,258.59,Retail Client,Maya,Completed,ORD900534,Automated migration
2025-04-06,Air Filter,Engine system,1,343.47,18.89,343.47,Wholesale Client,Maya,Completed,ORD900535,Automated migration
2025-04-07,Wheel Bearing,Drivetrain,1,2176.43,131.75,2176.43,Retail Client,GCash,Completed,ORD900536,Automated migration
2025-04-07,Alternator,Electrical system,1,12491.7,429.39,12491.7,Wholesale Client,Bank Transfer,Completed,ORD900537,Automated migration
2025-04-07,Catalytic Converter,Exhaust system,0,22862.89,0.0,0.0,Wholesale Client,GCash,Completed,ORD900538,Automated migration
2025-04-07,Battery,Electrical system,1,4315.63,342.47,4315.63,Retail Client,Bank Transfer,Completed,ORD900539,Automated migration
2025-04-07,Oil Filter,Engine system,1,248.95,14.31,248.95,Retail Client,Maya,Completed,ORD900540,Automated migration
2025-04-08,Catalytic Converter,Exhaust system,1,20991.98,1883.67,20991.98,Retail Client,Bank Transfer,Completed,ORD900541,Automated migration
2025-04-08,Shock Absorber,Suspension & traction,2,3797.54,245.84,7595.08,Retail Client,Maya,Completed,ORD900542,Automated migration
2025-04-08,Wheel Bearing,Drivetrain,1,2857.86,110.91,2857.86,Wholesale Client,GCash,Completed,ORD900543,Automated migration
2025-04-09,Battery,Electrical system,1,4219.06,373.15,4219.06,Retail Client,Cash,Completed,ORD900544,Automated migration
2025-04-09,Oil Filter,Engine system,2,211.02,13.78,422.04,Retail Client,GCash,Completed,ORD900545,Automated migration
2025-04-09,Oil Filter,Engine system,1,204.42,15.14,204.42,Retail Client,Bank Transfer,Completed,ORD900546,Automated migration
2025-04-09,Shock Absorber,Suspension & traction,1,2730.64,219.66,2730.64,Wholesale Client,GCash,Completed,ORD900547,Automated migration
2025-04-09,Wheel Bearing,Drivetrain,1,1692.87,57.07,1692.87,Retail Client,GCash,Completed,ORD900548,Automated migration
2025-04-09,Brake Pads,Braking system,3,1148.08,117.57,3444.24,Wholesale Client,Bank Transfer,Completed,ORD900549,Automated migration
2025-04-09,Shock Absorber,Suspension & traction,1,2458.46,131.79,2458.46,Retail Client,Maya,Completed,ORD900550,Automated migration
2025-04-09,Air Filter,Engine system,1,265.1,21.43,265.1,Wholesale Client,GCash,Completed,ORD900551,Automated migration
2025-04-09,Oil Filter,Engine system,1,245.73,20.89,245.73,Wholesale Client,Maya,Completed,ORD900552,Automated migration
2025-04-09,Shock Absorber,Suspension & traction,1,3371.74,299.43,3371.74,Wholesale Client,Bank Transfer,Completed,ORD900553,Automated migration
2025-04-09,Alternator,Electrical system,1,10284.24,434.59,10284.24,Wholesale Client,Check,Completed,ORD900554,Automated migration
2025-04-10,Shock Absorber,Suspension & traction,3,3914.56,654.43,11743.68,Retail Client,Maya,Completed,ORD900555,Automated migration
2025-04-10,Brake Pads,Braking system,3,1000.18,174.56,3000.54,Wholesale Client,GCash,Completed,ORD900556,Automated migration
2025-04-10,Shock Absorber,Suspension & traction,1,2571.79,103.5,2571.79,Wholesale Client,Cash,Completed,ORD900557,Automated migration
2025-04-10,Brake Pads,Braking system,3,1562.5,209.32,4687.5,Retail Client,Cash,Completed,ORD900558,Automated migration
2025-04-10,Brake Pads,Braking system,1,1455.71,79.11,1455.71,Wholesale Client,GCash,Completed,ORD900559,Automated migration
2025-04-11,Wheel Bearing,Drivetrain,2,2500.72,320.19,5001.44,Wholesale Client,Bank Transfer,Completed,ORD900560,Automated migration
2025-04-11,Alternator,Electrical system,1,6957.4,241.69,6957.4,Wholesale Client,Maya,Completed,ORD900561,Automated migration
2025-04-11,Air Filter,Engine system,1,238.49,20.69,238.49,Wholesale Client,Check,Completed,ORD900562,Automated migration
2025-04-11,Oil Filter,Engine system,1,142.3,10.44,142.3,Retail Client,GCash,Completed,ORD900563,Automated migration
2025-04-12,Oil Filter,Engine system,2,201.42,16.13,402.84,Retail Client,GCash,Completed,ORD900564,Automated migration
2025-04-12,Battery,Electrical system,2,6090.74,603.48,12181.48,Wholesale Client,Check,Completed,ORD900565,Automated migration
2025-04-12,ECU Module,Electrical system,1,22192.63,827.81,22192.63,Retail Client,Bank Transfer,Completed,ORD900566,Automated migration
2025-04-12,Shock Absorber,Suspension & traction,3,3054.42,582.86,9163.26,Wholesale Client,GCash,Completed,ORD900567,Automated migration
2025-04-12,ECU Module,Electrical system,2,19091.66,1959.53,38183.32,Retail Client,Check,Completed,ORD900568,Automated migration
2025-04-12,ECU Module,Electrical system,2,15529.53,1342.32,31059.06,Retail Client,GCash,Completed,ORD900569,Automated migration
2025-04-12,Oil Filter,Engine system,1,242.05,14.36,242.05,Retail Client,GCash,Completed,ORD900570,Automated migration
2025-04-12,Air Filter,Engine system,1,349.85,15.18,349.85,Retail Client,Bank Transfer,Completed,ORD900571,Automated migration
2025-04-13,Air Filter,Engine system,3,227.69,55.78,683.07,Retail Client,Cash,Completed,ORD900572,Automated migration
2025-04-13,Brake Pads,Braking system,1,1467.17,129.77,1467.17,Wholesale Client,GCash,Completed,ORD900573,Automated migration
2025-04-13,Battery,Electrical system,1,7074.02,496.97,7074.02,Wholesale Client,Check,Completed,ORD900574,Automated migration
2025-04-13,Catalytic Converter,Exhaust system,1,18479.92,1281.95,18479.92,Retail Client,Maya,Completed,ORD900575,Automated migration
2025-04-13,Oil Filter,Engine system,1,150.75,8.15,150.75,Retail Client,Maya,Completed,ORD900576,Automated migration
2025-04-13,Oil Filter,Engine system,1,140.05,8.52,140.05,Wholesale Client,Maya,Completed,ORD900577,Automated migration
2025-04-13,Brake Pads,Braking system,1,1283.06,93.31,1283.06,Retail Client,Cash,Completed,ORD900578,Automated migration
2025-04-13,Brake Pads,Braking system,1,1201.19,94.91,1201.19,Retail Client,GCash,Completed,ORD900579,Automated migration
2025-04-13,Starter Motor,Electrical system,1,9285.64,748.51,9285.64,Wholesale Client,Maya,Completed,ORD900580,Automated migration
2025-04-14,Oil Filter,Engine system,3,230.46,27.18,691.38,Wholesale Client,GCash,Completed,ORD900581,Automated migration
2025-04-14,Oil Filter,Engine system,1,235.16,17.39,235.16,Retail Client,Check,Completed,ORD900582,Automated migration
2025-04-14,Oil Filter,Engine system,2,207.19,20.95,414.38,Retail Client,GCash,Completed,ORD900583,Automated migration
2025-04-14,Oil Filter,Engine system,2,191.28,33.06,382.56,Wholesale Client,Maya,Completed,ORD900584,Automated migration
2025-04-14,ECU Module,Electrical system,1,18860.01,630.39,18860.01,Wholesale Client,Check,Completed,ORD900585,Automated migration
2025-04-14,Brake Pads,Braking system,1,981.39,70.2,981.39,Wholesale Client,Bank Transfer,Completed,ORD900586,Automated migration
2025-04-15,Shock Absorber,Suspension & traction,3,3657.6,467.76,10972.8,Wholesale Client,Bank Transfer,Completed,ORD900587,Automated migration
2025-04-15,Oil Filter,Engine system,1,239.77,11.46,239.77,Retail Client,Cash,Completed,ORD900588,Automated migration
2025-04-16,Brake Pads,Braking system,1,1243.53,83.98,1243.53,Retail Client,Cash,Completed,ORD900589,Automated migration
2025-04-16,Brake Pads,Braking system,1,1382.09,113.84,1382.09,Wholesale Client,Check,Completed,ORD900590,Automated migration
2025-04-16,Air Filter,Engine system,3,343.7,89.43,1031.1,Wholesale Client,GCash,Completed,ORD900591,Automated migration
2025-04-16,Air Filter,Engine system,4,304.07,69.36,1216.28,Retail Client,GCash,Completed,ORD900592,Automated migration
2025-04-16,Wheel Bearing,Drivetrain,1,1749.08,62.37,1749.08,Wholesale Client,GCash,Completed,ORD900593,Automated migration
2025-04-17,Oil Filter,Engine system,2,148.79,20.71,297.58,Wholesale Client,Cash,Completed,ORD900594,Automated migration
2025-04-17,Wheel Bearing,Drivetrain,1,2413.23,121.97,2413.23,Wholesale Client,Cash,Completed,ORD900595,Automated migration
2025-04-17,Brake Pads,Braking system,2,1535.47,190.69,3070.94,Retail Client,Maya,Completed,ORD900596,Automated migration
2025-04-17,Shock Absorber,Suspension & traction,3,3096.06,458.35,9288.18,Wholesale Client,Maya,Completed,ORD900597,Automated migration
2025-04-17,Oil Filter,Engine system,2,240.54,20.1,481.08,Wholesale Client,Bank Transfer,Completed,ORD900598,Automated migration
2025-04-17,Air Filter,Engine system,1,246.71,8.06,246.71,Wholesale Client,GCash,Completed,ORD900599,Automated migration
2025-04-17,Starter Motor,Electrical system,1,8750.81,624.07,8750.81,Wholesale Client,Check,Completed,ORD900600,Automated migration
2025-04-17,Oil Filter,Engine system,1,237.35,14.05,237.35,Retail Client,GCash,Completed,ORD900601,Automated migration
2025-04-18,Oil Filter,Engine system,1,209.41,14.48,209.41,Retail Client,Bank Transfer,Completed,ORD900602,Automated migration
2025-04-18,Air Filter,Engine system,2,350.48,58.75,700.96,Wholesale Client,Check,Completed,ORD900603,Automated migration
2025-04-18,ECU Module,Electrical system,2,22360.83,1716.51,44721.66,Retail Client,Maya,Completed,ORD900604,Automated migration
2025-04-18,Alternator,Electrical system,3,8415.95,2035.14,25247.85,Wholesale Client,GCash,Completed,ORD900605,Automated migration
2025-04-18,Air Filter,Engine system,2,337.25,35.01,674.5,Retail Client,Cash,Completed,ORD900606,Automated migration
2025-04-18,Shock Absorber,Suspension & traction,2,3952.45,465.77,7904.9,Wholesale Client,Maya,Completed,ORD900607,Automated migration
2025-04-19,Brake Pads,Braking system,3,1384.47,353.59,4153.41,Wholesale Client,Check,Completed,ORD900608,Automated migration
2025-04-19,Brake Pads,Braking system,1,1543.54,99.28,1543.54,Wholesale Client,Check,Completed,ORD900609,Automated migration
2025-04-20,Battery,Electrical system,3,6599.2,1653.67,19797.6,Retail Client,GCash,Completed,ORD900610,Automated migration
2025-04-20,Starter Motor,Electrical system,1,9288.39,390.72,9288.39,Retail Client,Cash,Completed,ORD900611,Automated migration
2025-04-20,Shock Absorber,Suspension & traction,1,3849.74,297.68,3849.74,Wholesale Client,GCash,Completed,ORD900612,Automated migration
2025-04-20,ECU Module,Electrical system,1,23536.39,1870.68,23536.39,Wholesale Client,Maya,Completed,ORD900613,Automated migration
2025-04-20,Wheel Bearing,Drivetrain,2,1774.98,166.63,3549.96,Wholesale Client,Cash,Completed,ORD900614,Automated migration
2025-04-20,Shock Absorber,Suspension & traction,1,3694.52,138.47,3694.52,Wholesale Client,Cash,Completed,ORD900615,Automated migration
2025-04-21,Battery,Electrical system,1,7348.27,276.25,7348.27,Retail Client,Bank Transfer,Completed,ORD900616,Automated migration
2025-04-21,Battery,Electrical system,1,6468.93,578.16,6468.93,Wholesale Client,GCash,Completed,ORD900617,Automated migration
2025-04-21,Oil Filter,Engine system,1,173.52,8.46,173.52,Wholesale Client,Check,Completed,ORD900618,Automated migration
2025-04-21,ECU Module,Electrical system,1,16221.88,1424.68,16221.88,Retail Client,GCash,Completed,ORD900619,Automated migration
2025-04-21,ECU Module,Electrical system,1,15729.33,497.43,15729.33,Retail Client,Maya,Completed,ORD900620,Automated migration
2025-04-21,ECU Module,Electrical system,1,27235.81,2438.64,27235.81,Retail Client,Check,Completed,ORD900621,Automated migration
2025-04-22,Brake Pads,Braking system,1,1030.1,71.82,1030.1,Wholesale Client,GCash,Completed,ORD900622,Automated migration
2025-04-22,Oil Filter,Engine system,1,191.26,9.7,191.26,Retail Client,Check,Completed,ORD900623,Automated migration
2025-04-22,Brake Pads,Braking system,1,1373.89,89.45,1373.89,Wholesale Client,Check,Completed,ORD900624,Automated migration
2025-04-22,Catalytic Converter,Exhaust system,1,21161.13,1563.66,21161.13,Wholesale Client,Maya,Completed,ORD900625,Automated migration
2025-04-22,ECU Module,Electrical system,1,22567.0,732.21,22567.0,Wholesale Client,GCash,Completed,ORD900626,Automated migration
2025-04-22,Catalytic Converter,Exhaust system,1,19005.89,1404.03,19005.89,Retail Client,Check,Completed,ORD900627,Automated migration
2025-04-23,Brake Pads,Braking system,2,1105.87,177.0,2211.74,Retail Client,Cash,Completed,ORD900628,Automated migration
2025-04-23,Oil Filter,Engine system,1,144.61,5.52,144.61,Wholesale Client,Maya,Completed,ORD900629,Automated migration
2025-04-23,Oil Filter,Engine system,1,204.66,10.9,204.66,Wholesale Client,Cash,Completed,ORD900630,Automated migration
2025-04-23,Catalytic Converter,Exhaust system,1,19335.81,1181.63,19335.81,Wholesale Client,Bank Transfer,Completed,ORD900631,Automated migration
2025-04-23,Shock Absorber,Suspension & traction,1,2891.71,90.95,2891.71,Wholesale Client,Bank Transfer,Completed,ORD900632,Automated migration
2025-04-24,Catalytic Converter,Exhaust system,1,14218.73,1100.53,14218.73,Retail Client,Bank Transfer,Completed,ORD900633,Automated migration
2025-04-24,Brake Pads,Braking system,2,1368.48,215.82,2736.96,Retail Client,Maya,Completed,ORD900634,Automated migration
2025-04-24,Starter Motor,Electrical system,1,10867.91,570.9,10867.91,Wholesale Client,Maya,Completed,ORD900635,Automated migration
2025-04-24,Catalytic Converter,Exhaust system,1,14073.43,1005.94,14073.43,Retail Client,Check,Completed,ORD900636,Automated migration
2025-04-25,Shock Absorber,Suspension & traction,1,3572.57,208.36,3572.57,Retail Client,GCash,Completed,ORD900637,Automated migration
2025-04-25,Oil Filter,Engine system,1,195.85,11.29,195.85,Wholesale Client,Cash,Completed,ORD900638,Automated migration
2025-04-25,Brake Pads,Braking system,3,979.76,192.66,2939.28,Wholesale Client,Cash,Completed,ORD900639,Automated migration
2025-04-25,Shock Absorber,Suspension & traction,1,4151.77,358.84,4151.77,Wholesale Client,Cash,Completed,ORD900640,Automated migration
2025-04-25,Shock Absorber,Suspension & traction,1,3909.65,151.92,3909.65,Wholesale Client,Check,Completed,ORD900641,Automated migration
2025-04-25,Brake Pads,Braking system,3,1205.24,266.28,3615.72,Retail Client,Cash,Completed,ORD900642,Automated migration
2025-04-25,ECU Module,Electrical system,1,15704.99,1214.38,15704.99,Retail Client,Maya,Completed,ORD900643,Automated migration
2025-04-26,Battery,Electrical system,2,6882.22,1196.68,13764.44,Retail Client,Maya,Completed,ORD900644,Automated migration
2025-04-26,Shock Absorber,Suspension & traction,1,3752.14,324.33,3752.14,Retail Client,Bank Transfer,Completed,ORD900645,Automated migration
2025-04-26,Shock Absorber,Suspension & traction,2,3652.68,223.96,7305.36,Retail Client,Bank Transfer,Completed,ORD900646,Automated migration
2025-04-27,Wheel Bearing,Drivetrain,1,2874.94,150.85,2874.94,Wholesale Client,Maya,Completed,ORD900647,Automated migration
2025-04-27,Air Filter,Engine system,1,311.89,21.89,311.89,Retail Client,Cash,Completed,ORD900648,Automated migration
2025-04-27,Wheel Bearing,Drivetrain,1,2226.5,129.87,2226.5,Wholesale Client,Check,Completed,ORD900649,Automated migration
2025-04-27,Oil Filter,Engine system,2,187.05,13.59,374.1,Retail Client,Maya,Completed,ORD900650,Automated migration
2025-04-27,Brake Pads,Braking system,2,1099.92,94.58,2199.84,Retail Client,GCash,Completed,ORD900651,Automated migration
2025-04-27,Catalytic Converter,Exhaust system,3,21635.82,3597.46,64907.46,Wholesale Client,Cash,Completed,ORD900652,Automated migration
2025-04-28,Brake Pads,Braking system,1,1173.84,39.77,1173.84,Wholesale Client,Check,Completed,ORD900653,Automated migration
2025-04-28,Air Filter,Engine system,1,270.53,19.83,270.53,Wholesale Client,Maya,Completed,ORD900654,Automated migration
2025-04-28,ECU Module,Electrical system,2,26939.52,3359.53,53879.04,Retail Client,Bank Transfer,Completed,ORD900655,Automated migration
2025-04-28,Brake Pads,Braking system,1,1365.16,107.9,1365.16,Wholesale Client,Check,Completed,ORD900656,Automated migration
2025-04-29,ECU Module,Electrical system,2,14862.06,991.01,29724.12,Retail Client,Maya,Completed,ORD900657,Automated migration
2025-04-30,Air Filter,Engine system,1,322.4,17.14,322.4,Wholesale Client,Maya,Completed,ORD900658,Automated migration
2025-04-30,Oil Filter,Engine system,4,247.64,52.04,990.56,Retail Client,Bank Transfer,Completed,ORD900659,Automated migration
2025-04-30,Alternator,Electrical system,1,10257.69,761.5,10257.69,Retail Client,Bank Transfer,Completed,ORD900660,Automated migration
2025-05-01,Oil Filter,Engine system,1,178.14,13.88,178.14,Retail Client,Cash,Completed,ORD900661,Automated migration
2025-05-01,Alternator,Electrical system,1,10956.55,965.98,10956.55,Retail Client,Cash,Completed,ORD900662,Automated migration
2025-05-01,Wheel Bearing,Drivetrain,2,2865.66,370.3,5731.32,Retail Client,GCash,Completed,ORD900663,Automated migration
2025-05-01,Brake Pads,Braking system,2,1060.92,63.77,2121.84,Retail Client,Cash,Completed,ORD900664,Automated migration
2025-05-01,ECU Module,Electrical system,2,18348.27,2290.2,36696.54,Wholesale Client,Check,Completed,ORD900665,Automated migration
2025-05-01,ECU Module,Electrical system,1,15958.91,719.35,15958.91,Retail Client,Maya,Completed,ORD900666,Automated migration
2025-05-02,Brake Pads,Braking system,1,1297.58,103.56,1297.58,Retail Client,Bank Transfer,Completed,ORD900667,Automated migration
2025-05-02,ECU Module,Electrical system,2,19444.56,2817.59,38889.12,Retail Client,Bank Transfer,Completed,ORD900668,Automated migration
2025-05-02,Alternator,Electrical system,1,11583.46,1022.98,11583.46,Retail Client,Check,Completed,ORD900669,Automated migration
2025-05-02,Air Filter,Engine system,1,296.37,25.76,296.37,Retail Client,Check,Completed,ORD900670,Automated migration
2025-05-02,Brake Pads,Braking system,1,1289.42,48.0,1289.42,Wholesale Client,Cash,Completed,ORD900671,Automated migration
2025-05-03,Air Filter,Engine system,3,265.14,67.16,795.42,Retail Client,GCash,Completed,ORD900672,Automated migration
2025-05-03,Brake Pads,Braking system,1,1090.77,71.2,1090.77,Retail Client,Check,Completed,ORD900673,Automated migration
2025-05-03,Shock Absorber,Suspension & traction,1,3546.27,244.79,3546.27,Wholesale Client,Check,Completed,ORD900674,Automated migration
2025-05-03,ECU Module,Electrical system,2,17318.68,1789.96,34637.36,Wholesale Client,Maya,Completed,ORD900675,Automated migration
2025-05-03,Air Filter,Engine system,1,301.48,18.85,301.48,Retail Client,Bank Transfer,Completed,ORD900676,Automated migration
2025-05-03,Catalytic Converter,Exhaust system,2,19502.42,1467.08,39004.84,Retail Client,Cash,Completed,ORD900677,Automated migration
2025-05-03,Catalytic Converter,Exhaust system,1,13837.23,1207.65,13837.23,Wholesale Client,Cash,Completed,ORD900678,Automated migration
2025-05-04,ECU Module,Electrical system,2,22667.79,2654.35,45335.58,Wholesale Client,Cash,Completed,ORD900679,Automated migration
2025-05-04,Catalytic Converter,Exhaust system,4,20399.87,5662.27,81599.48,Wholesale Client,GCash,Completed,ORD900680,Automated migration
2025-05-04,ECU Module,Electrical system,1,26056.02,2141.34,26056.02,Wholesale Client,Bank Transfer,Completed,ORD900681,Automated migration
2025-05-04,Air Filter,Engine system,2,268.55,36.25,537.1,Wholesale Client,Maya,Completed,ORD900682,Automated migration
2025-05-05,Air Filter,Engine system,2,329.98,58.7,659.96,Wholesale Client,Bank Transfer,Completed,ORD900683,Automated migration
2025-05-05,Wheel Bearing,Drivetrain,2,2216.28,214.99,4432.56,Wholesale Client,Check,Completed,ORD900684,Automated migration
2025-05-05,Shock Absorber,Suspension & traction,1,3197.67,99.07,3197.67,Wholesale Client,GCash,Completed,ORD900685,Automated migration
2025-05-05,Shock Absorber,Suspension & traction,1,3771.3,225.38,3771.3,Wholesale Client,GCash,Completed,ORD900686,Automated migration
2025-05-06,Air Filter,Engine system,3,242.57,25.9,727.71,Wholesale Client,Check,Completed,ORD900687,Automated migration
2025-05-06,Air Filter,Engine system,3,349.49,73.52,1048.47,Retail Client,Cash,Completed,ORD900688,Automated migration
2025-05-06,Oil Filter,Engine system,2,249.83,19.79,499.66,Retail Client,GCash,Completed,ORD900689,Automated migration
2025-05-06,Alternator,Electrical system,2,9302.48,559.56,18604.96,Retail Client,Check,Completed,ORD900690,Automated migration
2025-05-06,Wheel Bearing,Drivetrain,1,2080.28,149.22,2080.28,Wholesale Client,Bank Transfer,Completed,ORD900691,Automated migration
2025-05-06,Air Filter,Engine system,1,237.12,15.88,237.12,Wholesale Client,Maya,Completed,ORD900692,Automated migration
2025-05-07,Wheel Bearing,Drivetrain,2,2775.46,236.4,5550.92,Retail Client,Maya,Completed,ORD900693,Automated migration
2025-05-07,Brake Pads,Braking system,1,1019.6,31.86,1019.6,Wholesale Client,Cash,Completed,ORD900694,Automated migration
2025-05-07,Battery,Electrical system,4,4924.34,815.22,19697.36,Retail Client,Maya,Completed,ORD900695,Automated migration
2025-05-07,Shock Absorber,Suspension & traction,1,3613.43,253.96,3613.43,Wholesale Client,Check,Completed,ORD900696,Automated migration
2025-05-07,Starter Motor,Electrical system,3,6260.77,803.3,18782.31,Wholesale Client,Cash,Completed,ORD900697,Automated migration
2025-05-08,Air Filter,Engine system,1,307.52,27.06,307.52,Wholesale Client,Check,Completed,ORD900698,Automated migration
2025-05-08,Air Filter,Engine system,1,224.74,6.98,224.74,Retail Client,Maya,Completed,ORD900699,Automated migration
2025-05-08,Wheel Bearing,Drivetrain,3,2270.97,362.9,6812.91,Retail Client,Cash,Completed,ORD900700,Automated migration
2025-05-08,ECU Module,Electrical system,1,27966.74,1135.09,27966.74,Retail Client,Cash,Completed,ORD900701,Automated migration
2025-05-08,Oil Filter,Engine system,2,188.9,28.3,377.8,Retail Client,Maya,Completed,ORD900702,Automated migration
2025-05-08,Oil Filter,Engine system,4,182.37,61.48,729.48,Retail Client,Check,Completed,ORD900703,Automated migration
2025-05-08,ECU Module,Electrical system,3,26302.53,7016.34,78907.59,Wholesale Client,Check,Completed,ORD900704,Automated migration
2025-05-08,Oil Filter,Engine system,1,245.3,20.25,245.3,Retail Client,Maya,Completed,ORD900705,Automated migration
2025-05-08,Oil Filter,Engine system,1,256.08,17.48,256.08,Retail Client,Check,Completed,ORD900706,Automated migration
2025-05-08,Starter Motor,Electrical system,1,9748.95,838.61,9748.95,Retail Client,Bank Transfer,Completed,ORD900707,Automated migration
2025-05-09,Shock Absorber,Suspension & traction,1,3076.56,182.95,3076.56,Wholesale Client,GCash,Completed,ORD900708,Automated migration
2025-05-09,Brake Pads,Braking system,1,1338.24,58.81,1338.24,Wholesale Client,Maya,Completed,ORD900709,Automated migration
2025-05-09,Starter Motor,Electrical system,3,6522.96,1713.16,19568.88,Wholesale Client,Cash,Completed,ORD900710,Automated migration
2025-05-10,Alternator,Electrical system,2,8679.91,1375.13,17359.82,Retail Client,Check,Completed,ORD900711,Automated migration
2025-05-10,Air Filter,Engine system,2,256.27,32.86,512.54,Retail Client,Cash,Completed,ORD900712,Automated migration
2025-05-10,Brake Pads,Braking system,1,1142.38,51.53,1142.38,Retail Client,Cash,Completed,ORD900713,Automated migration
2025-05-10,Oil Filter,Engine system,1,241.42,8.22,241.42,Wholesale Client,Check,Completed,ORD900714,Automated migration
2025-05-11,Starter Motor,Electrical system,1,11626.29,409.39,11626.29,Wholesale Client,GCash,Completed,ORD900715,Automated migration
2025-05-11,Shock Absorber,Suspension & traction,1,2797.09,219.08,2797.09,Wholesale Client,Cash,Completed,ORD900716,Automated migration
2025-05-11,Brake Pads,Braking system,1,1516.74,81.89,1516.74,Wholesale Client,Bank Transfer,Completed,ORD900717,Automated migration
2025-05-12,ECU Module,Electrical system,1,19698.7,761.8,19698.7,Wholesale Client,Cash,Completed,ORD900718,Automated migration
2025-05-12,ECU Module,Electrical system,1,16957.86,1171.66,16957.86,Retail Client,Bank Transfer,Completed,ORD900719,Automated migration
2025-05-12,Shock Absorber,Suspension & traction,1,3959.43,327.43,3959.43,Wholesale Client,Maya,Completed,ORD900720,Automated migration
2025-05-13,Shock Absorber,Suspension & traction,1,2770.77,218.82,2770.77,Retail Client,GCash,Completed,ORD900721,Automated migration
2025-05-13,Starter Motor,Electrical system,1,11552.65,605.9,11552.65,Retail Client,Bank Transfer,Completed,ORD900722,Automated migration
2025-05-13,Catalytic Converter,Exhaust system,3,20200.5,4668.88,60601.5,Retail Client,Cash,Completed,ORD900723,Automated migration
2025-05-13,Wheel Bearing,Drivetrain,1,2612.25,154.3,2612.25,Retail Client,Cash,Completed,ORD900724,Automated migration
2025-05-13,Brake Pads,Braking system,2,1200.18,118.74,2400.36,Wholesale Client,Bank Transfer,Completed,ORD900725,Automated migration
2025-05-14,Oil Filter,Engine system,1,188.65,9.57,188.65,Wholesale Client,Check,Completed,ORD900726,Automated migration
2025-05-14,ECU Module,Electrical system,1,20567.88,626.07,20567.88,Retail Client,Bank Transfer,Completed,ORD900727,Automated migration
2025-05-14,Brake Pads,Braking system,2,1042.88,158.03,2085.76,Wholesale Client,Maya,Completed,ORD900728,Automated migration
2025-05-14,Wheel Bearing,Drivetrain,1,2819.71,218.29,2819.71,Retail Client,Check,Completed,ORD900729,Automated migration
2025-05-15,Shock Absorber,Suspension & traction,1,2586.41,174.5,2586.41,Wholesale Client,Bank Transfer,Completed,ORD900730,Automated migration
2025-05-15,Wheel Bearing,Drivetrain,1,2411.21,123.29,2411.21,Wholesale Client,Check,Completed,ORD900731,Automated migration
2025-05-15,Brake Pads,Braking system,1,1112.61,79.61,1112.61,Wholesale Client,Bank Transfer,Completed,ORD900732,Automated migration
2025-05-15,Oil Filter,Engine system,3,165.39,16.43,496.17,Retail Client,Check,Completed,ORD900733,Automated migration
2025-05-15,Wheel Bearing,Drivetrain,1,1889.61,106.56,1889.61,Retail Client,Cash,Completed,ORD900734,Automated migration
2025-05-16,Wheel Bearing,Drivetrain,1,2824.87,235.36,2824.87,Retail Client,GCash,Completed,ORD900735,Automated migration
2025-05-16,Alternator,Electrical system,1,7835.21,550.19,7835.21,Wholesale Client,Bank Transfer,Completed,ORD900736,Automated migration
2025-05-16,Starter Motor,Electrical system,3,11411.16,2128.72,34233.48,Retail Client,Cash,Completed,ORD900737,Automated migration
2025-05-16,Brake Pads,Braking system,1,1526.72,88.97,1526.72,Retail Client,Maya,Completed,ORD900738,Automated migration
2025-05-17,Shock Absorber,Suspension & traction,2,2446.91,440.02,4893.82,Retail Client,Bank Transfer,Completed,ORD900739,Automated migration
2025-05-17,Shock Absorber,Suspension & traction,2,3640.57,222.09,7281.14,Retail Client,Bank Transfer,Completed,ORD900740,Automated migration
2025-05-17,Brake Pads,Braking system,2,1260.93,99.6,2521.86,Wholesale Client,Bank Transfer,Completed,ORD900741,Automated migration
2025-05-17,ECU Module,Electrical system,1,16822.29,1140.5,16822.29,Retail Client,Cash,Completed,ORD900742,Automated migration
2025-05-17,Battery,Electrical system,1,4495.42,326.53,4495.42,Wholesale Client,Maya,Completed,ORD900743,Automated migration
2025-05-17,Shock Absorber,Suspension & traction,1,3841.06,326.78,3841.06,Retail Client,Maya,Completed,ORD900744,Automated migration
2025-05-18,Air Filter,Engine system,1,358.86,17.21,358.86,Retail Client,Maya,Completed,ORD900745,Automated migration
2025-05-18,Brake Pads,Braking system,1,1006.42,63.76,1006.42,Wholesale Client,Cash,Completed,ORD900746,Automated migration
2025-05-18,Oil Filter,Engine system,1,162.26,10.68,162.26,Retail Client,Check,Completed,ORD900747,Automated migration
2025-05-18,Brake Pads,Braking system,1,1599.71,88.39,1599.71,Retail Client,GCash,Completed,ORD900748,Automated migration
2025-05-18,Starter Motor,Electrical system,2,8253.73,703.07,16507.46,Retail Client,Cash,Completed,ORD900749,Automated migration
2025-05-19,Air Filter,Engine system,2,297.23,22.58,594.46,Wholesale Client,Cash,Completed,ORD900750,Automated migration
2025-05-19,Brake Pads,Braking system,3,1124.07,227.01,3372.21,Retail Client,Bank Transfer,Completed,ORD900751,Automated migration
2025-05-19,Wheel Bearing,Drivetrain,1,2324.12,206.36,2324.12,Retail Client,Bank Transfer,Completed,ORD900752,Automated migration
2025-05-19,Oil Filter,Engine system,3,175.46,23.97,526.38,Retail Client,Maya,Completed,ORD900753,Automated migration
2025-05-19,Air Filter,Engine system,1,273.62,13.04,273.62,Retail Client,GCash,Completed,ORD900754,Automated migration
2025-05-19,ECU Module,Electrical system,3,15328.64,3900.9,45985.92,Wholesale Client,Check,Completed,ORD900755,Automated migration
2025-05-19,Wheel Bearing,Drivetrain,1,1947.05,153.77,1947.05,Retail Client,Maya,Completed,ORD900756,Automated migration
2025-05-20,Oil Filter,Engine system,2,198.19,15.92,396.38,Wholesale Client,Cash,Completed,ORD900757,Automated migration
2025-05-20,Brake Pads,Braking system,1,1337.55,59.42,1337.55,Retail Client,GCash,Completed,ORD900758,Automated migration
2025-05-20,Brake Pads,Braking system,6,1271.53,249.12,7629.18,Retail Client,Bank Transfer,Completed,ORD900759,Automated migration
2025-05-20,Oil Filter,Engine system,1,179.63,9.8,179.63,Retail Client,GCash,Completed,ORD900760,Automated migration
2025-05-20,Starter Motor,Electrical system,1,7107.65,588.97,7107.65,Wholesale Client,Cash,Completed,ORD900761,Automated migration
2025-05-20,Brake Pads,Braking system,2,1188.32,116.33,2376.64,Retail Client,GCash,Completed,ORD900762,Automated migration
2025-05-21,Wheel Bearing,Drivetrain,1,2342.71,95.21,2342.71,Retail Client,Check,Completed,ORD900763,Automated migration
2025-05-21,Starter Motor,Electrical system,3,10050.64,1476.18,30151.92,Retail Client,Check,Completed,ORD900764,Automated migration
2025-05-21,Brake Pads,Braking system,1,1391.92,49.02,1391.92,Retail Client,Cash,Completed,ORD900765,Automated migration
2025-05-21,Brake Pads,Braking system,3,1049.77,237.56,3149.31,Wholesale Client,Cash,Completed,ORD900766,Automated migration
2025-05-21,Brake Pads,Braking system,2,1261.75,204.22,2523.5,Retail Client,GCash,Completed,ORD900767,Automated migration
2025-05-21,Starter Motor,Electrical system,1,7600.45,263.96,7600.45,Wholesale Client,Bank Transfer,Completed,ORD900768,Automated migration
2025-05-22,Wheel Bearing,Drivetrain,1,2735.57,239.41,2735.57,Wholesale Client,Cash,Completed,ORD900769,Automated migration
2025-05-22,Shock Absorber,Suspension & traction,1,3273.92,270.4,3273.92,Wholesale Client,Bank Transfer,Completed,ORD900770,Automated migration
2025-05-22,Oil Filter,Engine system,3,224.66,30.27,673.98,Retail Client,Maya,Completed,ORD900771,Automated migration
2025-05-22,Wheel Bearing,Drivetrain,1,1708.78,142.7,1708.78,Retail Client,GCash,Completed,ORD900772,Automated migration
2025-05-22,Air Filter,Engine system,1,346.37,24.16,346.37,Wholesale Client,Cash,Completed,ORD900773,Automated migration
2025-05-22,Wheel Bearing,Drivetrain,3,2748.23,337.1,8244.69,Retail Client,Cash,Completed,ORD900774,Automated migration
2025-05-22,Oil Filter,Engine system,1,230.38,17.15,230.38,Wholesale Client,Bank Transfer,Completed,ORD900775,Automated migration
2025-05-22,Catalytic Converter,Exhaust system,1,16173.96,1375.76,16173.96,Retail Client,Maya,Completed,ORD900776,Automated migration
2025-05-23,Wheel Bearing,Drivetrain,2,2234.48,394.02,4468.96,Wholesale Client,Cash,Completed,ORD900777,Automated migration
2025-05-23,Wheel Bearing,Drivetrain,1,1760.13,99.79,1760.13,Retail Client,GCash,Completed,ORD900778,Automated migration
2025-05-23,Shock Absorber,Suspension & traction,3,3484.85,751.09,10454.55,Retail Client,Maya,Completed,ORD900779,Automated migration
2025-05-23,Alternator,Electrical system,3,10725.3,2015.19,32175.9,Retail Client,Cash,Completed,ORD900780,Automated migration
2025-05-23,Brake Pads,Braking system,1,1404.49,120.38,1404.49,Wholesale Client,Bank Transfer,Completed,ORD900781,Automated migration
2025-05-23,Catalytic Converter,Exhaust system,3,21443.14,4990.86,64329.42,Retail Client,Bank Transfer,Completed,ORD900782,Automated migration
2025-05-23,Oil Filter,Engine system,1,216.99,9.77,216.99,Wholesale Client,Cash,Completed,ORD900783,Automated migration
2025-05-24,Battery,Electrical system,1,7130.57,351.27,7130.57,Retail Client,Check,Completed,ORD900784,Automated migration
2025-05-24,Wheel Bearing,Drivetrain,2,1978.91,223.19,3957.82,Wholesale Client,Cash,Completed,ORD900785,Automated migration
2025-05-24,Oil Filter,Engine system,1,240.28,10.13,240.28,Retail Client,Bank Transfer,Completed,ORD900786,Automated migration
2025-05-24,Oil Filter,Engine system,2,234.42,31.76,468.84,Wholesale Client,Check,Completed,ORD900787,Automated migration
2025-05-24,Shock Absorber,Suspension & traction,2,4142.76,411.43,8285.52,Wholesale Client,GCash,Completed,ORD900788,Automated migration
2025-05-25,Brake Pads,Braking system,2,1038.2,156.08,2076.4,Wholesale Client,Cash,Completed,ORD900789,Automated migration
2025-05-25,Air Filter,Engine system,1,250.3,18.19,250.3,Wholesale Client,Check,Completed,ORD900790,Automated migration
2025-05-25,Oil Filter,Engine system,1,182.07,11.78,182.07,Wholesale Client,GCash,Completed,ORD900791,Automated migration
2025-05-25,Shock Absorber,Suspension & traction,2,3680.76,662.32,7361.52,Retail Client,Check,Completed,ORD900792,Automated migration
2025-05-26,ECU Module,Electrical system,1,22318.03,1334.54,22318.03,Wholesale Client,GCash,Completed,ORD900793,Automated migration
2025-05-26,Air Filter,Engine system,3,280.26,39.11,840.78,Wholesale Client,Maya,Completed,ORD900794,Automated migration
2025-05-26,Oil Filter,Engine system,1,140.28,5.3,140.28,Retail Client,Check,Completed,ORD900795,Automated migration
2025-05-26,Oil Filter,Engine system,1,170.35,11.41,170.35,Retail Client,Bank Transfer,Completed,ORD900796,Automated migration
2025-05-27,Wheel Bearing,Drivetrain,1,1630.74,58.45,1630.74,Wholesale Client,Cash,Completed,ORD900797,Automated migration
2025-05-27,Catalytic Converter,Exhaust system,1,16696.2,686.79,16696.2,Wholesale Client,Maya,Completed,ORD900798,Automated migration
2025-05-27,Oil Filter,Engine system,2,196.72,12.09,393.44,Wholesale Client,GCash,Completed,ORD900799,Automated migration
2025-05-27,Wheel Bearing,Drivetrain,1,2363.6,177.35,2363.6,Retail Client,Bank Transfer,Completed,ORD900800,Automated migration
2025-05-27,Catalytic Converter,Exhaust system,1,14858.05,1211.78,14858.05,Retail Client,Maya,Completed,ORD900801,Automated migration
2025-05-27,Brake Pads,Braking system,1,1123.03,81.81,1123.03,Wholesale Client,GCash,Completed,ORD900802,Automated migration
2025-05-27,Brake Pads,Braking system,1,1046.9,84.79,1046.9,Retail Client,Check,Completed,ORD900803,Automated migration
2025-05-28,Brake Pads,Braking system,1,1583.38,51.21,1583.38,Retail Client,Cash,Completed,ORD900804,Automated migration
2025-05-28,Battery,Electrical system,1,4700.45,416.62,4700.45,Wholesale Client,Maya,Completed,ORD900805,Automated migration
2025-05-28,Battery,Electrical system,1,4409.96,325.86,4409.96,Wholesale Client,Cash,Completed,ORD900806,Automated migration
2025-05-29,ECU Module,Electrical system,1,18043.5,1062.99,18043.5,Wholesale Client,Cash,Completed,ORD900807,Automated migration
2025-05-29,Oil Filter,Engine system,2,181.16,30.78,362.32,Retail Client,Bank Transfer,Completed,ORD900808,Automated migration
2025-05-29,ECU Module,Electrical system,1,28377.92,2317.17,28377.92,Wholesale Client,Cash,Completed,ORD900809,Automated migration
2025-05-29,ECU Module,Electrical system,2,26002.49,4580.48,52004.98,Retail Client,Cash,Completed,ORD900810,Automated migration
2025-05-29,Oil Filter,Engine system,2,188.71,21.18,377.42,Retail Client,Cash,Completed,ORD900811,Automated migration
2025-05-29,Oil Filter,Engine system,1,248.54,9.74,248.54,Retail Client,Maya,Completed,ORD900812,Automated migration
2025-05-29,Shock Absorber,Suspension & traction,1,3324.42,185.3,3324.42,Retail Client,Check,Completed,ORD900813,Automated migration
2025-05-29,Shock Absorber,Suspension & traction,1,2935.81,238.34,2935.81,Wholesale Client,Cash,Completed,ORD900814,Automated migration
2025-05-29,Brake Pads,Braking system,1,992.64,85.69,992.64,Retail Client,Maya,Completed,ORD900815,Automated migration
2025-05-30,Brake Pads,Braking system,1,983.15,48.54,983.15,Wholesale Client,Bank Transfer,Completed,ORD900816,Automated migration
2025-05-30,Brake Pads,Braking system,1,1123.33,43.27,1123.33,Wholesale Client,Bank Transfer,Completed,ORD900817,Automated migration
2025-05-30,Shock Absorber,Suspension & traction,1,2834.27,173.15,2834.27,Wholesale Client,Bank Transfer,Completed,ORD900818,Automated migration
2025-05-30,Brake Pads,Braking system,1,1188.45,100.56,1188.45,Wholesale Client,Cash,Completed,ORD900819,Automated migration
2025-05-30,ECU Module,Electrical system,2,14502.14,1169.25,29004.28,Wholesale Client,Maya,Completed,ORD900820,Automated migration
2025-05-30,Shock Absorber,Suspension & traction,3,4079.21,1063.91,12237.63,Retail Client,Maya,Completed,ORD900821,Automated migration
2025-05-31,Catalytic Converter,Exhaust system,1,23912.67,1081.82,23912.67,Wholesale Client,Cash,Completed,ORD900822,Automated migration
2025-05-31,ECU Module,Electrical system,1,15651.25,654.18,15651.25,Retail Client,Cash,Completed,ORD900823,Automated migration
2025-05-31,Oil Filter,Engine system,2,258.65,26.37,517.3,Wholesale Client,Check,Completed,ORD900824,Automated migration
2025-05-31,Shock Absorber,Suspension & traction,2,2660.23,423.64,5320.46,Wholesale Client,Bank Transfer,Completed,ORD900825,Automated migration
2025-05-31,Shock Absorber,Suspension & traction,2,2905.33,272.94,5810.66,Wholesale Client,Bank Transfer,Completed,ORD900826,Automated migration
2025-05-31,ECU Module,Electrical system,0,20057.55,0.0,0.0,Wholesale Client,Check,Completed,ORD900827,Automated migration
2025-05-31,Oil Filter,Engine system,1,226.43,15.23,226.43,Wholesale Client,Bank Transfer,Completed,ORD900828,Automated migration
2025-05-31,Alternator,Electrical system,1,11639.11,604.86,11639.11,Wholesale Client,Bank Transfer,Completed,ORD900829,Automated migration
2025-06-01,Alternator,Electrical system,2,7553.7,1353.49,15107.4,Retail Client,Cash,Completed,ORD900830,Automated migration
2025-06-01,Shock Absorber,Suspension & traction,2,3223.34,302.92,6446.68,Retail Client,Check,Completed,ORD900831,Automated migration
2025-06-01,Brake Pads,Braking system,1,970.99,39.21,970.99,Retail Client,GCash,Completed,ORD900832,Automated migration
2025-06-01,Catalytic Converter,Exhaust system,1,20259.28,1348.14,20259.28,Wholesale Client,GCash,Completed,ORD900833,Automated migration
2025-06-02,Starter Motor,Electrical system,1,9413.89,401.76,9413.89,Wholesale Client,Bank Transfer,Completed,ORD900834,Automated migration
2025-06-02,Brake Pads,Braking system,1,1232.41,92.06,1232.41,Wholesale Client,Maya,Completed,ORD900835,Automated migration
2025-06-02,Oil Filter,Engine system,1,154.02,6.69,154.02,Retail Client,Bank Transfer,Completed,ORD900836,Automated migration
2025-06-02,ECU Module,Electrical system,2,17459.15,2337.31,34918.3,Retail Client,Check,Completed,ORD900837,Automated migration
2025-06-02,Brake Pads,Braking system,3,1522.85,216.61,4568.55,Wholesale Client,Maya,Completed,ORD900838,Automated migration
2025-06-03,Oil Filter,Engine system,2,258.35,43.15,516.7,Wholesale Client,GCash,Completed,ORD900839,Automated migration
2025-06-03,Brake Pads,Braking system,1,1300.75,83.39,1300.75,Wholesale Client,Bank Transfer,Completed,ORD900840,Automated migration
2025-06-03,Catalytic Converter,Exhaust system,2,17715.59,2927.44,35431.18,Retail Client,Bank Transfer,Completed,ORD900841,Automated migration
2025-06-03,Oil Filter,Engine system,1,194.32,7.19,194.32,Wholesale Client,GCash,Completed,ORD900842,Automated migration
2025-06-03,Brake Pads,Braking system,2,1522.31,126.29,3044.62,Retail Client,GCash,Completed,ORD900843,Automated migration
2025-06-03,Oil Filter,Engine system,1,150.84,11.78,150.84,Wholesale Client,GCash,Completed,ORD900844,Automated migration
2025-06-03,Brake Pads,Braking system,2,1317.83,226.14,2635.66,Retail Client,Bank Transfer,Completed,ORD900845,Automated migration
2025-06-03,Shock Absorber,Suspension & traction,1,2515.58,141.33,2515.58,Wholesale Client,Cash,Completed,ORD900846,Automated migration
2025-06-04,ECU Module,Electrical system,2,19589.73,3119.23,39179.46,Retail Client,Check,Completed,ORD900847,Automated migration
2025-06-04,Oil Filter,Engine system,1,204.36,12.77,204.36,Retail Client,Cash,Completed,ORD900848,Automated migration
2025-06-04,Shock Absorber,Suspension & traction,1,2991.17,109.88,2991.17,Wholesale Client,Bank Transfer,Completed,ORD900849,Automated migration
2025-06-04,Brake Pads,Braking system,2,1297.42,123.5,2594.84,Retail Client,Maya,Completed,ORD900850,Automated migration
2025-06-04,ECU Module,Electrical system,1,20526.5,1270.11,20526.5,Wholesale Client,Check,Completed,ORD900851,Automated migration
2025-06-04,Shock Absorber,Suspension & traction,2,2783.09,328.64,5566.18,Wholesale Client,Maya,Completed,ORD900852,Automated migration
2025-06-04,Brake Pads,Braking system,2,1039.1,141.84,2078.2,Retail Client,Maya,Completed,ORD900853,Automated migration
2025-06-04,Brake Pads,Braking system,1,1162.28,87.38,1162.28,Wholesale Client,Check,Completed,ORD900854,Automated migration
2025-06-04,ECU Module,Electrical system,1,19199.08,1478.61,19199.08,Wholesale Client,Bank Transfer,Completed,ORD900855,Automated migration
2025-06-05,ECU Module,Electrical system,1,25146.62,1677.68,25146.62,Retail Client,GCash,Completed,ORD900856,Automated migration
2025-06-05,Oil Filter,Engine system,2,254.14,39.17,508.28,Wholesale Client,Maya,Completed,ORD900857,Automated migration
2025-06-05,ECU Module,Electrical system,1,28276.74,1116.05,28276.74,Retail Client,Bank Transfer,Completed,ORD900858,Automated migration
2025-06-06,Shock Absorber,Suspension & traction,1,2758.3,91.57,2758.3,Wholesale Client,Check,Completed,ORD900859,Automated migration
2025-06-06,Air Filter,Engine system,1,226.88,7.67,226.88,Wholesale Client,Maya,Completed,ORD900860,Automated migration
2025-06-06,Battery,Electrical system,2,6139.36,488.01,12278.72,Wholesale Client,GCash,Completed,ORD900861,Automated migration
2025-06-07,Oil Filter,Engine system,1,219.65,8.13,219.65,Retail Client,Check,Completed,ORD900862,Automated migration
2025-06-07,Air Filter,Engine system,2,231.5,32.44,463.0,Retail Client,Maya,Completed,ORD900863,Automated migration
2025-06-07,ECU Module,Electrical system,3,28494.1,4761.09,85482.3,Retail Client,Maya,Completed,ORD900864,Automated migration
2025-06-07,Oil Filter,Engine system,2,161.62,21.83,323.24,Retail Client,Bank Transfer,Completed,ORD900865,Automated migration
2025-06-07,Wheel Bearing,Drivetrain,1,1952.11,153.91,1952.11,Retail Client,Check,Completed,ORD900866,Automated migration
2025-06-08,ECU Module,Electrical system,1,23300.18,1711.99,23300.18,Wholesale Client,GCash,Completed,ORD900867,Automated migration
2025-06-08,Oil Filter,Engine system,1,225.17,16.4,225.17,Wholesale Client,Check,Completed,ORD900868,Automated migration
2025-06-08,Air Filter,Engine system,3,310.32,70.56,930.96,Wholesale Client,Check,Completed,ORD900869,Automated migration
2025-06-08,Catalytic Converter,Exhaust system,1,16259.15,607.08,16259.15,Wholesale Client,Cash,Completed,ORD900870,Automated migration
2025-06-08,Shock Absorber,Suspension & traction,2,3789.28,381.35,7578.56,Wholesale Client,GCash,Completed,ORD900871,Automated migration
2025-06-08,Battery,Electrical system,1,5057.47,369.19,5057.47,Wholesale Client,Cash,Completed,ORD900872,Automated migration
2025-06-08,Air Filter,Engine system,1,286.12,15.31,286.12,Wholesale Client,Maya,Completed,ORD900873,Automated migration
2025-06-08,Brake Pads,Braking system,2,1238.36,85.5,2476.72,Retail Client,GCash,Completed,ORD900874,Automated migration
2025-06-09,Starter Motor,Electrical system,2,6713.28,504.0,13426.56,Wholesale Client,Check,Completed,ORD900875,Automated migration
2025-06-09,Brake Pads,Braking system,1,1341.78,77.54,1341.78,Wholesale Client,Bank Transfer,Completed,ORD900876,Automated migration
2025-06-09,Battery,Electrical system,1,5674.59,380.74,5674.59,Wholesale Client,Cash,Completed,ORD900877,Automated migration
2025-06-09,Shock Absorber,Suspension & traction,2,3533.74,429.52,7067.48,Wholesale Client,Cash,Completed,ORD900878,Automated migration
2025-06-09,Catalytic Converter,Exhaust system,3,22651.05,2446.43,67953.15,Wholesale Client,Maya,Completed,ORD900879,Automated migration
2025-06-09,Oil Filter,Engine system,2,182.21,17.54,364.42,Retail Client,GCash,Completed,ORD900880,Automated migration
2025-06-10,Shock Absorber,Suspension & traction,2,2985.19,219.92,5970.38,Wholesale Client,Cash,Completed,ORD900881,Automated migration
2025-06-10,Starter Motor,Electrical system,2,11069.91,1573.99,22139.82,Wholesale Client,GCash,Completed,ORD900882,Automated migration
2025-06-10,Oil Filter,Engine system,2,241.01,24.56,482.02,Wholesale Client,Maya,Completed,ORD900883,Automated migration
2025-06-10,Brake Pads,Braking system,2,1439.03,212.77,2878.06,Wholesale Client,Check,Completed,ORD900884,Automated migration
2025-06-10,Brake Pads,Braking system,1,1394.27,84.24,1394.27,Retail Client,Check,Completed,ORD900885,Automated migration
2025-06-11,Oil Filter,Engine system,5,176.69,27.38,883.45,Wholesale Client,Check,Completed,ORD900886,Automated migration
2025-06-11,Shock Absorber,Suspension & traction,3,3307.94,302.17,9923.82,Wholesale Client,Check,Completed,ORD900887,Automated migration
2025-06-11,Brake Pads,Braking system,3,1343.92,358.77,4031.76,Wholesale Client,Check,Completed,ORD900888,Automated migration
2025-06-11,ECU Module,Electrical system,4,16526.52,3166.64,66106.08,Retail Client,Check,Completed,ORD900889,Automated migration
2025-06-11,Shock Absorber,Suspension & traction,3,2775.3,624.09,8325.9,Wholesale Client,Cash,Completed,ORD900890,Automated migration
2025-06-11,Brake Pads,Braking system,2,1525.15,236.95,3050.3,Retail Client,Bank Transfer,Completed,ORD900891,Automated migration
2025-06-12,Brake Pads,Braking system,1,1552.59,125.56,1552.59,Retail Client,Check,Completed,ORD900892,Automated migration
2025-06-12,Air Filter,Engine system,1,304.07,23.05,304.07,Wholesale Client,Bank Transfer,Completed,ORD900893,Automated migration
2025-06-12,Starter Motor,Electrical system,2,11178.31,1179.37,22356.62,Retail Client,Maya,Completed,ORD900894,Automated migration
2025-06-12,Brake Pads,Braking system,1,1207.67,38.17,1207.67,Wholesale Client,Bank Transfer,Completed,ORD900895,Automated migration
2025-06-12,Catalytic Converter,Exhaust system,1,20075.16,772.86,20075.16,Wholesale Client,GCash,Completed,ORD900896,Automated migration
2025-06-12,Air Filter,Engine system,1,325.11,15.67,325.11,Retail Client,Check,Completed,ORD900897,Automated migration
2025-06-12,Air Filter,Engine system,1,297.07,15.53,297.07,Wholesale Client,Check,Completed,ORD900898,Automated migration
2025-06-12,Shock Absorber,Suspension & traction,1,2799.51,235.45,2799.51,Retail Client,Maya,Completed,ORD900899,Automated migration
2025-06-12,Oil Filter,Engine system,2,237.58,36.2,475.16,Retail Client,Bank Transfer,Completed,ORD900900,Automated migration
2025-06-12,Shock Absorber,Suspension & traction,3,3508.85,795.89,10526.55,Retail Client,Cash,Completed,ORD900901,Automated migration
2025-06-12,Brake Pads,Braking system,1,1081.59,65.38,1081.59,Retail Client,Maya,Completed,ORD900902,Automated migration
2025-06-13,Shock Absorber,Suspension & traction,1,3854.15,176.91,3854.15,Retail Client,Check,Completed,ORD900903,Automated migration
2025-06-13,Air Filter,Engine system,2,227.11,38.32,454.22,Retail Client,Cash,Completed,ORD900904,Automated migration
2025-06-13,ECU Module,Electrical system,2,27289.55,3052.15,54579.1,Wholesale Client,GCash,Completed,ORD900905,Automated migration
2025-06-13,ECU Module,Electrical system,1,27021.37,2076.29,27021.37,Retail Client,Maya,Completed,ORD900906,Automated migration
2025-06-13,ECU Module,Electrical system,1,15100.12,680.23,15100.12,Retail Client,Bank Transfer,Completed,ORD900907,Automated migration
2025-06-14,Brake Pads,Braking system,1,1271.54,93.62,1271.54,Retail Client,Cash,Completed,ORD900908,Automated migration
2025-06-14,ECU Module,Electrical system,3,22700.27,4506.15,68100.81,Retail Client,Check,Completed,ORD900909,Automated migration
2025-06-14,Brake Pads,Braking system,1,1202.12,47.42,1202.12,Wholesale Client,GCash,Completed,ORD900910,Automated migration
2025-06-14,Alternator,Electrical system,2,11938.51,971.43,23877.02,Retail Client,Bank Transfer,Completed,ORD900911,Automated migration
2025-06-14,ECU Module,Electrical system,1,22425.45,753.96,22425.45,Retail Client,Check,Completed,ORD900912,Automated migration
2025-06-15,Alternator,Electrical system,1,9621.33,808.83,9621.33,Retail Client,Check,Completed,ORD900913,Automated migration
2025-06-15,Brake Pads,Braking system,2,989.55,115.68,1979.1,Wholesale Client,GCash,Completed,ORD900914,Automated migration
2025-06-15,ECU Module,Electrical system,1,19276.43,1316.88,19276.43,Wholesale Client,Bank Transfer,Completed,ORD900915,Automated migration
2025-06-15,Wheel Bearing,Drivetrain,2,2178.32,356.39,4356.64,Wholesale Client,Check,Completed,ORD900916,Automated migration
2025-06-15,Alternator,Electrical system,3,9676.25,1024.72,29028.75,Retail Client,Maya,Completed,ORD900917,Automated migration
2025-06-15,Wheel Bearing,Drivetrain,2,1994.72,325.21,3989.44,Wholesale Client,Bank Transfer,Completed,ORD900918,Automated migration
2025-06-16,Oil Filter,Engine system,1,173.84,12.85,173.84,Retail Client,Cash,Completed,ORD900919,Automated migration
2025-06-16,Catalytic Converter,Exhaust system,1,19393.34,1516.33,19393.34,Wholesale Client,Maya,Completed,ORD900920,Automated migration
2025-06-16,Wheel Bearing,Drivetrain,2,2326.01,142.18,4652.02,Retail Client,Maya,Completed,ORD900921,Automated migration
2025-06-16,Battery,Electrical system,2,4658.41,687.24,9316.82,Retail Client,Cash,Completed,ORD900922,Automated migration
2025-06-16,Starter Motor,Electrical system,0,10569.66,0.0,0.0,Retail Client,GCash,Completed,ORD900923,Automated migration
2025-06-16,Air Filter,Engine system,1,327.09,10.02,327.09,Wholesale Client,Maya,Completed,ORD900924,Automated migration
2025-06-16,ECU Module,Electrical system,1,15105.99,1309.42,15105.99,Retail Client,GCash,Completed,ORD900925,Automated migration
2025-06-17,Oil Filter,Engine system,2,252.65,44.12,505.3,Retail Client,Cash,Completed,ORD900926,Automated migration
2025-06-17,Catalytic Converter,Exhaust system,2,14134.24,1863.57,28268.48,Retail Client,Bank Transfer,Completed,ORD900927,Automated migration
2025-06-17,ECU Module,Electrical system,3,26970.19,2576.78,80910.57,Wholesale Client,GCash,Completed,ORD900928,Automated migration
2025-06-18,Shock Absorber,Suspension & traction,1,3071.13,189.71,3071.13,Wholesale Client,Maya,Completed,ORD900929,Automated migration
2025-06-18,Alternator,Electrical system,1,7710.66,250.55,7710.66,Wholesale Client,Check,Completed,ORD900930,Automated migration
2025-06-18,Wheel Bearing,Drivetrain,1,2523.63,220.5,2523.63,Retail Client,Check,Completed,ORD900931,Automated migration
2025-06-18,Air Filter,Engine system,2,259.12,22.46,518.24,Retail Client,Maya,Completed,ORD900932,Automated migration
2025-06-18,Brake Pads,Braking system,1,1100.83,72.49,1100.83,Wholesale Client,GCash,Completed,ORD900933,Automated migration
2025-06-18,Oil Filter,Engine system,2,178.75,27.86,357.5,Retail Client,Bank Transfer,Completed,ORD900934,Automated migration
2025-06-18,Air Filter,Engine system,1,301.33,23.48,301.33,Wholesale Client,GCash,Completed,ORD900935,Automated migration
2025-06-18,Oil Filter,Engine system,1,208.0,16.09,208.0,Retail Client,Maya,Completed,ORD900936,Automated migration
2025-06-18,Shock Absorber,Suspension & traction,3,3475.55,841.17,10426.65,Retail Client,Maya,Completed,ORD900937,Automated migration
2025-06-18,ECU Module,Electrical system,1,26853.79,1716.61,26853.79,Retail Client,GCash,Completed,ORD900938,Automated migration
2025-06-19,Oil Filter,Engine system,2,189.08,13.72,378.16,Wholesale Client,Maya,Completed,ORD900939,Automated migration
2025-06-19,Brake Pads,Braking system,2,1424.33,210.99,2848.66,Retail Client,Bank Transfer,Completed,ORD900940,Automated migration
2025-06-19,Wheel Bearing,Drivetrain,1,2660.78,176.18,2660.78,Retail Client,Check,Completed,ORD900941,Automated migration
2025-06-19,Brake Pads,Braking system,1,1442.74,60.5,1442.74,Retail Client,Maya,Completed,ORD900942,Automated migration
2025-06-19,Brake Pads,Braking system,2,1383.31,163.1,2766.62,Wholesale Client,Cash,Completed,ORD900943,Automated migration
2025-06-19,Air Filter,Engine system,2,342.45,43.76,684.9,Retail Client,Check,Completed,ORD900944,Automated migration
2025-06-19,Oil Filter,Engine system,1,196.69,14.66,196.69,Wholesale Client,Maya,Completed,ORD900945,Automated migration
2025-06-20,Battery,Electrical system,1,4478.62,272.09,4478.62,Wholesale Client,Maya,Completed,ORD900946,Automated migration
2025-06-20,Catalytic Converter,Exhaust system,2,12463.65,1055.8,24927.3,Retail Client,GCash,Completed,ORD900947,Automated migration
2025-06-20,Battery,Electrical system,1,4918.59,201.09,4918.59,Retail Client,Check,Completed,ORD900948,Automated migration
2025-06-20,Oil Filter,Engine system,2,181.02,12.6,362.04,Retail Client,Check,Completed,ORD900949,Automated migration
2025-06-20,Brake Pads,Braking system,1,1260.76,111.42,1260.76,Wholesale Client,Maya,Completed,ORD900950,Automated migration
2025-06-20,Wheel Bearing,Drivetrain,1,2417.7,168.35,2417.7,Wholesale Client,GCash,Completed,ORD900951,Automated migration
2025-06-21,Shock Absorber,Suspension & traction,2,2546.01,419.68,5092.02,Wholesale Client,Cash,Completed,ORD900952,Automated migration
2025-06-21,Starter Motor,Electrical system,3,9931.13,2533.77,29793.39,Wholesale Client,Bank Transfer,Completed,ORD900953,Automated migration
2025-06-21,Oil Filter,Engine system,3,153.55,23.4,460.65,Retail Client,Check,Completed,ORD900954,Automated migration
2025-06-22,ECU Module,Electrical system,1,23940.67,1542.79,23940.67,Retail Client,Cash,Completed,ORD900955,Automated migration
2025-06-22,Alternator,Electrical system,3,7360.02,1852.92,22080.06,Wholesale Client,Cash,Completed,ORD900956,Automated migration
2025-06-22,ECU Module,Electrical system,2,26477.64,2234.35,52955.28,Wholesale Client,Check,Completed,ORD900957,Automated migration
2025-06-23,Air Filter,Engine system,1,301.74,13.71,301.74,Wholesale Client,Bank Transfer,Completed,ORD900958,Automated migration
2025-06-23,Brake Pads,Braking system,2,1254.66,216.44,2509.32,Wholesale Client,Check,Completed,ORD900959,Automated migration
2025-06-23,Wheel Bearing,Drivetrain,1,2640.19,156.36,2640.19,Retail Client,Maya,Completed,ORD900960,Automated migration
2025-06-23,Brake Pads,Braking system,3,989.96,112.92,2969.88,Retail Client,Check,Completed,ORD900961,Automated migration
2025-06-24,Brake Pads,Braking system,5,1584.6,399.18,7923.0,Retail Client,Cash,Completed,ORD900962,Automated migration
2025-06-24,Catalytic Converter,Exhaust system,3,14944.53,2030.9,44833.59,Wholesale Client,GCash,Completed,ORD900963,Automated migration
2025-06-24,Oil Filter,Engine system,2,177.62,17.28,355.24,Wholesale Client,GCash,Completed,ORD900964,Automated migration
2025-06-24,Brake Pads,Braking system,1,1333.75,70.79,1333.75,Wholesale Client,Check,Completed,ORD900965,Automated migration
2025-06-24,Oil Filter,Engine system,2,194.35,33.04,388.7,Wholesale Client,Bank Transfer,Completed,ORD900966,Automated migration
2025-06-24,Starter Motor,Electrical system,2,11516.32,745.45,23032.64,Wholesale Client,Cash,Completed,ORD900967,Automated migration
2025-06-24,Wheel Bearing,Drivetrain,2,2190.73,320.26,4381.46,Retail Client,Bank Transfer,Completed,ORD900968,Automated migration
2025-06-25,Air Filter,Engine system,2,261.99,38.63,523.98,Retail Client,Maya,Completed,ORD900969,Automated migration
2025-06-25,Oil Filter,Engine system,2,228.46,14.24,456.92,Retail Client,Cash,Completed,ORD900970,Automated migration
2025-06-25,Brake Pads,Braking system,1,1530.01,119.71,1530.01,Retail Client,GCash,Completed,ORD900971,Automated migration
2025-06-25,ECU Module,Electrical system,2,19029.63,1938.77,38059.26,Retail Client,GCash,Completed,ORD900972,Automated migration
2025-06-25,Oil Filter,Engine system,2,166.66,13.55,333.32,Retail Client,Maya,Completed,ORD900973,Automated migration
2025-06-25,Air Filter,Engine system,2,225.13,30.82,450.26,Retail Client,Bank Transfer,Completed,ORD900974,Automated migration
2025-06-25,Brake Pads,Braking system,2,1501.83,237.07,3003.66,Retail Client,Maya,Completed,ORD900975,Automated migration
2025-06-26,Air Filter,Engine system,1,341.99,14.03,341.99,Wholesale Client,Cash,Completed,ORD900976,Automated migration
2025-06-26,Air Filter,Engine system,2,251.34,31.24,502.68,Wholesale Client,GCash,Completed,ORD900977,Automated migration
2025-06-26,Oil Filter,Engine system,2,239.61,16.17,479.22,Retail Client,Cash,Completed,ORD900978,Automated migration
2025-06-26,Catalytic Converter,Exhaust system,1,15933.59,1108.66,15933.59,Retail Client,Maya,Completed,ORD900979,Automated migration
2025-06-27,Air Filter,Engine system,1,241.12,18.38,241.12,Retail Client,Bank Transfer,Completed,ORD900980,Automated migration
2025-06-27,Oil Filter,Engine system,3,248.01,34.13,744.03,Retail Client,Bank Transfer,Completed,ORD900981,Automated migration
2025-06-27,Shock Absorber,Suspension & traction,2,3221.16,380.09,6442.32,Wholesale Client,Cash,Completed,ORD900982,Automated migration
2025-06-27,Catalytic Converter,Exhaust system,2,14631.65,2481.96,29263.3,Wholesale Client,Check,Completed,ORD900983,Automated migration
2025-06-27,Oil Filter,Engine system,2,238.37,34.58,476.74,Retail Client,Cash,Completed,ORD900984,Automated migration
2025-06-27,Oil Filter,Engine system,2,224.67,21.04,449.34,Wholesale Client,Maya,Completed,ORD900985,Automated migration
2025-06-27,Air Filter,Engine system,1,325.8,17.37,325.8,Retail Client,GCash,Completed,ORD900986,Automated migration
2025-06-27,Oil Filter,Engine system,1,258.53,11.34,258.53,Retail Client,Maya,Completed,ORD900987,Automated migration
2025-06-27,Shock Absorber,Suspension & traction,1,2963.78,94.47,2963.78,Retail Client,Bank Transfer,Completed,ORD900988,Automated migration
2025-06-28,Wheel Bearing,Drivetrain,3,1751.64,262.72,5254.92,Wholesale Client,Maya,Completed,ORD900989,Automated migration
2025-06-28,Oil Filter,Engine system,1,248.15,15.27,248.15,Wholesale Client,GCash,Completed,ORD900990,Automated migration
2025-06-29,Catalytic Converter,Exhaust system,3,19854.9,5306.67,59564.7,Retail Client,GCash,Completed,ORD900991,Automated migration
2025-06-29,Shock Absorber,Suspension & traction,2,3329.36,509.95,6658.72,Retail Client,Cash,Completed,ORD900992,Automated migration
2025-06-29,Oil Filter,Engine system,1,201.98,11.83,201.98,Wholesale Client,GCash,Completed,ORD900993,Automated migration
2025-06-29,Brake Pads,Braking system,1,1236.58,53.59,1236.58,Retail Client,GCash,Completed,ORD900994,Automated migration
2025-06-29,Shock Absorber,Suspension & traction,2,3281.87,199.44,6563.74,Wholesale Client,Maya,Completed,ORD900995,Automated migration
2025-06-30,ECU Module,Electrical system,3,25887.56,6463.72,77662.68,Wholesale Client,Cash,Completed,ORD900996,Automated migration
2025-06-30,Wheel Bearing,Drivetrain,1,1954.9,119.63,1954.9,Retail Client,Cash,Completed,ORD900997,Automated migration
2025-06-30,Wheel Bearing,Drivetrain,1,2405.08,210.73,2405.08,Wholesale Client,Check,Completed,ORD900998,Automated migration
2025-06-30,Air Filter,Engine system,1,348.7,30.92,348.7,Retail Client,Bank Transfer,Completed,ORD900999,Automated migration
2025-06-30,Air Filter,Engine system,1,297.23,20.03,297.23,Wholesale Client,GCash,Completed,ORD901000,Automated migration
2025-07-01,Air Filter,Engine system,1,250.33,19.49,250.33,Wholesale Client,Maya,Completed,ORD901001,Automated migration
2025-07-01,Shock Absorber,Suspension & traction,2,3576.04,448.59,7152.08,Wholesale Client,Check,Completed,ORD901002,Automated migration
2025-07-01,Oil Filter,Engine system,1,206.44,16.5,206.44,Wholesale Client,Check,Completed,ORD901003,Automated migration
2025-07-01,Oil Filter,Engine system,1,229.15,19.2,229.15,Retail Client,Cash,Completed,ORD901004,Automated migration
2025-07-01,Oil Filter,Engine system,3,199.75,47.14,599.25,Retail Client,Maya,Completed,ORD901005,Automated migration
2025-07-02,Oil Filter,Engine system,1,194.17,16.98,194.17,Retail Client,Bank Transfer,Completed,ORD901006,Automated migration
2025-07-02,ECU Module,Electrical system,1,21329.63,1244.51,21329.63,Retail Client,Maya,Completed,ORD901007,Automated migration
2025-07-02,Starter Motor,Electrical system,1,6419.7,532.81,6419.7,Retail Client,Cash,Completed,ORD901008,Automated migration
2025-07-02,Air Filter,Engine system,1,342.43,22.43,342.43,Retail Client,Check,Completed,ORD901009,Automated migration
2025-07-02,Wheel Bearing,Drivetrain,1,2759.28,199.85,2759.28,Wholesale Client,Bank Transfer,Completed,ORD901010,Automated migration
2025-07-03,ECU Module,Electrical system,1,18322.77,1531.25,18322.77,Retail Client,Check,Completed,ORD901011,Automated migration
2025-07-03,Air Filter,Engine system,2,343.4,21.76,686.8,Retail Client,Check,Completed,ORD901012,Automated migration
2025-07-03,Air Filter,Engine system,1,347.91,17.46,347.91,Wholesale Client,Cash,Completed,ORD901013,Automated migration
2025-07-03,Air Filter,Engine system,1,337.07,19.69,337.07,Retail Client,GCash,Completed,ORD901014,Automated migration
2025-07-03,Wheel Bearing,Drivetrain,1,2755.93,241.91,2755.93,Retail Client,Check,Completed,ORD901015,Automated migration
2025-07-03,Air Filter,Engine system,2,357.6,40.75,715.2,Wholesale Client,Check,Completed,ORD901016,Automated migration
2025-07-03,Brake Pads,Braking system,1,1395.82,116.26,1395.82,Retail Client,Cash,Completed,ORD901017,Automated migration
2025-07-04,Oil Filter,Engine system,2,195.48,20.19,390.96,Retail Client,GCash,Completed,ORD901018,Automated migration
2025-07-04,Catalytic Converter,Exhaust system,1,16343.65,1323.49,16343.65,Wholesale Client,Maya,Completed,ORD901019,Automated migration
2025-07-05,Oil Filter,Engine system,2,251.01,30.62,502.02,Wholesale Client,Bank Transfer,Completed,ORD901020,Automated migration
2025-07-05,Catalytic Converter,Exhaust system,1,22042.44,1211.03,22042.44,Wholesale Client,GCash,Completed,ORD901021,Automated migration
2025-07-05,Brake Pads,Braking system,1,1175.95,87.96,1175.95,Retail Client,Cash,Completed,ORD901022,Automated migration
2025-07-05,Battery,Electrical system,1,5647.16,480.28,5647.16,Wholesale Client,Maya,Completed,ORD901023,Automated migration
2025-07-05,Oil Filter,Engine system,2,205.6,36.43,411.2,Retail Client,Bank Transfer,Completed,ORD901024,Automated migration
2025-07-05,Catalytic Converter,Exhaust system,1,20362.69,1601.57,20362.69,Wholesale Client,Maya,Completed,ORD901025,Automated migration
2025-07-06,Wheel Bearing,Drivetrain,3,2151.56,232.23,6454.68,Wholesale Client,Cash,Completed,ORD901026,Automated migration
2025-07-06,Wheel Bearing,Drivetrain,3,2113.76,240.32,6341.28,Wholesale Client,Cash,Completed,ORD901027,Automated migration
2025-07-06,Brake Pads,Braking system,2,1120.29,197.96,2240.58,Retail Client,Cash,Completed,ORD901028,Automated migration
2025-07-06,Shock Absorber,Suspension & traction,1,3833.29,336.2,3833.29,Wholesale Client,Maya,Completed,ORD901029,Automated migration
2025-07-06,Brake Pads,Braking system,1,1222.15,47.37,1222.15,Wholesale Client,GCash,Completed,ORD901030,Automated migration
2025-07-06,Shock Absorber,Suspension & traction,2,2657.38,275.55,5314.76,Wholesale Client,Cash,Completed,ORD901031,Automated migration
2025-07-07,Starter Motor,Electrical system,2,11098.64,1346.18,22197.28,Retail Client,Bank Transfer,Completed,ORD901032,Automated migration
2025-07-07,Oil Filter,Engine system,2,216.63,26.68,433.26,Wholesale Client,Check,Completed,ORD901033,Automated migration
2025-07-07,Brake Pads,Braking system,3,1584.29,415.45,4752.87,Retail Client,GCash,Completed,ORD901034,Automated migration
2025-07-07,ECU Module,Electrical system,1,17728.18,687.54,17728.18,Wholesale Client,GCash,Completed,ORD901035,Automated migration
2025-07-07,ECU Module,Electrical system,2,18824.17,1800.71,37648.34,Wholesale Client,Cash,Completed,ORD901036,Automated migration
2025-07-08,Shock Absorber,Suspension & traction,2,2745.4,442.6,5490.8,Retail Client,GCash,Completed,ORD901037,Automated migration
2025-07-08,ECU Module,Electrical system,1,27325.76,2451.24,27325.76,Retail Client,Bank Transfer,Completed,ORD901038,Automated migration
2025-07-08,Shock Absorber,Suspension & traction,4,2660.9,683.95,10643.6,Wholesale Client,Check,Completed,ORD901039,Automated migration
2025-07-08,Brake Pads,Braking system,1,1118.92,91.93,1118.92,Wholesale Client,Cash,Completed,ORD901040,Automated migration
2025-07-08,Wheel Bearing,Drivetrain,2,1736.58,187.49,3473.16,Wholesale Client,Check,Completed,ORD901041,Automated migration
2025-07-08,ECU Module,Electrical system,1,15435.07,491.28,15435.07,Retail Client,Bank Transfer,Completed,ORD901042,Automated migration
2025-07-08,Shock Absorber,Suspension & traction,1,3272.51,115.15,3272.51,Retail Client,Maya,Completed,ORD901043,Automated migration
2025-07-08,Brake Pads,Braking system,1,1004.2,38.17,1004.2,Wholesale Client,GCash,Completed,ORD901044,Automated migration
2025-07-08,ECU Module,Electrical system,3,22584.39,2247.63,67753.17,Retail Client,Cash,Completed,ORD901045,Automated migration
2025-07-08,Air Filter,Engine system,1,319.69,27.02,319.69,Wholesale Client,Check,Completed,ORD901046,Automated migration
2025-07-09,Catalytic Converter,Exhaust system,2,13244.73,1204.55,26489.46,Wholesale Client,Cash,Completed,ORD901047,Automated migration
2025-07-09,ECU Module,Electrical system,1,19703.08,671.46,19703.08,Wholesale Client,Check,Completed,ORD901048,Automated migration
2025-07-09,Catalytic Converter,Exhaust system,1,17184.39,815.79,17184.39,Wholesale Client,GCash,Completed,ORD901049,Automated migration
2025-07-09,Alternator,Electrical system,1,12365.86,540.99,12365.86,Wholesale Client,Cash,Completed,ORD901050,Automated migration
2025-07-09,Catalytic Converter,Exhaust system,3,22567.54,3328.64,67702.62,Retail Client,GCash,Completed,ORD901051,Automated migration
2025-07-09,Oil Filter,Engine system,1,195.81,14.87,195.81,Wholesale Client,GCash,Completed,ORD901052,Automated migration
2025-07-09,Brake Pads,Braking system,3,1123.06,252.39,3369.18,Retail Client,Maya,Completed,ORD901053,Automated migration
2025-07-10,Alternator,Electrical system,2,10443.47,1699.06,20886.94,Wholesale Client,Check,Completed,ORD901054,Automated migration
2025-07-10,Brake Pads,Braking system,1,1150.36,66.05,1150.36,Retail Client,Cash,Completed,ORD901055,Automated migration
2025-07-10,Catalytic Converter,Exhaust system,1,22828.84,1444.9,22828.84,Retail Client,Cash,Completed,ORD901056,Automated migration
2025-07-10,Brake Pads,Braking system,1,1090.98,83.6,1090.98,Wholesale Client,Check,Completed,ORD901057,Automated migration
2025-07-10,Brake Pads,Braking system,1,1012.11,59.62,1012.11,Wholesale Client,GCash,Completed,ORD901058,Automated migration
2025-07-10,Battery,Electrical system,1,4201.42,346.88,4201.42,Wholesale Client,GCash,Completed,ORD901059,Automated migration
2025-07-11,ECU Module,Electrical system,1,22506.13,814.88,22506.13,Wholesale Client,GCash,Completed,ORD901060,Automated migration
2025-07-11,Wheel Bearing,Drivetrain,2,1940.14,345.28,3880.28,Wholesale Client,GCash,Completed,ORD901061,Automated migration
2025-07-11,Oil Filter,Engine system,1,153.42,11.37,153.42,Wholesale Client,Bank Transfer,Completed,ORD901062,Automated migration
2025-07-11,Shock Absorber,Suspension & traction,3,3657.76,855.17,10973.28,Retail Client,Maya,Completed,ORD901063,Automated migration
2025-07-12,Catalytic Converter,Exhaust system,2,15308.06,1334.97,30616.12,Retail Client,Cash,Completed,ORD901064,Automated migration
2025-07-12,Brake Pads,Braking system,3,965.07,118.92,2895.21,Retail Client,GCash,Completed,ORD901065,Automated migration
2025-07-12,Oil Filter,Engine system,1,191.46,12.25,191.46,Retail Client,GCash,Completed,ORD901066,Automated migration
2025-07-12,Oil Filter,Engine system,1,151.31,12.2,151.31,Wholesale Client,Maya,Completed,ORD901067,Automated migration
2025-07-12,ECU Module,Electrical system,1,28190.81,851.11,28190.81,Retail Client,Maya,Completed,ORD901068,Automated migration
2025-07-12,Oil Filter,Engine system,2,256.43,22.98,512.86,Wholesale Client,Bank Transfer,Completed,ORD901069,Automated migration
2025-07-13,Brake Pads,Braking system,1,1285.06,91.59,1285.06,Retail Client,Maya,Completed,ORD901070,Automated migration
2025-07-13,Oil Filter,Engine system,1,251.02,19.81,251.02,Wholesale Client,Bank Transfer,Completed,ORD901071,Automated migration
2025-07-13,ECU Module,Electrical system,1,26391.54,2228.28,26391.54,Wholesale Client,GCash,Completed,ORD901072,Automated migration
2025-07-13,Shock Absorber,Suspension & traction,3,3945.67,802.67,11837.01,Wholesale Client,GCash,Completed,ORD901073,Automated migration
2025-07-13,Shock Absorber,Suspension & traction,2,3214.39,197.36,6428.78,Wholesale Client,Check,Completed,ORD901074,Automated migration
2025-07-13,Oil Filter,Engine system,1,183.36,8.26,183.36,Wholesale Client,Cash,Completed,ORD901075,Automated migration
2025-07-14,Shock Absorber,Suspension & traction,2,2478.3,277.35,4956.6,Retail Client,Maya,Completed,ORD901076,Automated migration
2025-07-14,Starter Motor,Electrical system,2,7157.6,897.84,14315.2,Retail Client,GCash,Completed,ORD901077,Automated migration
2025-07-14,Air Filter,Engine system,2,292.22,47.69,584.44,Wholesale Client,Check,Completed,ORD901078,Automated migration
2025-07-14,Oil Filter,Engine system,1,176.78,15.51,176.78,Wholesale Client,Check,Completed,ORD901079,Automated migration
2025-07-15,Shock Absorber,Suspension & traction,1,3083.68,106.02,3083.68,Retail Client,Bank Transfer,Completed,ORD901080,Automated migration
2025-07-15,Oil Filter,Engine system,1,248.54,17.53,248.54,Wholesale Client,Cash,Completed,ORD901081,Automated migration
2025-07-16,Catalytic Converter,Exhaust system,3,21798.06,2601.9,65394.18,Retail Client,Cash,Completed,ORD901082,Automated migration
2025-07-16,Alternator,Electrical system,3,8945.26,2064.48,26835.78,Retail Client,Check,Completed,ORD901083,Automated migration
2025-07-16,Battery,Electrical system,2,4449.49,763.19,8898.98,Retail Client,Cash,Completed,ORD901084,Automated migration
2025-07-16,Brake Pads,Braking system,1,1492.96,59.9,1492.96,Wholesale Client,Cash,Completed,ORD901085,Automated migration
2025-07-16,Air Filter,Engine system,1,323.63,23.96,323.63,Wholesale Client,Maya,Completed,ORD901086,Automated migration
2025-07-17,Wheel Bearing,Drivetrain,1,2264.17,198.09,2264.17,Wholesale Client,Maya,Completed,ORD901087,Automated migration
2025-07-17,Brake Pads,Braking system,3,1561.5,322.36,4684.5,Wholesale Client,GCash,Completed,ORD901088,Automated migration
2025-07-17,Oil Filter,Engine system,2,225.4,39.83,450.8,Retail Client,Cash,Completed,ORD901089,Automated migration
2025-07-18,Brake Pads,Braking system,1,1599.71,89.83,1599.71,Retail Client,Check,Completed,ORD901090,Automated migration
2025-07-18,Alternator,Electrical system,2,9160.84,870.16,18321.68,Retail Client,Check,Completed,ORD901091,Automated migration
2025-07-18,Alternator,Electrical system,2,9484.87,1468.04,18969.74,Wholesale Client,Maya,Completed,ORD901092,Automated migration
2025-07-18,Air Filter,Engine system,1,237.17,9.74,237.17,Retail Client,Bank Transfer,Completed,ORD901093,Automated migration
2025-07-18,Oil Filter,Engine system,1,162.86,6.98,162.86,Wholesale Client,Maya,Completed,ORD901094,Automated migration
2025-07-18,ECU Module,Electrical system,1,23895.21,800.81,23895.21,Retail Client,Check,Completed,ORD901095,Automated migration
2025-07-18,Shock Absorber,Suspension & traction,2,2565.37,288.77,5130.74,Retail Client,Cash,Completed,ORD901096,Automated migration
2025-07-19,ECU Module,Electrical system,3,25985.25,5651.91,77955.75,Retail Client,Cash,Completed,ORD901097,Automated migration
2025-07-19,Alternator,Electrical system,1,9302.81,791.95,9302.81,Wholesale Client,Check,Completed,ORD901098,Automated migration
2025-07-19,Wheel Bearing,Drivetrain,1,1755.48,110.95,1755.48,Wholesale Client,GCash,Completed,ORD901099,Automated migration
2025-07-19,Alternator,Electrical system,2,11845.6,818.69,23691.2,Retail Client,Cash,Completed,ORD901100,Automated migration
2025-07-19,Brake Pads,Braking system,2,1012.32,134.11,2024.64,Retail Client,Cash,Completed,ORD901101,Automated migration
2025-07-19,Wheel Bearing,Drivetrain,3,2412.05,324.04,7236.15,Retail Client,Bank Transfer,Completed,ORD901102,Automated migration
2025-07-19,Brake Pads,Braking system,1,1419.98,87.07,1419.98,Retail Client,Maya,Completed,ORD901103,Automated migration
2025-07-20,Alternator,Electrical system,1,11668.01,940.44,11668.01,Wholesale Client,Check,Completed,ORD901104,Automated migration
2025-07-20,Alternator,Electrical system,2,11006.03,828.26,22012.06,Retail Client,Bank Transfer,Completed,ORD901105,Automated migration
2025-07-20,Alternator,Electrical system,2,11750.57,2087.15,23501.14,Wholesale Client,Check,Completed,ORD901106,Automated migration
2025-07-21,Shock Absorber,Suspension & traction,1,2695.69,88.01,2695.69,Wholesale Client,Check,Completed,ORD901107,Automated migration
2025-07-22,Air Filter,Engine system,3,235.05,63.1,705.15,Retail Client,Bank Transfer,Completed,ORD901108,Automated migration
2025-07-22,Catalytic Converter,Exhaust system,1,16083.43,1065.82,16083.43,Retail Client,Maya,Completed,ORD901109,Automated migration
2025-07-22,Air Filter,Engine system,3,269.7,60.65,809.1,Wholesale Client,Cash,Completed,ORD901110,Automated migration
2025-07-22,Oil Filter,Engine system,1,157.4,6.58,157.4,Wholesale Client,Bank Transfer,Completed,ORD901111,Automated migration
2025-07-22,Wheel Bearing,Drivetrain,1,2544.24,134.71,2544.24,Wholesale Client,Maya,Completed,ORD901112,Automated migration
2025-07-22,Alternator,Electrical system,3,8214.02,2091.58,24642.06,Wholesale Client,Maya,Completed,ORD901113,Automated migration
2025-07-23,Alternator,Electrical system,0,8245.53,0.0,0.0,Wholesale Client,Bank Transfer,Completed,ORD901114,Automated migration
2025-07-23,Wheel Bearing,Drivetrain,1,2326.96,129.87,2326.96,Wholesale Client,Check,Completed,ORD901115,Automated migration
2025-07-23,Air Filter,Engine system,2,249.59,20.31,499.18,Wholesale Client,Bank Transfer,Completed,ORD901116,Automated migration
2025-07-23,Wheel Bearing,Drivetrain,2,1889.51,308.37,3779.02,Wholesale Client,Check,Completed,ORD901117,Automated migration
2025-07-23,Air Filter,Engine system,2,275.29,41.4,550.58,Wholesale Client,Cash,Completed,ORD901118,Automated migration
2025-07-24,Starter Motor,Electrical system,2,8773.41,1141.55,17546.82,Retail Client,Cash,Completed,ORD901119,Automated migration
2025-07-24,Air Filter,Engine system,1,322.46,24.14,322.46,Wholesale Client,Check,Completed,ORD901120,Automated migration
2025-07-24,Wheel Bearing,Drivetrain,2,2400.42,238.01,4800.84,Retail Client,Check,Completed,ORD901121,Automated migration
2025-07-25,Oil Filter,Engine system,3,160.07,36.98,480.21,Retail Client,GCash,Completed,ORD901122,Automated migration
2025-07-25,Oil Filter,Engine system,2,180.3,13.64,360.6,Retail Client,Bank Transfer,Completed,ORD901123,Automated migration
2025-07-25,ECU Module,Electrical system,2,19263.51,3039.19,38527.02,Wholesale Client,Cash,Completed,ORD901124,Automated migration
2025-07-26,Oil Filter,Engine system,1,176.82,5.34,176.82,Wholesale Client,Cash,Completed,ORD901125,Automated migration
2025-07-26,Brake Pads,Braking system,1,1446.36,89.79,1446.36,Wholesale Client,Check,Completed,ORD901126,Automated migration
2025-07-26,Battery,Electrical system,1,4693.7,332.98,4693.7,Retail Client,Bank Transfer,Completed,ORD901127,Automated migration
2025-07-26,Starter Motor,Electrical system,3,6201.97,1479.42,18605.91,Wholesale Client,Check,Completed,ORD901128,Automated migration
2025-07-26,ECU Module,Electrical system,1,28156.07,1625.47,28156.07,Retail Client,Bank Transfer,Completed,ORD901129,Automated migration
2025-07-27,Oil Filter,Engine system,2,257.3,39.51,514.6,Retail Client,Check,Completed,ORD901130,Automated migration
2025-07-27,Brake Pads,Braking system,3,1024.62,181.37,3073.86,Retail Client,Cash,Completed,ORD901131,Automated migration
2025-07-27,Brake Pads,Braking system,1,1300.59,96.85,1300.59,Retail Client,Maya,Completed,ORD901132,Automated migration
2025-07-27,Shock Absorber,Suspension & traction,1,3062.62,102.56,3062.62,Retail Client,GCash,Completed,ORD901133,Automated migration
2025-07-27,Shock Absorber,Suspension & traction,3,2510.76,398.85,7532.28,Wholesale Client,Cash,Completed,ORD901134,Automated migration
2025-07-27,Alternator,Electrical system,1,11819.3,890.53,11819.3,Wholesale Client,Check,Completed,ORD901135,Automated migration
2025-07-28,Brake Pads,Braking system,1,1149.01,39.04,1149.01,Wholesale Client,Bank Transfer,Completed,ORD901136,Automated migration
2025-07-28,Oil Filter,Engine system,1,237.68,11.51,237.68,Retail Client,Check,Completed,ORD901137,Automated migration
2025-07-28,Oil Filter,Engine system,1,168.68,12.67,168.68,Retail Client,Maya,Completed,ORD901138,Automated migration
2025-07-28,Wheel Bearing,Drivetrain,3,2656.97,528.75,7970.91,Retail Client,Check,Completed,ORD901139,Automated migration
2025-07-28,Shock Absorber,Suspension & traction,3,2818.9,396.52,8456.7,Wholesale Client,Bank Transfer,Completed,ORD901140,Automated migration
2025-07-28,Oil Filter,Engine system,2,169.22,27.5,338.44,Retail Client,Maya,Completed,ORD901141,Automated migration
2025-07-28,Starter Motor,Electrical system,2,11795.11,1368.78,23590.22,Retail Client,Maya,Completed,ORD901142,Automated migration
2025-07-29,Shock Absorber,Suspension & traction,1,2453.83,184.68,2453.83,Retail Client,Bank Transfer,Completed,ORD901143,Automated migration
2025-07-29,Wheel Bearing,Drivetrain,3,2758.41,286.94,8275.23,Retail Client,Cash,Completed,ORD901144,Automated migration
2025-07-29,Oil Filter,Engine system,3,259.92,57.17,779.76,Wholesale Client,Maya,Completed,ORD901145,Automated migration
2025-07-29,Air Filter,Engine system,2,350.93,61.86,701.86,Retail Client,Bank Transfer,Completed,ORD901146,Automated migration
2025-07-29,Catalytic Converter,Exhaust system,0,16609.92,0.0,0.0,Retail Client,Cash,Completed,ORD901147,Automated migration
2025-07-29,Wheel Bearing,Drivetrain,1,2495.46,106.43,2495.46,Wholesale Client,Maya,Completed,ORD901148,Automated migration
2025-07-29,ECU Module,Electrical system,3,15680.94,2506.94,47042.82,Wholesale Client,Cash,Completed,ORD901149,Automated migration
2025-07-29,Wheel Bearing,Drivetrain,1,2376.87,179.82,2376.87,Wholesale Client,GCash,Completed,ORD901150,Automated migration
2025-07-29,ECU Module,Electrical system,3,20739.25,4181.05,62217.75,Retail Client,Cash,Completed,ORD901151,Automated migration
2025-07-30,Air Filter,Engine system,1,340.41,29.53,340.41,Retail Client,Cash,Completed,ORD901152,Automated migration
2025-07-30,Brake Pads,Braking system,1,1480.34,132.93,1480.34,Retail Client,GCash,Completed,ORD901153,Automated migration
2025-07-30,Brake Pads,Braking system,3,1417.84,269.65,4253.52,Retail Client,Maya,Completed,ORD901154,Automated migration
2025-07-30,Oil Filter,Engine system,4,241.86,79.54,967.44,Retail Client,Bank Transfer,Completed,ORD901155,Automated migration
2025-07-31,Air Filter,Engine system,2,305.64,35.99,611.28,Retail Client,GCash,Completed,ORD901156,Automated migration
2025-07-31,Air Filter,Engine system,2,238.03,23.73,476.06,Wholesale Client,GCash,Completed,ORD901157,Automated migration
2025-07-31,Catalytic Converter,Exhaust system,2,13134.2,1070.54,26268.4,Wholesale Client,GCash,Completed,ORD901158,Automated migration
2025-07-31,Shock Absorber,Suspension & traction,2,2679.11,479.14,5358.22,Retail Client,Bank Transfer,Completed,ORD901159,Automated migration
2025-07-31,Shock Absorber,Suspension & traction,1,2808.0,187.21,2808.0,Wholesale Client,Cash,Completed,ORD901160,Automated migration
2025-07-31,Shock Absorber,Suspension & traction,1,3081.41,271.95,3081.41,Retail Client,Check,Completed,ORD901161,Automated migration
2025-07-31,ECU Module,Electrical system,1,26223.27,1229.53,26223.27,Retail Client,Check,Completed,ORD901162,Automated migration
2025-07-31,Shock Absorber,Suspension & traction,1,2653.52,128.81,2653.52,Retail Client,Cash,Completed,ORD901163,Automated migration
2025-08-01,Oil Filter,Engine system,1,221.57,15.31,221.57,Retail Client,GCash,Completed,ORD901164,Automated migration
2025-08-01,Oil Filter,Engine system,1,164.87,9.63,164.87,Wholesale Client,GCash,Completed,ORD901165,Automated migration
2025-08-01,Brake Pads,Braking system,2,1395.18,126.46,2790.36,Wholesale Client,Cash,Completed,ORD901166,Automated migration
2025-08-01,ECU Module,Electrical system,2,24019.38,2719.27,48038.76,Retail Client,Check,Completed,ORD901167,Automated migration
2025-08-01,Alternator,Electrical system,1,11815.81,406.92,11815.81,Retail Client,Check,Completed,ORD901168,Automated migration
2025-08-01,Air Filter,Engine system,1,252.11,14.31,252.11,Retail Client,Maya,Completed,ORD901169,Automated migration
2025-08-01,ECU Module,Electrical system,2,15974.93,2813.35,31949.86,Wholesale Client,GCash,Completed,ORD901170,Automated migration
2025-08-01,Air Filter,Engine system,1,328.34,12.33,328.34,Wholesale Client,GCash,Completed,ORD901171,Automated migration
2025-08-02,Brake Pads,Braking system,1,1233.59,100.79,1233.59,Wholesale Client,Cash,Completed,ORD901172,Automated migration
2025-08-02,ECU Module,Electrical system,3,23203.29,2287.0,69609.87,Wholesale Client,Maya,Completed,ORD901173,Automated migration
2025-08-02,Oil Filter,Engine system,1,240.32,20.42,240.32,Wholesale Client,Bank Transfer,Completed,ORD901174,Automated migration
2025-08-02,Starter Motor,Electrical system,1,9111.84,320.07,9111.84,Wholesale Client,Cash,Completed,ORD901175,Automated migration
2025-08-02,Battery,Electrical system,2,7110.08,1173.11,14220.16,Wholesale Client,Bank Transfer,Completed,ORD901176,Automated migration
2025-08-02,Oil Filter,Engine system,3,144.77,20.89,434.31,Retail Client,Check,Completed,ORD901177,Automated migration
2025-08-02,Oil Filter,Engine system,2,184.82,17.66,369.64,Wholesale Client,Check,Completed,ORD901178,Automated migration
2025-08-03,Brake Pads,Braking system,1,1513.26,105.75,1513.26,Retail Client,GCash,Completed,ORD901179,Automated migration
2025-08-03,Oil Filter,Engine system,1,222.22,9.23,222.22,Wholesale Client,GCash,Completed,ORD901180,Automated migration
2025-08-03,Battery,Electrical system,3,7681.71,2025.08,23045.13,Wholesale Client,Check,Completed,ORD901181,Automated migration
2025-08-03,Shock Absorber,Suspension & traction,2,3256.36,504.47,6512.72,Retail Client,GCash,Completed,ORD901182,Automated migration
2025-08-04,ECU Module,Electrical system,1,28123.87,2295.21,28123.87,Wholesale Client,Check,Completed,ORD901183,Automated migration
2025-08-04,Air Filter,Engine system,2,355.24,27.92,710.48,Retail Client,Maya,Completed,ORD901184,Automated migration
2025-08-04,Catalytic Converter,Exhaust system,1,21861.88,1289.82,21861.88,Retail Client,Maya,Completed,ORD901185,Automated migration
2025-08-04,Shock Absorber,Suspension & traction,1,2559.85,98.94,2559.85,Retail Client,Bank Transfer,Completed,ORD901186,Automated migration
2025-08-05,Brake Pads,Braking system,2,989.18,116.31,1978.36,Wholesale Client,Check,Completed,ORD901187,Automated migration
2025-08-05,Wheel Bearing,Drivetrain,1,2356.66,153.59,2356.66,Retail Client,Bank Transfer,Completed,ORD901188,Automated migration
2025-08-05,Shock Absorber,Suspension & traction,1,4107.97,329.28,4107.97,Wholesale Client,GCash,Completed,ORD901189,Automated migration
2025-08-06,Brake Pads,Braking system,2,1355.25,226.64,2710.5,Wholesale Client,Cash,Completed,ORD901190,Automated migration
2025-08-06,Air Filter,Engine system,1,282.93,16.69,282.93,Retail Client,Check,Completed,ORD901191,Automated migration
2025-08-06,Brake Pads,Braking system,3,1221.97,226.97,3665.91,Wholesale Client,Bank Transfer,Completed,ORD901192,Automated migration
2025-08-07,Oil Filter,Engine system,3,223.87,44.75,671.61,Wholesale Client,GCash,Completed,ORD901193,Automated migration
2025-08-07,Brake Pads,Braking system,1,1409.13,112.65,1409.13,Wholesale Client,Cash,Completed,ORD901194,Automated migration
2025-08-07,Air Filter,Engine system,2,329.95,35.04,659.9,Retail Client,GCash,Completed,ORD901195,Automated migration
2025-08-07,Shock Absorber,Suspension & traction,1,3999.29,252.21,3999.29,Retail Client,Maya,Completed,ORD901196,Automated migration
2025-08-07,Shock Absorber,Suspension & traction,1,3862.42,345.71,3862.42,Wholesale Client,GCash,Completed,ORD901197,Automated migration
2025-08-08,Shock Absorber,Suspension & traction,2,3846.05,318.57,7692.1,Wholesale Client,GCash,Completed,ORD901198,Automated migration
2025-08-08,Catalytic Converter,Exhaust system,1,16773.92,904.15,16773.92,Wholesale Client,Cash,Completed,ORD901199,Automated migration
2025-08-08,Alternator,Electrical system,1,10480.42,824.66,10480.42,Retail Client,Maya,Completed,ORD901200,Automated migration
2025-08-08,Air Filter,Engine system,1,320.11,13.82,320.11,Retail Client,Check,Completed,ORD901201,Automated migration
2025-08-09,Oil Filter,Engine system,2,237.96,36.94,475.92,Retail Client,GCash,Completed,ORD901202,Automated migration
2025-08-09,Oil Filter,Engine system,1,231.2,12.72,231.2,Wholesale Client,Check,Completed,ORD901203,Automated migration
2025-08-09,Brake Pads,Braking system,1,1055.27,64.96,1055.27,Wholesale Client,Check,Completed,ORD901204,Automated migration
2025-08-09,Shock Absorber,Suspension & traction,2,2584.59,372.21,5169.18,Retail Client,Maya,Completed,ORD901205,Automated migration
2025-08-09,Brake Pads,Braking system,2,1245.82,221.54,2491.64,Wholesale Client,Bank Transfer,Completed,ORD901206,Automated migration
2025-08-10,Brake Pads,Braking system,1,1567.03,63.46,1567.03,Retail Client,Bank Transfer,Completed,ORD901207,Automated migration
2025-08-10,Battery,Electrical system,2,6779.32,850.06,13558.64,Wholesale Client,GCash,Completed,ORD901208,Automated migration
2025-08-10,Oil Filter,Engine system,1,167.98,6.77,167.98,Retail Client,GCash,Completed,ORD901209,Automated migration
2025-08-10,Oil Filter,Engine system,1,244.19,10.36,244.19,Wholesale Client,Bank Transfer,Completed,ORD901210,Automated migration
2025-08-10,Brake Pads,Braking system,2,1109.39,80.8,2218.78,Retail Client,Check,Completed,ORD901211,Automated migration
2025-08-11,Air Filter,Engine system,1,276.04,21.26,276.04,Wholesale Client,GCash,Completed,ORD901212,Automated migration
2025-08-11,Shock Absorber,Suspension & traction,1,3101.81,237.67,3101.81,Retail Client,Check,Completed,ORD901213,Automated migration
2025-08-11,Brake Pads,Braking system,1,1076.66,77.62,1076.66,Wholesale Client,Maya,Completed,ORD901214,Automated migration
2025-08-11,Oil Filter,Engine system,3,239.25,64.14,717.75,Retail Client,Maya,Completed,ORD901215,Automated migration
2025-08-11,Shock Absorber,Suspension & traction,3,3354.97,768.84,10064.91,Wholesale Client,Bank Transfer,Completed,ORD901216,Automated migration
2025-08-11,Air Filter,Engine system,2,296.6,50.27,593.2,Wholesale Client,GCash,Completed,ORD901217,Automated migration
2025-08-12,Starter Motor,Electrical system,2,8766.99,1396.66,17533.98,Wholesale Client,GCash,Completed,ORD901218,Automated migration
2025-08-12,Shock Absorber,Suspension & traction,1,2889.62,101.09,2889.62,Retail Client,Bank Transfer,Completed,ORD901219,Automated migration
2025-08-12,Shock Absorber,Suspension & traction,3,3711.63,705.12,11134.89,Retail Client,Check,Completed,ORD901220,Automated migration
2025-08-12,Battery,Electrical system,2,7516.46,751.34,15032.92,Wholesale Client,Check,Completed,ORD901221,Automated migration
2025-08-13,Shock Absorber,Suspension & traction,2,2626.08,310.92,5252.16,Wholesale Client,Cash,Completed,ORD901222,Automated migration
2025-08-13,Oil Filter,Engine system,2,210.05,15.82,420.1,Retail Client,GCash,Completed,ORD901223,Automated migration
2025-08-13,Wheel Bearing,Drivetrain,1,2710.07,112.26,2710.07,Retail Client,Maya,Completed,ORD901224,Automated migration
2025-08-13,Air Filter,Engine system,1,250.98,16.6,250.98,Retail Client,Cash,Completed,ORD901225,Automated migration
2025-08-14,Oil Filter,Engine system,2,253.39,28.84,506.78,Retail Client,Bank Transfer,Completed,ORD901226,Automated migration
2025-08-14,Oil Filter,Engine system,1,188.41,13.42,188.41,Wholesale Client,Cash,Completed,ORD901227,Automated migration
2025-08-14,Shock Absorber,Suspension & traction,2,2918.43,516.73,5836.86,Retail Client,GCash,Completed,ORD901228,Automated migration
2025-08-14,Oil Filter,Engine system,2,189.62,31.05,379.24,Wholesale Client,GCash,Completed,ORD901229,Automated migration
2025-08-14,Battery,Electrical system,4,4615.31,1412.91,18461.24,Wholesale Client,Maya,Completed,ORD901230,Automated migration
2025-08-15,ECU Module,Electrical system,3,20826.74,3373.23,62480.22,Retail Client,Bank Transfer,Completed,ORD901231,Automated migration
2025-08-15,Air Filter,Engine system,2,241.62,31.17,483.24,Wholesale Client,Maya,Completed,ORD901232,Automated migration
2025-08-15,Brake Pads,Braking system,2,1316.63,216.09,2633.26,Wholesale Client,Maya,Completed,ORD901233,Automated migration
2025-08-16,Oil Filter,Engine system,3,174.84,21.59,524.52,Retail Client,GCash,Completed,ORD901234,Automated migration
2025-08-16,Air Filter,Engine system,2,234.86,38.64,469.72,Wholesale Client,Cash,Completed,ORD901235,Automated migration
2025-08-16,Wheel Bearing,Drivetrain,2,2518.23,163.98,5036.46,Wholesale Client,GCash,Completed,ORD901236,Automated migration
2025-08-16,Air Filter,Engine system,1,269.7,14.42,269.7,Wholesale Client,Maya,Completed,ORD901237,Automated migration
2025-08-17,ECU Module,Electrical system,2,25045.52,3124.45,50091.04,Wholesale Client,Cash,Completed,ORD901238,Automated migration
2025-08-17,Brake Pads,Braking system,4,1428.58,298.31,5714.32,Retail Client,Maya,Completed,ORD901239,Automated migration
2025-08-17,Wheel Bearing,Drivetrain,1,1623.03,49.52,1623.03,Wholesale Client,Cash,Completed,ORD901240,Automated migration
2025-08-17,Starter Motor,Electrical system,2,8558.43,1487.48,17116.86,Retail Client,Bank Transfer,Completed,ORD901241,Automated migration
2025-08-17,Oil Filter,Engine system,2,174.53,21.36,349.06,Wholesale Client,Check,Completed,ORD901242,Automated migration
2025-08-17,ECU Module,Electrical system,1,15653.18,677.7,15653.18,Retail Client,GCash,Completed,ORD901243,Automated migration
2025-08-17,Brake Pads,Braking system,1,1037.69,46.23,1037.69,Wholesale Client,GCash,Completed,ORD901244,Automated migration
2025-08-17,Air Filter,Engine system,2,306.75,53.27,613.5,Wholesale Client,Check,Completed,ORD901245,Automated migration
2025-08-17,Brake Pads,Braking system,2,1438.89,233.15,2877.78,Wholesale Client,GCash,Completed,ORD901246,Automated migration
2025-08-18,Air Filter,Engine system,1,273.22,24.43,273.22,Wholesale Client,Bank Transfer,Completed,ORD901247,Automated migration
2025-08-18,Oil Filter,Engine system,1,140.19,5.13,140.19,Retail Client,Cash,Completed,ORD901248,Automated migration
2025-08-18,Brake Pads,Braking system,2,1109.91,142.29,2219.82,Retail Client,Cash,Completed,ORD901249,Automated migration
2025-08-18,ECU Module,Electrical system,1,26697.43,2161.84,26697.43,Retail Client,Maya,Completed,ORD901250,Automated migration
2025-08-18,Air Filter,Engine system,3,307.26,46.99,921.78,Wholesale Client,Check,Completed,ORD901251,Automated migration
2025-08-19,Air Filter,Engine system,2,227.65,37.79,455.3,Retail Client,Bank Transfer,Completed,ORD901252,Automated migration
2025-08-19,Catalytic Converter,Exhaust system,1,23289.83,1829.07,23289.83,Wholesale Client,GCash,Completed,ORD901253,Automated migration
2025-08-19,Shock Absorber,Suspension & traction,1,3469.35,215.12,3469.35,Retail Client,GCash,Completed,ORD901254,Automated migration
2025-08-19,Oil Filter,Engine system,1,224.85,19.25,224.85,Wholesale Client,GCash,Completed,ORD901255,Automated migration
2025-08-19,Brake Pads,Braking system,1,1188.67,97.96,1188.67,Retail Client,Cash,Completed,ORD901256,Automated migration
2025-08-19,Wheel Bearing,Drivetrain,1,2743.76,226.81,2743.76,Wholesale Client,GCash,Completed,ORD901257,Automated migration
2025-08-19,ECU Module,Electrical system,2,22091.86,1848.55,44183.72,Retail Client,Bank Transfer,Completed,ORD901258,Automated migration
2025-08-19,Oil Filter,Engine system,3,197.07,28.98,591.21,Retail Client,Bank Transfer,Completed,ORD901259,Automated migration
2025-08-19,Starter Motor,Electrical system,1,10203.57,816.85,10203.57,Retail Client,GCash,Completed,ORD901260,Automated migration
2025-08-19,Oil Filter,Engine system,2,259.96,38.18,519.92,Wholesale Client,GCash,Completed,ORD901261,Automated migration
2025-08-20,Oil Filter,Engine system,1,195.38,11.0,195.38,Wholesale Client,Check,Completed,ORD901262,Automated migration
2025-08-20,Air Filter,Engine system,2,349.45,29.51,698.9,Retail Client,Check,Completed,ORD901263,Automated migration
2025-08-20,Battery,Electrical system,1,6216.28,209.27,6216.28,Wholesale Client,GCash,Completed,ORD901264,Automated migration
2025-08-20,Oil Filter,Engine system,2,238.81,18.16,477.62,Wholesale Client,Check,Completed,ORD901265,Automated migration
2025-08-20,Air Filter,Engine system,1,284.67,18.69,284.67,Retail Client,Cash,Completed,ORD901266,Automated migration
2025-08-20,Catalytic Converter,Exhaust system,1,18475.89,1295.68,18475.89,Wholesale Client,Maya,Completed,ORD901267,Automated migration
2025-08-20,Oil Filter,Engine system,3,150.38,19.6,451.14,Wholesale Client,Bank Transfer,Completed,ORD901268,Automated migration
2025-08-21,Air Filter,Engine system,2,231.52,18.25,463.04,Wholesale Client,GCash,Completed,ORD901269,Automated migration
2025-08-21,Shock Absorber,Suspension & traction,2,2539.32,209.02,5078.64,Retail Client,Cash,Completed,ORD901270,Automated migration
2025-08-21,Brake Pads,Braking system,1,1093.79,62.12,1093.79,Wholesale Client,GCash,Completed,ORD901271,Automated migration
2025-08-22,Starter Motor,Electrical system,1,8838.8,605.35,8838.8,Wholesale Client,GCash,Completed,ORD901272,Automated migration
2025-08-22,Starter Motor,Electrical system,2,10304.94,1258.67,20609.88,Wholesale Client,Bank Transfer,Completed,ORD901273,Automated migration
2025-08-22,Catalytic Converter,Exhaust system,1,12488.93,981.38,12488.93,Retail Client,Cash,Completed,ORD901274,Automated migration
2025-08-22,Brake Pads,Braking system,2,1005.04,99.18,2010.08,Retail Client,Check,Completed,ORD901275,Automated migration
2025-08-23,Shock Absorber,Suspension & traction,2,3852.65,669.89,7705.3,Wholesale Client,Cash,Completed,ORD901276,Automated migration
2025-08-23,Brake Pads,Braking system,1,1003.81,66.94,1003.81,Wholesale Client,Maya,Completed,ORD901277,Automated migration
2025-08-23,Wheel Bearing,Drivetrain,1,2097.65,98.3,2097.65,Wholesale Client,Maya,Completed,ORD901278,Automated migration
2025-08-23,Oil Filter,Engine system,1,184.17,7.05,184.17,Retail Client,Check,Completed,ORD901279,Automated migration
2025-08-23,Starter Motor,Electrical system,2,9850.58,1006.18,19701.16,Retail Client,GCash,Completed,ORD901280,Automated migration
2025-08-23,Wheel Bearing,Drivetrain,4,1626.12,580.96,6504.48,Retail Client,GCash,Completed,ORD901281,Automated migration
2025-08-23,Air Filter,Engine system,1,283.03,24.97,283.03,Wholesale Client,Maya,Completed,ORD901282,Automated migration
2025-08-24,Wheel Bearing,Drivetrain,2,1791.92,230.25,3583.84,Wholesale Client,Check,Completed,ORD901283,Automated migration
2025-08-24,Brake Pads,Braking system,1,1024.24,61.76,1024.24,Wholesale Client,GCash,Completed,ORD901284,Automated migration
2025-08-24,Wheel Bearing,Drivetrain,1,1668.86,96.16,1668.86,Wholesale Client,Bank Transfer,Completed,ORD901285,Automated migration
2025-08-24,Shock Absorber,Suspension & traction,1,3125.82,158.3,3125.82,Wholesale Client,GCash,Completed,ORD901286,Automated migration
2025-08-25,Shock Absorber,Suspension & traction,2,3909.77,505.3,7819.54,Retail Client,Cash,Completed,ORD901287,Automated migration
2025-08-25,Battery,Electrical system,2,6376.83,525.87,12753.66,Retail Client,Bank Transfer,Completed,ORD901288,Automated migration
2025-08-25,Battery,Electrical system,2,4222.89,264.11,8445.78,Retail Client,Check,Completed,ORD901289,Automated migration
2025-08-25,Oil Filter,Engine system,2,191.82,23.68,383.64,Retail Client,Bank Transfer,Completed,ORD901290,Automated migration
2025-08-25,Air Filter,Engine system,1,248.73,12.1,248.73,Retail Client,GCash,Completed,ORD901291,Automated migration
2025-08-26,Catalytic Converter,Exhaust system,1,20095.47,1223.5,20095.47,Retail Client,Maya,Completed,ORD901292,Automated migration
2025-08-26,Alternator,Electrical system,1,6838.94,433.08,6838.94,Wholesale Client,GCash,Completed,ORD901293,Automated migration
2025-08-27,Air Filter,Engine system,2,278.51,25.32,557.02,Retail Client,Bank Transfer,Completed,ORD901294,Automated migration
2025-08-27,Air Filter,Engine system,1,311.85,11.57,311.85,Wholesale Client,Bank Transfer,Completed,ORD901295,Automated migration
2025-08-27,Starter Motor,Electrical system,1,11293.55,577.76,11293.55,Retail Client,Cash,Completed,ORD901296,Automated migration
2025-08-27,Shock Absorber,Suspension & traction,3,3267.9,328.24,9803.7,Wholesale Client,GCash,Completed,ORD901297,Automated migration
2025-08-27,Oil Filter,Engine system,1,164.25,7.99,164.25,Wholesale Client,Bank Transfer,Completed,ORD901298,Automated migration
2025-08-28,Shock Absorber,Suspension & traction,3,4142.29,808.3,12426.87,Retail Client,Cash,Completed,ORD901299,Automated migration
2025-08-28,Air Filter,Engine system,2,260.95,46.92,521.9,Retail Client,Cash,Completed,ORD901300,Automated migration
2025-08-28,Alternator,Electrical system,1,10387.87,444.42,10387.87,Retail Client,Maya,Completed,ORD901301,Automated migration
2025-08-28,Alternator,Electrical system,1,12026.32,947.34,12026.32,Wholesale Client,Bank Transfer,Completed,ORD901302,Automated migration
2025-08-28,ECU Module,Electrical system,3,18703.97,2264.12,56111.91,Retail Client,Maya,Completed,ORD901303,Automated migration
2025-08-28,Oil Filter,Engine system,3,177.43,27.32,532.29,Wholesale Client,Cash,Completed,ORD901304,Automated migration
2025-08-29,Oil Filter,Engine system,1,166.95,7.54,166.95,Wholesale Client,Bank Transfer,Completed,ORD901305,Automated migration
2025-08-29,Oil Filter,Engine system,1,172.48,8.5,172.48,Wholesale Client,GCash,Completed,ORD901306,Automated migration
2025-08-29,Oil Filter,Engine system,1,192.37,5.82,192.37,Wholesale Client,Maya,Completed,ORD901307,Automated migration
2025-08-29,Wheel Bearing,Drivetrain,3,2184.72,549.35,6554.16,Wholesale Client,GCash,Completed,ORD901308,Automated migration
2025-08-30,Battery,Electrical system,1,6719.12,471.8,6719.12,Retail Client,Maya,Completed,ORD901309,Automated migration
2025-08-30,Shock Absorber,Suspension & traction,1,4095.42,142.93,4095.42,Wholesale Client,Check,Completed,ORD901310,Automated migration
2025-08-30,Battery,Electrical system,2,4301.19,674.54,8602.38,Retail Client,GCash,Completed,ORD901311,Automated migration
2025-08-30,Brake Pads,Braking system,2,1174.47,201.4,2348.94,Retail Client,Check,Completed,ORD901312,Automated migration
2025-08-31,Oil Filter,Engine system,2,174.44,17.71,348.88,Wholesale Client,Bank Transfer,Completed,ORD901313,Automated migration
2025-08-31,Brake Pads,Braking system,2,1236.11,127.99,2472.22,Wholesale Client,GCash,Completed,ORD901314,Automated migration
2025-08-31,Oil Filter,Engine system,3,189.98,46.16,569.94,Wholesale Client,Maya,Completed,ORD901315,Automated migration
2025-08-31,Shock Absorber,Suspension & traction,2,3599.9,632.68,7199.8,Wholesale Client,Check,Completed,ORD901316,Automated migration
2025-08-31,ECU Module,Electrical system,1,18943.53,1118.8,18943.53,Wholesale Client,Maya,Completed,ORD901317,Automated migration
2025-09-01,ECU Module,Electrical system,1,24648.57,1996.94,24648.57,Retail Client,Check,Completed,ORD901318,Automated migration
2025-09-01,Brake Pads,Braking system,1,1398.33,85.72,1398.33,Retail Client,Cash,Completed,ORD901319,Automated migration
2025-09-01,Shock Absorber,Suspension & traction,2,2482.3,314.28,4964.6,Wholesale Client,Cash,Completed,ORD901320,Automated migration
2025-09-01,Shock Absorber,Suspension & traction,1,2520.3,128.03,2520.3,Wholesale Client,Cash,Completed,ORD901321,Automated migration
2025-09-02,Wheel Bearing,Drivetrain,2,2727.21,419.68,5454.42,Retail Client,GCash,Completed,ORD901322,Automated migration
2025-09-02,Oil Filter,Engine system,2,253.38,22.73,506.76,Retail Client,Check,Completed,ORD901323,Automated migration
2025-09-02,Wheel Bearing,Drivetrain,2,2231.94,384.03,4463.88,Retail Client,Maya,Completed,ORD901324,Automated migration
2025-09-03,Wheel Bearing,Drivetrain,2,2400.19,393.23,4800.38,Retail Client,Check,Completed,ORD901325,Automated migration
2025-09-03,Shock Absorber,Suspension & traction,1,3656.81,233.75,3656.81,Wholesale Client,Bank Transfer,Completed,ORD901326,Automated migration
2025-09-03,Battery,Electrical system,1,5287.72,368.84,5287.72,Wholesale Client,Check,Completed,ORD901327,Automated migration
2025-09-03,Catalytic Converter,Exhaust system,4,19430.44,4192.77,77721.76,Retail Client,Check,Completed,ORD901328,Automated migration
2025-09-03,Catalytic Converter,Exhaust system,2,16289.63,1238.38,32579.26,Retail Client,GCash,Completed,ORD901329,Automated migration
2025-09-04,Oil Filter,Engine system,3,221.81,51.92,665.43,Retail Client,Cash,Completed,ORD901330,Automated migration
2025-09-04,Air Filter,Engine system,1,263.31,17.41,263.31,Retail Client,Cash,Completed,ORD901331,Automated migration
2025-09-04,Starter Motor,Electrical system,3,7539.62,1375.91,22618.86,Wholesale Client,GCash,Completed,ORD901332,Automated migration
2025-09-04,ECU Module,Electrical system,2,23015.41,2467.23,46030.82,Retail Client,Check,Completed,ORD901333,Automated migration
2025-09-04,Shock Absorber,Suspension & traction,3,3555.78,387.93,10667.34,Wholesale Client,Maya,Completed,ORD901334,Automated migration
2025-09-04,Shock Absorber,Suspension & traction,3,3079.33,345.62,9237.99,Retail Client,Check,Completed,ORD901335,Automated migration
2025-09-04,Shock Absorber,Suspension & traction,2,2713.45,399.8,5426.9,Retail Client,GCash,Completed,ORD901336,Automated migration
2025-09-05,Brake Pads,Braking system,1,1230.9,49.98,1230.9,Wholesale Client,Bank Transfer,Completed,ORD901337,Automated migration
2025-09-05,Shock Absorber,Suspension & traction,1,4099.07,296.02,4099.07,Wholesale Client,Cash,Completed,ORD901338,Automated migration
2025-09-05,Air Filter,Engine system,1,285.9,20.42,285.9,Wholesale Client,Bank Transfer,Completed,ORD901339,Automated migration
2025-09-05,Brake Pads,Braking system,3,1244.45,217.16,3733.35,Wholesale Client,GCash,Completed,ORD901340,Automated migration
2025-09-05,Brake Pads,Braking system,3,1231.3,253.29,3693.9,Wholesale Client,Cash,Completed,ORD901341,Automated migration
2025-09-06,Alternator,Electrical system,1,11491.37,1025.39,11491.37,Wholesale Client,Cash,Completed,ORD901342,Automated migration
2025-09-06,ECU Module,Electrical system,1,15169.01,1036.49,15169.01,Retail Client,Maya,Completed,ORD901343,Automated migration
2025-09-06,Brake Pads,Braking system,2,1542.32,142.63,3084.64,Retail Client,Cash,Completed,ORD901344,Automated migration
2025-09-07,Air Filter,Engine system,1,346.53,30.36,346.53,Wholesale Client,GCash,Completed,ORD901345,Automated migration
2025-09-07,Brake Pads,Braking system,2,1541.98,175.84,3083.96,Wholesale Client,Maya,Completed,ORD901346,Automated migration
2025-09-07,Wheel Bearing,Drivetrain,1,2566.32,138.61,2566.32,Retail Client,Bank Transfer,Completed,ORD901347,Automated migration
2025-09-07,Oil Filter,Engine system,1,158.78,12.67,158.78,Retail Client,GCash,Completed,ORD901348,Automated migration
2025-09-07,Shock Absorber,Suspension & traction,1,4169.13,276.46,4169.13,Wholesale Client,Bank Transfer,Completed,ORD901349,Automated migration
2025-09-07,Brake Pads,Braking system,1,1326.47,101.06,1326.47,Retail Client,GCash,Completed,ORD901350,Automated migration
2025-09-08,Battery,Electrical system,2,5816.32,773.05,11632.64,Retail Client,GCash,Completed,ORD901351,Automated migration
2025-09-08,Air Filter,Engine system,1,291.67,25.38,291.67,Retail Client,Maya,Completed,ORD901352,Automated migration
2025-09-08,ECU Module,Electrical system,1,20474.23,635.7,20474.23,Wholesale Client,Cash,Completed,ORD901353,Automated migration
2025-09-08,Shock Absorber,Suspension & traction,2,3637.56,341.48,7275.12,Retail Client,Cash,Completed,ORD901354,Automated migration
2025-09-08,Air Filter,Engine system,1,324.24,23.92,324.24,Wholesale Client,Cash,Completed,ORD901355,Automated migration
2025-09-08,Battery,Electrical system,1,5877.36,309.73,5877.36,Wholesale Client,GCash,Completed,ORD901356,Automated migration
2025-09-08,Wheel Bearing,Drivetrain,2,2399.78,350.57,4799.56,Wholesale Client,Bank Transfer,Completed,ORD901357,Automated migration
2025-09-08,Oil Filter,Engine system,2,236.6,19.33,473.2,Retail Client,Bank Transfer,Completed,ORD901358,Automated migration
2025-09-09,Catalytic Converter,Exhaust system,1,20337.49,1278.39,20337.49,Wholesale Client,Cash,Completed,ORD901359,Automated migration
2025-09-09,Brake Pads,Braking system,1,1410.24,80.74,1410.24,Wholesale Client,Maya,Completed,ORD901360,Automated migration
2025-09-10,Shock Absorber,Suspension & traction,1,3154.27,171.59,3154.27,Retail Client,Cash,Completed,ORD901361,Automated migration
2025-09-10,Air Filter,Engine system,2,307.23,20.61,614.46,Retail Client,Check,Completed,ORD901362,Automated migration
2025-09-10,Oil Filter,Engine system,1,164.72,9.74,164.72,Wholesale Client,Cash,Completed,ORD901363,Automated migration
2025-09-10,Shock Absorber,Suspension & traction,2,2757.92,175.39,5515.84,Wholesale Client,Cash,Completed,ORD901364,Automated migration
2025-09-10,Shock Absorber,Suspension & traction,3,2400.58,502.79,7201.74,Retail Client,Maya,Completed,ORD901365,Automated migration
2025-09-10,Oil Filter,Engine system,1,149.98,9.75,149.98,Retail Client,Check,Completed,ORD901366,Automated migration
2025-09-11,Starter Motor,Electrical system,2,7697.52,815.21,15395.04,Wholesale Client,Check,Completed,ORD901367,Automated migration
2025-09-11,Wheel Bearing,Drivetrain,1,1626.5,59.7,1626.5,Retail Client,Cash,Completed,ORD901368,Automated migration
2025-09-11,ECU Module,Electrical system,2,19193.43,2267.86,38386.86,Wholesale Client,Bank Transfer,Completed,ORD901369,Automated migration
2025-09-11,ECU Module,Electrical system,1,24730.86,1384.24,24730.86,Retail Client,Maya,Completed,ORD901370,Automated migration
2025-09-11,Air Filter,Engine system,1,316.58,19.47,316.58,Retail Client,GCash,Completed,ORD901371,Automated migration
2025-09-11,ECU Module,Electrical system,2,22272.9,3052.46,44545.8,Retail Client,Bank Transfer,Completed,ORD901372,Automated migration
2025-09-12,Wheel Bearing,Drivetrain,1,2539.38,92.91,2539.38,Retail Client,Check,Completed,ORD901373,Automated migration
2025-09-12,Brake Pads,Braking system,2,972.19,91.44,1944.38,Retail Client,Maya,Completed,ORD901374,Automated migration
2025-09-12,Wheel Bearing,Drivetrain,2,2388.39,260.9,4776.78,Retail Client,GCash,Completed,ORD901375,Automated migration
2025-09-12,Alternator,Electrical system,2,10199.73,1560.17,20399.46,Retail Client,Bank Transfer,Completed,ORD901376,Automated migration
2025-09-12,ECU Module,Electrical system,1,24312.76,933.37,24312.76,Retail Client,Bank Transfer,Completed,ORD901377,Automated migration
2025-09-12,Oil Filter,Engine system,1,203.9,14.02,203.9,Wholesale Client,Check,Completed,ORD901378,Automated migration
2025-09-12,Shock Absorber,Suspension & traction,1,2696.98,194.48,2696.98,Wholesale Client,Cash,Completed,ORD901379,Automated migration
2025-09-12,Alternator,Electrical system,1,9363.56,424.94,9363.56,Retail Client,Cash,Completed,ORD901380,Automated migration
2025-09-12,Brake Pads,Braking system,2,1143.43,120.09,2286.86,Wholesale Client,Maya,Completed,ORD901381,Automated migration
2025-09-12,Air Filter,Engine system,2,241.72,34.83,483.44,Retail Client,Bank Transfer,Completed,ORD901382,Automated migration
2025-09-13,Battery,Electrical system,2,5120.5,764.26,10241.0,Wholesale Client,Maya,Completed,ORD901383,Automated migration
2025-09-13,ECU Module,Electrical system,1,25771.38,1523.84,25771.38,Retail Client,Check,Completed,ORD901384,Automated migration
2025-09-13,Oil Filter,Engine system,1,240.91,11.24,240.91,Wholesale Client,Bank Transfer,Completed,ORD901385,Automated migration
2025-09-13,Alternator,Electrical system,4,6927.56,1062.38,27710.24,Retail Client,Bank Transfer,Completed,ORD901386,Automated migration
2025-09-13,Alternator,Electrical system,1,11071.24,787.86,11071.24,Wholesale Client,Cash,Completed,ORD901387,Automated migration
2025-09-13,ECU Module,Electrical system,2,24645.72,2272.2,49291.44,Retail Client,Maya,Completed,ORD901388,Automated migration
2025-09-13,Wheel Bearing,Drivetrain,3,2745.45,431.51,8236.35,Retail Client,Cash,Completed,ORD901389,Automated migration
2025-09-13,Catalytic Converter,Exhaust system,2,17273.58,2189.42,34547.16,Retail Client,Maya,Completed,ORD901390,Automated migration
2025-09-14,Shock Absorber,Suspension & traction,1,3207.3,128.8,3207.3,Wholesale Client,Maya,Completed,ORD901391,Automated migration
2025-09-14,Oil Filter,Engine system,2,242.65,20.64,485.3,Retail Client,Check,Completed,ORD901392,Automated migration
2025-09-14,Brake Pads,Braking system,1,1182.25,57.83,1182.25,Retail Client,Cash,Completed,ORD901393,Automated migration
2025-09-14,Wheel Bearing,Drivetrain,3,1850.37,294.9,5551.11,Retail Client,Maya,Completed,ORD901394,Automated migration
2025-09-14,Wheel Bearing,Drivetrain,2,2730.93,321.55,5461.86,Wholesale Client,Check,Completed,ORD901395,Automated migration
2025-09-14,Air Filter,Engine system,1,315.33,25.61,315.33,Retail Client,Cash,Completed,ORD901396,Automated migration
2025-09-14,Oil Filter,Engine system,1,232.07,16.84,232.07,Retail Client,GCash,Completed,ORD901397,Automated migration
2025-09-14,Brake Pads,Braking system,2,1204.72,99.02,2409.44,Retail Client,Check,Completed,ORD901398,Automated migration
2025-09-14,Starter Motor,Electrical system,3,8899.23,1915.44,26697.69,Wholesale Client,Cash,Completed,ORD901399,Automated migration
2025-09-15,Air Filter,Engine system,3,279.3,51.43,837.9,Wholesale Client,Check,Completed,ORD901400,Automated migration
2025-09-15,Brake Pads,Braking system,1,1156.19,56.73,1156.19,Wholesale Client,GCash,Completed,ORD901401,Automated migration
2025-09-15,Shock Absorber,Suspension & traction,2,3693.43,291.47,7386.86,Wholesale Client,Check,Completed,ORD901402,Automated migration
2025-09-16,Oil Filter,Engine system,2,242.23,31.11,484.46,Wholesale Client,Check,Completed,ORD901403,Automated migration
2025-09-16,Brake Pads,Braking system,4,1287.73,258.56,5150.92,Wholesale Client,GCash,Completed,ORD901404,Automated migration
2025-09-16,Shock Absorber,Suspension & traction,1,2587.34,128.42,2587.34,Retail Client,Bank Transfer,Completed,ORD901405,Automated migration
2025-09-16,Shock Absorber,Suspension & traction,3,2820.4,742.48,8461.2,Retail Client,Check,Completed,ORD901406,Automated migration
2025-09-16,Shock Absorber,Suspension & traction,2,3876.11,346.13,7752.22,Wholesale Client,Maya,Completed,ORD901407,Automated migration
2025-09-16,ECU Module,Electrical system,2,26611.56,3874.59,53223.12,Wholesale Client,Maya,Completed,ORD901408,Automated migration
2025-09-16,Catalytic Converter,Exhaust system,1,21978.24,1322.55,21978.24,Wholesale Client,Bank Transfer,Completed,ORD901409,Automated migration
2025-09-16,Shock Absorber,Suspension & traction,1,3887.35,334.11,3887.35,Retail Client,Maya,Completed,ORD901410,Automated migration
2025-09-17,Catalytic Converter,Exhaust system,1,17053.98,539.92,17053.98,Wholesale Client,Cash,Completed,ORD901411,Automated migration
2025-09-17,Oil Filter,Engine system,1,198.99,10.51,198.99,Retail Client,Bank Transfer,Completed,ORD901412,Automated migration
2025-09-17,Brake Pads,Braking system,1,1455.68,83.59,1455.68,Retail Client,Cash,Completed,ORD901413,Automated migration
2025-09-17,Oil Filter,Engine system,1,149.79,10.99,149.79,Retail Client,Maya,Completed,ORD901414,Automated migration
2025-09-17,Shock Absorber,Suspension & traction,2,2860.34,459.65,5720.68,Wholesale Client,Cash,Completed,ORD901415,Automated migration
2025-09-17,Shock Absorber,Suspension & traction,1,3812.4,263.67,3812.4,Retail Client,Cash,Completed,ORD901416,Automated migration
2025-09-17,Oil Filter,Engine system,1,156.43,5.97,156.43,Retail Client,GCash,Completed,ORD901417,Automated migration
2025-09-18,Starter Motor,Electrical system,2,8798.25,998.09,17596.5,Retail Client,GCash,Completed,ORD901418,Automated migration
2025-09-18,Alternator,Electrical system,1,11890.4,374.69,11890.4,Wholesale Client,Cash,Completed,ORD901419,Automated migration
2025-09-19,Oil Filter,Engine system,1,157.22,5.8,157.22,Wholesale Client,Maya,Completed,ORD901420,Automated migration
2025-09-19,Oil Filter,Engine system,1,227.56,8.01,227.56,Wholesale Client,Check,Completed,ORD901421,Automated migration
2025-09-19,Shock Absorber,Suspension & traction,1,3250.59,116.13,3250.59,Wholesale Client,Maya,Completed,ORD901422,Automated migration
2025-09-19,Oil Filter,Engine system,2,171.88,13.95,343.76,Retail Client,Maya,Completed,ORD901423,Automated migration
2025-09-19,Shock Absorber,Suspension & traction,2,3349.48,317.16,6698.96,Wholesale Client,Maya,Completed,ORD901424,Automated migration
2025-09-19,Oil Filter,Engine system,1,144.16,5.13,144.16,Wholesale Client,Cash,Completed,ORD901425,Automated migration
2025-09-20,Air Filter,Engine system,2,323.82,56.1,647.64,Wholesale Client,Cash,Completed,ORD901426,Automated migration
2025-09-20,Shock Absorber,Suspension & traction,1,3811.7,301.98,3811.7,Wholesale Client,Bank Transfer,Completed,ORD901427,Automated migration
2025-09-20,Brake Pads,Braking system,1,1206.88,67.75,1206.88,Wholesale Client,Cash,Completed,ORD901428,Automated migration
2025-09-20,Air Filter,Engine system,1,300.82,16.01,300.82,Retail Client,Bank Transfer,Completed,ORD901429,Automated migration
2025-09-20,Wheel Bearing,Drivetrain,3,1637.79,340.5,4913.37,Retail Client,Bank Transfer,Completed,ORD901430,Automated migration
2025-09-21,Oil Filter,Engine system,3,252.77,50.65,758.31,Retail Client,Cash,Completed,ORD901431,Automated migration
2025-09-21,Brake Pads,Braking system,1,1399.23,55.32,1399.23,Retail Client,Cash,Completed,ORD901432,Automated migration
2025-09-21,Oil Filter,Engine system,3,214.06,35.23,642.18,Retail Client,GCash,Completed,ORD901433,Automated migration
2025-09-21,Battery,Electrical system,1,6539.68,385.03,6539.68,Retail Client,Check,Completed,ORD901434,Automated migration
2025-09-21,Wheel Bearing,Drivetrain,1,1672.21,77.3,1672.21,Retail Client,Bank Transfer,Completed,ORD901435,Automated migration
2025-09-21,Shock Absorber,Suspension & traction,2,3554.14,230.97,7108.28,Retail Client,Bank Transfer,Completed,ORD901436,Automated migration
2025-09-21,Shock Absorber,Suspension & traction,1,3866.0,127.43,3866.0,Wholesale Client,Cash,Completed,ORD901437,Automated migration
2025-09-22,Shock Absorber,Suspension & traction,1,2818.67,112.1,2818.67,Retail Client,Check,Completed,ORD901438,Automated migration
2025-09-23,Shock Absorber,Suspension & traction,1,2413.84,209.72,2413.84,Wholesale Client,Bank Transfer,Completed,ORD901439,Automated migration
2025-09-23,Air Filter,Engine system,3,354.13,45.67,1062.39,Retail Client,Cash,Completed,ORD901440,Automated migration
2025-09-23,Brake Pads,Braking system,1,1236.83,111.27,1236.83,Retail Client,Maya,Completed,ORD901441,Automated migration
2025-09-23,Shock Absorber,Suspension & traction,2,3638.86,364.38,7277.72,Retail Client,Check,Completed,ORD901442,Automated migration
2025-09-23,Oil Filter,Engine system,3,181.41,44.35,544.23,Wholesale Client,Bank Transfer,Completed,ORD901443,Automated migration
2025-09-24,Brake Pads,Braking system,2,1558.47,241.56,3116.94,Wholesale Client,GCash,Completed,ORD901444,Automated migration
2025-09-25,Air Filter,Engine system,1,251.52,10.46,251.52,Retail Client,GCash,Completed,ORD901445,Automated migration
2025-09-25,Shock Absorber,Suspension & traction,1,3343.54,210.24,3343.54,Wholesale Client,Cash,Completed,ORD901446,Automated migration
2025-09-25,Wheel Bearing,Drivetrain,1,2813.76,175.65,2813.76,Wholesale Client,Bank Transfer,Completed,ORD901447,Automated migration
2025-09-25,ECU Module,Electrical system,3,19158.57,5156.91,57475.71,Wholesale Client,Maya,Completed,ORD901448,Automated migration
2025-09-25,Oil Filter,Engine system,2,183.25,29.55,366.5,Wholesale Client,Check,Completed,ORD901449,Automated migration
2025-09-25,Shock Absorber,Suspension & traction,2,2587.63,179.79,5175.26,Retail Client,Bank Transfer,Completed,ORD901450,Automated migration
2025-09-26,Alternator,Electrical system,1,9886.52,840.32,9886.52,Retail Client,Check,Completed,ORD901451,Automated migration
2025-09-26,Oil Filter,Engine system,2,243.99,16.61,487.98,Wholesale Client,Bank Transfer,Completed,ORD901452,Automated migration
2025-09-26,Air Filter,Engine system,2,290.38,23.82,580.76,Wholesale Client,Check,Completed,ORD901453,Automated migration
2025-09-26,Oil Filter,Engine system,1,178.19,9.84,178.19,Retail Client,Maya,Completed,ORD901454,Automated migration
2025-09-26,Catalytic Converter,Exhaust system,1,22558.78,1965.07,22558.78,Retail Client,Check,Completed,ORD901455,Automated migration
2025-09-26,Wheel Bearing,Drivetrain,1,1826.89,120.4,1826.89,Retail Client,Maya,Completed,ORD901456,Automated migration
2025-09-27,Alternator,Electrical system,2,12097.29,1437.6,24194.58,Retail Client,GCash,Completed,ORD901457,Automated migration
2025-09-27,Air Filter,Engine system,2,338.71,32.69,677.42,Wholesale Client,Maya,Completed,ORD901458,Automated migration
2025-09-27,Alternator,Electrical system,2,11349.22,1609.47,22698.44,Wholesale Client,Bank Transfer,Completed,ORD901459,Automated migration
2025-09-27,Brake Pads,Braking system,3,1387.95,231.47,4163.85,Wholesale Client,Maya,Completed,ORD901460,Automated migration
2025-09-28,Air Filter,Engine system,2,227.78,38.71,455.56,Wholesale Client,GCash,Completed,ORD901461,Automated migration
2025-09-28,Wheel Bearing,Drivetrain,2,2473.01,267.23,4946.02,Retail Client,Check,Completed,ORD901462,Automated migration
2025-09-28,Shock Absorber,Suspension & traction,1,2910.81,219.32,2910.81,Retail Client,GCash,Completed,ORD901463,Automated migration
2025-09-28,Shock Absorber,Suspension & traction,2,2596.67,358.46,5193.34,Retail Client,Bank Transfer,Completed,ORD901464,Automated migration
2025-09-28,Shock Absorber,Suspension & traction,1,3241.37,223.82,3241.37,Wholesale Client,Check,Completed,ORD901465,Automated migration
2025-09-28,ECU Module,Electrical system,2,19758.4,3029.67,39516.8,Retail Client,Maya,Completed,ORD901466,Automated migration
2025-09-28,Shock Absorber,Suspension & traction,3,2861.72,295.92,8585.16,Retail Client,GCash,Completed,ORD901467,Automated migration
2025-09-28,Oil Filter,Engine system,1,176.86,14.16,176.86,Retail Client,GCash,Completed,ORD901468,Automated migration
2025-09-29,ECU Module,Electrical system,2,20101.63,2697.58,40203.26,Retail Client,Cash,Completed,ORD901469,Automated migration
2025-09-29,Alternator,Electrical system,1,9823.25,725.05,9823.25,Wholesale Client,Maya,Completed,ORD901470,Automated migration
2025-09-29,Brake Pads,Braking system,3,1309.8,176.31,3929.4,Retail Client,Bank Transfer,Completed,ORD901471,Automated migration
2025-09-29,Brake Pads,Braking system,1,1570.4,127.78,1570.4,Wholesale Client,Check,Completed,ORD901472,Automated migration
2025-09-29,Air Filter,Engine system,2,302.73,39.93,605.46,Retail Client,Check,Completed,ORD901473,Automated migration
2025-09-29,Brake Pads,Braking system,1,1362.31,94.93,1362.31,Wholesale Client,Maya,Completed,ORD901474,Automated migration
2025-09-29,Shock Absorber,Suspension & traction,1,3143.66,268.51,3143.66,Wholesale Client,Bank Transfer,Completed,ORD901475,Automated migration
2025-09-30,Air Filter,Engine system,1,305.15,9.9,305.15,Wholesale Client,Cash,Completed,ORD901476,Automated migration
2025-09-30,Oil Filter,Engine system,1,148.85,12.24,148.85,Retail Client,Maya,Completed,ORD901477,Automated migration
2025-09-30,Shock Absorber,Suspension & traction,1,4038.08,325.04,4038.08,Retail Client,Bank Transfer,Completed,ORD901478,Automated migration
2025-09-30,Oil Filter,Engine system,1,227.7,7.79,227.7,Wholesale Client,Cash,Completed,ORD901479,Automated migration
2025-10-01,Starter Motor,Electrical system,2,9650.62,1141.68,19301.24,Wholesale Client,Bank Transfer,Completed,ORD901480,Automated migration
2025-10-01,Wheel Bearing,Drivetrain,1,1885.71,85.49,1885.71,Wholesale Client,Bank Transfer,Completed,ORD901481,Automated migration
2025-10-01,Brake Pads,Braking system,2,1340.58,229.85,2681.16,Retail Client,Bank Transfer,Completed,ORD901482,Automated migration
2025-10-01,ECU Module,Electrical system,3,16723.26,4090.33,50169.78,Wholesale Client,Cash,Completed,ORD901483,Automated migration
2025-10-01,Brake Pads,Braking system,2,1362.07,109.8,2724.14,Retail Client,Maya,Completed,ORD901484,Automated migration
2025-10-01,ECU Module,Electrical system,1,17238.3,1248.8,17238.3,Wholesale Client,Bank Transfer,Completed,ORD901485,Automated migration
2025-10-01,Catalytic Converter,Exhaust system,1,17838.43,651.0,17838.43,Wholesale Client,Cash,Completed,ORD901486,Automated migration
2025-10-01,Oil Filter,Engine system,2,195.22,20.24,390.44,Wholesale Client,Cash,Completed,ORD901487,Automated migration
2025-10-01,Shock Absorber,Suspension & traction,1,3516.65,300.39,3516.65,Wholesale Client,GCash,Completed,ORD901488,Automated migration
2025-10-02,Battery,Electrical system,1,5334.42,439.77,5334.42,Retail Client,Cash,Completed,ORD901489,Automated migration
2025-10-02,Catalytic Converter,Exhaust system,2,14282.74,961.49,28565.48,Retail Client,Check,Completed,ORD901490,Automated migration
2025-10-02,ECU Module,Electrical system,3,26620.49,5515.1,79861.47,Wholesale Client,Bank Transfer,Completed,ORD901491,Automated migration
2025-10-02,Alternator,Electrical system,2,6877.9,1237.37,13755.8,Retail Client,GCash,Completed,ORD901492,Automated migration
2025-10-02,Oil Filter,Engine system,2,165.88,12.24,331.76,Retail Client,Maya,Completed,ORD901493,Automated migration
2025-10-02,Oil Filter,Engine system,1,197.45,12.19,197.45,Wholesale Client,Bank Transfer,Completed,ORD901494,Automated migration
2025-10-02,Alternator,Electrical system,2,8627.44,1347.52,17254.88,Wholesale Client,Cash,Completed,ORD901495,Automated migration
2025-10-02,ECU Module,Electrical system,3,26331.03,6091.36,78993.09,Retail Client,Maya,Completed,ORD901496,Automated migration
2025-10-03,Shock Absorber,Suspension & traction,1,3025.62,197.81,3025.62,Wholesale Client,Check,Completed,ORD901497,Automated migration
2025-10-03,ECU Module,Electrical system,2,22922.3,3811.85,45844.6,Wholesale Client,Bank Transfer,Completed,ORD901498,Automated migration
2025-10-03,Starter Motor,Electrical system,2,8349.95,727.64,16699.9,Retail Client,Bank Transfer,Completed,ORD901499,Automated migration
2025-10-03,Air Filter,Engine system,2,325.03,36.14,650.06,Retail Client,Maya,Completed,ORD901500,Automated migration
2025-10-03,Shock Absorber,Suspension & traction,2,3360.41,359.92,6720.82,Retail Client,GCash,Completed,ORD901501,Automated migration
2025-10-04,Wheel Bearing,Drivetrain,1,2150.97,140.3,2150.97,Retail Client,Bank Transfer,Completed,ORD901502,Automated migration
2025-10-04,Oil Filter,Engine system,2,143.26,25.63,286.52,Wholesale Client,Cash,Completed,ORD901503,Automated migration
2025-10-04,Shock Absorber,Suspension & traction,3,2849.58,291.16,8548.74,Retail Client,Check,Completed,ORD901504,Automated migration
2025-10-04,Starter Motor,Electrical system,1,10260.13,405.58,10260.13,Retail Client,GCash,Completed,ORD901505,Automated migration
2025-10-04,ECU Module,Electrical system,1,28053.95,1166.56,28053.95,Retail Client,Bank Transfer,Completed,ORD901506,Automated migration
2025-10-05,Oil Filter,Engine system,1,168.86,9.69,168.86,Wholesale Client,Bank Transfer,Completed,ORD901507,Automated migration
2025-10-05,Air Filter,Engine system,3,250.27,46.54,750.81,Retail Client,Check,Completed,ORD901508,Automated migration
2025-10-05,Wheel Bearing,Drivetrain,1,2824.0,125.76,2824.0,Wholesale Client,Check,Completed,ORD901509,Automated migration
2025-10-05,ECU Module,Electrical system,3,20412.3,5210.08,61236.9,Wholesale Client,GCash,Completed,ORD901510,Automated migration
2025-10-05,Wheel Bearing,Drivetrain,1,2536.03,108.71,2536.03,Retail Client,Cash,Completed,ORD901511,Automated migration
2025-10-06,Shock Absorber,Suspension & traction,3,3932.98,910.92,11798.94,Retail Client,Cash,Completed,ORD901512,Automated migration
2025-10-06,Catalytic Converter,Exhaust system,1,18206.46,555.45,18206.46,Wholesale Client,GCash,Completed,ORD901513,Automated migration
2025-10-06,Shock Absorber,Suspension & traction,1,4048.4,339.99,4048.4,Retail Client,Bank Transfer,Completed,ORD901514,Automated migration
2025-10-06,Air Filter,Engine system,2,269.91,43.85,539.82,Wholesale Client,Cash,Completed,ORD901515,Automated migration
2025-10-06,Brake Pads,Braking system,1,984.62,69.5,984.62,Retail Client,Cash,Completed,ORD901516,Automated migration
2025-10-07,Shock Absorber,Suspension & traction,2,2670.29,217.83,5340.58,Wholesale Client,Check,Completed,ORD901517,Automated migration
2025-10-07,Shock Absorber,Suspension & traction,2,3724.0,283.74,7448.0,Wholesale Client,Maya,Completed,ORD901518,Automated migration
2025-10-07,Wheel Bearing,Drivetrain,2,2613.82,265.43,5227.64,Retail Client,GCash,Completed,ORD901519,Automated migration
2025-10-07,Brake Pads,Braking system,1,1521.42,90.92,1521.42,Retail Client,Maya,Completed,ORD901520,Automated migration
2025-10-07,Oil Filter,Engine system,1,232.59,18.66,232.59,Wholesale Client,GCash,Completed,ORD901521,Automated migration
2025-10-08,ECU Module,Electrical system,1,24426.57,1967.61,24426.57,Retail Client,Cash,Completed,ORD901522,Automated migration
2025-10-08,Shock Absorber,Suspension & traction,1,2495.43,204.48,2495.43,Wholesale Client,Check,Completed,ORD901523,Automated migration
2025-10-08,Shock Absorber,Suspension & traction,1,2499.13,224.84,2499.13,Wholesale Client,GCash,Completed,ORD901524,Automated migration
2025-10-08,Alternator,Electrical system,1,9200.88,722.41,9200.88,Retail Client,GCash,Completed,ORD901525,Automated migration
2025-10-08,Wheel Bearing,Drivetrain,1,2770.45,241.82,2770.45,Wholesale Client,Bank Transfer,Completed,ORD901526,Automated migration
2025-10-08,Oil Filter,Engine system,1,160.15,6.69,160.15,Wholesale Client,GCash,Completed,ORD901527,Automated migration
2025-10-08,Brake Pads,Braking system,1,1256.59,70.86,1256.59,Retail Client,Check,Completed,ORD901528,Automated migration
2025-10-08,Catalytic Converter,Exhaust system,2,12348.22,1320.33,24696.44,Wholesale Client,Check,Completed,ORD901529,Automated migration
2025-10-09,Wheel Bearing,Drivetrain,1,2120.8,67.52,2120.8,Retail Client,Check,Completed,ORD901530,Automated migration
2025-10-09,Oil Filter,Engine system,1,158.32,6.5,158.32,Wholesale Client,Maya,Completed,ORD901531,Automated migration
2025-10-09,Wheel Bearing,Drivetrain,1,1716.83,90.35,1716.83,Retail Client,Bank Transfer,Completed,ORD901532,Automated migration
2025-10-10,Catalytic Converter,Exhaust system,2,12481.04,1687.47,24962.08,Retail Client,GCash,Completed,ORD901533,Automated migration
2025-10-10,Oil Filter,Engine system,2,250.42,37.99,500.84,Wholesale Client,Maya,Completed,ORD901534,Automated migration
2025-10-10,Wheel Bearing,Drivetrain,1,2798.53,159.51,2798.53,Retail Client,Maya,Completed,ORD901535,Automated migration
2025-10-11,Wheel Bearing,Drivetrain,1,2052.13,182.31,2052.13,Retail Client,GCash,Completed,ORD901536,Automated migration
2025-10-11,Oil Filter,Engine system,2,240.23,28.59,480.46,Wholesale Client,Bank Transfer,Completed,ORD901537,Automated migration
2025-10-11,Oil Filter,Engine system,1,231.81,17.94,231.81,Retail Client,Bank Transfer,Completed,ORD901538,Automated migration
2025-10-11,Shock Absorber,Suspension & traction,3,3841.37,653.89,11524.11,Retail Client,Check,Completed,ORD901539,Automated migration
2025-10-11,Wheel Bearing,Drivetrain,2,1609.24,142.46,3218.48,Retail Client,Maya,Completed,ORD901540,Automated migration
2025-10-12,Brake Pads,Braking system,2,1387.52,243.21,2775.04,Retail Client,Maya,Completed,ORD901541,Automated migration
2025-10-12,Brake Pads,Braking system,1,1464.59,79.07,1464.59,Retail Client,Maya,Completed,ORD901542,Automated migration
2025-10-12,Brake Pads,Braking system,2,1183.78,184.23,2367.56,Retail Client,Maya,Completed,ORD901543,Automated migration
2025-10-12,Oil Filter,Engine system,1,210.12,16.05,210.12,Wholesale Client,Maya,Completed,ORD901544,Automated migration
2025-10-13,Catalytic Converter,Exhaust system,1,17318.29,1273.06,17318.29,Retail Client,GCash,Completed,ORD901545,Automated migration
2025-10-13,Brake Pads,Braking system,1,1504.88,53.35,1504.88,Wholesale Client,Bank Transfer,Completed,ORD901546,Automated migration
2025-10-13,ECU Module,Electrical system,2,16949.1,2319.7,33898.2,Wholesale Client,Cash,Completed,ORD901547,Automated migration
2025-10-13,Wheel Bearing,Drivetrain,3,2280.32,458.52,6840.96,Retail Client,Check,Completed,ORD901548,Automated migration
2025-10-13,Brake Pads,Braking system,1,1283.28,106.9,1283.28,Wholesale Client,Cash,Completed,ORD901549,Automated migration
2025-10-14,Brake Pads,Braking system,1,1104.57,54.17,1104.57,Wholesale Client,Cash,Completed,ORD901550,Automated migration
2025-10-14,Oil Filter,Engine system,3,205.63,22.51,616.89,Wholesale Client,Check,Completed,ORD901551,Automated migration
2025-10-14,Shock Absorber,Suspension & traction,3,2585.68,564.17,7757.04,Wholesale Client,Maya,Completed,ORD901552,Automated migration
2025-10-14,Oil Filter,Engine system,1,150.81,5.67,150.81,Retail Client,Check,Completed,ORD901553,Automated migration
2025-10-15,Shock Absorber,Suspension & traction,1,3867.37,266.83,3867.37,Retail Client,Bank Transfer,Completed,ORD901554,Automated migration
2025-10-15,Shock Absorber,Suspension & traction,2,2521.36,410.85,5042.72,Retail Client,Cash,Completed,ORD901555,Automated migration
2025-10-15,Shock Absorber,Suspension & traction,2,3328.12,249.25,6656.24,Wholesale Client,Maya,Completed,ORD901556,Automated migration
2025-10-16,Shock Absorber,Suspension & traction,1,3080.86,151.15,3080.86,Wholesale Client,GCash,Completed,ORD901557,Automated migration
2025-10-16,Shock Absorber,Suspension & traction,3,3152.34,584.07,9457.02,Wholesale Client,Bank Transfer,Completed,ORD901558,Automated migration
2025-10-16,Oil Filter,Engine system,1,155.59,13.19,155.59,Wholesale Client,GCash,Completed,ORD901559,Automated migration
2025-10-17,Oil Filter,Engine system,2,239.58,36.32,479.16,Wholesale Client,Cash,Completed,ORD901560,Automated migration
2025-10-17,Oil Filter,Engine system,1,181.85,14.87,181.85,Retail Client,GCash,Completed,ORD901561,Automated migration
2025-10-17,Catalytic Converter,Exhaust system,1,16081.86,794.67,16081.86,Retail Client,Cash,Completed,ORD901562,Automated migration
2025-10-17,Shock Absorber,Suspension & traction,3,3215.41,423.12,9646.23,Retail Client,Check,Completed,ORD901563,Automated migration
2025-10-17,Oil Filter,Engine system,2,160.9,22.62,321.8,Retail Client,Check,Completed,ORD901564,Automated migration
2025-10-17,Air Filter,Engine system,2,267.27,28.47,534.54,Retail Client,Check,Completed,ORD901565,Automated migration
2025-10-18,Air Filter,Engine system,2,259.69,39.81,519.38,Wholesale Client,Check,Completed,ORD901566,Automated migration
2025-10-18,Oil Filter,Engine system,1,156.65,7.55,156.65,Retail Client,Cash,Completed,ORD901567,Automated migration
2025-10-18,Wheel Bearing,Drivetrain,1,2036.92,182.78,2036.92,Wholesale Client,Cash,Completed,ORD901568,Automated migration
2025-10-18,Brake Pads,Braking system,1,1169.67,64.2,1169.67,Wholesale Client,Cash,Completed,ORD901569,Automated migration
2025-10-18,Wheel Bearing,Drivetrain,1,2550.52,115.17,2550.52,Retail Client,Bank Transfer,Completed,ORD901570,Automated migration
2025-10-18,ECU Module,Electrical system,2,27964.71,3691.98,55929.42,Wholesale Client,Bank Transfer,Completed,ORD901571,Automated migration
2025-10-19,Air Filter,Engine system,1,331.42,19.83,331.42,Retail Client,Bank Transfer,Completed,ORD901572,Automated migration
2025-10-19,Wheel Bearing,Drivetrain,4,2771.38,494.4,11085.52,Wholesale Client,Bank Transfer,Completed,ORD901573,Automated migration
2025-10-19,Air Filter,Engine system,1,265.3,12.36,265.3,Wholesale Client,Cash,Completed,ORD901574,Automated migration
2025-10-19,Brake Pads,Braking system,2,1109.03,118.45,2218.06,Retail Client,Check,Completed,ORD901575,Automated migration
2025-10-19,Brake Pads,Braking system,3,1352.21,266.86,4056.63,Wholesale Client,Check,Completed,ORD901576,Automated migration
2025-10-19,Wheel Bearing,Drivetrain,1,2316.81,126.35,2316.81,Retail Client,Bank Transfer,Completed,ORD901577,Automated migration
2025-10-19,Shock Absorber,Suspension & traction,2,3194.9,375.6,6389.8,Wholesale Client,GCash,Completed,ORD901578,Automated migration
2025-10-19,Shock Absorber,Suspension & traction,2,3652.54,598.47,7305.08,Wholesale Client,Cash,Completed,ORD901579,Automated migration
2025-10-20,Oil Filter,Engine system,1,183.16,14.09,183.16,Retail Client,Cash,Completed,ORD901580,Automated migration
2025-10-20,Wheel Bearing,Drivetrain,1,2356.2,102.62,2356.2,Retail Client,Cash,Completed,ORD901581,Automated migration
2025-10-20,Battery,Electrical system,1,5255.86,418.0,5255.86,Retail Client,Cash,Completed,ORD901582,Automated migration
2025-10-20,Oil Filter,Engine system,2,206.17,33.02,412.34,Wholesale Client,GCash,Completed,ORD901583,Automated migration
2025-10-20,Catalytic Converter,Exhaust system,1,15807.65,1194.04,15807.65,Wholesale Client,Check,Completed,ORD901584,Automated migration
2025-10-20,Brake Pads,Braking system,1,978.28,48.53,978.28,Wholesale Client,Cash,Completed,ORD901585,Automated migration
2025-10-20,Brake Pads,Braking system,2,1294.89,186.13,2589.78,Retail Client,Cash,Completed,ORD901586,Automated migration
2025-10-20,Wheel Bearing,Drivetrain,4,2727.02,518.12,10908.08,Retail Client,Bank Transfer,Completed,ORD901587,Automated migration
2025-10-21,Catalytic Converter,Exhaust system,2,22257.02,1399.36,44514.04,Wholesale Client,Bank Transfer,Completed,ORD901588,Automated migration
2025-10-21,Brake Pads,Braking system,4,957.56,150.62,3830.24,Retail Client,Bank Transfer,Completed,ORD901589,Automated migration
2025-10-21,Air Filter,Engine system,1,220.02,11.73,220.02,Retail Client,Check,Completed,ORD901590,Automated migration
2025-10-21,Alternator,Electrical system,2,8104.59,801.15,16209.18,Retail Client,Maya,Completed,ORD901591,Automated migration
2025-10-21,Battery,Electrical system,2,6859.54,413.51,13719.08,Wholesale Client,Cash,Completed,ORD901592,Automated migration
2025-10-21,ECU Module,Electrical system,1,21927.63,1307.28,21927.63,Retail Client,Bank Transfer,Completed,ORD901593,Automated migration
2025-10-21,Battery,Electrical system,2,4561.45,604.9,9122.9,Retail Client,Cash,Completed,ORD901594,Automated migration
2025-10-21,Wheel Bearing,Drivetrain,2,1718.18,208.79,3436.36,Retail Client,Cash,Completed,ORD901595,Automated migration
2025-10-21,Alternator,Electrical system,1,11012.0,683.42,11012.0,Wholesale Client,GCash,Completed,ORD901596,Automated migration
2025-10-21,Oil Filter,Engine system,2,157.67,10.65,315.34,Retail Client,Maya,Completed,ORD901597,Automated migration
2025-10-21,Battery,Electrical system,2,6092.09,943.87,12184.18,Retail Client,Check,Completed,ORD901598,Automated migration
2025-10-21,Alternator,Electrical system,2,11555.61,1071.8,23111.22,Retail Client,Bank Transfer,Completed,ORD901599,Automated migration
2025-10-22,Shock Absorber,Suspension & traction,2,2533.4,227.3,5066.8,Retail Client,Bank Transfer,Completed,ORD901600,Automated migration
2025-10-22,Wheel Bearing,Drivetrain,2,1767.98,164.73,3535.96,Retail Client,GCash,Completed,ORD901601,Automated migration
2025-10-22,Wheel Bearing,Drivetrain,1,2864.49,214.15,2864.49,Wholesale Client,Bank Transfer,Completed,ORD901602,Automated migration
2025-10-22,Brake Pads,Braking system,2,959.61,93.5,1919.22,Retail Client,GCash,Completed,ORD901603,Automated migration
2025-10-22,Oil Filter,Engine system,3,185.92,38.96,557.76,Retail Client,Cash,Completed,ORD901604,Automated migration
2025-10-22,ECU Module,Electrical system,1,20552.99,1818.22,20552.99,Wholesale Client,Check,Completed,ORD901605,Automated migration
2025-10-23,ECU Module,Electrical system,1,27974.43,1405.99,27974.43,Wholesale Client,Cash,Completed,ORD901606,Automated migration
2025-10-23,Oil Filter,Engine system,1,250.73,8.36,250.73,Wholesale Client,Check,Completed,ORD901607,Automated migration
2025-10-24,Brake Pads,Braking system,2,1018.83,128.5,2037.66,Retail Client,Cash,Completed,ORD901608,Automated migration
2025-10-24,Air Filter,Engine system,2,348.62,30.01,697.24,Retail Client,Bank Transfer,Completed,ORD901609,Automated migration
2025-10-24,ECU Module,Electrical system,2,24223.0,3568.11,48446.0,Retail Client,Cash,Completed,ORD901610,Automated migration
2025-10-24,Wheel Bearing,Drivetrain,1,1600.28,143.03,1600.28,Retail Client,Bank Transfer,Completed,ORD901611,Automated migration
2025-10-24,ECU Module,Electrical system,1,18672.03,926.53,18672.03,Retail Client,Bank Transfer,Completed,ORD901612,Automated migration
2025-10-24,ECU Module,Electrical system,3,27496.78,4935.33,82490.34,Wholesale Client,Check,Completed,ORD901613,Automated migration
2025-10-25,Catalytic Converter,Exhaust system,3,16145.08,2718.24,48435.24,Retail Client,Check,Completed,ORD901614,Automated migration
2025-10-25,Brake Pads,Braking system,1,1053.95,89.41,1053.95,Retail Client,GCash,Completed,ORD901615,Automated migration
2025-10-25,Shock Absorber,Suspension & traction,1,3563.57,271.89,3563.57,Wholesale Client,Check,Completed,ORD901616,Automated migration
2025-10-25,Air Filter,Engine system,1,241.16,14.0,241.16,Wholesale Client,Check,Completed,ORD901617,Automated migration
2025-10-25,Alternator,Electrical system,1,6956.11,441.68,6956.11,Wholesale Client,GCash,Completed,ORD901618,Automated migration
2025-10-25,Brake Pads,Braking system,1,1378.99,118.65,1378.99,Wholesale Client,Check,Completed,ORD901619,Automated migration
2025-10-25,Air Filter,Engine system,1,232.81,7.01,232.81,Wholesale Client,Bank Transfer,Completed,ORD901620,Automated migration
2025-10-26,Shock Absorber,Suspension & traction,3,3607.33,828.62,10821.99,Wholesale Client,Check,Completed,ORD901621,Automated migration
2025-10-26,Catalytic Converter,Exhaust system,1,19849.04,1365.66,19849.04,Wholesale Client,Cash,Completed,ORD901622,Automated migration
2025-10-26,Oil Filter,Engine system,1,150.97,13.58,150.97,Wholesale Client,Check,Completed,ORD901623,Automated migration
2025-10-26,Oil Filter,Engine system,1,207.94,8.78,207.94,Retail Client,Bank Transfer,Completed,ORD901624,Automated migration
2025-10-27,Battery,Electrical system,3,6098.17,715.87,18294.51,Retail Client,Maya,Completed,ORD901625,Automated migration
2025-10-27,Oil Filter,Engine system,2,174.74,14.38,349.48,Retail Client,Cash,Completed,ORD901626,Automated migration
2025-10-27,Brake Pads,Braking system,1,1244.27,105.62,1244.27,Wholesale Client,Maya,Completed,ORD901627,Automated migration
2025-10-27,Catalytic Converter,Exhaust system,1,20545.94,1423.42,20545.94,Wholesale Client,Maya,Completed,ORD901628,Automated migration
2025-10-28,Starter Motor,Electrical system,3,11205.4,1574.63,33616.2,Wholesale Client,Cash,Completed,ORD901629,Automated migration
2025-10-28,Battery,Electrical system,2,6603.77,644.47,13207.54,Retail Client,GCash,Completed,ORD901630,Automated migration
2025-10-28,Air Filter,Engine system,2,316.01,39.7,632.02,Wholesale Client,Check,Completed,ORD901631,Automated migration
2025-10-28,Alternator,Electrical system,1,6945.54,436.87,6945.54,Wholesale Client,Check,Completed,ORD901632,Automated migration
2025-10-29,Air Filter,Engine system,1,225.6,15.59,225.6,Retail Client,Maya,Completed,ORD901633,Automated migration
2025-10-29,Air Filter,Engine system,3,350.24,86.62,1050.72,Retail Client,Cash,Completed,ORD901634,Automated migration
2025-10-29,Alternator,Electrical system,2,8388.7,759.37,16777.4,Wholesale Client,Bank Transfer,Completed,ORD901635,Automated migration
2025-10-29,ECU Module,Electrical system,3,22474.93,5030.1,67424.79,Retail Client,Check,Completed,ORD901636,Automated migration
2025-10-29,Wheel Bearing,Drivetrain,3,2391.24,510.59,7173.72,Retail Client,Cash,Completed,ORD901637,Automated migration
2025-10-29,Air Filter,Engine system,2,351.46,54.78,702.92,Wholesale Client,Check,Completed,ORD901638,Automated migration
2025-10-29,Shock Absorber,Suspension & traction,1,2445.99,190.72,2445.99,Wholesale Client,Cash,Completed,ORD901639,Automated migration
2025-10-30,Wheel Bearing,Drivetrain,1,2571.63,226.21,2571.63,Wholesale Client,Check,Completed,ORD901640,Automated migration
2025-10-30,Oil Filter,Engine system,2,248.97,33.51,497.94,Wholesale Client,GCash,Completed,ORD901641,Automated migration
2025-10-30,Oil Filter,Engine system,1,250.21,18.3,250.21,Wholesale Client,Maya,Completed,ORD901642,Automated migration
2025-10-30,Catalytic Converter,Exhaust system,2,16836.57,2625.54,33673.14,Retail Client,Cash,Completed,ORD901643,Automated migration
2025-10-30,Brake Pads,Braking system,1,1020.93,83.74,1020.93,Wholesale Client,GCash,Completed,ORD901644,Automated migration
2025-10-30,Catalytic Converter,Exhaust system,1,19598.52,1333.67,19598.52,Retail Client,Bank Transfer,Completed,ORD901645,Automated migration
2025-10-30,Brake Pads,Braking system,1,1042.16,36.51,1042.16,Retail Client,Bank Transfer,Completed,ORD901646,Automated migration
2025-10-31,Brake Pads,Braking system,1,1161.5,44.47,1161.5,Retail Client,Cash,Completed,ORD901647,Automated migration
2025-10-31,Wheel Bearing,Drivetrain,1,2899.71,225.63,2899.71,Wholesale Client,Check,Completed,ORD901648,Automated migration
2025-10-31,Brake Pads,Braking system,1,1136.81,60.82,1136.81,Retail Client,Cash,Completed,ORD901649,Automated migration
2025-10-31,Wheel Bearing,Drivetrain,1,1755.94,125.12,1755.94,Wholesale Client,Bank Transfer,Completed,ORD901650,Automated migration
2025-10-31,Catalytic Converter,Exhaust system,2,18972.33,3077.79,37944.66,Retail Client,Maya,Completed,ORD901651,Automated migration
2025-10-31,Catalytic Converter,Exhaust system,1,16225.31,1281.1,16225.31,Wholesale Client,Maya,Completed,ORD901652,Automated migration
2025-10-31,ECU Module,Electrical system,1,24152.27,2154.59,24152.27,Retail Client,GCash,Completed,ORD901653,Automated migration
2025-11-01,Oil Filter,Engine system,1,147.17,12.94,147.17,Retail Client,Cash,Completed,ORD901654,Automated migration
2025-11-01,Oil Filter,Engine system,1,196.29,16.39,196.29,Retail Client,Bank Transfer,Completed,ORD901655,Automated migration
2025-11-01,Shock Absorber,Suspension & traction,2,4011.58,630.57,8023.16,Retail Client,GCash,Completed,ORD901656,Automated migration
2025-11-01,Shock Absorber,Suspension & traction,1,3879.51,224.59,3879.51,Wholesale Client,Cash,Completed,ORD901657,Automated migration
2025-11-02,Shock Absorber,Suspension & traction,1,3650.29,163.29,3650.29,Retail Client,Maya,Completed,ORD901658,Automated migration
2025-11-02,Alternator,Electrical system,2,9046.07,782.36,18092.14,Wholesale Client,Cash,Completed,ORD901659,Automated migration
2025-11-02,Air Filter,Engine system,2,350.8,21.67,701.6,Retail Client,Bank Transfer,Completed,ORD901660,Automated migration
2025-11-02,Brake Pads,Braking system,3,1400.76,248.41,4202.28,Retail Client,Cash,Completed,ORD901661,Automated migration
2025-11-02,Wheel Bearing,Drivetrain,1,1843.95,90.52,1843.95,Wholesale Client,Cash,Completed,ORD901662,Automated migration
2025-11-03,Air Filter,Engine system,2,338.42,55.82,676.84,Wholesale Client,Maya,Completed,ORD901663,Automated migration
2025-11-03,Brake Pads,Braking system,1,1251.55,109.3,1251.55,Wholesale Client,Bank Transfer,Completed,ORD901664,Automated migration
2025-11-03,Brake Pads,Braking system,1,1383.52,93.89,1383.52,Wholesale Client,Cash,Completed,ORD901665,Automated migration
2025-11-03,Brake Pads,Braking system,1,1363.57,43.14,1363.57,Wholesale Client,Maya,Completed,ORD901666,Automated migration
2025-11-03,Oil Filter,Engine system,1,240.08,20.41,240.08,Wholesale Client,Maya,Completed,ORD901667,Automated migration
2025-11-03,Wheel Bearing,Drivetrain,2,2252.15,332.02,4504.3,Retail Client,Bank Transfer,Completed,ORD901668,Automated migration
2025-11-03,Brake Pads,Braking system,1,956.23,59.93,956.23,Retail Client,GCash,Completed,ORD901669,Automated migration
2025-11-03,Shock Absorber,Suspension & traction,1,4097.93,317.0,4097.93,Retail Client,Cash,Completed,ORD901670,Automated migration
2025-11-03,Catalytic Converter,Exhaust system,1,21693.13,717.78,21693.13,Wholesale Client,Bank Transfer,Completed,ORD901671,Automated migration
2025-11-04,Shock Absorber,Suspension & traction,1,3685.01,240.9,3685.01,Retail Client,Check,Completed,ORD901672,Automated migration
2025-11-04,Air Filter,Engine system,1,317.64,22.89,317.64,Retail Client,GCash,Completed,ORD901673,Automated migration
2025-11-05,Catalytic Converter,Exhaust system,1,18350.76,1411.94,18350.76,Wholesale Client,Cash,Completed,ORD901674,Automated migration
2025-11-05,Air Filter,Engine system,1,276.05,14.84,276.05,Retail Client,Maya,Completed,ORD901675,Automated migration
2025-11-05,Oil Filter,Engine system,1,246.26,10.55,246.26,Retail Client,Maya,Completed,ORD901676,Automated migration
2025-11-05,Brake Pads,Braking system,2,1346.19,140.24,2692.38,Wholesale Client,Maya,Completed,ORD901677,Automated migration
2025-11-06,Shock Absorber,Suspension & traction,1,2492.44,204.36,2492.44,Retail Client,Check,Completed,ORD901678,Automated migration
2025-11-06,Air Filter,Engine system,1,317.59,20.56,317.59,Wholesale Client,Bank Transfer,Completed,ORD901679,Automated migration
2025-11-06,Oil Filter,Engine system,2,211.95,18.1,423.9,Retail Client,Maya,Completed,ORD901680,Automated migration
2025-11-06,Shock Absorber,Suspension & traction,2,3522.46,613.98,7044.92,Retail Client,Check,Completed,ORD901681,Automated migration
2025-11-06,Starter Motor,Electrical system,2,6310.17,693.1,12620.34,Wholesale Client,Bank Transfer,Completed,ORD901682,Automated migration
2025-11-06,Brake Pads,Braking system,1,1396.94,100.8,1396.94,Wholesale Client,Check,Completed,ORD901683,Automated migration
2025-11-06,Wheel Bearing,Drivetrain,1,2133.91,182.51,2133.91,Retail Client,Check,Completed,ORD901684,Automated migration
2025-11-07,Oil Filter,Engine system,1,218.03,18.4,218.03,Retail Client,Cash,Completed,ORD901685,Automated migration
2025-11-07,Battery,Electrical system,1,4610.77,356.13,4610.77,Wholesale Client,Bank Transfer,Completed,ORD901686,Automated migration
2025-11-07,ECU Module,Electrical system,1,16458.93,1337.6,16458.93,Wholesale Client,Cash,Completed,ORD901687,Automated migration
2025-11-07,Brake Pads,Braking system,2,1316.61,157.87,2633.22,Retail Client,Bank Transfer,Completed,ORD901688,Automated migration
2025-11-07,Brake Pads,Braking system,1,1046.87,44.91,1046.87,Wholesale Client,Bank Transfer,Completed,ORD901689,Automated migration
2025-11-07,Shock Absorber,Suspension & traction,1,2994.87,124.42,2994.87,Retail Client,Check,Completed,ORD901690,Automated migration
2025-11-07,Shock Absorber,Suspension & traction,1,3097.5,185.3,3097.5,Retail Client,Bank Transfer,Completed,ORD901691,Automated migration
2025-11-07,Wheel Bearing,Drivetrain,1,2870.18,137.38,2870.18,Retail Client,Cash,Completed,ORD901692,Automated migration
2025-11-07,Brake Pads,Braking system,2,1467.46,210.21,2934.92,Retail Client,Maya,Completed,ORD901693,Automated migration
2025-11-07,Shock Absorber,Suspension & traction,3,3995.75,833.32,11987.25,Retail Client,Cash,Completed,ORD901694,Automated migration
2025-11-08,Air Filter,Engine system,3,296.75,38.93,890.25,Retail Client,Cash,Completed,ORD901695,Automated migration
2025-11-08,ECU Module,Electrical system,1,21650.32,1118.9,21650.32,Retail Client,Cash,Completed,ORD901696,Automated migration
2025-11-08,ECU Module,Electrical system,1,16546.66,1310.69,16546.66,Wholesale Client,Bank Transfer,Completed,ORD901697,Automated migration
2025-11-09,Oil Filter,Engine system,2,211.85,26.76,423.7,Wholesale Client,Check,Completed,ORD901698,Automated migration
2025-11-09,Alternator,Electrical system,2,10662.3,1886.1,21324.6,Retail Client,Maya,Completed,ORD901699,Automated migration
2025-11-09,ECU Module,Electrical system,2,14502.14,1254.63,29004.28,Wholesale Client,Check,Completed,ORD901700,Automated migration
2025-11-09,ECU Module,Electrical system,2,27884.77,2654.24,55769.54,Wholesale Client,Cash,Completed,ORD901701,Automated migration
2025-11-09,Brake Pads,Braking system,3,1054.88,254.3,3164.64,Wholesale Client,Maya,Completed,ORD901702,Automated migration
2025-11-09,Brake Pads,Braking system,1,1396.9,111.11,1396.9,Retail Client,Maya,Completed,ORD901703,Automated migration
2025-11-09,Wheel Bearing,Drivetrain,1,2327.0,156.27,2327.0,Retail Client,Maya,Completed,ORD901704,Automated migration
2025-11-09,Air Filter,Engine system,1,316.18,24.43,316.18,Wholesale Client,GCash,Completed,ORD901705,Automated migration
2025-11-10,Air Filter,Engine system,2,328.12,27.89,656.24,Wholesale Client,Maya,Completed,ORD901706,Automated migration
2025-11-10,Wheel Bearing,Drivetrain,1,1843.95,67.82,1843.95,Wholesale Client,Cash,Completed,ORD901707,Automated migration
2025-11-10,Shock Absorber,Suspension & traction,2,2729.95,280.33,5459.9,Retail Client,Cash,Completed,ORD901708,Automated migration
2025-11-10,Wheel Bearing,Drivetrain,1,1891.3,113.34,1891.3,Wholesale Client,GCash,Completed,ORD901709,Automated migration
2025-11-10,Air Filter,Engine system,2,301.06,35.8,602.12,Retail Client,Cash,Completed,ORD901710,Automated migration
2025-11-11,Brake Pads,Braking system,1,1374.3,42.54,1374.3,Wholesale Client,Cash,Completed,ORD901711,Automated migration
2025-11-11,Alternator,Electrical system,1,7691.4,541.23,7691.4,Wholesale Client,GCash,Completed,ORD901712,Automated migration
2025-11-12,Brake Pads,Braking system,1,1176.98,80.92,1176.98,Wholesale Client,Bank Transfer,Completed,ORD901713,Automated migration
2025-11-12,Air Filter,Engine system,1,266.08,19.17,266.08,Wholesale Client,GCash,Completed,ORD901714,Automated migration
2025-11-12,ECU Module,Electrical system,1,19089.44,1547.36,19089.44,Wholesale Client,Maya,Completed,ORD901715,Automated migration
2025-11-12,Brake Pads,Braking system,1,1415.63,60.3,1415.63,Wholesale Client,Maya,Completed,ORD901716,Automated migration
2025-11-12,Brake Pads,Braking system,1,1203.82,104.46,1203.82,Wholesale Client,Check,Completed,ORD901717,Automated migration
2025-11-12,ECU Module,Electrical system,1,25574.49,1747.07,25574.49,Wholesale Client,Cash,Completed,ORD901718,Automated migration
2025-11-12,Air Filter,Engine system,2,271.08,39.13,542.16,Retail Client,Check,Completed,ORD901719,Automated migration
2025-11-12,Shock Absorber,Suspension & traction,1,3136.16,120.0,3136.16,Retail Client,Check,Completed,ORD901720,Automated migration
2025-11-13,Starter Motor,Electrical system,1,11586.75,538.07,11586.75,Wholesale Client,Cash,Completed,ORD901721,Automated migration
2025-11-13,Air Filter,Engine system,1,257.16,16.29,257.16,Retail Client,GCash,Completed,ORD901722,Automated migration
2025-11-13,Shock Absorber,Suspension & traction,1,4167.48,132.18,4167.48,Retail Client,Bank Transfer,Completed,ORD901723,Automated migration
2025-11-13,Air Filter,Engine system,1,269.71,13.09,269.71,Wholesale Client,Maya,Completed,ORD901724,Automated migration
2025-11-13,Shock Absorber,Suspension & traction,1,2830.95,86.18,2830.95,Wholesale Client,GCash,Completed,ORD901725,Automated migration
2025-11-13,Brake Pads,Braking system,1,1199.74,55.17,1199.74,Retail Client,Bank Transfer,Completed,ORD901726,Automated migration
2025-11-13,Brake Pads,Braking system,2,1495.51,101.76,2991.02,Retail Client,Bank Transfer,Completed,ORD901727,Automated migration
2025-11-14,ECU Module,Electrical system,2,21718.59,3355.94,43437.18,Retail Client,Check,Completed,ORD901728,Automated migration
2025-11-14,Alternator,Electrical system,2,11581.77,1609.97,23163.54,Wholesale Client,Maya,Completed,ORD901729,Automated migration
2025-11-14,Air Filter,Engine system,1,357.8,29.88,357.8,Retail Client,Check,Completed,ORD901730,Automated migration
2025-11-15,ECU Module,Electrical system,3,19745.71,5176.78,59237.13,Wholesale Client,Check,Completed,ORD901731,Automated migration
2025-11-15,Oil Filter,Engine system,1,167.04,11.76,167.04,Wholesale Client,Bank Transfer,Completed,ORD901732,Automated migration
2025-11-15,Air Filter,Engine system,1,303.55,15.65,303.55,Wholesale Client,Cash,Completed,ORD901733,Automated migration
2025-11-15,Air Filter,Engine system,2,252.47,35.06,504.94,Wholesale Client,GCash,Completed,ORD901734,Automated migration
2025-11-15,Shock Absorber,Suspension & traction,1,3093.79,157.58,3093.79,Retail Client,Cash,Completed,ORD901735,Automated migration
2025-11-15,Wheel Bearing,Drivetrain,2,2781.35,370.49,5562.7,Retail Client,Bank Transfer,Completed,ORD901736,Automated migration
2025-11-15,Starter Motor,Electrical system,1,6525.41,493.98,6525.41,Wholesale Client,Maya,Completed,ORD901737,Automated migration
2025-11-15,Brake Pads,Braking system,2,1536.02,218.63,3072.04,Wholesale Client,Check,Completed,ORD901738,Automated migration
2025-11-15,Catalytic Converter,Exhaust system,1,20736.67,917.22,20736.67,Retail Client,Cash,Completed,ORD901739,Automated migration
2025-11-16,Oil Filter,Engine system,1,220.11,12.71,220.11,Wholesale Client,Bank Transfer,Completed,ORD901740,Automated migration
2025-11-16,Brake Pads,Braking system,1,1534.44,111.43,1534.44,Wholesale Client,GCash,Completed,ORD901741,Automated migration
2025-11-16,Shock Absorber,Suspension & traction,1,2980.45,120.23,2980.45,Wholesale Client,Cash,Completed,ORD901742,Automated migration
2025-11-16,Air Filter,Engine system,1,306.21,25.61,306.21,Wholesale Client,Bank Transfer,Completed,ORD901743,Automated migration
2025-11-16,Brake Pads,Braking system,2,980.27,99.87,1960.54,Wholesale Client,Bank Transfer,Completed,ORD901744,Automated migration
2025-11-16,Oil Filter,Engine system,2,208.53,30.27,417.06,Retail Client,Cash,Completed,ORD901745,Automated migration
2025-11-16,Oil Filter,Engine system,2,168.57,20.39,337.14,Wholesale Client,Maya,Completed,ORD901746,Automated migration
2025-11-17,Oil Filter,Engine system,1,220.76,19.21,220.76,Retail Client,Bank Transfer,Completed,ORD901747,Automated migration
2025-11-17,Catalytic Converter,Exhaust system,1,17313.99,1292.18,17313.99,Retail Client,GCash,Completed,ORD901748,Automated migration
2025-11-17,Starter Motor,Electrical system,1,11278.86,938.08,11278.86,Retail Client,Cash,Completed,ORD901749,Automated migration
2025-11-17,ECU Module,Electrical system,1,25401.15,919.87,25401.15,Wholesale Client,Bank Transfer,Completed,ORD901750,Automated migration
2025-11-17,Starter Motor,Electrical system,1,10299.44,659.08,10299.44,Retail Client,Check,Completed,ORD901751,Automated migration
2025-11-17,Air Filter,Engine system,1,237.45,7.31,237.45,Retail Client,Maya,Completed,ORD901752,Automated migration
2025-11-18,Wheel Bearing,Drivetrain,2,2879.85,405.45,5759.7,Wholesale Client,GCash,Completed,ORD901753,Automated migration
2025-11-18,Shock Absorber,Suspension & traction,3,3815.0,993.98,11445.0,Retail Client,Check,Completed,ORD901754,Automated migration
2025-11-18,Shock Absorber,Suspension & traction,1,3610.85,310.09,3610.85,Wholesale Client,Check,Completed,ORD901755,Automated migration
2025-11-18,Shock Absorber,Suspension & traction,1,3310.67,238.55,3310.67,Wholesale Client,Bank Transfer,Completed,ORD901756,Automated migration
2025-11-18,Oil Filter,Engine system,2,184.91,20.59,369.82,Retail Client,Maya,Completed,ORD901757,Automated migration
2025-11-18,Brake Pads,Braking system,1,1277.83,72.0,1277.83,Retail Client,Check,Completed,ORD901758,Automated migration
2025-11-18,Shock Absorber,Suspension & traction,1,3976.13,314.62,3976.13,Retail Client,Maya,Completed,ORD901759,Automated migration
2025-11-18,Wheel Bearing,Drivetrain,1,2574.59,100.18,2574.59,Wholesale Client,Maya,Completed,ORD901760,Automated migration
2025-11-18,Oil Filter,Engine system,2,148.27,16.61,296.54,Wholesale Client,Bank Transfer,Completed,ORD901761,Automated migration
2025-11-19,Wheel Bearing,Drivetrain,2,1701.49,217.32,3402.98,Wholesale Client,Bank Transfer,Completed,ORD901762,Automated migration
2025-11-19,Air Filter,Engine system,1,329.2,13.31,329.2,Retail Client,Maya,Completed,ORD901763,Automated migration
2025-11-19,Battery,Electrical system,1,6580.63,587.32,6580.63,Retail Client,Maya,Completed,ORD901764,Automated migration
2025-11-19,Wheel Bearing,Drivetrain,3,2363.33,427.03,7089.99,Wholesale Client,Maya,Completed,ORD901765,Automated migration
2025-11-20,Alternator,Electrical system,3,10134.4,1874.77,30403.2,Wholesale Client,Maya,Completed,ORD901766,Automated migration
2025-11-20,Brake Pads,Braking system,2,1089.27,134.06,2178.54,Wholesale Client,Maya,Completed,ORD901767,Automated migration
2025-11-20,Shock Absorber,Suspension & traction,3,3584.77,752.65,10754.31,Wholesale Client,Maya,Completed,ORD901768,Automated migration
2025-11-20,Oil Filter,Engine system,1,219.21,11.86,219.21,Wholesale Client,Bank Transfer,Completed,ORD901769,Automated migration
2025-11-20,Wheel Bearing,Drivetrain,2,1852.21,247.93,3704.42,Wholesale Client,Cash,Completed,ORD901770,Automated migration
2025-11-21,Shock Absorber,Suspension & traction,2,3260.33,471.59,6520.66,Wholesale Client,Check,Completed,ORD901771,Automated migration
2025-11-21,ECU Module,Electrical system,3,21374.8,3638.32,64124.4,Wholesale Client,Bank Transfer,Completed,ORD901772,Automated migration
2025-11-21,Oil Filter,Engine system,2,232.26,15.6,464.52,Retail Client,Maya,Completed,ORD901773,Automated migration
2025-11-21,Oil Filter,Engine system,3,197.21,42.52,591.63,Retail Client,Cash,Completed,ORD901774,Automated migration
2025-11-21,ECU Module,Electrical system,1,24510.21,1387.56,24510.21,Wholesale Client,Bank Transfer,Completed,ORD901775,Automated migration
2025-11-21,Shock Absorber,Suspension & traction,3,3130.21,309.0,9390.63,Wholesale Client,Bank Transfer,Completed,ORD901776,Automated migration
2025-11-21,Alternator,Electrical system,1,9252.63,692.34,9252.63,Retail Client,Maya,Completed,ORD901777,Automated migration
2025-11-22,Shock Absorber,Suspension & traction,1,2778.9,249.32,2778.9,Wholesale Client,Cash,Completed,ORD901778,Automated migration
2025-11-22,Wheel Bearing,Drivetrain,4,1879.04,546.42,7516.16,Wholesale Client,GCash,Completed,ORD901779,Automated migration
2025-11-22,Brake Pads,Braking system,3,1579.81,303.25,4739.43,Wholesale Client,Maya,Completed,ORD901780,Automated migration
2025-11-23,Air Filter,Engine system,3,321.66,58.99,964.98,Retail Client,Check,Completed,ORD901781,Automated migration
2025-11-23,Wheel Bearing,Drivetrain,2,1849.5,241.93,3699.0,Wholesale Client,Maya,Completed,ORD901782,Automated migration
2025-11-23,Shock Absorber,Suspension & traction,1,2578.49,142.12,2578.49,Wholesale Client,GCash,Completed,ORD901783,Automated migration
2025-11-23,Oil Filter,Engine system,2,143.52,18.68,287.04,Retail Client,Cash,Completed,ORD901784,Automated migration
2025-11-23,ECU Module,Electrical system,1,17171.14,1397.27,17171.14,Retail Client,Maya,Completed,ORD901785,Automated migration
2025-11-24,Battery,Electrical system,1,6685.37,373.99,6685.37,Retail Client,Bank Transfer,Completed,ORD901786,Automated migration
2025-11-24,ECU Module,Electrical system,2,27335.41,2633.67,54670.82,Wholesale Client,GCash,Completed,ORD901787,Automated migration
2025-11-24,Wheel Bearing,Drivetrain,1,2045.2,167.39,2045.2,Wholesale Client,Maya,Completed,ORD901788,Automated migration
2025-11-24,Oil Filter,Engine system,2,201.4,34.94,402.8,Retail Client,Maya,Completed,ORD901789,Automated migration
2025-11-25,Air Filter,Engine system,2,339.62,52.22,679.24,Retail Client,Bank Transfer,Completed,ORD901790,Automated migration
2025-11-25,Air Filter,Engine system,1,238.01,15.92,238.01,Wholesale Client,Maya,Completed,ORD901791,Automated migration
2025-11-25,Oil Filter,Engine system,1,172.43,6.31,172.43,Retail Client,Check,Completed,ORD901792,Automated migration
2025-11-25,Air Filter,Engine system,2,254.65,28.37,509.3,Retail Client,Cash,Completed,ORD901793,Automated migration
2025-11-25,Battery,Electrical system,1,5172.06,360.08,5172.06,Retail Client,Maya,Completed,ORD901794,Automated migration
2025-11-25,Alternator,Electrical system,2,10242.8,731.65,20485.6,Retail Client,Bank Transfer,Completed,ORD901795,Automated migration
2025-11-25,Catalytic Converter,Exhaust system,2,15078.11,2317.98,30156.22,Retail Client,Bank Transfer,Completed,ORD901796,Automated migration
2025-11-26,Shock Absorber,Suspension & traction,2,2644.88,417.98,5289.76,Wholesale Client,Cash,Completed,ORD901797,Automated migration
2025-11-26,Catalytic Converter,Exhaust system,1,18004.2,833.99,18004.2,Retail Client,Maya,Completed,ORD901798,Automated migration
2025-11-26,Air Filter,Engine system,2,336.38,26.57,672.76,Wholesale Client,GCash,Completed,ORD901799,Automated migration
2025-11-26,ECU Module,Electrical system,1,24144.41,1590.45,24144.41,Wholesale Client,GCash,Completed,ORD901800,Automated migration
2025-11-27,Oil Filter,Engine system,1,168.99,12.06,168.99,Wholesale Client,Check,Completed,ORD901801,Automated migration
2025-11-27,Air Filter,Engine system,1,328.08,23.49,328.08,Retail Client,Check,Completed,ORD901802,Automated migration
2025-11-27,Battery,Electrical system,1,5605.13,434.12,5605.13,Retail Client,GCash,Completed,ORD901803,Automated migration
2025-11-27,Starter Motor,Electrical system,1,9737.38,718.51,9737.38,Wholesale Client,Maya,Completed,ORD901804,Automated migration
2025-11-28,Brake Pads,Braking system,1,1281.26,114.65,1281.26,Retail Client,Maya,Completed,ORD901805,Automated migration
2025-11-28,Oil Filter,Engine system,1,209.14,12.27,209.14,Wholesale Client,Cash,Completed,ORD901806,Automated migration
2025-11-28,Oil Filter,Engine system,1,143.29,7.4,143.29,Wholesale Client,GCash,Completed,ORD901807,Automated migration
2025-11-28,Wheel Bearing,Drivetrain,1,2509.56,107.72,2509.56,Wholesale Client,GCash,Completed,ORD901808,Automated migration
2025-11-28,Alternator,Electrical system,1,7721.46,686.34,7721.46,Retail Client,Maya,Completed,ORD901809,Automated migration
2025-11-28,Brake Pads,Braking system,1,1331.06,82.23,1331.06,Retail Client,Bank Transfer,Completed,ORD901810,Automated migration
2025-11-29,Alternator,Electrical system,1,12363.34,929.18,12363.34,Wholesale Client,GCash,Completed,ORD901811,Automated migration
2025-11-29,Brake Pads,Braking system,1,1022.25,69.24,1022.25,Wholesale Client,Cash,Completed,ORD901812,Automated migration
2025-11-29,ECU Module,Electrical system,1,21121.5,1336.36,21121.5,Retail Client,Bank Transfer,Completed,ORD901813,Automated migration
2025-11-30,Brake Pads,Braking system,2,1294.68,177.64,2589.36,Retail Client,Cash,Completed,ORD901814,Automated migration
2025-11-30,Battery,Electrical system,3,7517.91,1759.65,22553.73,Retail Client,GCash,Completed,ORD901815,Automated migration
2025-11-30,Shock Absorber,Suspension & traction,1,3914.09,255.33,3914.09,Retail Client,Bank Transfer,Completed,ORD901816,Automated migration
2025-11-30,Oil Filter,Engine system,1,239.09,7.35,239.09,Wholesale Client,Check,Completed,ORD901817,Automated migration
2025-11-30,Alternator,Electrical system,1,11412.93,864.88,11412.93,Wholesale Client,Bank Transfer,Completed,ORD901818,Automated migration
2025-12-01,Brake Pads,Braking system,1,1242.65,109.62,1242.65,Wholesale Client,GCash,Completed,ORD901819,Automated migration
2025-12-01,ECU Module,Electrical system,2,19123.64,2938.28,38247.28,Wholesale Client,GCash,Completed,ORD901820,Automated migration
2025-12-01,Catalytic Converter,Exhaust system,2,18011.53,1577.98,36023.06,Retail Client,GCash,Completed,ORD901821,Automated migration
2025-12-01,Oil Filter,Engine system,1,202.21,9.31,202.21,Retail Client,Cash,Completed,ORD901822,Automated migration
2025-12-01,Battery,Electrical system,1,5119.64,448.91,5119.64,Retail Client,GCash,Completed,ORD901823,Automated migration
2025-12-01,Oil Filter,Engine system,2,256.18,37.61,512.36,Retail Client,Maya,Completed,ORD901824,Automated migration
2025-12-01,Shock Absorber,Suspension & traction,2,3166.34,225.73,6332.68,Wholesale Client,GCash,Completed,ORD901825,Automated migration
2025-12-01,Brake Pads,Braking system,1,1135.85,62.48,1135.85,Retail Client,Cash,Completed,ORD901826,Automated migration
2025-12-02,Oil Filter,Engine system,3,186.38,33.3,559.14,Wholesale Client,Check,Completed,ORD901827,Automated migration
2025-12-02,ECU Module,Electrical system,2,19114.2,2127.89,38228.4,Retail Client,Cash,Completed,ORD901828,Automated migration
2025-12-02,Oil Filter,Engine system,2,188.77,30.04,377.54,Retail Client,Maya,Completed,ORD901829,Automated migration
2025-12-02,Shock Absorber,Suspension & traction,1,3225.08,128.8,3225.08,Retail Client,GCash,Completed,ORD901830,Automated migration
2025-12-02,Shock Absorber,Suspension & traction,1,3042.52,248.41,3042.52,Wholesale Client,GCash,Completed,ORD901831,Automated migration
2025-12-02,ECU Module,Electrical system,2,26020.03,3904.03,52040.06,Retail Client,GCash,Completed,ORD901832,Automated migration
2025-12-02,Air Filter,Engine system,3,318.77,52.38,956.31,Retail Client,Maya,Completed,ORD901833,Automated migration
2025-12-02,Brake Pads,Braking system,1,1167.41,83.82,1167.41,Retail Client,Check,Completed,ORD901834,Automated migration
2025-12-03,Air Filter,Engine system,2,304.0,44.56,608.0,Retail Client,Maya,Completed,ORD901835,Automated migration
2025-12-03,ECU Module,Electrical system,1,24464.16,1339.58,24464.16,Wholesale Client,Maya,Completed,ORD901836,Automated migration
2025-12-03,Brake Pads,Braking system,2,1516.8,244.48,3033.6,Wholesale Client,Bank Transfer,Completed,ORD901837,Automated migration
2025-12-03,Brake Pads,Braking system,1,1437.46,97.21,1437.46,Retail Client,Bank Transfer,Completed,ORD901838,Automated migration
2025-12-03,Shock Absorber,Suspension & traction,1,3344.42,130.36,3344.42,Wholesale Client,Cash,Completed,ORD901839,Automated migration
2025-12-04,Wheel Bearing,Drivetrain,3,2218.42,276.91,6655.26,Wholesale Client,Bank Transfer,Completed,ORD901840,Automated migration
2025-12-04,Air Filter,Engine system,1,281.39,13.86,281.39,Wholesale Client,Bank Transfer,Completed,ORD901841,Automated migration
2025-12-04,Wheel Bearing,Drivetrain,1,2419.96,209.13,2419.96,Wholesale Client,Check,Completed,ORD901842,Automated migration
2025-12-04,Oil Filter,Engine system,2,217.95,38.91,435.9,Wholesale Client,Check,Completed,ORD901843,Automated migration
2025-12-04,Air Filter,Engine system,3,220.84,47.33,662.52,Retail Client,Maya,Completed,ORD901844,Automated migration
2025-12-04,ECU Module,Electrical system,1,24395.4,871.97,24395.4,Wholesale Client,GCash,Completed,ORD901845,Automated migration
2025-12-04,Shock Absorber,Suspension & traction,1,3771.19,209.69,3771.19,Wholesale Client,Check,Completed,ORD901846,Automated migration
2025-12-04,ECU Module,Electrical system,1,27167.18,2239.69,27167.18,Wholesale Client,Maya,Completed,ORD901847,Automated migration
2025-12-04,Brake Pads,Braking system,1,1287.8,62.66,1287.8,Wholesale Client,Check,Completed,ORD901848,Automated migration
2025-12-04,Air Filter,Engine system,2,246.08,40.23,492.16,Retail Client,GCash,Completed,ORD901849,Automated migration
2025-12-05,Shock Absorber,Suspension & traction,1,3579.07,227.03,3579.07,Retail Client,GCash,Completed,ORD901850,Automated migration
2025-12-05,Brake Pads,Braking system,1,999.14,52.33,999.14,Wholesale Client,Bank Transfer,Completed,ORD901851,Automated migration
2025-12-06,Oil Filter,Engine system,2,163.1,13.24,326.2,Retail Client,Cash,Completed,ORD901852,Automated migration
2025-12-06,Catalytic Converter,Exhaust system,2,17321.2,1549.35,34642.4,Wholesale Client,Cash,Completed,ORD901853,Automated migration
2025-12-06,Brake Pads,Braking system,1,1560.6,53.66,1560.6,Retail Client,Maya,Completed,ORD901854,Automated migration
2025-12-06,Wheel Bearing,Drivetrain,1,2571.37,212.06,2571.37,Wholesale Client,GCash,Completed,ORD901855,Automated migration
2025-12-06,Air Filter,Engine system,3,228.7,20.9,686.1,Retail Client,Cash,Completed,ORD901856,Automated migration
2025-12-06,Shock Absorber,Suspension & traction,2,4114.56,371.35,8229.12,Wholesale Client,Check,Completed,ORD901857,Automated migration
2025-12-06,ECU Module,Electrical system,1,28479.88,883.56,28479.88,Retail Client,Check,Completed,ORD901858,Automated migration
2025-12-07,Shock Absorber,Suspension & traction,2,3666.83,491.3,7333.66,Retail Client,Maya,Completed,ORD901859,Automated migration
2025-12-07,Oil Filter,Engine system,1,228.4,17.41,228.4,Retail Client,Cash,Completed,ORD901860,Automated migration
2025-12-07,Battery,Electrical system,2,5670.55,755.09,11341.1,Wholesale Client,Cash,Completed,ORD901861,Automated migration
2025-12-07,Air Filter,Engine system,3,244.89,48.51,734.67,Retail Client,Check,Completed,ORD901862,Automated migration
2025-12-07,Oil Filter,Engine system,2,249.76,15.89,499.52,Wholesale Client,Cash,Completed,ORD901863,Automated migration
2025-12-07,Oil Filter,Engine system,1,150.71,8.57,150.71,Wholesale Client,GCash,Completed,ORD901864,Automated migration
2025-12-07,Oil Filter,Engine system,1,196.48,14.34,196.48,Wholesale Client,GCash,Completed,ORD901865,Automated migration
2025-12-07,Oil Filter,Engine system,1,142.65,10.78,142.65,Retail Client,Bank Transfer,Completed,ORD901866,Automated migration
2025-12-07,Shock Absorber,Suspension & traction,1,3578.55,186.23,3578.55,Retail Client,Bank Transfer,Completed,ORD901867,Automated migration
2025-12-07,Shock Absorber,Suspension & traction,1,2536.96,215.31,2536.96,Retail Client,Maya,Completed,ORD901868,Automated migration
2025-12-07,ECU Module,Electrical system,1,19636.55,944.25,19636.55,Retail Client,Bank Transfer,Completed,ORD901869,Automated migration
2025-12-07,Brake Pads,Braking system,3,1479.65,258.11,4438.95,Retail Client,Bank Transfer,Completed,ORD901870,Automated migration
2025-12-08,Air Filter,Engine system,1,289.65,24.6,289.65,Retail Client,Check,Completed,ORD901871,Automated migration
2025-12-08,Air Filter,Engine system,2,349.42,41.71,698.84,Wholesale Client,Maya,Completed,ORD901872,Automated migration
2025-12-08,Oil Filter,Engine system,1,250.86,16.72,250.86,Wholesale Client,Check,Completed,ORD901873,Automated migration
2025-12-08,Oil Filter,Engine system,1,170.45,7.0,170.45,Retail Client,Bank Transfer,Completed,ORD901874,Automated migration
2025-12-08,Oil Filter,Engine system,1,211.99,7.38,211.99,Wholesale Client,Maya,Completed,ORD901875,Automated migration
2025-12-08,Air Filter,Engine system,2,316.01,24.69,632.02,Retail Client,Maya,Completed,ORD901876,Automated migration
2025-12-08,Starter Motor,Electrical system,1,8304.2,317.72,8304.2,Retail Client,Maya,Completed,ORD901877,Automated migration
2025-12-09,Brake Pads,Braking system,2,1303.62,151.76,2607.24,Retail Client,Cash,Completed,ORD901878,Automated migration
2025-12-09,ECU Module,Electrical system,1,25590.4,1704.76,25590.4,Wholesale Client,GCash,Completed,ORD901879,Automated migration
2025-12-09,Shock Absorber,Suspension & traction,2,2757.6,273.41,5515.2,Retail Client,Bank Transfer,Completed,ORD901880,Automated migration
2025-12-09,Oil Filter,Engine system,1,159.66,7.1,159.66,Wholesale Client,Maya,Completed,ORD901881,Automated migration
2025-12-09,Catalytic Converter,Exhaust system,2,19141.27,2086.04,38282.54,Retail Client,GCash,Completed,ORD901882,Automated migration
2025-12-09,Oil Filter,Engine system,2,142.4,20.5,284.8,Wholesale Client,Maya,Completed,ORD901883,Automated migration
2025-12-10,Starter Motor,Electrical system,2,8567.63,908.36,17135.26,Retail Client,Cash,Completed,ORD901884,Automated migration
2025-12-10,Oil Filter,Engine system,2,147.23,19.38,294.46,Retail Client,GCash,Completed,ORD901885,Automated migration
2025-12-10,Wheel Bearing,Drivetrain,2,2410.87,208.27,4821.74,Retail Client,Maya,Completed,ORD901886,Automated migration
2025-12-10,Shock Absorber,Suspension & traction,3,3271.93,611.15,9815.79,Wholesale Client,GCash,Completed,ORD901887,Automated migration
2025-12-11,Wheel Bearing,Drivetrain,1,2523.34,93.43,2523.34,Retail Client,Cash,Completed,ORD901888,Automated migration
2025-12-11,Oil Filter,Engine system,3,215.49,56.65,646.47,Wholesale Client,Cash,Completed,ORD901889,Automated migration
2025-12-11,Shock Absorber,Suspension & traction,1,3399.41,210.93,3399.41,Retail Client,Maya,Completed,ORD901890,Automated migration
2025-12-11,Oil Filter,Engine system,2,227.54,14.32,455.08,Wholesale Client,Maya,Completed,ORD901891,Automated migration
2025-12-11,Brake Pads,Braking system,3,1334.04,175.26,4002.12,Wholesale Client,GCash,Completed,ORD901892,Automated migration
2025-12-12,ECU Module,Electrical system,3,18603.0,4935.7,55809.0,Retail Client,Cash,Completed,ORD901893,Automated migration
2025-12-12,Shock Absorber,Suspension & traction,2,2599.02,234.41,5198.04,Retail Client,Check,Completed,ORD901894,Automated migration
2025-12-12,Brake Pads,Braking system,2,1442.52,198.79,2885.04,Wholesale Client,GCash,Completed,ORD901895,Automated migration
2025-12-12,Alternator,Electrical system,2,10519.21,910.82,21038.42,Retail Client,Cash,Completed,ORD901896,Automated migration
2025-12-13,Air Filter,Engine system,2,353.31,30.63,706.62,Retail Client,Bank Transfer,Completed,ORD901897,Automated migration
2025-12-13,Brake Pads,Braking system,2,1422.74,130.03,2845.48,Wholesale Client,Bank Transfer,Completed,ORD901898,Automated migration
2025-12-13,Shock Absorber,Suspension & traction,1,4155.21,228.84,4155.21,Wholesale Client,Bank Transfer,Completed,ORD901899,Automated migration
2025-12-13,Brake Pads,Braking system,2,1412.93,156.45,2825.86,Retail Client,Bank Transfer,Completed,ORD901900,Automated migration
2025-12-13,Brake Pads,Braking system,1,1351.89,44.62,1351.89,Retail Client,GCash,Completed,ORD901901,Automated migration
2025-12-13,Battery,Electrical system,3,7384.37,674.58,22153.11,Wholesale Client,Check,Completed,ORD901902,Automated migration
2025-12-13,ECU Module,Electrical system,1,22016.68,1062.18,22016.68,Retail Client,Check,Completed,ORD901903,Automated migration
2025-12-14,Catalytic Converter,Exhaust system,1,23993.53,1344.18,23993.53,Retail Client,Maya,Completed,ORD901904,Automated migration
2025-12-14,Oil Filter,Engine system,1,210.79,17.76,210.79,Wholesale Client,GCash,Completed,ORD901905,Automated migration
2025-12-14,Air Filter,Engine system,2,322.08,20.44,644.16,Retail Client,Cash,Completed,ORD901906,Automated migration
2025-12-14,Oil Filter,Engine system,1,206.19,13.62,206.19,Wholesale Client,Bank Transfer,Completed,ORD901907,Automated migration
2025-12-15,Oil Filter,Engine system,1,226.56,12.9,226.56,Wholesale Client,Cash,Completed,ORD901908,Automated migration
2025-12-15,Shock Absorber,Suspension & traction,1,4026.55,252.21,4026.55,Wholesale Client,GCash,Completed,ORD901909,Automated migration
2025-12-15,Shock Absorber,Suspension & traction,1,3985.0,279.55,3985.0,Retail Client,GCash,Completed,ORD901910,Automated migration
2025-12-15,Air Filter,Engine system,1,265.81,22.94,265.81,Wholesale Client,GCash,Completed,ORD901911,Automated migration
2025-12-15,Alternator,Electrical system,1,12351.94,776.06,12351.94,Retail Client,Maya,Completed,ORD901912,Automated migration
2025-12-15,Oil Filter,Engine system,1,208.68,15.14,208.68,Retail Client,Cash,Completed,ORD901913,Automated migration
2025-12-15,ECU Module,Electrical system,2,16129.09,1805.19,32258.18,Retail Client,Bank Transfer,Completed,ORD901914,Automated migration
2025-12-16,Brake Pads,Braking system,1,1419.87,66.46,1419.87,Wholesale Client,Bank Transfer,Completed,ORD901915,Automated migration
2025-12-16,Shock Absorber,Suspension & traction,2,3458.23,578.03,6916.46,Retail Client,Bank Transfer,Completed,ORD901916,Automated migration
2025-12-17,Alternator,Electrical system,1,9539.14,815.56,9539.14,Retail Client,GCash,Completed,ORD901917,Automated migration
2025-12-17,Shock Absorber,Suspension & traction,1,3863.63,173.72,3863.63,Retail Client,Cash,Completed,ORD901918,Automated migration
2025-12-17,Wheel Bearing,Drivetrain,1,2010.69,135.81,2010.69,Retail Client,Cash,Completed,ORD901919,Automated migration
2025-12-17,Alternator,Electrical system,2,8798.79,899.46,17597.58,Wholesale Client,Check,Completed,ORD901920,Automated migration
2025-12-17,Brake Pads,Braking system,2,1459.12,235.96,2918.24,Retail Client,Check,Completed,ORD901921,Automated migration
2025-12-18,Brake Pads,Braking system,3,1006.93,171.54,3020.79,Retail Client,Bank Transfer,Completed,ORD901922,Automated migration
2025-12-18,ECU Module,Electrical system,1,14709.63,1188.46,14709.63,Retail Client,Check,Completed,ORD901923,Automated migration
2025-12-18,Air Filter,Engine system,1,227.65,7.86,227.65,Retail Client,Maya,Completed,ORD901924,Automated migration
2025-12-18,Wheel Bearing,Drivetrain,1,2417.15,76.02,2417.15,Wholesale Client,Check,Completed,ORD901925,Automated migration
2025-12-19,Catalytic Converter,Exhaust system,2,16071.92,1889.14,32143.84,Wholesale Client,Bank Transfer,Completed,ORD901926,Automated migration
2025-12-19,ECU Module,Electrical system,1,24628.81,1892.74,24628.81,Wholesale Client,Maya,Completed,ORD901927,Automated migration
2025-12-19,Air Filter,Engine system,2,232.79,39.2,465.58,Retail Client,Check,Completed,ORD901928,Automated migration
2025-12-19,Air Filter,Engine system,1,316.14,23.97,316.14,Wholesale Client,Cash,Completed,ORD901929,Automated migration
2025-12-19,Shock Absorber,Suspension & traction,1,3592.74,112.19,3592.74,Retail Client,Maya,Completed,ORD901930,Automated migration
2025-12-20,Air Filter,Engine system,3,309.02,54.89,927.06,Wholesale Client,GCash,Completed,ORD901931,Automated migration
2025-12-20,Oil Filter,Engine system,1,248.63,22.23,248.63,Retail Client,Maya,Completed,ORD901932,Automated migration
2025-12-20,Brake Pads,Braking system,3,1425.23,294.02,4275.69,Wholesale Client,Bank Transfer,Completed,ORD901933,Automated migration
2025-12-20,ECU Module,Electrical system,1,26771.22,2343.62,26771.22,Wholesale Client,Cash,Completed,ORD901934,Automated migration
2025-12-20,Shock Absorber,Suspension & traction,3,3151.69,694.95,9455.07,Wholesale Client,Bank Transfer,Completed,ORD901935,Automated migration
2025-12-20,Oil Filter,Engine system,3,228.98,31.44,686.94,Wholesale Client,Cash,Completed,ORD901936,Automated migration
2025-12-21,Battery,Electrical system,2,7098.83,987.33,14197.66,Wholesale Client,GCash,Completed,ORD901937,Automated migration
2025-12-21,Air Filter,Engine system,2,255.82,38.52,511.64,Retail Client,Cash,Completed,ORD901938,Automated migration
2025-12-21,Oil Filter,Engine system,2,188.82,23.02,377.64,Retail Client,Cash,Completed,ORD901939,Automated migration
2025-12-21,Air Filter,Engine system,2,302.79,30.03,605.58,Wholesale Client,GCash,Completed,ORD901940,Automated migration
2025-12-22,Air Filter,Engine system,1,264.63,11.43,264.63,Retail Client,Cash,Completed,ORD901941,Automated migration
2025-12-22,Battery,Electrical system,0,7710.79,0.0,0.0,Wholesale Client,Bank Transfer,Completed,ORD901942,Automated migration
2025-12-22,Alternator,Electrical system,0,11713.12,0.0,0.0,Retail Client,GCash,Completed,ORD901943,Automated migration
2025-12-22,Wheel Bearing,Drivetrain,1,2429.52,74.47,2429.52,Wholesale Client,Check,Completed,ORD901944,Automated migration
2025-12-22,Oil Filter,Engine system,2,254.34,33.03,508.68,Wholesale Client,Bank Transfer,Completed,ORD901945,Automated migration
2025-12-22,Brake Pads,Braking system,1,1467.16,69.32,1467.16,Wholesale Client,Check,Completed,ORD901946,Automated migration
2025-12-23,Alternator,Electrical system,3,8713.85,1660.73,26141.55,Retail Client,GCash,Completed,ORD901947,Automated migration
2025-12-23,Brake Pads,Braking system,1,1083.05,38.9,1083.05,Wholesale Client,Bank Transfer,Completed,ORD901948,Automated migration
2025-12-23,Shock Absorber,Suspension & traction,2,3505.71,389.26,7011.42,Wholesale Client,Cash,Completed,ORD901949,Automated migration
2025-12-23,Air Filter,Engine system,1,332.62,26.24,332.62,Wholesale Client,Cash,Completed,ORD901950,Automated migration
2025-12-23,Air Filter,Engine system,2,284.96,31.32,569.92,Wholesale Client,Maya,Completed,ORD901951,Automated migration
2025-12-23,ECU Module,Electrical system,1,23747.64,1060.18,23747.64,Wholesale Client,GCash,Completed,ORD901952,Automated migration
2025-12-23,Shock Absorber,Suspension & traction,1,3026.1,114.77,3026.1,Wholesale Client,GCash,Completed,ORD901953,Automated migration
2025-12-23,Shock Absorber,Suspension & traction,1,3599.5,132.83,3599.5,Wholesale Client,Bank Transfer,Completed,ORD901954,Automated migration
2025-12-23,Shock Absorber,Suspension & traction,1,4125.8,226.71,4125.8,Retail Client,Check,Completed,ORD901955,Automated migration
2025-12-24,Battery,Electrical system,1,4991.21,285.13,4991.21,Wholesale Client,Check,Completed,ORD901956,Automated migration
2025-12-24,Brake Pads,Braking system,1,1594.33,111.11,1594.33,Retail Client,GCash,Completed,ORD901957,Automated migration
2025-12-24,Wheel Bearing,Drivetrain,1,2471.46,188.14,2471.46,Retail Client,Bank Transfer,Completed,ORD901958,Automated migration
2025-12-24,Brake Pads,Braking system,1,1465.99,47.25,1465.99,Wholesale Client,Maya,Completed,ORD901959,Automated migration
2025-12-24,ECU Module,Electrical system,1,19298.95,1112.81,19298.95,Retail Client,Check,Completed,ORD901960,Automated migration
2025-12-24,Brake Pads,Braking system,1,1598.64,67.28,1598.64,Retail Client,Cash,Completed,ORD901961,Automated migration
2025-12-24,Oil Filter,Engine system,1,212.6,9.79,212.6,Retail Client,Bank Transfer,Completed,ORD901962,Automated migration
2025-12-24,Brake Pads,Braking system,1,1285.18,104.89,1285.18,Retail Client,Maya,Completed,ORD901963,Automated migration
2025-12-24,Brake Pads,Braking system,1,1107.03,39.12,1107.03,Retail Client,Bank Transfer,Completed,ORD901964,Automated migration
2025-12-24,ECU Module,Electrical system,1,28260.06,1137.85,28260.06,Retail Client,Bank Transfer,Completed,ORD901965,Automated migration
2025-12-24,Brake Pads,Braking system,1,1089.95,83.56,1089.95,Wholesale Client,Bank Transfer,Completed,ORD901966,Automated migration
2025-12-24,Air Filter,Engine system,1,304.05,22.82,304.05,Wholesale Client,Check,Completed,ORD901967,Automated migration
2025-12-25,Oil Filter,Engine system,1,233.92,20.94,233.92,Wholesale Client,Bank Transfer,Completed,ORD901968,Automated migration
2025-12-25,Battery,Electrical system,1,6748.4,577.15,6748.4,Wholesale Client,Maya,Completed,ORD901969,Automated migration
2025-12-25,Alternator,Electrical system,1,12086.48,564.7,12086.48,Wholesale Client,GCash,Completed,ORD901970,Automated migration
2025-12-25,Shock Absorber,Suspension & traction,1,3711.75,318.64,3711.75,Wholesale Client,Cash,Completed,ORD901971,Automated migration
2025-12-25,Air Filter,Engine system,1,237.02,13.91,237.02,Wholesale Client,Maya,Completed,ORD901972,Automated migration
2025-12-25,Wheel Bearing,Drivetrain,1,2651.28,146.21,2651.28,Wholesale Client,GCash,Completed,ORD901973,Automated migration
2025-12-25,Catalytic Converter,Exhaust system,1,20534.27,1781.54,20534.27,Wholesale Client,Bank Transfer,Completed,ORD901974,Automated migration
2025-12-25,Brake Pads,Braking system,1,1164.57,83.28,1164.57,Retail Client,Bank Transfer,Completed,ORD901975,Automated migration
2025-12-26,Starter Motor,Electrical system,1,10500.59,888.91,10500.59,Retail Client,Check,Completed,ORD901976,Automated migration
2025-12-26,Oil Filter,Engine system,2,154.47,26.15,308.94,Wholesale Client,Cash,Completed,ORD901977,Automated migration
2025-12-26,Shock Absorber,Suspension & traction,2,2958.42,356.41,5916.84,Retail Client,Bank Transfer,Completed,ORD901978,Automated migration
2025-12-26,Oil Filter,Engine system,2,259.96,42.48,519.92,Retail Client,Cash,Completed,ORD901979,Automated migration
2025-12-27,Air Filter,Engine system,2,330.43,56.11,660.86,Wholesale Client,Check,Completed,ORD901980,Automated migration
2025-12-27,Brake Pads,Braking system,1,1090.85,41.8,1090.85,Retail Client,Cash,Completed,ORD901981,Automated migration
2025-12-27,Catalytic Converter,Exhaust system,2,16176.81,1425.05,32353.62,Retail Client,Check,Completed,ORD901982,Automated migration
2025-12-27,Air Filter,Engine system,1,353.4,31.48,353.4,Wholesale Client,Check,Completed,ORD901983,Automated migration
2025-12-27,Battery,Electrical system,2,4520.05,590.93,9040.1,Wholesale Client,Maya,Completed,ORD901984,Automated migration
2025-12-28,Oil Filter,Engine system,2,241.29,16.03,482.58,Wholesale Client,Maya,Completed,ORD901985,Automated migration
2025-12-28,Brake Pads,Braking system,1,977.23,42.45,977.23,Retail Client,Check,Completed,ORD901986,Automated migration
2025-12-28,Oil Filter,Engine system,1,245.5,15.17,245.5,Wholesale Client,Maya,Completed,ORD901987,Automated migration
2025-12-28,Oil Filter,Engine system,2,243.97,37.44,487.94,Retail Client,Check,Completed,ORD901988,Automated migration
2025-12-28,Air Filter,Engine system,1,335.33,19.13,335.33,Wholesale Client,Cash,Completed,ORD901989,Automated migration
2025-12-29,Wheel Bearing,Drivetrain,2,2189.79,146.8,4379.58,Retail Client,GCash,Completed,ORD901990,Automated migration
2025-12-29,Catalytic Converter,Exhaust system,1,16063.87,961.23,16063.87,Wholesale Client,GCash,Completed,ORD901991,Automated migration
2025-12-29,Wheel Bearing,Drivetrain,2,2810.0,324.18,5620.0,Retail Client,Cash,Completed,ORD901992,Automated migration
2025-12-29,Wheel Bearing,Drivetrain,1,2670.81,139.87,2670.81,Wholesale Client,Cash,Completed,ORD901993,Automated migration
2025-12-30,Shock Absorber,Suspension & traction,2,3921.5,590.9,7843.0,Retail Client,Check,Completed,ORD901994,Automated migration
2025-12-30,Starter Motor,Electrical system,2,11386.85,1654.73,22773.7,Retail Client,Check,Completed,ORD901995,Automated migration
2025-12-30,ECU Module,Electrical system,2,18269.77,1999.92,36539.54,Wholesale Client,GCash,Completed,ORD901996,Automated migration
2025-12-30,Wheel Bearing,Drivetrain,1,1890.35,151.52,1890.35,Retail Client,Cash,Completed,ORD901997,Automated migration
2025-12-30,Wheel Bearing,Drivetrain,1,2526.19,223.88,2526.19,Wholesale Client,Check,Completed,ORD901998,Automated migration
2025-12-30,ECU Module,Electrical system,1,19199.77,1546.07,19199.77,Wholesale Client,Check,Completed,ORD901999,Automated migration
2025-12-31,ECU Module,Electrical system,1,15899.4,1281.51,15899.4,Retail Client,GCash,Completed,ORD902000,Automated migration
