date,order_number,product_name,category,customer_type,quantity,unit_price,other_expenses,total_amount,payment_method
2020-05-09,ORD1000,Shock Absorber,Suspension,Retail,2,107.41,0.0,214.82,Cash
2020-05-09,ORD1001,Radiator,Cooling,Wholesale,13,174.45,0.0,2267.85,Credit card
2020-05-10,ORD1002,Air Filter,Engine,Retail,3,28.42,0.0,85.26,Cash
2020-05-10,ORD1003,Water Pump,Cooling,Retail,3,68.9,0.0,206.7,PayPal
2020-05-11,ORD1004,Brake Pads,Braking system,Retail,5,51.21,56.08,312.13,Bank transfer
2020-05-11,ORD1005,Water Pump,Cooling,Retail,1,66.38,62.32,128.7,Cash
2020-05-11,ORD1006,Shock Absorber,Suspension,Retail,5,60.69,0.0,303.45,PayPal
2020-05-11,ORD1007,Radiator,Cooling,Retail,2,146.45,29.96,322.86,PayPal
2020-05-12,ORD1008,Brake Pads,Braking system,Retail,1,62.37,21.16,83.53,PayPal
2020-05-12,ORD1009,Control Arm,Suspension,Retail,3,170.57,70.06,581.77,Bank transfer
2020-05-12,ORD1010,Oil Filter,Engine,Retail,4,18.15,47.98,120.58,Credit card
2020-05-13,ORD1011,Brake Pads,Braking system,Retail,3,24.15,0.0,72.45,Credit card
2020-05-13,ORD1012,Oil Filter,Engine,Retail,2,14.31,0.0,28.62,Bank transfer
2020-05-13,ORD1013,Spark Plugs,Ignition,Retail,5,5.13,0.0,25.65,Cash
2020-05-14,ORD1014,Brake Rotor,Braking system,Retail,5,98.36,33.77,525.57,Credit card
2020-05-15,ORD1015,Engine Oil,Engine,Corporate,16,48.55,57.74,834.54,Cash
2020-05-16,ORD1016,Fuel Pump,Fuel System,Retail,5,180.03,0.0,900.15,Bank transfer
2020-05-16,ORD1017,Air Filter,Engine,Retail,4,32.47,67.18,197.06,PayPal
2020-05-16,ORD1018,Radiator,Cooling,Retail,4,84.22,0.0,336.88,Cash
2020-05-16,ORD1019,Spark Plugs,Ignition,Retail,4,12.4,55.12,104.72,PayPal
2020-05-17,ORD1020,Radiator,Cooling,Retail,1,146.47,17.34,163.81,Bank transfer
2020-05-17,ORD1021,Spark Plugs,Ignition,Retail,2,14.51,0.0,29.02,Credit card
2020-05-17,ORD1022,Spark Plugs,Ignition,Retail,3,12.53,0.0,37.59,Credit card
2020-05-18,ORD1023,Engine Oil,Engine,Retail,5,50.15,0.0,250.75,Bank transfer
2020-05-18,ORD1024,Shock Absorber,Suspension,Corporate,6,138.51,0.0,831.06,Credit card
2020-05-18,ORD1025,Engine Oil,Engine,Retail,5,45.38,55.31,282.21,Cash
2020-05-19,ORD1026,Control Arm,Suspension,Retail,2,107.08,6.25,220.41,Cash
2020-05-20,ORD1027,Air Filter,Engine,Retail,3,24.32,17.62,90.58,Credit card
2020-05-20,ORD1028,Fuel Pump,Fuel System,Retail,1,200.58,0.0,200.58,PayPal
2020-05-20,ORD1029,Fuel Pump,Fuel System,Retail,5,97.4,0.0,487.0,Bank transfer
2020-05-20,ORD1030,Clutch Kit,Transmission,Retail,1,261.98,0.0,261.98,PayPal
2020-05-21,ORD1031,Air Filter,Engine,Retail,3,21.43,54.93,119.22,Cash
2020-05-21,ORD1032,Fuel Pump,Fuel System,Retail,1,116.35,17.52,133.87,Bank transfer
2020-05-21,ORD1033,Battery,Electrical,Corporate,18,158.03,15.98,2860.52,Credit card
2020-05-22,ORD1034,Brake Pads,Braking system,Retail,2,49.26,0.0,98.52,PayPal
2020-05-23,ORD1035,Air Filter,Engine,Retail,5,26.71,0.0,133.55,Bank transfer
2020-05-23,ORD1036,Engine Oil,Engine,Retail,3,54.85,59.85,224.4,PayPal
2020-05-23,ORD1037,Radiator,Cooling,Retail,2,162.54,40.08,365.16,Credit card
2020-05-23,ORD1038,Brake Pads,Braking system,Retail,2,34.08,0.0,68.16,PayPal
2020-05-24,ORD1039,Alternator,Electrical,Retail,5,310.94,42.37,1597.07,PayPal
2020-05-24,ORD1040,Clutch Kit,Transmission,Retail,4,282.86,57.91,1189.35,Bank transfer
2020-05-25,ORD1041,Oil Filter,Engine,Retail,4,17.56,55.89,126.13,PayPal
2020-05-26,ORD1042,Alternator,Electrical,Retail,3,330.37,33.34,1024.45,Bank transfer
2020-05-26,ORD1043,Brake Rotor,Braking system,Corporate,16,87.12,70.45,1464.37,Bank transfer
2020-05-26,ORD1044,Brake Pads,Braking system,Retail,1,22.59,0.0,22.59,Bank transfer
2020-05-27,ORD1045,Shock Absorber,Suspension,Retail,1,140.99,0.0,140.99,PayPal
2020-05-28,ORD1046,Air Filter,Engine,Retail,3,27.42,0.0,82.26,Bank transfer
2020-05-29,ORD1047,Air Filter,Engine,Retail,1,16.44,15.08,31.52,Credit card
2020-05-29,ORD1048,Control Arm,Suspension,Corporate,7,112.83,0.0,789.81,Cash
2020-05-29,ORD1049,Clutch Kit,Transmission,Wholesale,16,226.29,0.0,3620.64,PayPal
2020-05-30,ORD1050,Water Pump,Cooling,Retail,3,47.58,51.03,193.77,PayPal
2020-05-30,ORD1051,Control Arm,Suspension,Retail,4,100.71,0.0,402.84,Credit card
2020-05-30,ORD1052,Battery,Electrical,Retail,1,163.42,0.0,163.42,Cash
2020-05-31,ORD1053,Engine Oil,Engine,Wholesale,19,59.37,0.0,1128.03,Cash
2020-05-31,ORD1054,Brake Pads,Braking system,Retail,2,71.1,31.45,173.65,Cash
2020-05-31,ORD1055,Clutch Kit,Transmission,Retail,1,351.59,20.38,371.97,Credit card
2020-06-01,ORD1056,Control Arm,Suspension,Retail,3,119.87,0.0,359.61,PayPal
2020-06-02,ORD1057,Water Pump,Cooling,Wholesale,43,76.18,0.0,3275.74,PayPal
2020-06-02,ORD1058,Air Filter,Engine,Wholesale,33,20.25,0.0,668.25,PayPal
2020-06-02,ORD1059,Shock Absorber,Suspension,Wholesale,19,131.41,45.8,2542.59,Credit card
2020-06-02,ORD1060,Control Arm,Suspension,Retail,3,101.38,62.63,366.77,PayPal
2020-06-03,ORD1061,Radiator,Cooling,Retail,3,96.93,0.0,290.79,Credit card
2020-06-03,ORD1062,Alternator,Electrical,Retail,3,258.22,0.0,774.66,Cash
2020-06-04,ORD1063,Radiator,Cooling,Retail,4,119.93,11.55,491.27,Bank transfer
2020-06-04,ORD1064,Shock Absorber,Suspension,Retail,4,123.23,0.0,492.92,PayPal
2020-06-05,ORD1065,Brake Rotor,Braking system,Corporate,8,66.45,0.0,531.6,Credit card
2020-06-05,ORD1066,Control Arm,Suspension,Retail,5,126.34,10.18,641.88,Bank transfer
2020-06-05,ORD1067,Clutch Kit,Transmission,Retail,1,490.77,0.0,490.77,PayPal
2020-06-06,ORD1068,Fuel Pump,Fuel System,Retail,5,215.06,30.03,1105.33,Credit card
2020-06-06,ORD1069,Control Arm,Suspension,Retail,1,136.34,16.67,153.01,Bank transfer
2020-06-06,ORD1070,Clutch Kit,Transmission,Wholesale,29,305.03,0.0,8845.87,Credit card
2020-06-07,ORD1071,Shock Absorber,Suspension,Corporate,7,119.77,0.0,838.39,Cash
2020-06-08,ORD1072,Fuel Pump,Fuel System,Wholesale,30,186.77,0.0,5603.1,Credit card
2020-06-08,ORD1073,Battery,Electrical,Retail,4,208.35,68.01,901.41,Bank transfer
2020-06-08,ORD1074,Alternator,Electrical,Corporate,17,166.18,0.0,2825.06,Bank transfer
2020-06-09,ORD1075,Fuel Pump,Fuel System,Retail,4,206.13,0.0,824.52,Credit card
2020-06-10,ORD1076,Battery,Electrical,Retail,4,156.52,50.96,677.04,PayPal
2020-06-11,ORD1077,Brake Pads,Braking system,Retail,5,79.08,62.39,457.79,Bank transfer
2020-06-11,ORD1078,Fuel Pump,Fuel System,Retail,2,107.54,0.0,215.08,Credit card
2020-06-11,ORD1079,Brake Rotor,Braking system,Retail,3,43.57,0.0,130.71,Credit card
2020-06-12,ORD1080,Fuel Pump,Fuel System,Retail,4,189.92,9.48,769.16,PayPal
2020-06-13,ORD1081,Battery,Electrical,Retail,4,167.51,19.36,689.4,Bank transfer
2020-06-13,ORD1082,Air Filter,Engine,Retail,3,16.53,0.0,49.59,Bank transfer
2020-06-14,ORD1083,Oil Filter,Engine,Wholesale,25,24.8,0.0,620.0,Cash
2020-06-14,ORD1084,Spark Plugs,Ignition,Corporate,6,14.44,0.0,86.64,Cash
2020-06-14,ORD1085,Oil Filter,Engine,Retail,5,15.18,0.0,75.9,Bank transfer
2020-06-14,ORD1086,Engine Oil,Engine,Retail,4,30.57,22.27,144.55,Bank transfer
2020-06-15,ORD1087,Oil Filter,Engine,Retail,4,13.41,0.0,53.64,Bank transfer
2020-06-15,ORD1088,Clutch Kit,Transmission,Retail,4,208.28,0.0,833.12,Cash
2020-06-15,ORD1089,Brake Pads,Braking system,Retail,4,50.16,56.73,257.37,Credit card
2020-06-16,ORD1090,Battery,Electrical,Retail,5,118.34,67.11,658.81,PayPal
2020-06-16,ORD1091,Radiator,Cooling,Wholesale,25,150.59,0.0,3764.75,Bank transfer
2020-06-17,ORD1092,Control Arm,Suspension,Retail,2,158.05,75.94,392.04,Cash
2020-06-17,ORD1093,Control Arm,Suspension,Retail,2,115.0,0.0,230.0,Bank transfer
2020-06-17,ORD1094,Spark Plugs,Ignition,Retail,3,12.85,0.0,38.55,PayPal
2020-06-17,ORD1095,Alternator,Electrical,Retail,1,211.2,0.0,211.2,Credit card
2020-06-18,ORD1096,Control Arm,Suspension,Wholesale,17,95.29,67.14,1687.07,Bank transfer
2020-06-18,ORD1097,Radiator,Cooling,Retail,1,117.3,0.0,117.3,Cash
2020-06-18,ORD1098,Brake Rotor,Braking system,Corporate,12,86.64,21.76,1061.44,PayPal
2020-06-19,ORD1099,Alternator,Electrical,Retail,1,194.8,0.0,194.8,Credit card
2020-06-19,ORD1100,Spark Plugs,Ignition,Retail,3,10.81,0.0,32.43,Bank transfer
2020-06-19,ORD1101,Clutch Kit,Transmission,Retail,1,282.7,0.0,282.7,PayPal
2020-06-20,ORD1102,Air Filter,Engine,Retail,1,25.61,71.16,96.77,Credit card
2020-06-21,ORD1103,Fuel Pump,Fuel System,Wholesale,47,203.2,0.0,9550.4,Credit card
2020-06-22,ORD1104,Fuel Pump,Fuel System,Wholesale,40,112.3,0.0,4492.0,PayPal
2020-06-22,ORD1105,Oil Filter,Engine,Retail,2,11.38,53.07,75.83,PayPal
2020-06-22,ORD1106,Air Filter,Engine,Wholesale,15,16.19,0.0,242.85,Bank transfer
2020-06-22,ORD1107,Radiator,Cooling,Retail,3,121.41,0.0,364.23,PayPal
2020-06-23,ORD1108,Air Filter,Engine,Retail,3,18.59,25.11,80.88,PayPal
2020-06-23,ORD1109,Water Pump,Cooling,Corporate,18,92.2,24.47,1684.07,Cash
2020-06-23,ORD1110,Control Arm,Suspension,Wholesale,18,164.85,24.49,2991.79,Bank transfer
2020-06-23,ORD1111,Control Arm,Suspension,Wholesale,13,165.33,0.0,2149.29,Credit card
2020-06-24,ORD1112,Oil Filter,Engine,Retail,2,11.45,0.0,22.9,PayPal
2020-06-24,ORD1113,Water Pump,Cooling,Retail,3,61.81,0.0,185.43,Credit card
2020-06-24,ORD1114,Oil Filter,Engine,Retail,3,16.39,0.0,49.17,PayPal
2020-06-25,ORD1115,Spark Plugs,Ignition,Retail,5,10.62,0.0,53.1,Credit card
2020-06-25,ORD1116,Brake Rotor,Braking system,Retail,3,90.77,0.0,272.31,Cash
2020-06-25,ORD1117,Alternator,Electrical,Retail,4,312.8,0.0,1251.2,Credit card
2020-06-26,ORD1118,Control Arm,Suspension,Retail,3,83.07,36.03,285.24,PayPal
2020-06-26,ORD1119,Engine Oil,Engine,Wholesale,22,38.75,77.85,930.35,Credit card
2020-06-27,ORD1120,Clutch Kit,Transmission,Retail,3,281.92,0.0,845.76,PayPal
2020-06-27,ORD1121,Control Arm,Suspension,Retail,5,174.19,0.0,870.95,Bank transfer
2020-06-28,ORD1122,Air Filter,Engine,Wholesale,23,29.87,34.63,721.64,Cash
2020-06-28,ORD1123,Brake Pads,Braking system,Retail,4,76.24,0.0,304.96,Credit card
2020-06-28,ORD1124,Clutch Kit,Transmission,Wholesale,42,357.75,30.47,15055.97,Credit card
2020-06-28,ORD1125,Battery,Electrical,Retail,5,179.17,0.0,895.85,PayPal
2020-06-29,ORD1126,Radiator,Cooling,Retail,2,156.49,19.32,332.3,Credit card
2020-06-29,ORD1127,Radiator,Cooling,Retail,4,175.53,30.18,732.3,Bank transfer
2020-06-30,ORD1128,Fuel Pump,Fuel System,Retail,2,148.74,0.0,297.48,Cash
2020-06-30,ORD1129,Fuel Pump,Fuel System,Retail,1,97.32,0.0,97.32,Bank transfer
2020-06-30,ORD1130,Clutch Kit,Transmission,Retail,4,307.88,0.0,1231.52,PayPal
2020-07-01,ORD1131,Battery,Electrical,Retail,5,224.85,20.17,1144.42,Cash
2020-07-01,ORD1132,Fuel Pump,Fuel System,Corporate,14,118.89,0.0,1664.46,Cash
2020-07-01,ORD1133,Oil Filter,Engine,Corporate,11,18.03,0.0,198.33,PayPal
2020-07-01,ORD1134,Engine Oil,Engine,Wholesale,28,31.47,0.0,881.16,Credit card
2020-07-02,ORD1135,Radiator,Cooling,Retail,5,126.74,19.69,653.39,Credit card
2020-07-02,ORD1136,Fuel Pump,Fuel System,Retail,2,204.94,0.0,409.88,Cash
2020-07-02,ORD1137,Air Filter,Engine,Retail,2,20.9,77.87,119.67,PayPal
2020-07-03,ORD1138,Clutch Kit,Transmission,Wholesale,48,283.12,46.34,13636.1,Credit card
2020-07-03,ORD1139,Water Pump,Cooling,Retail,2,84.23,68.28,236.74,PayPal
2020-07-03,ORD1140,Oil Filter,Engine,Retail,3,23.88,0.0,71.64,Credit card
2020-07-03,ORD1141,Clutch Kit,Transmission,Retail,1,317.25,70.1,387.35,Cash
2020-07-04,ORD1142,Control Arm,Suspension,Retail,3,121.86,35.62,401.2,PayPal
2020-07-04,ORD1143,Oil Filter,Engine,Corporate,10,22.79,0.0,227.9,Credit card
2020-07-04,ORD1144,Radiator,Cooling,Retail,4,105.61,31.62,454.06,PayPal
2020-07-04,ORD1145,Clutch Kit,Transmission,Corporate,11,399.35,25.32,4418.17,Credit card
2020-07-05,ORD1146,Alternator,Electrical,Retail,4,265.63,0.0,1062.52,Credit card
2020-07-06,ORD1147,Spark Plugs,Ignition,Wholesale,12,14.25,60.38,231.38,Bank transfer
2020-07-07,ORD1148,Brake Pads,Braking system,Corporate,16,48.0,67.28,835.28,PayPal
2020-07-07,ORD1149,Brake Rotor,Braking system,Retail,5,42.99,79.25,294.2,Credit card
2020-07-07,ORD1150,Shock Absorber,Suspension,Retail,2,62.97,0.0,125.94,Credit card
2020-07-07,ORD1151,Fuel Pump,Fuel System,Retail,4,96.58,0.0,386.32,PayPal
2020-07-08,ORD1152,Clutch Kit,Transmission,Corporate,6,282.44,0.0,1694.64,PayPal
2020-07-08,ORD1153,Control Arm,Suspension,Retail,5,166.99,0.0,834.95,Bank transfer
2020-07-09,ORD1154,Brake Rotor,Braking system,Retail,3,55.07,72.42,237.63,Bank transfer
2020-07-09,ORD1155,Spark Plugs,Ignition,Retail,2,9.05,0.0,18.1,Credit card
2020-07-09,ORD1156,Shock Absorber,Suspension,Retail,3,107.3,30.74,352.64,Cash
2020-07-10,ORD1157,Brake Rotor,Braking system,Retail,4,43.12,39.68,212.16,Cash
2020-07-10,ORD1158,Alternator,Electrical,Retail,1,286.61,0.0,286.61,Bank transfer
2020-07-10,ORD1159,Fuel Pump,Fuel System,Corporate,19,187.94,0.0,3570.86,Cash
2020-07-11,ORD1160,Engine Oil,Engine,Corporate,15,38.08,0.0,571.2,PayPal
2020-07-11,ORD1161,Air Filter,Engine,Wholesale,15,28.13,79.53,501.48,Credit card
2020-07-11,ORD1162,Oil Filter,Engine,Corporate,6,20.22,30.22,151.54,Cash
2020-07-11,ORD1163,Brake Pads,Braking system,Retail,2,23.57,0.0,47.14,Credit card
2020-07-12,ORD1164,Air Filter,Engine,Wholesale,41,20.61,37.17,882.18,Bank transfer
2020-07-12,ORD1165,Air Filter,Engine,Retail,2,33.16,0.0,66.32,Bank transfer
2020-07-12,ORD1166,Brake Pads,Braking system,Retail,5,22.85,0.0,114.25,Cash
2020-07-12,ORD1167,Radiator,Cooling,Wholesale,26,181.8,0.0,4726.8,PayPal
2020-07-13,ORD1168,Fuel Pump,Fuel System,Retail,4,191.69,45.68,812.44,Bank transfer
2020-07-14,ORD1169,Engine Oil,Engine,Retail,3,40.48,35.36,156.8,Cash
2020-07-14,ORD1170,Battery,Electrical,Wholesale,40,127.89,0.0,5115.6,Credit card
2020-07-14,ORD1171,Brake Rotor,Braking system,Retail,4,93.32,0.0,373.28,Credit card
2020-07-14,ORD1172,Control Arm,Suspension,Retail,5,106.51,0.0,532.55,Bank transfer
2020-07-15,ORD1173,Brake Pads,Braking system,Retail,3,34.99,0.0,104.97,Cash
2020-07-15,ORD1174,Alternator,Electrical,Wholesale,19,302.18,55.98,5797.4,Cash
2020-07-15,ORD1175,Brake Rotor,Braking system,Wholesale,26,84.29,45.18,2236.72,Credit card
2020-07-15,ORD1176,Brake Rotor,Braking system,Retail,5,59.0,0.0,295.0,PayPal
2020-07-16,ORD1177,Battery,Electrical,Corporate,11,218.22,0.0,2400.42,Bank transfer
2020-07-16,ORD1178,Air Filter,Engine,Retail,2,24.07,0.0,48.14,Cash
2020-07-17,ORD1179,Fuel Pump,Fuel System,Retail,4,87.17,8.6,357.28,Credit card
2020-07-17,ORD1180,Shock Absorber,Suspension,Retail,2,93.47,13.34,200.28,Bank transfer
2020-07-17,ORD1181,Clutch Kit,Transmission,Retail,1,381.25,60.43,441.68,PayPal
2020-07-17,ORD1182,Oil Filter,Engine,Retail,1,15.12,28.01,43.13,PayPal
2020-07-18,ORD1183,Control Arm,Suspension,Retail,1,129.39,0.0,129.39,Credit card
2020-07-19,ORD1184,Oil Filter,Engine,Wholesale,21,11.42,0.0,239.82,Credit card
2020-07-19,ORD1185,Water Pump,Cooling,Retail,5,84.36,35.42,457.22,PayPal
2020-07-19,ORD1186,Oil Filter,Engine,Retail,4,18.88,12.16,87.68,Bank transfer
2020-07-20,ORD1187,Brake Pads,Braking system,Retail,3,34.71,0.0,104.13,PayPal
2020-07-20,ORD1188,Oil Filter,Engine,Corporate,15,18.22,12.08,285.38,PayPal
2020-07-20,ORD1189,Water Pump,Cooling,Corporate,15,78.16,77.98,1250.38,Bank transfer
2020-07-21,ORD1190,Air Filter,Engine,Retail,4,17.73,0.0,70.92,PayPal
2020-07-21,ORD1191,Shock Absorber,Suspension,Retail,5,103.91,34.7,554.25,Bank transfer
2020-07-22,ORD1192,Radiator,Cooling,Retail,3,187.2,0.0,561.6,PayPal
2020-07-22,ORD1193,Control Arm,Suspension,Retail,4,171.25,79.67,764.67,Cash
2020-07-22,ORD1194,Spark Plugs,Ignition,Retail,3,8.84,0.0,26.52,Credit card
2020-07-22,ORD1195,Brake Rotor,Braking system,Retail,5,45.5,78.81,306.31,Bank transfer
2020-07-23,ORD1196,Spark Plugs,Ignition,Wholesale,46,10.84,0.0,498.64,Credit card
2020-07-23,ORD1197,Clutch Kit,Transmission,Retail,2,372.13,78.37,822.63,PayPal
2020-07-24,ORD1198,Water Pump,Cooling,Retail,1,119.57,0.0,119.57,Cash
2020-07-24,ORD1199,Water Pump,Cooling,Wholesale,17,105.07,0.0,1786.19,Cash
2020-07-24,ORD1200,Brake Rotor,Braking system,Retail,4,62.1,34.14,282.54,Credit card
2020-07-25,ORD1201,Water Pump,Cooling,Retail,4,82.9,34.27,365.87,Credit card
2020-07-25,ORD1202,Brake Rotor,Braking system,Retail,3,72.69,0.0,218.07,Credit card
2020-07-25,ORD1203,Fuel Pump,Fuel System,Retail,3,87.91,0.0,263.73,Bank transfer
2020-07-26,ORD1204,Battery,Electrical,Retail,2,227.75,0.0,455.5,Cash
2020-07-27,ORD1205,Air Filter,Engine,Retail,1,31.75,0.0,31.75,Bank transfer
2020-07-27,ORD1206,Water Pump,Cooling,Retail,5,60.23,0.0,301.15,Cash
2020-07-28,ORD1207,Brake Pads,Braking system,Retail,2,50.66,15.63,116.95,PayPal
2020-07-28,ORD1208,Water Pump,Cooling,Wholesale,10,119.72,0.0,1197.2,Credit card
2020-07-28,ORD1209,Brake Rotor,Braking system,Wholesale,47,63.59,59.26,3047.99,Bank transfer
2020-07-28,ORD1210,Battery,Electrical,Retail,3,229.32,59.83,747.79,Bank transfer
2020-07-29,ORD1211,Alternator,Electrical,Retail,1,256.99,47.1,304.09,Cash
2020-07-29,ORD1212,Brake Rotor,Braking system,Retail,4,43.93,0.0,175.72,PayPal
2020-07-30,ORD1213,Brake Rotor,Braking system,Retail,5,60.31,30.73,332.28,PayPal
2020-07-30,ORD1214,Water Pump,Cooling,Retail,2,91.1,66.89,249.09,Cash
2020-07-30,ORD1215,Shock Absorber,Suspension,Retail,2,93.48,0.0,186.96,PayPal
2020-07-31,ORD1216,Water Pump,Cooling,Retail,5,68.22,0.0,341.1,Cash
2020-07-31,ORD1217,Clutch Kit,Transmission,Retail,5,235.52,75.48,1253.08,Credit card
2020-08-01,ORD1218,Fuel Pump,Fuel System,Wholesale,28,217.15,0.0,6080.2,Credit card
2020-08-01,ORD1219,Control Arm,Suspension,Retail,1,131.16,0.0,131.16,PayPal
2020-08-01,ORD1220,Engine Oil,Engine,Retail,3,51.88,79.32,234.96,Credit card
2020-08-01,ORD1221,Spark Plugs,Ignition,Wholesale,20,13.52,0.0,270.4,PayPal
2020-08-02,ORD1222,Water Pump,Cooling,Retail,1,80.87,0.0,80.87,Cash
2020-08-03,ORD1223,Brake Pads,Braking system,Retail,2,31.3,0.0,62.6,Cash
2020-08-03,ORD1224,Brake Rotor,Braking system,Retail,4,81.67,11.98,338.66,PayPal
2020-08-04,ORD1225,Radiator,Cooling,Retail,4,81.57,0.0,326.28,Cash
2020-08-04,ORD1226,Battery,Electrical,Wholesale,37,148.54,72.67,5568.65,Credit card
2020-08-04,ORD1227,Brake Rotor,Braking system,Retail,3,51.46,0.0,154.38,PayPal
2020-08-05,ORD1228,Oil Filter,Engine,Corporate,10,20.33,0.0,203.3,Bank transfer
2020-08-05,ORD1229,Radiator,Cooling,Retail,1,153.36,0.0,153.36,Cash
2020-08-05,ORD1230,Engine Oil,Engine,Retail,1,36.44,0.0,36.44,Cash
2020-08-06,ORD1231,Oil Filter,Engine,Wholesale,40,13.65,0.0,546.0,Cash
2020-08-07,ORD1232,Air Filter,Engine,Retail,3,21.53,0.0,64.59,Bank transfer
2020-08-07,ORD1233,Air Filter,Engine,Corporate,7,17.67,0.0,123.69,Cash
2020-08-07,ORD1234,Control Arm,Suspension,Retail,3,150.0,0.0,450.0,Bank transfer
2020-08-07,ORD1235,Engine Oil,Engine,Retail,4,37.48,0.0,149.92,Cash
2020-08-08,ORD1236,Engine Oil,Engine,Wholesale,16,30.49,41.37,529.21,Bank transfer
2020-08-09,ORD1237,Engine Oil,Engine,Wholesale,48,34.83,42.66,1714.5,Credit card
2020-08-09,ORD1238,Brake Pads,Braking system,Retail,1,44.19,0.0,44.19,PayPal
2020-08-09,ORD1239,Control Arm,Suspension,Retail,1,138.99,0.0,138.99,Bank transfer
2020-08-09,ORD1240,Brake Rotor,Braking system,Wholesale,11,53.87,0.0,592.57,Credit card
2020-08-10,ORD1241,Alternator,Electrical,Wholesale,32,242.04,0.0,7745.28,Bank transfer
2020-08-10,ORD1242,Radiator,Cooling,Retail,3,129.26,0.0,387.78,PayPal
2020-08-11,ORD1243,Water Pump,Cooling,Retail,4,42.86,0.0,171.44,Bank transfer
2020-08-11,ORD1244,Water Pump,Cooling,Corporate,18,45.01,0.0,810.18,Credit card
2020-08-11,ORD1245,Shock Absorber,Suspension,Retail,1,77.77,0.0,77.77,Cash
2020-08-11,ORD1246,Shock Absorber,Suspension,Wholesale,36,64.61,0.0,2325.96,Cash
2020-08-12,ORD1247,Alternator,Electrical,Wholesale,25,182.55,0.0,4563.75,Credit card
2020-08-12,ORD1248,Alternator,Electrical,Retail,5,271.38,0.0,1356.9,PayPal
2020-08-13,ORD1249,Brake Rotor,Braking system,Retail,3,40.79,0.0,122.37,Cash
2020-08-13,ORD1250,Shock Absorber,Suspension,Retail,1,74.01,0.0,74.01,Bank transfer
2020-08-13,ORD1251,Brake Pads,Braking system,Retail,2,51.33,66.94,169.6,PayPal
2020-08-13,ORD1252,Water Pump,Cooling,Retail,3,101.81,0.0,305.43,PayPal
2020-08-14,ORD1253,Engine Oil,Engine,Retail,5,49.01,0.0,245.05,Cash
2020-08-14,ORD1254,Brake Rotor,Braking system,Wholesale,22,53.65,33.04,1213.34,PayPal
2020-08-14,ORD1255,Battery,Electrical,Wholesale,11,217.34,0.0,2390.74,Credit card
2020-08-14,ORD1256,Control Arm,Suspension,Retail,5,137.23,24.37,710.52,Credit card
2020-08-15,ORD1257,Shock Absorber,Suspension,Retail,4,99.64,0.0,398.56,Bank transfer
2020-08-15,ORD1258,Engine Oil,Engine,Retail,3,56.49,28.47,197.94,PayPal
2020-08-15,ORD1259,Alternator,Electrical,Retail,3,161.34,53.38,537.4,PayPal
2020-08-15,ORD1260,Fuel Pump,Fuel System,Retail,4,94.53,54.23,432.35,Cash
2020-08-16,ORD1261,Battery,Electrical,Wholesale,21,162.05,0.0,3403.05,PayPal
2020-08-16,ORD1262,Engine Oil,Engine,Retail,5,55.72,74.75,353.35,Cash
2020-08-16,ORD1263,Water Pump,Cooling,Retail,1,50.36,0.0,50.36,Cash
2020-08-16,ORD1264,Water Pump,Cooling,Wholesale,27,104.89,31.87,2863.9,Cash
2020-08-17,ORD1265,Engine Oil,Engine,Retail,1,33.53,61.26,94.79,Credit card
2020-08-17,ORD1266,Brake Rotor,Braking system,Wholesale,10,77.21,0.0,772.1,Cash
2020-08-17,ORD1267,Fuel Pump,Fuel System,Corporate,7,147.97,0.0,1035.79,Cash
2020-08-18,ORD1268,Oil Filter,Engine,Retail,4,14.93,28.27,87.99,Bank transfer
2020-08-18,ORD1269,Fuel Pump,Fuel System,Retail,2,84.44,0.0,168.88,PayPal
2020-08-19,ORD1270,Water Pump,Cooling,Retail,2,102.74,59.72,265.2,Credit card
2020-08-19,ORD1271,Alternator,Electrical,Retail,2,299.72,65.89,665.33,Cash
2020-08-19,ORD1272,Brake Pads,Braking system,Retail,4,21.79,0.0,87.16,Bank transfer
2020-08-19,ORD1273,Control Arm,Suspension,Wholesale,28,152.9,0.0,4281.2,PayPal
2020-08-20,ORD1274,Brake Rotor,Braking system,Retail,3,93.13,0.0,279.39,PayPal
2020-08-20,ORD1275,Spark Plugs,Ignition,Retail,4,12.82,0.0,51.28,PayPal
2020-08-20,ORD1276,Water Pump,Cooling,Retail,5,78.92,0.0,394.6,Credit card
2020-08-21,ORD1277,Fuel Pump,Fuel System,Retail,2,123.7,43.27,290.67,Cash
2020-08-21,ORD1278,Oil Filter,Engine,Retail,5,24.8,20.43,144.43,Bank transfer
2020-08-21,ORD1279,Air Filter,Engine,Retail,4,27.8,0.0,111.2,PayPal
2020-08-22,ORD1280,Battery,Electrical,Retail,1,144.3,0.0,144.3,Cash
2020-08-22,ORD1281,Clutch Kit,Transmission,Wholesale,13,407.17,69.4,5362.61,Bank transfer
2020-08-22,ORD1282,Water Pump,Cooling,Retail,5,88.93,36.21,480.86,Cash
2020-08-22,ORD1283,Brake Rotor,Braking system,Wholesale,21,93.17,39.6,1996.17,Credit card
2020-08-23,ORD1284,Alternator,Electrical,Retail,4,336.01,35.6,1379.64,Cash
2020-08-23,ORD1285,Fuel Pump,Fuel System,Wholesale,10,117.75,33.83,1211.33,Credit card
2020-08-24,ORD1286,Control Arm,Suspension,Retail,1,76.35,0.0,76.35,PayPal
2020-08-24,ORD1287,Control Arm,Suspension,Retail,4,159.4,69.55,707.15,PayPal
2020-08-24,ORD1288,Spark Plugs,Ignition,Wholesale,30,10.36,28.13,338.93,Credit card
2020-08-25,ORD1289,Fuel Pump,Fuel System,Retail,4,84.81,0.0,339.24,Bank transfer
2020-08-26,ORD1290,Radiator,Cooling,Retail,3,187.21,0.0,561.63,PayPal
2020-08-26,ORD1291,Battery,Electrical,Retail,4,123.94,0.0,495.76,PayPal
2020-08-27,ORD1292,Battery,Electrical,Retail,1,217.64,0.0,217.64,PayPal
2020-08-27,ORD1293,Shock Absorber,Suspension,Retail,5,111.47,0.0,557.35,Cash
2020-08-28,ORD1294,Air Filter,Engine,Retail,4,31.39,40.31,165.87,Cash
2020-08-29,ORD1295,Alternator,Electrical,Retail,1,262.28,0.0,262.28,Credit card
2020-08-30,ORD1296,Oil Filter,Engine,Retail,3,18.3,5.85,60.75,PayPal
2020-08-30,ORD1297,Clutch Kit,Transmission,Retail,3,272.24,36.77,853.49,Bank transfer
2020-08-30,ORD1298,Oil Filter,Engine,Retail,1,12.2,0.0,12.2,Credit card
2020-08-30,ORD1299,Spark Plugs,Ignition,Retail,1,7.62,0.0,7.62,Cash
2020-08-31,ORD1300,Oil Filter,Engine,Retail,3,20.68,12.13,74.17,PayPal
2020-08-31,ORD1301,Air Filter,Engine,Retail,4,22.24,0.0,88.96,PayPal
2020-08-31,ORD1302,Fuel Pump,Fuel System,Retail,5,202.32,0.0,1011.6,Bank transfer
2020-08-31,ORD1303,Engine Oil,Engine,Retail,3,59.64,38.95,217.87,PayPal
2020-09-01,ORD1304,Oil Filter,Engine,Wholesale,19,23.89,52.63,506.54,Bank transfer
2020-09-01,ORD1305,Brake Pads,Braking system,Retail,4,66.85,0.0,267.4,Credit card
2020-09-02,ORD1306,Air Filter,Engine,Wholesale,40,16.83,45.74,718.94,Bank transfer
2020-09-02,ORD1307,Shock Absorber,Suspension,Corporate,13,114.12,18.67,1502.23,PayPal
2020-09-02,ORD1308,Water Pump,Cooling,Retail,1,84.19,0.0,84.19,Bank transfer
2020-09-03,ORD1309,Shock Absorber,Suspension,Retail,3,121.74,0.0,365.22,PayPal
2020-09-03,ORD1310,Engine Oil,Engine,Corporate,9,50.58,0.0,455.22,PayPal
2020-09-04,ORD1311,Radiator,Cooling,Retail,5,119.86,0.0,599.3,PayPal
2020-09-04,ORD1312,Clutch Kit,Transmission,Retail,2,303.37,0.0,606.74,Cash
2020-09-04,ORD1313,Shock Absorber,Suspension,Retail,1,78.6,76.91,155.51,Cash
2020-09-04,ORD1314,Shock Absorber,Suspension,Wholesale,38,75.54,0.0,2870.52,PayPal
2020-09-05,ORD1315,Spark Plugs,Ignition,Retail,4,7.59,8.29,38.65,Credit card
2020-09-06,ORD1316,Shock Absorber,Suspension,Retail,5,130.03,0.0,650.15,Bank transfer
2020-09-06,ORD1317,Water Pump,Cooling,Retail,2,90.1,0.0,180.2,Bank transfer
2020-09-06,ORD1318,Brake Pads,Braking system,Retail,4,57.81,0.0,231.24,PayPal
2020-09-06,ORD1319,Engine Oil,Engine,Retail,5,39.21,0.0,196.05,Cash
2020-09-07,ORD1320,Radiator,Cooling,Retail,3,105.0,0.0,315.0,PayPal
2020-09-08,ORD1321,Control Arm,Suspension,Retail,1,156.73,0.0,156.73,Cash
2020-09-08,ORD1322,Clutch Kit,Transmission,Retail,5,418.86,0.0,2094.3,Bank transfer
2020-09-08,ORD1323,Clutch Kit,Transmission,Retail,1,252.53,33.71,286.24,Cash
2020-09-08,ORD1324,Control Arm,Suspension,Retail,5,124.69,77.81,701.26,Bank transfer
2020-09-09,ORD1325,Oil Filter,Engine,Retail,5,11.89,0.0,59.45,Credit card
2020-09-09,ORD1326,Brake Rotor,Braking system,Retail,4,79.12,7.36,323.84,Credit card
2020-09-09,ORD1327,Brake Pads,Braking system,Retail,3,63.24,70.91,260.63,Credit card
2020-09-09,ORD1328,Brake Pads,Braking system,Wholesale,20,36.84,0.0,736.8,Cash
2020-09-10,ORD1329,Control Arm,Suspension,Retail,1,70.5,0.0,70.5,PayPal
2020-09-10,ORD1330,Oil Filter,Engine,Retail,1,19.57,0.0,19.57,Bank transfer
2020-09-10,ORD1331,Brake Pads,Braking system,Retail,1,49.66,0.0,49.66,PayPal
2020-09-11,ORD1332,Engine Oil,Engine,Wholesale,30,31.37,33.98,975.08,Bank transfer
2020-09-12,ORD1333,Control Arm,Suspension,Wholesale,14,141.92,0.0,1986.88,Bank transfer
2020-09-12,ORD1334,Engine Oil,Engine,Wholesale,40,43.49,0.0,1739.6,Credit card
2020-09-12,ORD1335,Spark Plugs,Ignition,Corporate,19,9.2,0.0,174.8,PayPal
2020-09-12,ORD1336,Clutch Kit,Transmission,Wholesale,37,267.19,0.0,9886.03,Bank transfer
2020-09-13,ORD1337,Fuel Pump,Fuel System,Retail,3,200.82,0.0,602.46,Cash
2020-09-14,ORD1338,Brake Pads,Braking system,Retail,3,40.8,58.4,180.8,Credit card
2020-09-14,ORD1339,Fuel Pump,Fuel System,Retail,2,173.63,0.0,347.26,PayPal
2020-09-15,ORD1340,Control Arm,Suspension,Retail,4,170.61,0.0,682.44,Cash
2020-09-16,ORD1341,Brake Pads,Braking system,Retail,2,50.59,0.0,101.18,PayPal
2020-09-16,ORD1342,Battery,Electrical,Retail,2,189.92,35.04,414.88,PayPal
2020-09-16,ORD1343,Brake Rotor,Braking system,Retail,2,61.54,7.71,130.79,Cash
2020-09-17,ORD1344,Oil Filter,Engine,Retail,4,15.8,0.0,63.2,PayPal
2020-09-17,ORD1345,Air Filter,Engine,Retail,3,28.83,22.2,108.69,Credit card
2020-09-17,ORD1346,Engine Oil,Engine,Retail,2,39.29,0.0,78.58,PayPal
2020-09-17,ORD1347,Engine Oil,Engine,Retail,2,42.55,0.0,85.1,PayPal
2020-09-18,ORD1348,Air Filter,Engine,Retail,5,30.04,61.36,211.56,PayPal
2020-09-18,ORD1349,Spark Plugs,Ignition,Retail,2,5.31,0.0,10.62,PayPal
2020-09-19,ORD1350,Engine Oil,Engine,Retail,2,56.89,15.52,129.3,PayPal
2020-09-20,ORD1351,Control Arm,Suspension,Wholesale,18,74.16,0.0,1334.88,Credit card
2020-09-20,ORD1352,Water Pump,Cooling,Wholesale,35,116.71,0.0,4084.85,Bank transfer
2020-09-20,ORD1353,Shock Absorber,Suspension,Wholesale,26,122.94,0.0,3196.44,Bank transfer
2020-09-21,ORD1354,Brake Pads,Braking system,Wholesale,40,30.05,0.0,1202.0,PayPal
2020-09-21,ORD1355,Oil Filter,Engine,Retail,3,15.04,61.43,106.55,Credit card
2020-09-21,ORD1356,Engine Oil,Engine,Retail,2,37.99,0.0,75.98,Cash
2020-09-21,ORD1357,Air Filter,Engine,Retail,1,33.58,0.0,33.58,PayPal
2020-09-22,ORD1358,Engine Oil,Engine,Retail,1,36.47,0.0,36.47,Bank transfer
2020-09-22,ORD1359,Water Pump,Cooling,Retail,5,78.39,0.0,391.95,Credit card
2020-09-22,ORD1360,Spark Plugs,Ignition,Wholesale,20,13.43,28.0,296.6,Bank transfer
2020-09-23,ORD1361,Engine Oil,Engine,Retail,4,41.42,0.0,165.68,Bank transfer
2020-09-24,ORD1362,Clutch Kit,Transmission,Retail,4,218.53,10.94,885.06,Cash
2020-09-24,ORD1363,Brake Pads,Braking system,Retail,3,69.99,14.05,224.02,PayPal
2020-09-24,ORD1364,Spark Plugs,Ignition,Retail,4,11.55,0.0,46.2,Credit card
2020-09-25,ORD1365,Fuel Pump,Fuel System,Retail,2,199.3,6.55,405.15,Bank transfer
2020-09-25,ORD1366,Brake Rotor,Braking system,Retail,4,86.47,36.01,381.89,Cash
2020-09-26,ORD1367,Clutch Kit,Transmission,Retail,3,462.24,0.0,1386.72,Bank transfer
2020-09-27,ORD1368,Oil Filter,Engine,Wholesale,23,16.05,0.0,369.15,PayPal
2020-09-27,ORD1369,Alternator,Electrical,Retail,1,265.67,26.51,292.18,Credit card
2020-09-28,ORD1370,Brake Rotor,Braking system,Retail,4,66.48,24.68,290.6,PayPal
2020-09-28,ORD1371,Clutch Kit,Transmission,Wholesale,34,376.57,0.0,12803.38,PayPal
2020-09-28,ORD1372,Oil Filter,Engine,Wholesale,47,15.19,0.0,713.93,Credit card
2020-09-29,ORD1373,Radiator,Cooling,Wholesale,12,109.93,0.0,1319.16,PayPal
2020-09-29,ORD1374,Oil Filter,Engine,Corporate,6,13.47,0.0,80.82,Credit card
2020-09-29,ORD1375,Brake Rotor,Braking system,Wholesale,22,62.22,13.13,1381.97,PayPal
2020-09-30,ORD1376,Spark Plugs,Ignition,Retail,2,14.69,0.0,29.38,Cash
2020-10-01,ORD1377,Brake Pads,Braking system,Retail,2,33.57,0.0,67.14,Cash
2020-10-02,ORD1378,Brake Pads,Braking system,Wholesale,17,36.67,0.0,623.39,Bank transfer
2020-10-03,ORD1379,Shock Absorber,Suspension,Retail,5,96.74,69.21,552.91,Bank transfer
2020-10-03,ORD1380,Brake Pads,Braking system,Retail,5,23.36,62.88,179.68,Cash
2020-10-03,ORD1381,Engine Oil,Engine,Retail,3,54.98,0.0,164.94,Bank transfer
2020-10-04,ORD1382,Oil Filter,Engine,Corporate,14,20.17,69.77,352.15,PayPal
2020-10-05,ORD1383,Water Pump,Cooling,Wholesale,29,82.7,0.0,2398.3,PayPal
2020-10-05,ORD1384,Water Pump,Cooling,Wholesale,28,52.98,0.0,1483.44,Credit card
2020-10-05,ORD1385,Control Arm,Suspension,Retail,4,91.0,75.05,439.05,PayPal
2020-10-06,ORD1386,Water Pump,Cooling,Retail,4,44.58,62.64,240.96,Bank transfer
2020-10-06,ORD1387,Brake Pads,Braking system,Corporate,6,63.82,39.78,422.7,Credit card
2020-10-06,ORD1388,Brake Rotor,Braking system,Retail,4,91.72,0.0,366.88,Bank transfer
2020-10-07,ORD1389,Air Filter,Engine,Retail,2,29.61,31.53,90.75,PayPal
2020-10-07,ORD1390,Control Arm,Suspension,Retail,2,89.31,27.42,206.04,PayPal
2020-10-07,ORD1391,Spark Plugs,Ignition,Retail,3,11.74,0.0,35.22,Cash
2020-10-07,ORD1392,Clutch Kit,Transmission,Retail,5,471.67,0.0,2358.35,Cash
2020-10-08,ORD1393,Spark Plugs,Ignition,Retail,5,6.63,18.43,51.58,Bank transfer
2020-10-08,ORD1394,Battery,Electrical,Retail,5,249.87,0.0,1249.35,Credit card
2020-10-08,ORD1395,Air Filter,Engine,Retail,1,20.26,37.61,57.87,Bank transfer
2020-10-08,ORD1396,Battery,Electrical,Retail,4,102.23,30.93,439.85,Cash
2020-10-09,ORD1397,Radiator,Cooling,Retail,1,159.55,74.5,234.05,Credit card
2020-10-09,ORD1398,Radiator,Cooling,Retail,2,98.17,0.0,196.34,PayPal
2020-10-10,ORD1399,Clutch Kit,Transmission,Retail,4,433.85,12.95,1748.35,PayPal
2020-10-10,ORD1400,Engine Oil,Engine,Retail,3,37.87,0.0,113.61,Credit card
2020-10-11,ORD1401,Water Pump,Cooling,Wholesale,38,85.59,76.34,3328.76,Bank transfer
2020-10-11,ORD1402,Spark Plugs,Ignition,Corporate,7,7.03,49.57,98.78,PayPal
2020-10-12,ORD1403,Air Filter,Engine,Retail,3,24.3,0.0,72.9,Bank transfer
2020-10-12,ORD1404,Air Filter,Engine,Retail,1,21.45,0.0,21.45,Cash
2020-10-12,ORD1405,Shock Absorber,Suspension,Wholesale,18,148.65,0.0,2675.7,PayPal
2020-10-13,ORD1406,Engine Oil,Engine,Retail,3,58.03,28.04,202.13,Cash
2020-10-13,ORD1407,Water Pump,Cooling,Retail,4,40.1,0.0,160.4,PayPal
2020-10-13,ORD1408,Water Pump,Cooling,Retail,5,71.8,11.23,370.23,Credit card
2020-10-14,ORD1409,Engine Oil,Engine,Retail,4,48.08,0.0,192.32,PayPal
2020-10-14,ORD1410,Water Pump,Cooling,Wholesale,11,58.84,0.0,647.24,Bank transfer
2020-10-15,ORD1411,Air Filter,Engine,Corporate,17,32.4,0.0,550.8,Cash
2020-10-16,ORD1412,Air Filter,Engine,Retail,3,25.24,0.0,75.72,Cash
2020-10-16,ORD1413,Water Pump,Cooling,Wholesale,26,89.29,45.21,2366.75,Cash
2020-10-16,ORD1414,Clutch Kit,Transmission,Retail,1,368.65,0.0,368.65,Cash
2020-10-16,ORD1415,Control Arm,Suspension,Wholesale,13,113.75,0.0,1478.75,Cash
2020-10-17,ORD1416,Clutch Kit,Transmission,Retail,3,469.04,0.0,1407.12,Credit card
2020-10-17,ORD1417,Air Filter,Engine,Wholesale,27,28.13,0.0,759.51,PayPal
2020-10-18,ORD1418,Oil Filter,Engine,Retail,4,10.59,0.0,42.36,Credit card
2020-10-18,ORD1419,Alternator,Electrical,Retail,2,159.13,16.24,334.5,Cash
2020-10-18,ORD1420,Radiator,Cooling,Corporate,9,130.65,0.0,1175.85,Credit card
2020-10-19,ORD1421,Clutch Kit,Transmission,Retail,4,475.63,30.61,1933.13,PayPal
2020-10-19,ORD1422,Control Arm,Suspension,Corporate,16,115.55,0.0,1848.8,Cash
2020-10-19,ORD1423,Air Filter,Engine,Corporate,17,31.89,0.0,542.13,PayPal
2020-10-20,ORD1424,Battery,Electrical,Retail,2,205.3,45.79,456.39,Cash
2020-10-20,ORD1425,Spark Plugs,Ignition,Retail,2,10.66,0.0,21.32,Bank transfer
2020-10-20,ORD1426,Radiator,Cooling,Retail,2,126.44,68.77,321.65,Credit card
2020-10-21,ORD1427,Engine Oil,Engine,Retail,5,33.41,0.0,167.05,Credit card
2020-10-21,ORD1428,Air Filter,Engine,Wholesale,18,33.86,0.0,609.48,Credit card
2020-10-21,ORD1429,Fuel Pump,Fuel System,Retail,1,179.69,0.0,179.69,PayPal
2020-10-21,ORD1430,Spark Plugs,Ignition,Retail,1,9.46,0.0,9.46,Cash
2020-10-22,ORD1431,Clutch Kit,Transmission,Wholesale,30,482.43,0.0,14472.9,Credit card
2020-10-22,ORD1432,Water Pump,Cooling,Retail,2,41.53,0.0,83.06,Cash
2020-10-23,ORD1433,Shock Absorber,Suspension,Retail,4,81.56,35.47,361.71,PayPal
2020-10-23,ORD1434,Battery,Electrical,Retail,2,147.46,0.0,294.92,Credit card
2020-10-23,ORD1435,Clutch Kit,Transmission,Retail,1,265.15,0.0,265.15,PayPal
2020-10-24,ORD1436,Spark Plugs,Ignition,Retail,5,14.32,40.79,112.39,Credit card
2020-10-24,ORD1437,Shock Absorber,Suspension,Retail,1,99.56,57.65,157.21,PayPal
2020-10-24,ORD1438,Clutch Kit,Transmission,Retail,3,378.58,0.0,1135.74,Credit card
2020-10-25,ORD1439,Spark Plugs,Ignition,Retail,2,11.78,0.0,23.56,Cash
2020-10-25,ORD1440,Battery,Electrical,Retail,2,248.81,0.0,497.62,PayPal
2020-10-25,ORD1441,Clutch Kit,Transmission,Retail,2,487.64,0.0,975.28,Credit card
2020-10-25,ORD1442,Fuel Pump,Fuel System,Retail,2,101.94,19.8,223.68,Bank transfer
2020-10-26,ORD1443,Battery,Electrical,Retail,2,187.41,0.0,374.82,Cash
2020-10-26,ORD1444,Air Filter,Engine,Corporate,9,16.43,0.0,147.87,Bank transfer
2020-10-27,ORD1445,Water Pump,Cooling,Retail,5,96.13,0.0,480.65,PayPal
2020-10-28,ORD1446,Clutch Kit,Transmission,Retail,5,211.7,0.0,1058.5,Bank transfer
2020-10-29,ORD1447,Oil Filter,Engine,Retail,4,17.16,0.0,68.64,Credit card
2020-10-30,ORD1448,Oil Filter,Engine,Wholesale,37,11.11,0.0,411.07,PayPal
2020-10-31,ORD1449,Shock Absorber,Suspension,Retail,3,87.06,0.0,261.18,Bank transfer
2020-10-31,ORD1450,Air Filter,Engine,Wholesale,47,24.17,76.86,1212.85,PayPal
2020-11-01,ORD1451,Water Pump,Cooling,Retail,2,45.75,0.0,91.5,Credit card
2020-11-02,ORD1452,Clutch Kit,Transmission,Retail,2,295.63,72.5,663.76,PayPal
2020-11-03,ORD1453,Oil Filter,Engine,Corporate,14,22.16,20.35,330.59,Cash
2020-11-04,ORD1454,Brake Rotor,Braking system,Wholesale,11,98.39,22.25,1104.54,Credit card
2020-11-04,ORD1455,Alternator,Electrical,Wholesale,23,211.41,68.68,4931.11,Bank transfer
2020-11-04,ORD1456,Spark Plugs,Ignition,Retail,3,9.95,46.34,76.19,Bank transfer
2020-11-04,ORD1457,Engine Oil,Engine,Retail,1,46.64,0.0,46.64,Bank transfer
2020-11-05,ORD1458,Fuel Pump,Fuel System,Corporate,14,204.45,0.0,2862.3,Bank transfer
2020-11-06,ORD1459,Brake Pads,Braking system,Wholesale,49,56.24,0.0,2755.76,Cash
2020-11-06,ORD1460,Battery,Electrical,Retail,5,105.93,0.0,529.65,Cash
2020-11-07,ORD1461,Engine Oil,Engine,Retail,3,51.96,0.0,155.88,Cash
2020-11-07,ORD1462,Radiator,Cooling,Retail,1,169.29,21.14,190.43,PayPal
2020-11-08,ORD1463,Spark Plugs,Ignition,Retail,3,7.06,0.0,21.18,Bank transfer
2020-11-09,ORD1464,Alternator,Electrical,Corporate,14,157.28,0.0,2201.92,PayPal
2020-11-09,ORD1465,Fuel Pump,Fuel System,Retail,4,112.38,73.69,523.21,Bank transfer
2020-11-10,ORD1466,Oil Filter,Engine,Wholesale,11,11.19,0.0,123.09,Credit card
2020-11-11,ORD1467,Spark Plugs,Ignition,Retail,2,9.71,50.72,70.14,Bank transfer
2020-11-12,ORD1468,Spark Plugs,Ignition,Retail,4,13.71,0.0,54.84,Bank transfer
2020-11-12,ORD1469,Spark Plugs,Ignition,Retail,4,10.21,0.0,40.84,PayPal
2020-11-12,ORD1470,Air Filter,Engine,Retail,2,26.51,43.24,96.26,Bank transfer
2020-11-13,ORD1471,Radiator,Cooling,Wholesale,26,134.9,0.0,3507.4,Cash
2020-11-14,ORD1472,Brake Pads,Braking system,Retail,1,62.39,37.21,99.6,PayPal
2020-11-14,ORD1473,Clutch Kit,Transmission,Retail,5,319.23,0.0,1596.15,Bank transfer
2020-11-15,ORD1474,Clutch Kit,Transmission,Retail,5,407.29,0.0,2036.45,Credit card
2020-11-15,ORD1475,Spark Plugs,Ignition,Retail,4,5.09,0.0,20.36,Bank transfer
2020-11-16,ORD1476,Battery,Electrical,Retail,4,158.21,20.45,653.29,Bank transfer
2020-11-16,ORD1477,Radiator,Cooling,Retail,5,192.97,71.75,1036.6,PayPal
2020-11-16,ORD1478,Shock Absorber,Suspension,Retail,4,129.55,0.0,518.2,Credit card
2020-11-17,ORD1479,Radiator,Cooling,Corporate,14,83.63,0.0,1170.82,Cash
2020-11-17,ORD1480,Water Pump,Cooling,Retail,5,47.49,0.0,237.45,Bank transfer
2020-11-17,ORD1481,Engine Oil,Engine,Retail,3,43.03,0.0,129.09,PayPal
2020-11-17,ORD1482,Brake Rotor,Braking system,Corporate,8,43.96,29.64,381.32,Cash
2020-11-18,ORD1483,Radiator,Cooling,Retail,3,151.72,61.67,516.83,PayPal
2020-11-19,ORD1484,Brake Rotor,Braking system,Retail,4,66.29,0.0,265.16,Bank transfer
2020-11-19,ORD1485,Radiator,Cooling,Retail,1,117.49,0.0,117.49,Bank transfer
2020-11-20,ORD1486,Engine Oil,Engine,Retail,2,56.64,20.17,133.45,PayPal
2020-11-21,ORD1487,Brake Pads,Braking system,Retail,4,30.06,0.0,120.24,Credit card
2020-11-21,ORD1488,Water Pump,Cooling,Wholesale,18,70.74,0.0,1273.32,Credit card
2020-11-21,ORD1489,Control Arm,Suspension,Retail,1,174.49,0.0,174.49,Cash
2020-11-21,ORD1490,Battery,Electrical,Retail,5,175.36,41.18,917.98,Bank transfer
2020-11-22,ORD1491,Alternator,Electrical,Retail,2,239.72,15.64,495.08,Credit card
2020-11-22,ORD1492,Engine Oil,Engine,Wholesale,32,33.51,0.0,1072.32,Credit card
2020-11-22,ORD1493,Oil Filter,Engine,Retail,4,24.96,0.0,99.84,PayPal
2020-11-22,ORD1494,Radiator,Cooling,Retail,5,144.49,0.0,722.45,Bank transfer
2020-11-23,ORD1495,Battery,Electrical,Retail,1,207.23,0.0,207.23,Bank transfer
2020-11-23,ORD1496,Water Pump,Cooling,Retail,5,97.38,10.16,497.06,Bank transfer
2020-11-23,ORD1497,Radiator,Cooling,Wholesale,36,148.75,0.0,5355.0,PayPal
2020-11-23,ORD1498,Clutch Kit,Transmission,Retail,2,499.3,0.0,998.6,Bank transfer
2020-11-24,ORD1499,Control Arm,Suspension,Retail,2,152.09,27.52,331.7,Bank transfer
2020-11-25,ORD1500,Battery,Electrical,Retail,4,179.65,0.0,718.6,Bank transfer
2020-11-25,ORD1501,Shock Absorber,Suspension,Retail,1,73.5,0.0,73.5,Credit card
2020-11-25,ORD1502,Engine Oil,Engine,Retail,5,42.72,0.0,213.6,Credit card
2020-11-26,ORD1503,Air Filter,Engine,Corporate,5,25.1,0.0,125.5,Cash
2020-11-26,ORD1504,Brake Rotor,Braking system,Wholesale,20,55.49,0.0,1109.8,PayPal
2020-11-26,ORD1505,Water Pump,Cooling,Corporate,7,110.85,0.0,775.95,Cash
2020-11-27,ORD1506,Radiator,Cooling,Wholesale,22,104.68,0.0,2302.96,Credit card
2020-11-27,ORD1507,Fuel Pump,Fuel System,Retail,1,116.78,44.0,160.78,Cash
2020-11-27,ORD1508,Battery,Electrical,Retail,1,233.33,0.0,233.33,Bank transfer
2020-11-28,ORD1509,Engine Oil,Engine,Retail,3,36.98,0.0,110.94,Credit card
2020-11-28,ORD1510,Shock Absorber,Suspension,Retail,4,130.38,22.38,543.9,PayPal
2020-11-28,ORD1511,Alternator,Electrical,Wholesale,47,244.61,0.0,11496.67,Cash
2020-11-29,ORD1512,Shock Absorber,Suspension,Retail,2,108.66,0.0,217.32,Bank transfer
2020-11-29,ORD1513,Oil Filter,Engine,Retail,2,19.94,32.61,72.49,Credit card
2020-11-29,ORD1514,Brake Rotor,Braking system,Wholesale,43,41.1,0.0,1767.3,Credit card
2020-11-29,ORD1515,Shock Absorber,Suspension,Retail,3,67.45,31.67,234.02,PayPal
2020-11-30,ORD1516,Fuel Pump,Fuel System,Retail,3,92.76,0.0,278.28,Bank transfer
2020-11-30,ORD1517,Brake Rotor,Braking system,Retail,1,60.43,56.32,116.75,PayPal
2020-11-30,ORD1518,Air Filter,Engine,Retail,2,17.65,68.55,103.85,Cash
2020-12-01,ORD1519,Spark Plugs,Ignition,Retail,2,8.42,0.0,16.84,PayPal
2020-12-01,ORD1520,Water Pump,Cooling,Retail,1,78.7,33.54,112.24,Cash
2020-12-01,ORD1521,Air Filter,Engine,Wholesale,15,17.85,0.0,267.75,Cash
2020-12-01,ORD1522,Brake Rotor,Braking system,Corporate,18,53.28,33.13,992.17,Credit card
2020-12-02,ORD1523,Brake Rotor,Braking system,Retail,5,77.36,0.0,386.8,Credit card
2020-12-02,ORD1524,Fuel Pump,Fuel System,Corporate,15,138.78,0.0,2081.7,Credit card
2020-12-02,ORD1525,Engine Oil,Engine,Retail,5,33.8,0.0,169.0,Cash
2020-12-02,ORD1526,Clutch Kit,Transmission,Retail,1,452.04,0.0,452.04,Cash
2020-12-03,ORD1527,Brake Pads,Braking system,Retail,4,75.29,27.19,328.35,PayPal
2020-12-03,ORD1528,Engine Oil,Engine,Wholesale,43,46.03,0.0,1979.29,Credit card
2020-12-04,ORD1529,Battery,Electrical,Wholesale,33,162.36,79.36,5437.24,Bank transfer
2020-12-04,ORD1530,Radiator,Cooling,Retail,2,104.13,31.84,240.1,PayPal
2020-12-04,ORD1531,Battery,Electrical,Retail,5,110.34,0.0,551.7,Credit card
2020-12-05,ORD1532,Battery,Electrical,Retail,1,160.29,0.0,160.29,PayPal
2020-12-05,ORD1533,Control Arm,Suspension,Retail,4,121.18,0.0,484.72,Bank transfer
2020-12-05,ORD1534,Radiator,Cooling,Retail,1,148.25,18.2,166.45,Credit card
2020-12-05,ORD1535,Air Filter,Engine,Retail,1,20.29,28.75,49.04,Cash
2020-12-06,ORD1536,Clutch Kit,Transmission,Retail,1,348.04,67.78,415.82,Bank transfer
2020-12-06,ORD1537,Fuel Pump,Fuel System,Retail,4,102.59,0.0,410.36,Bank transfer
2020-12-06,ORD1538,Alternator,Electrical,Retail,5,297.01,32.76,1517.81,PayPal
2020-12-06,ORD1539,Fuel Pump,Fuel System,Wholesale,15,82.77,59.5,1301.05,Cash
2020-12-07,ORD1540,Water Pump,Cooling,Wholesale,25,67.35,14.9,1698.65,Cash
2020-12-08,ORD1541,Water Pump,Cooling,Retail,4,89.17,0.0,356.68,Bank transfer
2020-12-09,ORD1542,Water Pump,Cooling,Wholesale,31,67.92,43.13,2148.65,Bank transfer
2020-12-09,ORD1543,Radiator,Cooling,Wholesale,46,123.91,0.0,5699.86,Credit card
2020-12-09,ORD1544,Radiator,Cooling,Wholesale,31,188.43,0.0,5841.33,Credit card
2020-12-09,ORD1545,Control Arm,Suspension,Wholesale,26,128.34,0.0,3336.84,Cash
2020-12-10,ORD1546,Clutch Kit,Transmission,Wholesale,43,312.63,50.39,13493.48,Bank transfer
2020-12-10,ORD1547,Spark Plugs,Ignition,Wholesale,40,9.64,0.0,385.6,PayPal
2020-12-10,ORD1548,Alternator,Electrical,Retail,1,235.48,15.86,251.34,Bank transfer
2020-12-10,ORD1549,Clutch Kit,Transmission,Wholesale,17,325.11,0.0,5526.87,PayPal
2020-12-11,ORD1550,Spark Plugs,Ignition,Retail,4,9.45,38.25,76.05,Bank transfer
2020-12-11,ORD1551,Brake Rotor,Braking system,Retail,1,90.29,24.97,115.26,Bank transfer
2020-12-11,ORD1552,Oil Filter,Engine,Wholesale,36,23.53,0.0,847.08,Credit card
2020-12-11,ORD1553,Air Filter,Engine,Retail,1,30.89,0.0,30.89,Bank transfer
2020-12-12,ORD1554,Spark Plugs,Ignition,Retail,3,5.35,0.0,16.05,Bank transfer
2020-12-12,ORD1555,Engine Oil,Engine,Retail,1,39.59,0.0,39.59,Bank transfer
2020-12-12,ORD1556,Control Arm,Suspension,Retail,4,143.83,19.0,594.32,Credit card
2020-12-12,ORD1557,Battery,Electrical,Retail,4,104.32,77.33,494.61,Bank transfer
2020-12-13,ORD1558,Clutch Kit,Transmission,Retail,1,200.48,0.0,200.48,Bank transfer
2020-12-13,ORD1559,Fuel Pump,Fuel System,Retail,3,124.73,0.0,374.19,Credit card
2020-12-13,ORD1560,Brake Rotor,Braking system,Wholesale,41,96.17,29.16,3972.13,Cash
2020-12-13,ORD1561,Brake Rotor,Braking system,Retail,3,89.14,40.25,307.67,Cash
2020-12-14,ORD1562,Alternator,Electrical,Retail,3,323.29,0.0,969.87,Credit card
2020-12-14,ORD1563,Spark Plugs,Ignition,Corporate,17,9.9,0.0,168.3,Credit card
2020-12-14,ORD1564,Brake Pads,Braking system,Wholesale,23,73.31,52.96,1739.09,Cash
2020-12-15,ORD1565,Radiator,Cooling,Retail,3,164.24,0.0,492.72,Cash
2020-12-15,ORD1566,Alternator,Electrical,Retail,2,170.74,18.39,359.87,PayPal
2020-12-15,ORD1567,Oil Filter,Engine,Retail,1,16.22,57.57,73.79,Cash
2020-12-15,ORD1568,Alternator,Electrical,Retail,2,217.99,0.0,435.98,Cash
2020-12-16,ORD1569,Engine Oil,Engine,Wholesale,25,34.95,0.0,873.75,Bank transfer
2020-12-17,ORD1570,Radiator,Cooling,Wholesale,38,102.84,0.0,3907.92,Credit card
2020-12-17,ORD1571,Oil Filter,Engine,Retail,4,17.07,0.0,68.28,Credit card
2020-12-17,ORD1572,Spark Plugs,Ignition,Corporate,8,13.25,0.0,106.0,Bank transfer
2020-12-18,ORD1573,Oil Filter,Engine,Retail,2,11.32,0.0,22.64,Cash
2020-12-18,ORD1574,Brake Rotor,Braking system,Wholesale,11,77.84,7.26,863.5,PayPal
2020-12-19,ORD1575,Battery,Electrical,Retail,5,154.58,0.0,772.9,Cash
2020-12-19,ORD1576,Engine Oil,Engine,Wholesale,12,32.22,0.0,386.64,PayPal
2020-12-20,ORD1577,Fuel Pump,Fuel System,Corporate,6,145.13,22.42,893.2,PayPal
2020-12-20,ORD1578,Engine Oil,Engine,Retail,1,55.03,0.0,55.03,Bank transfer
2020-12-21,ORD1579,Alternator,Electrical,Retail,5,170.21,0.0,851.05,Bank transfer
2020-12-21,ORD1580,Brake Pads,Braking system,Wholesale,23,47.39,0.0,1089.97,Cash
2020-12-22,ORD1581,Alternator,Electrical,Retail,3,317.52,0.0,952.56,Cash
2020-12-22,ORD1582,Brake Pads,Braking system,Retail,1,79.68,0.0,79.68,Credit card
2020-12-23,ORD1583,Oil Filter,Engine,Retail,1,16.25,79.37,95.62,PayPal
2020-12-23,ORD1584,Brake Rotor,Braking system,Retail,1,81.77,72.7,154.47,Cash
2020-12-23,ORD1585,Clutch Kit,Transmission,Retail,2,347.02,0.0,694.04,Cash
2020-12-23,ORD1586,Control Arm,Suspension,Wholesale,41,84.6,0.0,3468.6,PayPal
2020-12-24,ORD1587,Radiator,Cooling,Wholesale,48,181.65,0.0,8719.2,PayPal
2020-12-25,ORD1588,Engine Oil,Engine,Retail,2,45.81,0.0,91.62,Bank transfer
2020-12-25,ORD1589,Fuel Pump,Fuel System,Wholesale,26,100.25,0.0,2606.5,PayPal
2020-12-25,ORD1590,Brake Rotor,Braking system,Corporate,12,52.14,46.55,672.23,Cash
2020-12-26,ORD1591,Oil Filter,Engine,Wholesale,21,18.38,0.0,385.98,Cash
2020-12-26,ORD1592,Control Arm,Suspension,Retail,4,80.59,77.49,399.85,Bank transfer
2020-12-26,ORD1593,Clutch Kit,Transmission,Retail,2,363.21,0.0,726.42,Credit card
2020-12-27,ORD1594,Engine Oil,Engine,Retail,3,55.48,0.0,166.44,Credit card
2020-12-27,ORD1595,Air Filter,Engine,Retail,3,16.75,18.4,68.65,Cash
2020-12-28,ORD1596,Brake Pads,Braking system,Retail,4,70.84,17.34,300.7,PayPal
2020-12-28,ORD1597,Clutch Kit,Transmission,Corporate,9,412.48,74.78,3787.1,Cash
2020-12-28,ORD1598,Alternator,Electrical,Retail,4,311.79,65.98,1313.14,Cash
2020-12-29,ORD1599,Engine Oil,Engine,Wholesale,45,45.88,29.68,2094.28,Credit card
2020-12-29,ORD1600,Radiator,Cooling,Retail,1,92.39,23.88,116.27,Cash
2020-12-29,ORD1601,Water Pump,Cooling,Corporate,10,77.76,0.0,777.6,PayPal
2020-12-30,ORD1602,Alternator,Electrical,Retail,3,340.83,0.0,1022.49,Cash
2020-12-30,ORD1603,Brake Rotor,Braking system,Corporate,17,43.0,0.0,731.0,Cash
2020-12-30,ORD1604,Brake Rotor,Braking system,Retail,5,73.4,0.0,367.0,Credit card
2020-12-30,ORD1605,Battery,Electrical,Retail,4,214.66,17.48,876.12,Credit card
2020-12-31,ORD1606,Battery,Electrical,Corporate,15,153.15,0.0,2297.25,Cash
2020-12-31,ORD1607,Brake Pads,Braking system,Retail,1,40.9,0.0,40.9,Bank transfer
2021-01-01,ORD1608,Shock Absorber,Suspension,Wholesale,29,75.69,0.0,2195.01,PayPal
2021-01-02,ORD1609,Clutch Kit,Transmission,Retail,5,472.93,0.0,2364.65,Bank transfer
2021-01-02,ORD1610,Water Pump,Cooling,Retail,4,118.05,54.33,526.53,Cash
2021-01-03,ORD1611,Engine Oil,Engine,Retail,3,53.86,30.16,191.74,PayPal
2021-01-03,ORD1612,Battery,Electrical,Retail,1,138.13,0.0,138.13,Credit card
2021-01-03,ORD1613,Brake Pads,Braking system,Retail,4,37.62,64.66,215.14,Cash
2021-01-03,ORD1614,Clutch Kit,Transmission,Retail,5,248.82,0.0,1244.1,Cash
2021-01-04,ORD1615,Brake Pads,Braking system,Retail,3,63.39,23.3,213.47,Credit card
2021-01-04,ORD1616,Brake Pads,Braking system,Wholesale,33,63.4,30.2,2122.4,Cash
2021-01-04,ORD1617,Battery,Electrical,Retail,1,144.17,0.0,144.17,Cash
2021-01-05,ORD1618,Fuel Pump,Fuel System,Retail,1,169.05,0.0,169.05,PayPal
2021-01-05,ORD1619,Engine Oil,Engine,Retail,5,59.37,0.0,296.85,Cash
2021-01-06,ORD1620,Shock Absorber,Suspension,Retail,2,102.0,29.43,233.43,Bank transfer
2021-01-06,ORD1621,Clutch Kit,Transmission,Retail,2,270.29,0.0,540.58,Cash
2021-01-06,ORD1622,Shock Absorber,Suspension,Wholesale,39,65.1,0.0,2538.9,PayPal
2021-01-06,ORD1623,Radiator,Cooling,Retail,2,174.3,38.36,386.96,Cash
2021-01-07,ORD1624,Control Arm,Suspension,Corporate,9,113.62,28.54,1051.12,Bank transfer
2021-01-07,ORD1625,Spark Plugs,Ignition,Wholesale,35,13.33,0.0,466.55,Credit card
2021-01-07,ORD1626,Alternator,Electrical,Wholesale,11,322.6,0.0,3548.6,PayPal
2021-01-07,ORD1627,Fuel Pump,Fuel System,Retail,2,96.82,0.0,193.64,PayPal
2021-01-08,ORD1628,Oil Filter,Engine,Corporate,11,13.7,0.0,150.7,PayPal
2021-01-08,ORD1629,Clutch Kit,Transmission,Retail,4,259.82,78.69,1117.97,Credit card
2021-01-08,ORD1630,Shock Absorber,Suspension,Retail,1,109.02,62.12,171.14,PayPal
2021-01-08,ORD1631,Shock Absorber,Suspension,Wholesale,47,96.37,62.34,4591.73,Credit card
2021-01-09,ORD1632,Water Pump,Cooling,Retail,1,54.7,0.0,54.7,Bank transfer
2021-01-09,ORD1633,Shock Absorber,Suspension,Retail,3,136.8,73.86,484.26,Bank transfer
2021-01-10,ORD1634,Shock Absorber,Suspension,Wholesale,29,149.91,31.66,4379.05,PayPal
2021-01-10,ORD1635,Radiator,Cooling,Retail,1,164.57,7.5,172.07,PayPal
2021-01-11,ORD1636,Brake Pads,Braking system,Retail,1,43.42,0.0,43.42,Bank transfer
2021-01-12,ORD1637,Clutch Kit,Transmission,Retail,5,206.58,0.0,1032.9,PayPal
2021-01-12,ORD1638,Air Filter,Engine,Wholesale,12,20.08,0.0,240.96,Bank transfer
2021-01-12,ORD1639,Spark Plugs,Ignition,Corporate,15,5.68,0.0,85.2,Credit card
2021-01-13,ORD1640,Control Arm,Suspension,Retail,4,104.94,61.26,481.02,Credit card
2021-01-13,ORD1641,Clutch Kit,Transmission,Retail,1,281.31,0.0,281.31,PayPal
2021-01-13,ORD1642,Oil Filter,Engine,Corporate,14,15.53,0.0,217.42,PayPal
2021-01-13,ORD1643,Oil Filter,Engine,Wholesale,40,24.91,0.0,996.4,Credit card
2021-01-14,ORD1644,Water Pump,Cooling,Retail,5,113.98,35.39,605.29,PayPal
2021-01-14,ORD1645,Oil Filter,Engine,Wholesale,42,20.63,0.0,866.46,PayPal
2021-01-14,ORD1646,Alternator,Electrical,Retail,5,333.97,0.0,1669.85,PayPal
2021-01-14,ORD1647,Alternator,Electrical,Corporate,11,322.46,69.67,3616.73,Bank transfer
2021-01-15,ORD1648,Water Pump,Cooling,Retail,1,99.09,0.0,99.09,Cash
2021-01-15,ORD1649,Brake Rotor,Braking system,Wholesale,42,99.19,19.01,4184.99,Cash
2021-01-16,ORD1650,Engine Oil,Engine,Retail,2,51.33,67.53,170.19,Credit card
2021-01-16,ORD1651,Control Arm,Suspension,Retail,4,138.1,31.03,583.43,PayPal
2021-01-16,ORD1652,Control Arm,Suspension,Retail,5,77.41,0.0,387.05,Bank transfer
2021-01-17,ORD1653,Clutch Kit,Transmission,Retail,5,494.76,0.0,2473.8,PayPal
2021-01-18,ORD1654,Engine Oil,Engine,Retail,3,38.71,74.64,190.77,PayPal
2021-01-19,ORD1655,Engine Oil,Engine,Retail,1,37.27,0.0,37.27,Bank transfer
2021-01-19,ORD1656,Clutch Kit,Transmission,Wholesale,15,394.71,0.0,5920.65,Credit card
2021-01-19,ORD1657,Oil Filter,Engine,Retail,5,22.85,0.0,114.25,Credit card
2021-01-20,ORD1658,Radiator,Cooling,Corporate,7,129.19,0.0,904.33,Credit card
2021-01-20,ORD1659,Air Filter,Engine,Retail,4,22.73,30.19,121.11,Cash
2021-01-21,ORD1660,Spark Plugs,Ignition,Wholesale,28,13.76,0.0,385.28,Credit card
2021-01-21,ORD1661,Alternator,Electrical,Retail,3,348.99,38.9,1085.87,Bank transfer
2021-01-21,ORD1662,Radiator,Cooling,Retail,2,102.49,0.0,204.98,Bank transfer
2021-01-21,ORD1663,Oil Filter,Engine,Retail,5,15.18,35.49,111.39,PayPal
2021-01-22,ORD1664,Spark Plugs,Ignition,Retail,3,8.65,0.0,25.95,Cash
2021-01-23,ORD1665,Brake Rotor,Braking system,Retail,4,61.26,0.0,245.04,Bank transfer
2021-01-23,ORD1666,Fuel Pump,Fuel System,Retail,1,207.93,74.38,282.31,Credit card
2021-01-23,ORD1667,Radiator,Cooling,Retail,3,80.12,0.0,240.36,Credit card
2021-01-23,ORD1668,Shock Absorber,Suspension,Retail,5,68.46,30.91,373.21,Credit card
2021-01-24,ORD1669,Engine Oil,Engine,Wholesale,26,55.85,0.0,1452.1,Cash
2021-01-24,ORD1670,Control Arm,Suspension,Retail,4,91.75,62.92,429.92,Bank transfer
2021-01-24,ORD1671,Brake Pads,Braking system,Wholesale,39,72.05,57.93,2867.88,Credit card
2021-01-24,ORD1672,Engine Oil,Engine,Retail,3,43.36,0.0,130.08,Bank transfer
2021-01-25,ORD1673,Battery,Electrical,Retail,5,152.79,0.0,763.95,PayPal
2021-01-25,ORD1674,Spark Plugs,Ignition,Corporate,15,11.86,0.0,177.9,Bank transfer
2021-01-25,ORD1675,Brake Pads,Braking system,Retail,5,36.76,0.0,183.8,Bank transfer
2021-01-25,ORD1676,Brake Pads,Braking system,Retail,2,74.67,11.61,160.95,Bank transfer
2021-01-26,ORD1677,Clutch Kit,Transmission,Retail,5,490.38,41.97,2493.87,Credit card
2021-01-27,ORD1678,Clutch Kit,Transmission,Retail,2,381.89,0.0,763.78,Cash
2021-01-27,ORD1679,Radiator,Cooling,Retail,3,179.54,16.09,554.71,Cash
2021-01-27,ORD1680,Alternator,Electrical,Retail,1,151.37,0.0,151.37,Bank transfer
2021-01-27,ORD1681,Spark Plugs,Ignition,Retail,3,14.24,17.14,59.86,Credit card
2021-01-28,ORD1682,Spark Plugs,Ignition,Wholesale,39,6.93,0.0,270.27,PayPal
2021-01-28,ORD1683,Oil Filter,Engine,Retail,4,17.43,0.0,69.72,Bank transfer
2021-01-28,ORD1684,Engine Oil,Engine,Retail,3,54.95,8.29,173.14,Bank transfer
2021-01-29,ORD1685,Alternator,Electrical,Retail,4,234.74,69.72,1008.68,Bank transfer
2021-01-29,ORD1686,Shock Absorber,Suspension,Retail,1,147.28,0.0,147.28,PayPal
2021-01-29,ORD1687,Brake Pads,Braking system,Retail,2,50.51,0.0,101.02,Cash
2021-01-29,ORD1688,Engine Oil,Engine,Retail,3,47.95,74.45,218.3,Cash
2021-01-30,ORD1689,Radiator,Cooling,Retail,1,101.97,0.0,101.97,Bank transfer
2021-01-30,ORD1690,Spark Plugs,Ignition,Retail,1,10.68,0.0,10.68,PayPal
2021-01-31,ORD1691,Shock Absorber,Suspension,Retail,4,72.28,7.66,296.78,Cash
2021-02-01,ORD1692,Air Filter,Engine,Wholesale,19,18.8,0.0,357.2,PayPal
2021-02-01,ORD1693,Water Pump,Cooling,Retail,3,92.13,79.9,356.29,Cash
2021-02-01,ORD1694,Clutch Kit,Transmission,Wholesale,29,281.85,0.0,8173.65,Cash
2021-02-02,ORD1695,Engine Oil,Engine,Retail,3,56.42,0.0,169.26,Bank transfer
2021-02-02,ORD1696,Battery,Electrical,Retail,1,119.74,0.0,119.74,Cash
2021-02-02,ORD1697,Clutch Kit,Transmission,Retail,2,378.11,0.0,756.22,Credit card
2021-02-02,ORD1698,Brake Pads,Braking system,Wholesale,44,56.31,0.0,2477.64,Bank transfer
2021-02-03,ORD1699,Clutch Kit,Transmission,Retail,1,302.67,0.0,302.67,Bank transfer
2021-02-03,ORD1700,Water Pump,Cooling,Retail,3,89.72,41.29,310.45,Credit card
2021-02-03,ORD1701,Fuel Pump,Fuel System,Retail,4,160.74,0.0,642.96,Cash
2021-02-03,ORD1702,Air Filter,Engine,Retail,3,30.25,55.59,146.34,Bank transfer
2021-02-04,ORD1703,Brake Pads,Braking system,Retail,2,37.26,0.0,74.52,Bank transfer
2021-02-04,ORD1704,Fuel Pump,Fuel System,Retail,2,206.0,0.0,412.0,Cash
2021-02-05,ORD1705,Alternator,Electrical,Retail,3,273.82,0.0,821.46,Bank transfer
2021-02-06,ORD1706,Water Pump,Cooling,Wholesale,48,86.27,8.14,4149.1,Bank transfer
2021-02-07,ORD1707,Brake Pads,Braking system,Retail,1,46.61,25.31,71.92,Bank transfer
2021-02-07,ORD1708,Control Arm,Suspension,Retail,4,82.68,0.0,330.72,PayPal
2021-02-07,ORD1709,Clutch Kit,Transmission,Corporate,17,278.8,0.0,4739.6,PayPal
2021-02-08,ORD1710,Clutch Kit,Transmission,Retail,3,430.71,0.0,1292.13,Credit card
2021-02-08,ORD1711,Fuel Pump,Fuel System,Retail,4,87.29,0.0,349.16,PayPal
2021-02-08,ORD1712,Brake Rotor,Braking system,Retail,2,81.83,0.0,163.66,Credit card
2021-02-08,ORD1713,Clutch Kit,Transmission,Wholesale,45,435.5,0.0,19597.5,Credit card
2021-02-09,ORD1714,Fuel Pump,Fuel System,Wholesale,12,216.82,32.3,2634.14,Credit card
2021-02-09,ORD1715,Brake Pads,Braking system,Retail,4,23.81,65.26,160.5,Bank transfer
2021-02-09,ORD1716,Alternator,Electrical,Retail,4,300.08,32.23,1232.55,PayPal
2021-02-09,ORD1717,Control Arm,Suspension,Retail,5,95.3,76.13,552.63,Bank transfer
2021-02-10,ORD1718,Air Filter,Engine,Retail,1,25.82,76.31,102.13,Credit card
2021-02-11,ORD1719,Brake Rotor,Braking system,Retail,2,63.92,49.97,177.81,Credit card
2021-02-11,ORD1720,Brake Pads,Braking system,Retail,2,65.54,63.19,194.27,Cash
2021-02-11,ORD1721,Water Pump,Cooling,Retail,4,111.15,41.91,486.51,PayPal
2021-02-12,ORD1722,Air Filter,Engine,Retail,3,25.57,0.0,76.71,Cash
2021-02-12,ORD1723,Alternator,Electrical,Wholesale,22,277.43,14.87,6118.33,Credit card
2021-02-12,ORD1724,Oil Filter,Engine,Corporate,19,11.47,53.41,271.34,Bank transfer
2021-02-13,ORD1725,Fuel Pump,Fuel System,Wholesale,27,152.81,57.97,4183.84,Credit card
2021-02-13,ORD1726,Brake Pads,Braking system,Retail,4,69.36,62.15,339.59,Cash
2021-02-13,ORD1727,Air Filter,Engine,Retail,1,31.5,42.28,73.78,Credit card
2021-02-14,ORD1728,Oil Filter,Engine,Wholesale,48,22.5,0.0,1080.0,Credit card
2021-02-14,ORD1729,Brake Pads,Braking system,Wholesale,24,67.61,0.0,1622.64,PayPal
2021-02-15,ORD1730,Brake Pads,Braking system,Retail,5,63.19,0.0,315.95,PayPal
2021-02-15,ORD1731,Control Arm,Suspension,Retail,2,103.62,8.98,216.22,Credit card
2021-02-16,ORD1732,Battery,Electrical,Retail,2,148.87,0.0,297.74,Bank transfer
2021-02-16,ORD1733,Water Pump,Cooling,Retail,4,90.46,0.0,361.84,PayPal
2021-02-17,ORD1734,Shock Absorber,Suspension,Retail,3,146.25,0.0,438.75,Cash
2021-02-17,ORD1735,Clutch Kit,Transmission,Retail,4,294.33,24.63,1201.95,Bank transfer
2021-02-17,ORD1736,Battery,Electrical,Wholesale,29,244.46,25.1,7114.44,Cash
2021-02-18,ORD1737,Control Arm,Suspension,Corporate,10,107.31,0.0,1073.1,Cash
2021-02-19,ORD1738,Fuel Pump,Fuel System,Retail,1,119.55,0.0,119.55,PayPal
2021-02-19,ORD1739,Alternator,Electrical,Wholesale,17,161.71,0.0,2749.07,PayPal
2021-02-19,ORD1740,Air Filter,Engine,Retail,3,19.78,0.0,59.34,Cash
2021-02-19,ORD1741,Air Filter,Engine,Wholesale,29,15.83,40.92,499.99,Bank transfer
2021-02-20,ORD1742,Alternator,Electrical,Retail,2,256.13,0.0,512.26,Credit card
2021-02-20,ORD1743,Oil Filter,Engine,Retail,1,23.1,0.0,23.1,PayPal
2021-02-20,ORD1744,Water Pump,Cooling,Corporate,18,94.33,0.0,1697.94,PayPal
2021-02-21,ORD1745,Clutch Kit,Transmission,Retail,2,488.08,0.0,976.16,Cash
2021-02-21,ORD1746,Engine Oil,Engine,Retail,5,34.85,68.53,242.78,Bank transfer
2021-02-21,ORD1747,Shock Absorber,Suspension,Wholesale,32,78.57,23.73,2537.97,Cash
2021-02-22,ORD1748,Oil Filter,Engine,Retail,4,24.42,0.0,97.68,Cash
2021-02-22,ORD1749,Clutch Kit,Transmission,Retail,4,336.14,53.11,1397.67,Cash
2021-02-22,ORD1750,Brake Rotor,Braking system,Retail,1,51.96,30.86,82.82,Bank transfer
2021-02-22,ORD1751,Oil Filter,Engine,Retail,5,17.02,23.12,108.22,Cash
2021-02-23,ORD1752,Water Pump,Cooling,Retail,4,79.51,8.49,326.53,PayPal
2021-02-23,ORD1753,Brake Rotor,Braking system,Wholesale,22,99.52,0.0,2189.44,PayPal
2021-02-24,ORD1754,Alternator,Electrical,Retail,1,154.77,0.0,154.77,Bank transfer
2021-02-24,ORD1755,Clutch Kit,Transmission,Wholesale,35,427.56,76.94,15041.54,Credit card
2021-02-25,ORD1756,Brake Pads,Braking system,Retail,3,50.96,48.39,201.27,Credit card
2021-02-25,ORD1757,Shock Absorber,Suspension,Retail,1,100.25,0.0,100.25,Credit card
2021-02-25,ORD1758,Fuel Pump,Fuel System,Retail,1,90.55,0.0,90.55,Credit card
2021-02-26,ORD1759,Clutch Kit,Transmission,Retail,3,247.18,0.0,741.54,Bank transfer
2021-02-27,ORD1760,Clutch Kit,Transmission,Retail,2,257.3,21.66,536.26,Bank transfer
2021-02-28,ORD1761,Water Pump,Cooling,Retail,4,87.98,0.0,351.92,Bank transfer
2021-02-28,ORD1762,Brake Rotor,Braking system,Retail,4,74.55,0.0,298.2,PayPal
2021-03-01,ORD1763,Oil Filter,Engine,Retail,5,17.96,0.0,89.8,PayPal
2021-03-01,ORD1764,Brake Pads,Braking system,Retail,3,67.9,0.0,203.7,Credit card
2021-03-01,ORD1765,Brake Pads,Braking system,Wholesale,41,23.13,0.0,948.33,Cash
2021-03-01,ORD1766,Fuel Pump,Fuel System,Wholesale,29,102.96,52.27,3038.11,Credit card
2021-03-02,ORD1767,Spark Plugs,Ignition,Retail,3,5.24,0.0,15.72,Bank transfer
2021-03-02,ORD1768,Battery,Electrical,Wholesale,20,235.4,49.89,4757.89,Bank transfer
2021-03-03,ORD1769,Oil Filter,Engine,Retail,1,22.82,69.78,92.6,PayPal
2021-03-03,ORD1770,Clutch Kit,Transmission,Retail,1,454.66,0.0,454.66,PayPal
2021-03-03,ORD1771,Shock Absorber,Suspension,Retail,2,116.31,0.0,232.62,Bank transfer
2021-03-03,ORD1772,Oil Filter,Engine,Retail,4,18.79,0.0,75.16,Cash
2021-03-04,ORD1773,Brake Pads,Braking system,Retail,2,41.24,0.0,82.48,Bank transfer
2021-03-04,ORD1774,Radiator,Cooling,Wholesale,46,160.92,0.0,7402.32,PayPal
2021-03-04,ORD1775,Alternator,Electrical,Retail,3,168.08,0.0,504.24,Bank transfer
2021-03-05,ORD1776,Spark Plugs,Ignition,Wholesale,16,6.32,0.0,101.12,Bank transfer
2021-03-06,ORD1777,Radiator,Cooling,Retail,1,168.94,27.61,196.55,Credit card
2021-03-07,ORD1778,Air Filter,Engine,Retail,1,31.05,30.36,61.41,PayPal
2021-03-07,ORD1779,Control Arm,Suspension,Retail,3,125.14,0.0,375.42,PayPal
2021-03-08,ORD1780,Brake Rotor,Braking system,Retail,1,78.07,0.0,78.07,PayPal
2021-03-08,ORD1781,Clutch Kit,Transmission,Retail,1,406.88,58.46,465.34,Credit card
2021-03-09,ORD1782,Control Arm,Suspension,Wholesale,29,127.13,0.0,3686.77,Bank transfer
2021-03-09,ORD1783,Shock Absorber,Suspension,Retail,2,143.08,0.0,286.16,PayPal
2021-03-09,ORD1784,Battery,Electrical,Retail,1,177.59,68.2,245.79,Credit card
2021-03-10,ORD1785,Radiator,Cooling,Retail,5,146.47,28.12,760.47,Credit card
2021-03-10,ORD1786,Alternator,Electrical,Retail,4,302.45,21.29,1231.09,Bank transfer
2021-03-10,ORD1787,Oil Filter,Engine,Wholesale,22,12.46,0.0,274.12,Credit card
2021-03-10,ORD1788,Oil Filter,Engine,Corporate,17,16.14,51.12,325.5,Bank transfer
2021-03-11,ORD1789,Alternator,Electrical,Retail,3,280.21,5.85,846.48,Cash
2021-03-11,ORD1790,Control Arm,Suspension,Retail,1,94.24,15.36,109.6,PayPal
2021-03-11,ORD1791,Control Arm,Suspension,Retail,5,164.91,0.0,824.55,Cash
2021-03-12,ORD1792,Radiator,Cooling,Wholesale,48,159.04,0.0,7633.92,Bank transfer
2021-03-12,ORD1793,Water Pump,Cooling,Retail,5,60.19,46.04,346.99,Cash
2021-03-13,ORD1794,Engine Oil,Engine,Wholesale,49,53.82,0.0,2637.18,Credit card
2021-03-13,ORD1795,Oil Filter,Engine,Retail,4,16.81,13.12,80.36,Cash
2021-03-13,ORD1796,Brake Rotor,Braking system,Retail,4,56.59,0.0,226.36,Credit card
2021-03-14,ORD1797,Oil Filter,Engine,Retail,5,20.66,0.0,103.3,PayPal
2021-03-15,ORD1798,Spark Plugs,Ignition,Corporate,12,10.93,0.0,131.16,Bank transfer
2021-03-15,ORD1799,Brake Pads,Braking system,Retail,2,52.14,77.35,181.63,Cash
2021-03-15,ORD1800,Oil Filter,Engine,Retail,4,12.2,57.26,106.06,Bank transfer
2021-03-16,ORD1801,Battery,Electrical,Wholesale,30,107.66,0.0,3229.8,Bank transfer
2021-03-16,ORD1802,Spark Plugs,Ignition,Retail,5,8.17,0.0,40.85,Cash
2021-03-17,ORD1803,Water Pump,Cooling,Wholesale,36,62.52,0.0,2250.72,PayPal
2021-03-17,ORD1804,Shock Absorber,Suspension,Retail,2,67.32,0.0,134.64,Credit card
2021-03-18,ORD1805,Control Arm,Suspension,Wholesale,22,171.89,62.71,3844.29,Cash
2021-03-18,ORD1806,Shock Absorber,Suspension,Corporate,12,79.96,77.83,1037.35,Cash
2021-03-18,ORD1807,Engine Oil,Engine,Retail,3,59.95,57.24,237.09,Credit card
2021-03-18,ORD1808,Engine Oil,Engine,Retail,2,51.12,0.0,102.24,PayPal
2021-03-19,ORD1809,Spark Plugs,Ignition,Retail,3,11.12,0.0,33.36,Bank transfer
2021-03-19,ORD1810,Shock Absorber,Suspension,Corporate,17,102.06,0.0,1735.02,PayPal
2021-03-20,ORD1811,Brake Rotor,Braking system,Retail,3,55.69,0.0,167.07,Cash
2021-03-20,ORD1812,Engine Oil,Engine,Retail,3,38.56,0.0,115.68,Bank transfer
2021-03-20,ORD1813,Control Arm,Suspension,Retail,3,110.94,0.0,332.82,Cash
2021-03-21,ORD1814,Control Arm,Suspension,Retail,5,179.15,0.0,895.75,Bank transfer
2021-03-21,ORD1815,Control Arm,Suspension,Retail,1,129.62,31.42,161.04,Cash
2021-03-21,ORD1816,Air Filter,Engine,Retail,4,25.78,0.0,103.12,Credit card
2021-03-21,ORD1817,Radiator,Cooling,Retail,3,95.82,0.0,287.46,Bank transfer
2021-03-22,ORD1818,Shock Absorber,Suspension,Retail,3,118.35,62.25,417.3,Bank transfer
2021-03-22,ORD1819,Water Pump,Cooling,Retail,3,77.72,44.78,277.94,Credit card
2021-03-23,ORD1820,Brake Pads,Braking system,Retail,2,72.95,0.0,145.9,PayPal
2021-03-23,ORD1821,Clutch Kit,Transmission,Retail,2,376.31,72.39,825.01,PayPal
2021-03-23,ORD1822,Radiator,Cooling,Retail,4,82.3,32.32,361.52,Credit card
2021-03-24,ORD1823,Alternator,Electrical,Corporate,14,195.58,0.0,2738.12,Bank transfer
2021-03-24,ORD1824,Shock Absorber,Suspension,Corporate,9,72.33,0.0,650.97,Credit card
2021-03-24,ORD1825,Control Arm,Suspension,Retail,4,162.59,42.29,692.65,Credit card
2021-03-24,ORD1826,Brake Pads,Braking system,Retail,3,22.23,79.69,146.38,PayPal
2021-03-25,ORD1827,Water Pump,Cooling,Retail,4,43.9,0.0,175.6,PayPal
2021-03-25,ORD1828,Oil Filter,Engine,Retail,5,21.64,0.0,108.2,Credit card
2021-03-25,ORD1829,Engine Oil,Engine,Retail,3,50.87,0.0,152.61,PayPal
2021-03-25,ORD1830,Radiator,Cooling,Retail,4,189.34,0.0,757.36,Bank transfer
2021-03-26,ORD1831,Fuel Pump,Fuel System,Retail,1,200.42,0.0,200.42,Bank transfer
2021-03-26,ORD1832,Radiator,Cooling,Retail,2,96.7,0.0,193.4,Cash
2021-03-27,ORD1833,Engine Oil,Engine,Wholesale,19,39.44,0.0,749.36,Bank transfer
2021-03-28,ORD1834,Air Filter,Engine,Retail,1,21.3,56.43,77.73,Bank transfer
2021-03-28,ORD1835,Air Filter,Engine,Wholesale,39,15.21,0.0,593.19,PayPal
2021-03-28,ORD1836,Clutch Kit,Transmission,Retail,2,317.99,0.0,635.98,Credit card
2021-03-29,ORD1837,Clutch Kit,Transmission,Retail,1,424.59,0.0,424.59,Cash
2021-03-29,ORD1838,Water Pump,Cooling,Retail,1,115.15,0.0,115.15,Bank transfer
2021-03-29,ORD1839,Brake Rotor,Braking system,Wholesale,46,81.63,0.0,3754.98,Bank transfer
2021-03-30,ORD1840,Alternator,Electrical,Corporate,16,240.72,78.22,3929.74,Cash
2021-03-31,ORD1841,Battery,Electrical,Retail,1,105.96,0.0,105.96,PayPal
2021-03-31,ORD1842,Shock Absorber,Suspension,Corporate,19,117.53,0.0,2233.07,Bank transfer
2021-03-31,ORD1843,Shock Absorber,Suspension,Wholesale,21,105.64,17.59,2236.03,Credit card
2021-04-01,ORD1844,Spark Plugs,Ignition,Wholesale,18,5.32,0.0,95.76,Cash
2021-04-02,ORD1845,Alternator,Electrical,Wholesale,15,174.02,58.51,2668.81,Bank transfer
2021-04-02,ORD1846,Alternator,Electrical,Retail,5,299.05,0.0,1495.25,Bank transfer
2021-04-02,ORD1847,Oil Filter,Engine,Corporate,16,14.57,45.19,278.31,Cash
2021-04-03,ORD1848,Air Filter,Engine,Wholesale,36,30.86,0.0,1110.96,Cash
2021-04-04,ORD1849,Brake Pads,Braking system,Retail,4,69.4,0.0,277.6,PayPal
2021-04-04,ORD1850,Brake Pads,Braking system,Retail,3,74.06,0.0,222.18,Cash
2021-04-04,ORD1851,Water Pump,Cooling,Retail,1,62.98,0.0,62.98,Bank transfer
2021-04-05,ORD1852,Alternator,Electrical,Retail,2,315.14,8.19,638.47,Cash
2021-04-05,ORD1853,Brake Rotor,Braking system,Retail,3,59.36,0.0,178.08,PayPal
2021-04-05,ORD1854,Shock Absorber,Suspension,Retail,4,149.34,0.0,597.36,PayPal
2021-04-05,ORD1855,Brake Rotor,Braking system,Retail,5,72.77,0.0,363.85,Credit card
2021-04-06,ORD1856,Brake Rotor,Braking system,Wholesale,27,52.32,0.0,1412.64,Bank transfer
2021-04-07,ORD1857,Brake Rotor,Braking system,Retail,1,40.37,0.0,40.37,Cash
2021-04-07,ORD1858,Control Arm,Suspension,Retail,3,93.77,58.51,339.82,PayPal
2021-04-07,ORD1859,Shock Absorber,Suspension,Corporate,9,83.86,0.0,754.74,PayPal
2021-04-07,ORD1860,Spark Plugs,Ignition,Corporate,15,12.12,0.0,181.8,Credit card
2021-04-08,ORD1861,Brake Pads,Braking system,Corporate,11,24.0,0.0,264.0,Cash
2021-04-09,ORD1862,Fuel Pump,Fuel System,Retail,4,175.78,0.0,703.12,PayPal
2021-04-09,ORD1863,Engine Oil,Engine,Corporate,8,53.16,33.46,458.74,Cash
2021-04-09,ORD1864,Spark Plugs,Ignition,Retail,1,9.81,0.0,9.81,PayPal
2021-04-09,ORD1865,Fuel Pump,Fuel System,Retail,3,100.36,5.03,306.11,Bank transfer
2021-04-10,ORD1866,Control Arm,Suspension,Retail,1,151.12,65.13,216.25,Bank transfer
2021-04-10,ORD1867,Brake Pads,Braking system,Retail,2,53.82,0.0,107.64,Credit card
2021-04-11,ORD1868,Brake Rotor,Braking system,Retail,3,94.62,62.86,346.72,PayPal
2021-04-11,ORD1869,Spark Plugs,Ignition,Corporate,14,5.07,0.0,70.98,Bank transfer
2021-04-11,ORD1870,Fuel Pump,Fuel System,Wholesale,45,195.8,0.0,8811.0,PayPal
2021-04-11,ORD1871,Engine Oil,Engine,Retail,2,40.04,30.83,110.91,PayPal
2021-04-12,ORD1872,Alternator,Electrical,Corporate,19,203.47,0.0,3865.93,Credit card
2021-04-13,ORD1873,Battery,Electrical,Wholesale,49,192.53,62.71,9496.68,PayPal
2021-04-13,ORD1874,Air Filter,Engine,Wholesale,36,19.58,8.52,713.4,Bank transfer
2021-04-13,ORD1875,Fuel Pump,Fuel System,Wholesale,45,93.38,0.0,4202.1,Cash
2021-04-13,ORD1876,Brake Rotor,Braking system,Wholesale,13,48.75,0.0,633.75,Credit card
2021-04-14,ORD1877,Shock Absorber,Suspension,Retail,1,136.53,0.0,136.53,Credit card
2021-04-14,ORD1878,Control Arm,Suspension,Retail,5,162.53,55.82,868.47,Cash
2021-04-14,ORD1879,Oil Filter,Engine,Retail,1,23.38,0.0,23.38,Credit card
2021-04-14,ORD1880,Alternator,Electrical,Retail,2,299.31,0.0,598.62,PayPal
2021-04-15,ORD1881,Clutch Kit,Transmission,Wholesale,34,297.22,24.29,10129.77,Cash
2021-04-16,ORD1882,Clutch Kit,Transmission,Corporate,11,308.92,0.0,3398.12,Cash
2021-04-16,ORD1883,Spark Plugs,Ignition,Retail,5,13.51,0.0,67.55,Bank transfer
2021-04-17,ORD1884,Brake Rotor,Braking system,Retail,4,75.99,20.15,324.11,Bank transfer
2021-04-17,ORD1885,Engine Oil,Engine,Retail,3,56.06,5.49,173.67,PayPal
2021-04-17,ORD1886,Control Arm,Suspension,Retail,1,145.57,44.72,190.29,PayPal
2021-04-18,ORD1887,Shock Absorber,Suspension,Retail,2,79.24,33.45,191.93,Bank transfer
2021-04-19,ORD1888,Clutch Kit,Transmission,Wholesale,41,208.25,0.0,8538.25,PayPal
2021-04-19,ORD1889,Control Arm,Suspension,Retail,5,163.64,0.0,818.2,Cash
2021-04-19,ORD1890,Battery,Electrical,Wholesale,14,194.02,0.0,2716.28,Bank transfer
2021-04-20,ORD1891,Air Filter,Engine,Retail,4,24.83,60.4,159.72,Bank transfer
2021-04-20,ORD1892,Brake Pads,Braking system,Wholesale,34,24.24,78.24,902.4,Credit card
2021-04-20,ORD1893,Shock Absorber,Suspension,Retail,1,114.97,22.22,137.19,PayPal
2021-04-20,ORD1894,Fuel Pump,Fuel System,Wholesale,13,191.94,0.0,2495.22,Cash
2021-04-21,ORD1895,Battery,Electrical,Retail,1,126.81,0.0,126.81,Cash
2021-04-21,ORD1896,Fuel Pump,Fuel System,Wholesale,19,160.87,0.0,3056.53,Credit card
2021-04-21,ORD1897,Fuel Pump,Fuel System,Corporate,6,166.36,0.0,998.16,Cash
2021-04-21,ORD1898,Brake Rotor,Braking system,Retail,5,68.08,32.92,373.32,PayPal
2021-04-22,ORD1899,Alternator,Electrical,Retail,1,175.09,0.0,175.09,PayPal
2021-04-23,ORD1900,Battery,Electrical,Retail,4,178.23,71.07,783.99,Bank transfer
2021-04-23,ORD1901,Control Arm,Suspension,Retail,2,88.2,74.97,251.37,Bank transfer
2021-04-24,ORD1902,Spark Plugs,Ignition,Retail,4,5.18,0.0,20.72,Bank transfer
2021-04-24,ORD1903,Oil Filter,Engine,Wholesale,21,21.4,0.0,449.4,PayPal
2021-04-24,ORD1904,Spark Plugs,Ignition,Corporate,9,9.19,32.09,114.8,Credit card
2021-04-25,ORD1905,Shock Absorber,Suspension,Retail,5,61.87,67.9,377.25,Bank transfer
2021-04-25,ORD1906,Alternator,Electrical,Retail,1,159.07,60.87,219.94,Cash
2021-04-25,ORD1907,Radiator,Cooling,Retail,3,122.39,0.0,367.17,PayPal
2021-04-25,ORD1908,Fuel Pump,Fuel System,Retail,3,135.86,0.0,407.58,Credit card
2021-04-26,ORD1909,Radiator,Cooling,Retail,4,192.83,51.56,822.88,Bank transfer
2021-04-26,ORD1910,Brake Pads,Braking system,Retail,1,61.78,0.0,61.78,Bank transfer
2021-04-26,ORD1911,Spark Plugs,Ignition,Retail,1,12.72,0.0,12.72,Cash
2021-04-26,ORD1912,Engine Oil,Engine,Retail,4,49.01,0.0,196.04,Bank transfer
2021-04-27,ORD1913,Engine Oil,Engine,Retail,1,48.9,0.0,48.9,Cash
2021-04-27,ORD1914,Brake Rotor,Braking system,Wholesale,38,47.68,53.47,1865.31,PayPal
2021-04-27,ORD1915,Fuel Pump,Fuel System,Retail,2,208.49,0.0,416.98,Credit card
2021-04-28,ORD1916,Control Arm,Suspension,Retail,2,178.36,0.0,356.72,Cash
2021-04-28,ORD1917,Water Pump,Cooling,Retail,1,58.28,0.0,58.28,Credit card
2021-04-29,ORD1918,Battery,Electrical,Wholesale,26,222.7,0.0,5790.2,PayPal
2021-04-29,ORD1919,Air Filter,Engine,Retail,3,29.18,0.0,87.54,Bank transfer
2021-04-29,ORD1920,Air Filter,Engine,Wholesale,41,33.23,0.0,1362.43,Bank transfer
2021-04-30,ORD1921,Oil Filter,Engine,Retail,4,12.78,0.0,51.12,Credit card
2021-05-01,ORD1922,Engine Oil,Engine,Retail,2,43.27,0.0,86.54,PayPal
2021-05-01,ORD1923,Water Pump,Cooling,Retail,1,56.99,64.02,121.01,Cash
2021-05-02,ORD1924,Brake Pads,Braking system,Retail,3,69.8,0.0,209.4,Bank transfer
2021-05-02,ORD1925,Clutch Kit,Transmission,Retail,5,299.87,39.49,1538.84,PayPal
2021-05-03,ORD1926,Clutch Kit,Transmission,Retail,2,233.18,0.0,466.36,Bank transfer
2021-05-03,ORD1927,Water Pump,Cooling,Retail,1,96.07,0.0,96.07,Credit card
2021-05-04,ORD1928,Air Filter,Engine,Retail,3,21.06,35.39,98.57,Cash
2021-05-04,ORD1929,Fuel Pump,Fuel System,Wholesale,11,128.68,0.0,1415.48,Credit card
2021-05-04,ORD1930,Battery,Electrical,Retail,1,221.38,0.0,221.38,Credit card
2021-05-05,ORD1931,Clutch Kit,Transmission,Retail,5,462.2,0.0,2311.0,Cash
2021-05-06,ORD1932,Oil Filter,Engine,Wholesale,19,18.75,0.0,356.25,Credit card
2021-05-06,ORD1933,Brake Rotor,Braking system,Wholesale,23,65.72,0.0,1511.56,Bank transfer
2021-05-07,ORD1934,Control Arm,Suspension,Retail,1,89.86,0.0,89.86,Bank transfer
2021-05-07,ORD1935,Battery,Electrical,Wholesale,12,165.6,0.0,1987.2,Bank transfer
2021-05-07,ORD1936,Radiator,Cooling,Retail,4,182.25,44.65,773.65,Bank transfer
2021-05-07,ORD1937,Brake Rotor,Braking system,Retail,5,51.57,0.0,257.85,Cash
2021-05-08,ORD1938,Clutch Kit,Transmission,Corporate,19,361.01,0.0,6859.19,Credit card
2021-05-08,ORD1939,Brake Rotor,Braking system,Wholesale,49,82.42,21.29,4059.87,Bank transfer
2021-05-08,ORD1940,Spark Plugs,Ignition,Retail,3,10.79,0.0,32.37,Credit card
2021-05-08,ORD1941,Fuel Pump,Fuel System,Retail,3,166.22,0.0,498.66,Credit card
2021-05-09,ORD1942,Brake Rotor,Braking system,Retail,1,96.96,79.11,176.07,Cash
2021-05-09,ORD1943,Brake Pads,Braking system,Wholesale,32,73.58,0.0,2354.56,Bank transfer
2021-05-09,ORD1944,Fuel Pump,Fuel System,Retail,2,107.72,72.77,288.21,Credit card
2021-05-10,ORD1945,Oil Filter,Engine,Wholesale,14,17.47,0.0,244.58,Cash
2021-05-10,ORD1946,Shock Absorber,Suspension,Retail,3,98.97,0.0,296.91,Bank transfer
2021-05-11,ORD1947,Clutch Kit,Transmission,Retail,5,222.57,58.0,1170.85,Credit card
2021-05-11,ORD1948,Fuel Pump,Fuel System,Retail,4,143.81,0.0,575.24,Credit card
2021-05-12,ORD1949,Alternator,Electrical,Wholesale,47,335.16,0.0,15752.52,PayPal
2021-05-13,ORD1950,Spark Plugs,Ignition,Corporate,13,13.95,48.63,229.98,Cash
2021-05-13,ORD1951,Brake Pads,Braking system,Wholesale,43,44.56,0.0,1916.08,Credit card
2021-05-13,ORD1952,Brake Rotor,Braking system,Corporate,10,90.75,0.0,907.5,PayPal
2021-05-14,ORD1953,Brake Pads,Braking system,Wholesale,42,26.95,45.5,1177.4,PayPal
2021-05-15,ORD1954,Alternator,Electrical,Retail,2,312.48,74.54,699.5,PayPal
2021-05-15,ORD1955,Alternator,Electrical,Retail,5,205.3,14.77,1041.27,PayPal
2021-05-16,ORD1956,Brake Pads,Braking system,Wholesale,36,68.89,0.0,2480.04,Cash
2021-05-16,ORD1957,Spark Plugs,Ignition,Retail,4,13.37,44.76,98.24,PayPal
2021-05-17,ORD1958,Clutch Kit,Transmission,Retail,4,420.44,32.05,1713.81,Credit card
2021-05-17,ORD1959,Brake Rotor,Braking system,Retail,2,56.5,0.0,113.0,PayPal
2021-05-18,ORD1960,Control Arm,Suspension,Retail,3,95.56,70.55,357.23,Credit card
2021-05-18,ORD1961,Fuel Pump,Fuel System,Retail,4,186.1,0.0,744.4,Credit card
2021-05-19,ORD1962,Spark Plugs,Ignition,Retail,2,10.42,0.0,20.84,Cash
2021-05-20,ORD1963,Alternator,Electrical,Retail,1,242.93,16.76,259.69,Bank transfer
2021-05-20,ORD1964,Engine Oil,Engine,Wholesale,11,44.52,0.0,489.72,PayPal
2021-05-21,ORD1965,Battery,Electrical,Retail,5,164.14,0.0,820.7,Credit card
2021-05-22,ORD1966,Clutch Kit,Transmission,Corporate,16,342.82,0.0,5485.12,Cash
2021-05-22,ORD1967,Radiator,Cooling,Retail,4,174.25,0.0,697.0,Cash
2021-05-23,ORD1968,Radiator,Cooling,Retail,4,113.73,0.0,454.92,Bank transfer
2021-05-23,ORD1969,Shock Absorber,Suspension,Wholesale,14,100.41,31.61,1437.35,Cash
2021-05-23,ORD1970,Radiator,Cooling,Wholesale,17,169.05,54.82,2928.67,PayPal
2021-05-24,ORD1971,Spark Plugs,Ignition,Retail,4,7.33,42.54,71.86,Cash
2021-05-24,ORD1972,Clutch Kit,Transmission,Retail,2,332.26,58.18,722.7,PayPal
2021-05-25,ORD1973,Brake Rotor,Braking system,Retail,3,69.57,0.0,208.71,Cash
2021-05-25,ORD1974,Shock Absorber,Suspension,Retail,5,80.43,18.54,420.69,Bank transfer
2021-05-25,ORD1975,Oil Filter,Engine,Retail,2,11.0,0.0,22.0,Credit card
2021-05-26,ORD1976,Brake Rotor,Braking system,Retail,4,62.38,60.83,310.35,Credit card
2021-05-26,ORD1977,Water Pump,Cooling,Corporate,18,57.9,0.0,1042.2,Cash
2021-05-26,ORD1978,Control Arm,Suspension,Retail,1,125.08,38.35,163.43,PayPal
2021-05-26,ORD1979,Brake Pads,Braking system,Retail,5,69.32,0.0,346.6,Bank transfer
2021-05-27,ORD1980,Fuel Pump,Fuel System,Retail,1,136.92,0.0,136.92,Bank transfer
2021-05-27,ORD1981,Shock Absorber,Suspension,Retail,1,130.64,0.0,130.64,Bank transfer
2021-05-27,ORD1982,Shock Absorber,Suspension,Wholesale,29,79.5,0.0,2305.5,PayPal
2021-05-27,ORD1983,Air Filter,Engine,Wholesale,14,25.51,77.91,435.05,PayPal
2021-05-28,ORD1984,Spark Plugs,Ignition,Retail,3,7.11,0.0,21.33,PayPal
2021-05-29,ORD1985,Fuel Pump,Fuel System,Retail,5,144.16,0.0,720.8,Bank transfer
2021-05-29,ORD1986,Shock Absorber,Suspension,Wholesale,32,78.62,0.0,2515.84,Credit card
2021-05-30,ORD1987,Water Pump,Cooling,Wholesale,36,54.92,46.28,2023.4,Cash
2021-05-31,ORD1988,Clutch Kit,Transmission,Retail,4,291.8,0.0,1167.2,Credit card
2021-05-31,ORD1989,Oil Filter,Engine,Retail,1,14.89,75.02,89.91,PayPal
2021-06-01,ORD1990,Fuel Pump,Fuel System,Wholesale,45,181.75,59.51,8238.26,Credit card
2021-06-02,ORD1991,Spark Plugs,Ignition,Retail,5,14.93,0.0,74.65,PayPal
2021-06-02,ORD1992,Brake Pads,Braking system,Wholesale,39,65.84,0.0,2567.76,Credit card
2021-06-03,ORD1993,Oil Filter,Engine,Retail,4,20.5,0.0,82.0,Bank transfer
2021-06-03,ORD1994,Shock Absorber,Suspension,Retail,5,104.96,0.0,524.8,Bank transfer
2021-06-03,ORD1995,Control Arm,Suspension,Wholesale,29,106.01,0.0,3074.29,Credit card
2021-06-04,ORD1996,Water Pump,Cooling,Wholesale,32,102.15,20.97,3289.77,Bank transfer
2021-06-05,ORD1997,Oil Filter,Engine,Corporate,16,19.77,0.0,316.32,PayPal
2021-06-05,ORD1998,Battery,Electrical,Retail,5,214.12,31.66,1102.26,PayPal
2021-06-05,ORD1999,Air Filter,Engine,Retail,1,25.29,0.0,25.29,Bank transfer
2021-06-06,ORD2000,Shock Absorber,Suspension,Wholesale,15,124.54,63.29,1931.39,PayPal
2021-06-06,ORD2001,Control Arm,Suspension,Wholesale,31,173.43,9.75,5386.08,Cash
2021-06-06,ORD2002,Alternator,Electrical,Retail,1,213.22,0.0,213.22,Credit card
2021-06-06,ORD2003,Fuel Pump,Fuel System,Retail,1,153.55,0.0,153.55,Bank transfer
2021-06-07,ORD2004,Brake Pads,Braking system,Retail,5,75.72,52.1,430.7,Cash
2021-06-07,ORD2005,Oil Filter,Engine,Retail,1,24.43,44.84,69.27,Bank transfer
2021-06-07,ORD2006,Brake Pads,Braking system,Retail,5,37.84,0.0,189.2,Bank transfer
2021-06-08,ORD2007,Clutch Kit,Transmission,Wholesale,39,329.2,0.0,12838.8,Cash
2021-06-09,ORD2008,Alternator,Electrical,Corporate,6,323.77,0.0,1942.62,Cash
2021-06-10,ORD2009,Engine Oil,Engine,Retail,5,35.41,0.0,177.05,Bank transfer
2021-06-10,ORD2010,Brake Pads,Braking system,Wholesale,28,23.82,37.21,704.17,Credit card
2021-06-10,ORD2011,Brake Rotor,Braking system,Retail,5,42.47,0.0,212.35,PayPal
2021-06-10,ORD2012,Alternator,Electrical,Wholesale,38,265.1,0.0,10073.8,Cash
2021-06-11,ORD2013,Control Arm,Suspension,Retail,5,78.34,0.0,391.7,PayPal
2021-06-11,ORD2014,Water Pump,Cooling,Retail,2,71.82,0.0,143.64,Bank transfer
2021-06-11,ORD2015,Clutch Kit,Transmission,Corporate,5,396.77,0.0,1983.85,Cash
2021-06-11,ORD2016,Fuel Pump,Fuel System,Retail,2,106.88,0.0,213.76,PayPal
2021-06-12,ORD2017,Engine Oil,Engine,Retail,5,30.76,0.0,153.8,Cash
2021-06-13,ORD2018,Control Arm,Suspension,Corporate,19,106.25,0.0,2018.75,Cash
2021-06-13,ORD2019,Brake Pads,Braking system,Wholesale,29,42.04,0.0,1219.16,Bank transfer
2021-06-13,ORD2020,Control Arm,Suspension,Retail,3,156.08,0.0,468.24,PayPal
2021-06-13,ORD2021,Control Arm,Suspension,Wholesale,38,119.88,0.0,4555.44,Credit card
2021-06-14,ORD2022,Alternator,Electrical,Retail,1,323.46,55.01,378.47,Cash
2021-06-14,ORD2023,Spark Plugs,Ignition,Retail,1,8.6,0.0,8.6,Cash
2021-06-14,ORD2024,Brake Rotor,Braking system,Retail,3,92.45,0.0,277.35,PayPal
2021-06-15,ORD2025,Engine Oil,Engine,Corporate,14,33.94,78.04,553.2,Cash
2021-06-15,ORD2026,Shock Absorber,Suspension,Retail,4,96.56,0.0,386.24,Credit card
2021-06-15,ORD2027,Shock Absorber,Suspension,Wholesale,15,131.92,0.0,1978.8,Bank transfer
2021-06-15,ORD2028,Air Filter,Engine,Retail,3,30.52,22.46,114.02,Cash
2021-06-16,ORD2029,Oil Filter,Engine,Retail,3,15.11,0.0,45.33,Bank transfer
2021-06-17,ORD2030,Brake Pads,Braking system,Retail,3,60.82,0.0,182.46,Cash
2021-06-17,ORD2031,Oil Filter,Engine,Retail,4,24.51,65.52,163.56,Credit card
2021-06-17,ORD2032,Brake Rotor,Braking system,Retail,3,96.4,0.0,289.2,PayPal
2021-06-17,ORD2033,Air Filter,Engine,Retail,2,31.2,0.0,62.4,Credit card
2021-06-18,ORD2034,Air Filter,Engine,Corporate,13,16.14,0.0,209.82,Cash
2021-06-18,ORD2035,Engine Oil,Engine,Retail,2,44.83,39.0,128.66,Cash
2021-06-19,ORD2036,Control Arm,Suspension,Retail,1,81.33,0.0,81.33,Credit card
2021-06-20,ORD2037,Brake Rotor,Braking system,Retail,4,68.5,71.67,345.67,PayPal
2021-06-20,ORD2038,Spark Plugs,Ignition,Retail,4,13.14,0.0,52.56,Cash
2021-06-20,ORD2039,Oil Filter,Engine,Corporate,9,13.67,0.0,123.03,Bank transfer
2021-06-21,ORD2040,Radiator,Cooling,Retail,2,193.09,0.0,386.18,Bank transfer
2021-06-21,ORD2041,Alternator,Electrical,Retail,2,321.14,33.12,675.4,PayPal
2021-06-21,ORD2042,Air Filter,Engine,Retail,5,31.89,0.0,159.45,Cash
2021-06-21,ORD2043,Air Filter,Engine,Retail,2,30.78,0.0,61.56,Bank transfer
2021-06-22,ORD2044,Clutch Kit,Transmission,Retail,1,263.67,0.0,263.67,Cash
2021-06-22,ORD2045,Brake Rotor,Braking system,Retail,5,90.03,0.0,450.15,Bank transfer
2021-06-22,ORD2046,Air Filter,Engine,Retail,5,31.18,56.51,212.41,PayPal
2021-06-22,ORD2047,Battery,Electrical,Retail,5,221.0,0.0,1105.0,Bank transfer
2021-06-23,ORD2048,Shock Absorber,Suspension,Wholesale,16,119.41,0.0,1910.56,Credit card
2021-06-23,ORD2049,Radiator,Cooling,Retail,1,92.51,0.0,92.51,Cash
2021-06-24,ORD2050,Alternator,Electrical,Retail,3,237.58,13.7,726.44,Bank transfer
2021-06-24,ORD2051,Alternator,Electrical,Wholesale,36,150.88,0.0,5431.68,PayPal
2021-06-25,ORD2052,Clutch Kit,Transmission,Retail,1,368.49,0.0,368.49,Cash
2021-06-26,ORD2053,Air Filter,Engine,Retail,2,28.55,0.0,57.1,Bank transfer
2021-06-27,ORD2054,Shock Absorber,Suspension,Wholesale,34,135.14,0.0,4594.76,PayPal
2021-06-27,ORD2055,Air Filter,Engine,Retail,1,18.29,31.16,49.45,Credit card
2021-06-27,ORD2056,Fuel Pump,Fuel System,Corporate,7,87.25,0.0,610.75,PayPal
2021-06-28,ORD2057,Radiator,Cooling,Retail,4,179.25,29.87,746.87,Credit card
2021-06-28,ORD2058,Oil Filter,Engine,Retail,3,24.09,0.0,72.27,PayPal
2021-06-28,ORD2059,Air Filter,Engine,Retail,2,29.55,0.0,59.1,Credit card
2021-06-28,ORD2060,Alternator,Electrical,Retail,1,263.3,0.0,263.3,Cash
2021-06-29,ORD2061,Radiator,Cooling,Retail,5,109.11,38.41,583.96,Cash
2021-06-29,ORD2062,Air Filter,Engine,Retail,3,18.87,0.0,56.61,PayPal
2021-06-29,ORD2063,Engine Oil,Engine,Wholesale,21,40.51,0.0,850.71,Bank transfer
2021-06-29,ORD2064,Brake Rotor,Braking system,Retail,4,97.35,61.04,450.44,Bank transfer
2021-06-30,ORD2065,Brake Rotor,Braking system,Retail,1,43.57,0.0,43.57,Credit card
2021-06-30,ORD2066,Engine Oil,Engine,Retail,1,47.96,18.8,66.76,Cash
2021-06-30,ORD2067,Oil Filter,Engine,Retail,4,10.31,0.0,41.24,Credit card
2021-06-30,ORD2068,Water Pump,Cooling,Retail,4,66.7,0.0,266.8,Bank transfer
2021-07-01,ORD2069,Oil Filter,Engine,Retail,2,19.33,0.0,38.66,Cash
2021-07-01,ORD2070,Clutch Kit,Transmission,Retail,4,219.1,73.17,949.57,Credit card
2021-07-02,ORD2071,Spark Plugs,Ignition,Retail,3,12.89,0.0,38.67,Bank transfer
2021-07-02,ORD2072,Shock Absorber,Suspension,Corporate,14,113.08,0.0,1583.12,Bank transfer
2021-07-02,ORD2073,Water Pump,Cooling,Wholesale,15,67.99,0.0,1019.85,Credit card
2021-07-03,ORD2074,Radiator,Cooling,Retail,3,194.69,20.56,604.63,PayPal
2021-07-04,ORD2075,Control Arm,Suspension,Retail,5,120.58,0.0,602.9,Bank transfer
2021-07-05,ORD2076,Shock Absorber,Suspension,Retail,4,137.84,0.0,551.36,Cash
2021-07-05,ORD2077,Engine Oil,Engine,Retail,5,34.27,50.14,221.49,Bank transfer
2021-07-06,ORD2078,Engine Oil,Engine,Retail,4,47.72,0.0,190.88,Credit card
2021-07-06,ORD2079,Oil Filter,Engine,Retail,4,11.18,0.0,44.72,Bank transfer
2021-07-07,ORD2080,Engine Oil,Engine,Wholesale,48,39.52,49.81,1946.77,Credit card
2021-07-07,ORD2081,Spark Plugs,Ignition,Wholesale,42,9.98,0.0,419.16,Cash
2021-07-08,ORD2082,Radiator,Cooling,Wholesale,40,114.57,57.87,4640.67,Cash
2021-07-09,ORD2083,Battery,Electrical,Corporate,11,208.09,0.0,2288.99,Bank transfer
2021-07-09,ORD2084,Battery,Electrical,Retail,4,230.67,0.0,922.68,PayPal
2021-07-09,ORD2085,Radiator,Cooling,Retail,5,197.48,0.0,987.4,Cash
2021-07-09,ORD2086,Engine Oil,Engine,Retail,4,58.89,47.65,283.21,Cash
2021-07-10,ORD2087,Radiator,Cooling,Wholesale,31,189.91,51.28,5938.49,Bank transfer
2021-07-11,ORD2088,Brake Rotor,Braking system,Retail,5,80.83,0.0,404.15,Cash
2021-07-11,ORD2089,Brake Pads,Braking system,Retail,5,46.38,18.43,250.33,Bank transfer
2021-07-11,ORD2090,Water Pump,Cooling,Wholesale,31,74.58,23.02,2335.0,PayPal
2021-07-11,ORD2091,Brake Rotor,Braking system,Corporate,9,59.63,0.0,536.67,Cash
2021-07-12,ORD2092,Spark Plugs,Ignition,Retail,1,8.7,0.0,8.7,PayPal
2021-07-13,ORD2093,Brake Pads,Braking system,Retail,3,47.59,0.0,142.77,Credit card
2021-07-13,ORD2094,Shock Absorber,Suspension,Retail,2,98.17,0.0,196.34,PayPal
2021-07-14,ORD2095,Brake Pads,Braking system,Wholesale,39,24.12,78.09,1018.77,Bank transfer
2021-07-14,ORD2096,Engine Oil,Engine,Retail,2,45.7,28.43,119.83,Cash
2021-07-14,ORD2097,Shock Absorber,Suspension,Retail,5,122.42,9.43,621.53,PayPal
2021-07-14,ORD2098,Air Filter,Engine,Retail,2,20.77,59.93,101.47,Cash
2021-07-15,ORD2099,Shock Absorber,Suspension,Retail,5,76.44,67.24,449.44,Bank transfer
2021-07-16,ORD2100,Radiator,Cooling,Retail,3,84.96,0.0,254.88,Credit card
2021-07-16,ORD2101,Brake Rotor,Braking system,Retail,3,62.7,0.0,188.1,Bank transfer
2021-07-16,ORD2102,Control Arm,Suspension,Retail,2,116.69,66.04,299.42,Credit card
2021-07-17,ORD2103,Engine Oil,Engine,Retail,4,58.32,39.33,272.61,PayPal
2021-07-17,ORD2104,Brake Rotor,Braking system,Retail,1,70.67,0.0,70.67,Bank transfer
2021-07-18,ORD2105,Battery,Electrical,Retail,5,216.39,0.0,1081.95,Credit card
2021-07-19,ORD2106,Control Arm,Suspension,Retail,2,78.19,0.0,156.38,Cash
2021-07-19,ORD2107,Alternator,Electrical,Wholesale,13,252.99,0.0,3288.87,Bank transfer
2021-07-20,ORD2108,Oil Filter,Engine,Retail,3,23.15,0.0,69.45,Bank transfer
2021-07-21,ORD2109,Control Arm,Suspension,Retail,5,166.01,0.0,830.05,Bank transfer
2021-07-21,ORD2110,Spark Plugs,Ignition,Wholesale,48,6.96,0.0,334.08,Bank transfer
2021-07-21,ORD2111,Alternator,Electrical,Retail,4,333.17,37.21,1369.89,Credit card
2021-07-22,ORD2112,Brake Rotor,Braking system,Retail,4,50.9,63.71,267.31,Credit card
2021-07-23,ORD2113,Oil Filter,Engine,Retail,3,16.38,6.37,55.51,PayPal
2021-07-23,ORD2114,Spark Plugs,Ignition,Wholesale,17,14.63,0.0,248.71,Credit card
2021-07-23,ORD2115,Fuel Pump,Fuel System,Corporate,15,167.24,0.0,2508.6,Bank transfer
2021-07-23,ORD2116,Air Filter,Engine,Wholesale,49,34.43,0.0,1687.07,Bank transfer
2021-07-24,ORD2117,Clutch Kit,Transmission,Retail,3,487.53,0.0,1462.59,Bank transfer
2021-07-24,ORD2118,Oil Filter,Engine,Retail,4,15.36,16.97,78.41,Credit card
2021-07-24,ORD2119,Alternator,Electrical,Retail,5,277.45,10.03,1397.28,Credit card
2021-07-24,ORD2120,Shock Absorber,Suspension,Retail,1,70.16,32.07,102.23,Cash
2021-07-25,ORD2121,Brake Rotor,Braking system,Retail,4,82.63,17.83,348.35,Credit card
2021-07-25,ORD2122,Spark Plugs,Ignition,Retail,4,7.14,62.38,90.94,Credit card
2021-07-25,ORD2123,Radiator,Cooling,Retail,4,83.55,49.6,383.8,Cash
2021-07-26,ORD2124,Brake Rotor,Braking system,Retail,3,98.32,0.0,294.96,Cash
2021-07-26,ORD2125,Spark Plugs,Ignition,Retail,2,12.27,0.0,24.54,Bank transfer
2021-07-27,ORD2126,Engine Oil,Engine,Retail,3,47.09,9.33,150.6,PayPal
2021-07-27,ORD2127,Brake Rotor,Braking system,Retail,3,49.63,0.0,148.89,Credit card
2021-07-27,ORD2128,Engine Oil,Engine,Wholesale,11,31.9,0.0,350.9,Bank transfer
2021-07-27,ORD2129,Spark Plugs,Ignition,Retail,2,9.47,0.0,18.94,Cash
2021-07-28,ORD2130,Control Arm,Suspension,Corporate,15,123.09,0.0,1846.35,PayPal
2021-07-28,ORD2131,Brake Rotor,Braking system,Wholesale,28,46.19,0.0,1293.32,PayPal
2021-07-29,ORD2132,Battery,Electrical,Retail,4,130.3,12.69,533.89,Credit card
2021-07-29,ORD2133,Fuel Pump,Fuel System,Retail,5,200.84,0.0,1004.2,Credit card
2021-07-29,ORD2134,Battery,Electrical,Retail,4,239.12,40.6,997.08,Cash
2021-07-29,ORD2135,Oil Filter,Engine,Retail,2,16.76,0.0,33.52,PayPal
2021-07-30,ORD2136,Battery,Electrical,Wholesale,45,157.74,0.0,7098.3,Bank transfer
2021-07-30,ORD2137,Battery,Electrical,Corporate,19,138.26,12.18,2639.12,Credit card
2021-07-31,ORD2138,Control Arm,Suspension,Retail,5,140.28,0.0,701.4,PayPal
2021-07-31,ORD2139,Air Filter,Engine,Corporate,7,16.37,0.0,114.59,Credit card
2021-08-01,ORD2140,Air Filter,Engine,Retail,1,21.3,22.64,43.94,Cash
2021-08-01,ORD2141,Water Pump,Cooling,Retail,1,65.4,7.59,72.99,Bank transfer
2021-08-01,ORD2142,Shock Absorber,Suspension,Wholesale,13,141.16,0.0,1835.08,Cash
2021-08-02,ORD2143,Control Arm,Suspension,Retail,2,127.7,0.0,255.4,Bank transfer
2021-08-02,ORD2144,Water Pump,Cooling,Retail,3,79.62,24.61,263.47,PayPal
2021-08-02,ORD2145,Alternator,Electrical,Retail,2,266.52,36.86,569.9,PayPal
2021-08-03,ORD2146,Engine Oil,Engine,Retail,4,44.08,0.0,176.32,Credit card
2021-08-03,ORD2147,Spark Plugs,Ignition,Retail,3,6.24,0.0,18.72,PayPal
2021-08-04,ORD2148,Alternator,Electrical,Corporate,6,151.04,0.0,906.24,Cash
2021-08-04,ORD2149,Engine Oil,Engine,Wholesale,35,53.01,58.94,1914.29,Cash
2021-08-05,ORD2150,Battery,Electrical,Corporate,5,170.4,0.0,852.0,Cash
2021-08-05,ORD2151,Water Pump,Cooling,Retail,5,70.61,0.0,353.05,Bank transfer
2021-08-05,ORD2152,Fuel Pump,Fuel System,Retail,5,172.14,0.0,860.7,Bank transfer
2021-08-06,ORD2153,Fuel Pump,Fuel System,Retail,4,115.63,0.0,462.52,PayPal
2021-08-06,ORD2154,Fuel Pump,Fuel System,Wholesale,24,180.82,0.0,4339.68,Bank transfer
2021-08-06,ORD2155,Alternator,Electrical,Retail,2,266.55,0.0,533.1,Credit card
2021-08-07,ORD2156,Shock Absorber,Suspension,Retail,4,146.35,0.0,585.4,Credit card
2021-08-07,ORD2157,Radiator,Cooling,Retail,1,180.26,43.63,223.89,PayPal
2021-08-08,ORD2158,Radiator,Cooling,Wholesale,37,164.33,15.71,6095.92,PayPal
2021-08-08,ORD2159,Radiator,Cooling,Wholesale,15,113.57,64.24,1767.79,Bank transfer
2021-08-08,ORD2160,Fuel Pump,Fuel System,Retail,1,100.91,0.0,100.91,PayPal
2021-08-08,ORD2161,Brake Pads,Braking system,Wholesale,23,54.17,0.0,1245.91,PayPal
2021-08-09,ORD2162,Engine Oil,Engine,Retail,5,32.47,48.12,210.47,Cash
2021-08-09,ORD2163,Shock Absorber,Suspension,Wholesale,29,107.17,5.98,3113.91,Cash
2021-08-10,ORD2164,Air Filter,Engine,Retail,2,33.21,68.59,135.01,Credit card
2021-08-11,ORD2165,Fuel Pump,Fuel System,Retail,3,108.32,0.0,324.96,Credit card
2021-08-11,ORD2166,Oil Filter,Engine,Retail,2,24.77,0.0,49.54,Credit card
2021-08-11,ORD2167,Engine Oil,Engine,Retail,4,31.87,27.94,155.42,Cash
2021-08-11,ORD2168,Battery,Electrical,Retail,2,249.0,0.0,498.0,Credit card
2021-08-12,ORD2169,Water Pump,Cooling,Retail,4,81.54,0.0,326.16,Cash
2021-08-12,ORD2170,Control Arm,Suspension,Retail,2,96.44,41.94,234.82,Credit card
2021-08-12,ORD2171,Brake Pads,Braking system,Retail,2,48.61,0.0,97.22,Cash
2021-08-12,ORD2172,Air Filter,Engine,Retail,1,19.08,0.0,19.08,Bank transfer
2021-08-13,ORD2173,Shock Absorber,Suspension,Retail,4,132.34,0.0,529.36,Credit card
2021-08-14,ORD2174,Spark Plugs,Ignition,Retail,3,5.5,65.47,81.97,PayPal
2021-08-14,ORD2175,Radiator,Cooling,Retail,2,173.5,40.29,387.29,Credit card
2021-08-14,ORD2176,Radiator,Cooling,Corporate,9,178.9,0.0,1610.1,Bank transfer
2021-08-15,ORD2177,Brake Rotor,Braking system,Wholesale,31,56.12,0.0,1739.72,PayPal
2021-08-15,ORD2178,Radiator,Cooling,Retail,1,144.62,0.0,144.62,Credit card
2021-08-16,ORD2179,Spark Plugs,Ignition,Retail,1,7.92,42.05,49.97,Credit card
2021-08-16,ORD2180,Brake Rotor,Braking system,Retail,3,78.9,0.0,236.7,Cash
2021-08-16,ORD2181,Water Pump,Cooling,Retail,5,94.76,0.0,473.8,Credit card
2021-08-17,ORD2182,Engine Oil,Engine,Retail,1,46.5,32.92,79.42,Cash
2021-08-17,ORD2183,Radiator,Cooling,Retail,1,162.8,0.0,162.8,Bank transfer
2021-08-17,ORD2184,Battery,Electrical,Retail,4,153.7,0.0,614.8,PayPal
2021-08-18,ORD2185,Engine Oil,Engine,Retail,1,47.82,7.63,55.45,PayPal
2021-08-18,ORD2186,Brake Rotor,Braking system,Retail,1,48.58,0.0,48.58,Credit card
2021-08-19,ORD2187,Clutch Kit,Transmission,Retail,5,204.27,0.0,1021.35,Bank transfer
2021-08-19,ORD2188,Shock Absorber,Suspension,Retail,1,119.88,0.0,119.88,Cash
2021-08-19,ORD2189,Air Filter,Engine,Retail,2,27.96,0.0,55.92,Credit card
2021-08-20,ORD2190,Brake Rotor,Braking system,Retail,1,78.43,20.87,99.3,Bank transfer
2021-08-21,ORD2191,Engine Oil,Engine,Retail,5,31.47,0.0,157.35,Credit card
2021-08-21,ORD2192,Oil Filter,Engine,Wholesale,28,12.55,39.65,391.05,PayPal
2021-08-21,ORD2193,Control Arm,Suspension,Retail,5,71.19,0.0,355.95,Bank transfer
2021-08-21,ORD2194,Fuel Pump,Fuel System,Retail,2,188.22,0.0,376.44,Credit card
2021-08-22,ORD2195,Battery,Electrical,Retail,2,178.02,0.0,356.04,Credit card
2021-08-23,ORD2196,Shock Absorber,Suspension,Retail,5,137.77,6.87,695.72,PayPal
2021-08-23,ORD2197,Clutch Kit,Transmission,Retail,1,264.7,73.28,337.98,Credit card
2021-08-23,ORD2198,Brake Rotor,Braking system,Wholesale,14,82.28,54.49,1206.41,Cash
2021-08-24,ORD2199,Water Pump,Cooling,Wholesale,11,73.49,0.0,808.39,PayPal
2021-08-24,ORD2200,Engine Oil,Engine,Retail,4,51.98,0.0,207.92,PayPal
2021-08-25,ORD2201,Brake Pads,Braking system,Retail,1,26.05,21.84,47.89,PayPal
2021-08-25,ORD2202,Brake Rotor,Braking system,Wholesale,21,87.06,0.0,1828.26,Cash
2021-08-26,ORD2203,Oil Filter,Engine,Retail,5,19.55,0.0,97.75,Bank transfer
2021-08-26,ORD2204,Brake Pads,Braking system,Retail,2,59.91,0.0,119.82,PayPal
2021-08-26,ORD2205,Battery,Electrical,Retail,2,157.97,47.3,363.24,Credit card
2021-08-26,ORD2206,Water Pump,Cooling,Wholesale,33,101.36,0.0,3344.88,Credit card
2021-08-27,ORD2207,Clutch Kit,Transmission,Wholesale,11,344.04,63.48,3847.92,Bank transfer
2021-08-27,ORD2208,Alternator,Electrical,Retail,4,294.39,61.93,1239.49,Cash
2021-08-27,ORD2209,Alternator,Electrical,Retail,5,262.52,0.0,1312.6,PayPal
2021-08-28,ORD2210,Engine Oil,Engine,Wholesale,23,59.84,56.92,1433.24,Credit card
2021-08-29,ORD2211,Alternator,Electrical,Retail,3,282.75,0.0,848.25,Cash
2021-08-30,ORD2212,Engine Oil,Engine,Retail,4,31.27,33.25,158.33,Bank transfer
2021-08-30,ORD2213,Spark Plugs,Ignition,Retail,4,7.8,52.74,83.94,PayPal
2021-08-31,ORD2214,Battery,Electrical,Corporate,18,147.97,0.0,2663.46,Cash
2021-09-01,ORD2215,Brake Pads,Braking system,Retail,2,20.46,6.15,47.07,Bank transfer
2021-09-01,ORD2216,Air Filter,Engine,Wholesale,33,23.62,9.73,789.19,Cash
2021-09-01,ORD2217,Spark Plugs,Ignition,Retail,1,8.14,76.62,84.76,Credit card
2021-09-01,ORD2218,Brake Rotor,Braking system,Corporate,19,58.2,0.0,1105.8,PayPal
2021-09-02,ORD2219,Radiator,Cooling,Retail,1,179.43,42.1,221.53,PayPal
2021-09-02,ORD2220,Air Filter,Engine,Wholesale,44,15.54,67.46,751.22,Bank transfer
2021-09-02,ORD2221,Radiator,Cooling,Retail,4,146.09,0.0,584.36,PayPal
2021-09-03,ORD2222,Engine Oil,Engine,Retail,3,50.71,36.51,188.64,Cash
2021-09-03,ORD2223,Engine Oil,Engine,Retail,4,41.39,0.0,165.56,PayPal
2021-09-04,ORD2224,Battery,Electrical,Retail,3,140.39,0.0,421.17,Cash
2021-09-05,ORD2225,Spark Plugs,Ignition,Corporate,6,11.33,0.0,67.98,Cash
2021-09-05,ORD2226,Air Filter,Engine,Wholesale,35,21.32,0.0,746.2,PayPal
2021-09-05,ORD2227,Brake Rotor,Braking system,Wholesale,29,82.45,12.88,2403.93,Cash
2021-09-05,ORD2228,Engine Oil,Engine,Retail,3,49.13,0.0,147.39,Cash
2021-09-06,ORD2229,Alternator,Electrical,Retail,2,307.22,73.72,688.16,Credit card
2021-09-06,ORD2230,Battery,Electrical,Retail,2,154.5,72.11,381.11,Cash
2021-09-06,ORD2231,Shock Absorber,Suspension,Wholesale,35,114.35,21.16,4023.41,PayPal
2021-09-06,ORD2232,Control Arm,Suspension,Corporate,9,136.88,0.0,1231.92,PayPal
2021-09-07,ORD2233,Spark Plugs,Ignition,Retail,3,7.75,0.0,23.25,Bank transfer
2021-09-07,ORD2234,Clutch Kit,Transmission,Retail,2,211.38,75.85,498.61,PayPal
2021-09-07,ORD2235,Alternator,Electrical,Retail,2,325.77,69.6,721.14,Bank transfer
2021-09-07,ORD2236,Brake Rotor,Braking system,Retail,2,67.25,29.98,164.48,Bank transfer
2021-09-08,ORD2237,Alternator,Electrical,Corporate,12,187.7,0.0,2252.4,Cash
2021-09-08,ORD2238,Brake Pads,Braking system,Retail,3,29.47,15.81,104.22,Cash
2021-09-09,ORD2239,Engine Oil,Engine,Retail,5,33.96,48.0,217.8,Credit card
2021-09-09,ORD2240,Oil Filter,Engine,Retail,5,20.73,41.69,145.34,Cash
2021-09-10,ORD2241,Control Arm,Suspension,Retail,3,155.34,33.65,499.67,Cash
2021-09-10,ORD2242,Radiator,Cooling,Corporate,15,163.79,0.0,2456.85,PayPal
2021-09-10,ORD2243,Battery,Electrical,Retail,2,104.29,0.0,208.58,Credit card
2021-09-11,ORD2244,Alternator,Electrical,Retail,5,284.28,0.0,1421.4,Bank transfer
2021-09-11,ORD2245,Fuel Pump,Fuel System,Retail,5,185.36,0.0,926.8,Bank transfer
2021-09-11,ORD2246,Air Filter,Engine,Wholesale,37,34.41,0.0,1273.17,Bank transfer
2021-09-11,ORD2247,Engine Oil,Engine,Retail,3,43.54,31.88,162.5,Credit card
2021-09-12,ORD2248,Spark Plugs,Ignition,Wholesale,22,6.58,59.97,204.73,Bank transfer
2021-09-13,ORD2249,Clutch Kit,Transmission,Wholesale,37,347.66,0.0,12863.42,Credit card
2021-09-13,ORD2250,Engine Oil,Engine,Wholesale,13,54.72,0.0,711.36,Bank transfer
2021-09-13,ORD2251,Brake Rotor,Braking system,Retail,3,82.66,0.0,247.98,Bank transfer
2021-09-14,ORD2252,Brake Rotor,Braking system,Retail,2,59.6,0.0,119.2,Credit card
2021-09-14,ORD2253,Oil Filter,Engine,Retail,1,16.87,0.0,16.87,Bank transfer
2021-09-14,ORD2254,Spark Plugs,Ignition,Retail,5,11.33,51.51,108.16,PayPal
2021-09-15,ORD2255,Control Arm,Suspension,Wholesale,26,80.14,43.75,2127.39,Cash
2021-09-16,ORD2256,Alternator,Electrical,Retail,4,179.0,27.89,743.89,Bank transfer
2021-09-16,ORD2257,Brake Rotor,Braking system,Retail,5,41.71,45.03,253.58,Credit card
2021-09-17,ORD2258,Shock Absorber,Suspension,Corporate,10,145.2,44.32,1496.32,Cash
2021-09-18,ORD2259,Fuel Pump,Fuel System,Retail,3,146.94,0.0,440.82,Credit card
2021-09-19,ORD2260,Engine Oil,Engine,Corporate,13,43.62,0.0,567.06,PayPal
2021-09-19,ORD2261,Air Filter,Engine,Retail,4,27.9,42.23,153.83,PayPal
2021-09-19,ORD2262,Spark Plugs,Ignition,Retail,1,5.59,0.0,5.59,Bank transfer
2021-09-20,ORD2263,Water Pump,Cooling,Retail,1,55.2,0.0,55.2,Credit card
2021-09-20,ORD2264,Brake Rotor,Braking system,Retail,4,64.16,0.0,256.64,PayPal
2021-09-20,ORD2265,Water Pump,Cooling,Retail,3,43.37,0.0,130.11,Credit card
2021-09-21,ORD2266,Oil Filter,Engine,Retail,4,10.22,45.16,86.04,PayPal
2021-09-21,ORD2267,Fuel Pump,Fuel System,Retail,1,114.82,0.0,114.82,Bank transfer
2021-09-22,ORD2268,Fuel Pump,Fuel System,Corporate,10,216.05,0.0,2160.5,Cash
2021-09-22,ORD2269,Alternator,Electrical,Retail,2,236.53,0.0,473.06,PayPal
2021-09-22,ORD2270,Oil Filter,Engine,Retail,5,15.94,33.96,113.66,Bank transfer
2021-09-23,ORD2271,Air Filter,Engine,Retail,2,29.25,11.04,69.54,PayPal
2021-09-23,ORD2272,Water Pump,Cooling,Retail,2,66.01,42.77,174.79,Cash
2021-09-23,ORD2273,Radiator,Cooling,Retail,5,194.53,36.12,1008.77,PayPal
2021-09-24,ORD2274,Battery,Electrical,Retail,2,235.43,0.0,470.86,Cash
2021-09-24,ORD2275,Brake Rotor,Braking system,Retail,2,67.51,68.64,203.66,PayPal
2021-09-25,ORD2276,Water Pump,Cooling,Retail,4,59.65,54.42,293.02,Cash
2021-09-25,ORD2277,Spark Plugs,Ignition,Corporate,9,10.26,62.63,154.97,Credit card
2021-09-25,ORD2278,Radiator,Cooling,Retail,5,101.14,26.71,532.41,Cash
2021-09-26,ORD2279,Brake Pads,Braking system,Retail,1,48.8,0.0,48.8,Cash
2021-09-26,ORD2280,Oil Filter,Engine,Retail,2,18.15,0.0,36.3,PayPal
2021-09-26,ORD2281,Fuel Pump,Fuel System,Corporate,12,156.4,0.0,1876.8,Cash
2021-09-27,ORD2282,Brake Pads,Braking system,Retail,3,74.27,0.0,222.81,Cash
2021-09-27,ORD2283,Clutch Kit,Transmission,Retail,1,247.22,0.0,247.22,PayPal
2021-09-27,ORD2284,Oil Filter,Engine,Retail,2,23.39,0.0,46.78,Cash
2021-09-27,ORD2285,Brake Pads,Braking system,Retail,1,77.37,0.0,77.37,Bank transfer
2021-09-28,ORD2286,Battery,Electrical,Retail,4,132.85,26.18,557.58,Credit card
2021-09-28,ORD2287,Air Filter,Engine,Retail,2,17.21,0.0,34.42,Credit card
2021-09-28,ORD2288,Alternator,Electrical,Retail,1,250.65,0.0,250.65,Bank transfer
2021-09-28,ORD2289,Fuel Pump,Fuel System,Retail,1,207.46,14.56,222.02,PayPal
2021-09-29,ORD2290,Brake Pads,Braking system,Retail,2,36.71,0.0,73.42,Cash
2021-09-30,ORD2291,Brake Rotor,Braking system,Retail,1,72.65,0.0,72.65,Credit card
2021-10-01,ORD2292,Water Pump,Cooling,Retail,4,46.04,0.0,184.16,PayPal
2021-10-02,ORD2293,Radiator,Cooling,Retail,5,131.84,0.0,659.2,PayPal
2021-10-02,ORD2294,Control Arm,Suspension,Retail,2,90.75,0.0,181.5,Cash
2021-10-03,ORD2295,Air Filter,Engine,Retail,3,21.39,0.0,64.17,Bank transfer
2021-10-04,ORD2296,Radiator,Cooling,Retail,1,170.47,0.0,170.47,Credit card
2021-10-04,ORD2297,Water Pump,Cooling,Retail,5,99.84,0.0,499.2,Bank transfer
2021-10-04,ORD2298,Radiator,Cooling,Wholesale,30,194.21,0.0,5826.3,Bank transfer
2021-10-05,ORD2299,Alternator,Electrical,Wholesale,20,333.18,42.89,6706.49,Bank transfer
2021-10-06,ORD2300,Air Filter,Engine,Retail,3,31.95,0.0,95.85,Bank transfer
2021-10-06,ORD2301,Engine Oil,Engine,Retail,4,34.21,24.87,161.71,Bank transfer
2021-10-06,ORD2302,Battery,Electrical,Corporate,11,157.07,56.74,1784.51,Cash
2021-10-06,ORD2303,Shock Absorber,Suspension,Retail,4,107.67,0.0,430.68,Bank transfer
2021-10-07,ORD2304,Control Arm,Suspension,Wholesale,45,173.85,0.0,7823.25,Credit card
2021-10-07,ORD2305,Oil Filter,Engine,Retail,1,17.59,46.02,63.61,Cash
2021-10-07,ORD2306,Brake Pads,Braking system,Retail,1,47.31,0.0,47.31,PayPal
2021-10-07,ORD2307,Control Arm,Suspension,Retail,3,100.94,0.0,302.82,Bank transfer
2021-10-08,ORD2308,Radiator,Cooling,Retail,4,135.96,0.0,543.84,Bank transfer
2021-10-09,ORD2309,Clutch Kit,Transmission,Retail,4,367.63,0.0,1470.52,PayPal
2021-10-09,ORD2310,Water Pump,Cooling,Retail,3,106.08,0.0,318.24,PayPal
2021-10-09,ORD2311,Air Filter,Engine,Retail,5,30.66,0.0,153.3,Cash
2021-10-10,ORD2312,Brake Pads,Braking system,Wholesale,14,60.72,0.0,850.08,Bank transfer
2021-10-11,ORD2313,Water Pump,Cooling,Retail,1,80.7,0.0,80.7,Cash
2021-10-11,ORD2314,Clutch Kit,Transmission,Retail,3,292.14,0.0,876.42,Cash
2021-10-12,ORD2315,Clutch Kit,Transmission,Retail,4,365.34,0.0,1461.36,Cash
2021-10-12,ORD2316,Battery,Electrical,Retail,3,240.22,0.0,720.66,Credit card
2021-10-12,ORD2317,Shock Absorber,Suspension,Retail,5,87.6,0.0,438.0,Bank transfer
2021-10-13,ORD2318,Radiator,Cooling,Retail,2,151.74,0.0,303.48,Bank transfer
2021-10-13,ORD2319,Engine Oil,Engine,Retail,5,44.55,27.49,250.24,Bank transfer
2021-10-13,ORD2320,Brake Rotor,Braking system,Retail,2,97.16,60.89,255.21,PayPal
2021-10-13,ORD2321,Fuel Pump,Fuel System,Retail,5,81.47,10.39,417.74,Cash
2021-10-14,ORD2322,Brake Pads,Braking system,Retail,1,74.44,7.45,81.89,PayPal
2021-10-14,ORD2323,Engine Oil,Engine,Wholesale,10,32.94,0.0,329.4,Cash
2021-10-14,ORD2324,Spark Plugs,Ignition,Wholesale,28,14.1,65.68,460.48,PayPal
2021-10-14,ORD2325,Brake Pads,Braking system,Wholesale,35,67.29,58.47,2413.62,PayPal
2021-10-15,ORD2326,Control Arm,Suspension,Retail,3,162.76,18.12,506.4,Bank transfer
2021-10-15,ORD2327,Battery,Electrical,Retail,1,177.4,0.0,177.4,Cash
2021-10-16,ORD2328,Brake Rotor,Braking system,Wholesale,46,77.82,74.97,3654.69,Credit card
2021-10-16,ORD2329,Clutch Kit,Transmission,Wholesale,33,210.06,37.68,6969.66,Cash
2021-10-17,ORD2330,Control Arm,Suspension,Retail,1,173.22,0.0,173.22,Bank transfer
2021-10-18,ORD2331,Radiator,Cooling,Retail,4,124.2,0.0,496.8,Cash
2021-10-19,ORD2332,Oil Filter,Engine,Wholesale,23,16.79,0.0,386.17,Credit card
2021-10-19,ORD2333,Battery,Electrical,Wholesale,30,170.86,0.0,5125.8,PayPal
2021-10-20,ORD2334,Shock Absorber,Suspension,Wholesale,39,101.91,46.22,4020.71,Cash
2021-10-20,ORD2335,Control Arm,Suspension,Wholesale,39,85.74,51.11,3394.97,PayPal
2021-10-20,ORD2336,Brake Pads,Braking system,Retail,3,54.96,28.24,193.12,Cash
2021-10-20,ORD2337,Water Pump,Cooling,Retail,3,45.19,0.0,135.57,Credit card
2021-10-21,ORD2338,Alternator,Electrical,Retail,2,259.81,0.0,519.62,Bank transfer
2021-10-21,ORD2339,Spark Plugs,Ignition,Retail,5,8.06,0.0,40.3,Cash
2021-10-21,ORD2340,Engine Oil,Engine,Corporate,14,37.49,0.0,524.86,PayPal
2021-10-21,ORD2341,Battery,Electrical,Retail,3,200.64,67.89,669.81,Credit card
2021-10-22,ORD2342,Water Pump,Cooling,Retail,5,73.61,0.0,368.05,Cash
2021-10-22,ORD2343,Battery,Electrical,Retail,4,138.03,0.0,552.12,Bank transfer
2021-10-23,ORD2344,Oil Filter,Engine,Retail,5,18.25,43.86,135.11,Bank transfer
2021-10-23,ORD2345,Clutch Kit,Transmission,Retail,3,291.1,0.0,873.3,Cash
2021-10-23,ORD2346,Control Arm,Suspension,Corporate,13,123.3,62.22,1665.12,Credit card
2021-10-24,ORD2347,Shock Absorber,Suspension,Retail,4,82.41,28.78,358.42,Bank transfer
2021-10-25,ORD2348,Shock Absorber,Suspension,Retail,5,109.78,0.0,548.9,Bank transfer
2021-10-25,ORD2349,Clutch Kit,Transmission,Retail,5,328.07,12.04,1652.39,Bank transfer
2021-10-26,ORD2350,Engine Oil,Engine,Retail,3,51.81,0.0,155.43,PayPal
2021-10-26,ORD2351,Alternator,Electrical,Retail,4,349.91,72.2,1471.84,Bank transfer
2021-10-26,ORD2352,Engine Oil,Engine,Retail,2,51.8,28.8,132.4,Bank transfer
2021-10-27,ORD2353,Alternator,Electrical,Retail,2,224.87,0.0,449.74,Bank transfer
2021-10-28,ORD2354,Control Arm,Suspension,Wholesale,31,77.84,0.0,2413.04,Credit card
2021-10-28,ORD2355,Brake Pads,Braking system,Retail,4,79.04,0.0,316.16,Credit card
2021-10-28,ORD2356,Brake Rotor,Braking system,Retail,3,58.0,0.0,174.0,Credit card
2021-10-29,ORD2357,Battery,Electrical,Wholesale,42,244.03,68.51,10317.77,Cash
2021-10-29,ORD2358,Air Filter,Engine,Retail,2,26.5,16.43,69.43,Cash
2021-10-29,ORD2359,Radiator,Cooling,Wholesale,41,134.31,70.73,5577.44,Cash
2021-10-30,ORD2360,Radiator,Cooling,Retail,5,169.86,16.82,866.12,Cash
2021-10-30,ORD2361,Brake Rotor,Braking system,Wholesale,41,88.64,0.0,3634.24,Credit card
2021-10-31,ORD2362,Oil Filter,Engine,Retail,4,23.58,0.0,94.32,Bank transfer
2021-10-31,ORD2363,Fuel Pump,Fuel System,Wholesale,42,199.28,0.0,8369.76,Credit card
2021-11-01,ORD2364,Fuel Pump,Fuel System,Retail,1,89.0,68.54,157.54,Bank transfer
2021-11-02,ORD2365,Air Filter,Engine,Retail,5,20.51,70.88,173.43,PayPal
2021-11-02,ORD2366,Alternator,Electrical,Retail,2,189.64,68.65,447.93,PayPal
2021-11-02,ORD2367,Battery,Electrical,Retail,5,157.79,0.0,788.95,Credit card
2021-11-03,ORD2368,Clutch Kit,Transmission,Retail,5,280.97,77.69,1482.54,PayPal
2021-11-03,ORD2369,Shock Absorber,Suspension,Wholesale,38,131.75,59.12,5065.62,Cash
2021-11-03,ORD2370,Spark Plugs,Ignition,Retail,3,7.24,0.0,21.72,PayPal
2021-11-03,ORD2371,Engine Oil,Engine,Retail,4,42.41,43.03,212.67,Cash
2021-11-04,ORD2372,Alternator,Electrical,Retail,4,218.09,0.0,872.36,Cash
2021-11-05,ORD2373,Fuel Pump,Fuel System,Retail,2,95.71,0.0,191.42,PayPal
2021-11-05,ORD2374,Brake Rotor,Braking system,Wholesale,33,53.57,0.0,1767.81,Cash
2021-11-06,ORD2375,Battery,Electrical,Retail,4,157.91,38.58,670.22,PayPal
2021-11-06,ORD2376,Alternator,Electrical,Retail,4,313.05,0.0,1252.2,PayPal
2021-11-07,ORD2377,Brake Rotor,Braking system,Corporate,10,84.64,0.0,846.4,PayPal
2021-11-07,ORD2378,Air Filter,Engine,Corporate,5,29.38,35.13,182.03,Cash
2021-11-07,ORD2379,Radiator,Cooling,Retail,4,90.89,0.0,363.56,Bank transfer
2021-11-08,ORD2380,Shock Absorber,Suspension,Retail,1,141.38,36.68,178.06,PayPal
2021-11-08,ORD2381,Brake Rotor,Braking system,Retail,2,78.9,0.0,157.8,PayPal
2021-11-08,ORD2382,Control Arm,Suspension,Retail,1,110.32,0.0,110.32,PayPal
2021-11-09,ORD2383,Battery,Electrical,Retail,2,132.13,26.7,290.96,Cash
2021-11-09,ORD2384,Alternator,Electrical,Retail,1,235.69,38.86,274.55,Credit card
2021-11-10,ORD2385,Brake Rotor,Braking system,Corporate,17,50.59,51.49,911.52,Credit card
2021-11-10,ORD2386,Brake Rotor,Braking system,Wholesale,39,78.47,77.15,3137.48,Bank transfer
2021-11-11,ORD2387,Shock Absorber,Suspension,Retail,5,110.8,0.0,554.0,Bank transfer
2021-11-12,ORD2388,Alternator,Electrical,Corporate,7,175.4,17.59,1245.39,PayPal
2021-11-12,ORD2389,Spark Plugs,Ignition,Wholesale,14,8.64,79.86,200.82,Credit card
2021-11-12,ORD2390,Brake Rotor,Braking system,Wholesale,24,45.71,0.0,1097.04,Cash
2021-11-12,ORD2391,Clutch Kit,Transmission,Retail,4,470.04,0.0,1880.16,Credit card
2021-11-13,ORD2392,Shock Absorber,Suspension,Retail,1,113.82,69.26,183.08,Credit card
2021-11-13,ORD2393,Shock Absorber,Suspension,Wholesale,45,72.88,11.38,3290.98,Cash
2021-11-13,ORD2394,Fuel Pump,Fuel System,Wholesale,40,170.25,44.24,6854.24,PayPal
2021-11-13,ORD2395,Air Filter,Engine,Corporate,11,18.75,0.0,206.25,Bank transfer
2021-11-14,ORD2396,Shock Absorber,Suspension,Retail,5,95.63,0.0,478.15,Bank transfer
2021-11-15,ORD2397,Oil Filter,Engine,Retail,3,16.18,0.0,48.54,Bank transfer
2021-11-15,ORD2398,Fuel Pump,Fuel System,Retail,4,163.79,71.41,726.57,PayPal
2021-11-15,ORD2399,Oil Filter,Engine,Retail,3,10.27,0.0,30.81,Credit card
2021-11-16,ORD2400,Clutch Kit,Transmission,Retail,2,306.25,0.0,612.5,Cash
2021-11-17,ORD2401,Oil Filter,Engine,Retail,5,16.45,0.0,82.25,Credit card
2021-11-17,ORD2402,Brake Rotor,Braking system,Retail,5,46.94,0.0,234.7,Credit card
2021-11-17,ORD2403,Water Pump,Cooling,Retail,1,105.28,50.36,155.64,Bank transfer
2021-11-18,ORD2404,Oil Filter,Engine,Wholesale,18,24.22,27.83,463.79,Bank transfer
2021-11-18,ORD2405,Engine Oil,Engine,Retail,4,33.41,0.0,133.64,Cash
2021-11-18,ORD2406,Radiator,Cooling,Retail,5,87.52,0.0,437.6,Credit card
2021-11-19,ORD2407,Clutch Kit,Transmission,Retail,5,463.94,0.0,2319.7,Bank transfer
2021-11-19,ORD2408,Fuel Pump,Fuel System,Retail,1,86.05,0.0,86.05,Credit card
2021-11-19,ORD2409,Engine Oil,Engine,Retail,5,31.44,0.0,157.2,PayPal
2021-11-20,ORD2410,Engine Oil,Engine,Wholesale,33,52.1,52.75,1772.05,Credit card
2021-11-21,ORD2411,Oil Filter,Engine,Retail,3,15.59,0.0,46.77,Credit card
2021-11-21,ORD2412,Shock Absorber,Suspension,Retail,3,100.82,0.0,302.46,Bank transfer
2021-11-22,ORD2413,Oil Filter,Engine,Wholesale,27,23.66,0.0,638.82,PayPal
2021-11-22,ORD2414,Control Arm,Suspension,Wholesale,18,105.13,0.0,1892.34,PayPal
2021-11-22,ORD2415,Oil Filter,Engine,Wholesale,21,15.07,0.0,316.47,Credit card
2021-11-23,ORD2416,Air Filter,Engine,Retail,4,28.28,24.75,137.87,Bank transfer
2021-11-24,ORD2417,Spark Plugs,Ignition,Retail,1,8.1,0.0,8.1,PayPal
2021-11-24,ORD2418,Engine Oil,Engine,Corporate,8,57.1,0.0,456.8,Credit card
2021-11-25,ORD2419,Brake Pads,Braking system,Corporate,9,76.56,0.0,689.04,Credit card
2021-11-25,ORD2420,Air Filter,Engine,Retail,4,34.68,0.0,138.72,Cash
2021-11-25,ORD2421,Battery,Electrical,Retail,1,173.66,62.32,235.98,PayPal
2021-11-26,ORD2422,Shock Absorber,Suspension,Retail,3,113.5,0.0,340.5,Bank transfer
2021-11-26,ORD2423,Oil Filter,Engine,Corporate,15,13.74,11.5,217.6,Cash
2021-11-27,ORD2424,Control Arm,Suspension,Retail,2,156.01,21.65,333.67,Bank transfer
2021-11-27,ORD2425,Shock Absorber,Suspension,Retail,4,92.07,0.0,368.28,Credit card
2021-11-27,ORD2426,Clutch Kit,Transmission,Retail,2,327.52,53.95,708.99,Cash
2021-11-27,ORD2427,Air Filter,Engine,Retail,1,23.98,77.7,101.68,PayPal
2021-11-28,ORD2428,Alternator,Electrical,Retail,3,222.64,70.78,738.7,Bank transfer
2021-11-28,ORD2429,Fuel Pump,Fuel System,Retail,4,208.84,60.17,895.53,Bank transfer
2021-11-28,ORD2430,Engine Oil,Engine,Wholesale,35,45.13,46.03,1625.58,Bank transfer
2021-11-28,ORD2431,Alternator,Electrical,Retail,3,322.0,0.0,966.0,Credit card
2021-11-29,ORD2432,Alternator,Electrical,Retail,5,203.05,0.0,1015.25,Credit card
2021-11-30,ORD2433,Spark Plugs,Ignition,Retail,3,9.45,14.51,42.86,Cash
2021-11-30,ORD2434,Water Pump,Cooling,Retail,3,72.63,0.0,217.89,Credit card
2021-11-30,ORD2435,Oil Filter,Engine,Wholesale,22,19.17,0.0,421.74,PayPal
2021-11-30,ORD2436,Control Arm,Suspension,Corporate,16,164.11,0.0,2625.76,Credit card
2021-12-01,ORD2437,Control Arm,Suspension,Corporate,7,159.87,0.0,1119.09,PayPal
2021-12-01,ORD2438,Control Arm,Suspension,Wholesale,14,81.98,0.0,1147.72,Credit card
2021-12-01,ORD2439,Battery,Electrical,Retail,1,161.71,38.24,199.95,Bank transfer
2021-12-02,ORD2440,Fuel Pump,Fuel System,Wholesale,40,171.84,7.19,6880.79,PayPal
2021-12-03,ORD2441,Alternator,Electrical,Retail,2,296.2,0.0,592.4,Cash
2021-12-04,ORD2442,Radiator,Cooling,Retail,2,189.3,0.0,378.6,PayPal
2021-12-04,ORD2443,Brake Rotor,Braking system,Wholesale,27,40.0,0.0,1080.0,Bank transfer
2021-12-05,ORD2444,Spark Plugs,Ignition,Corporate,15,12.49,0.0,187.35,Credit card
2021-12-06,ORD2445,Oil Filter,Engine,Retail,2,18.54,0.0,37.08,PayPal
2021-12-06,ORD2446,Fuel Pump,Fuel System,Wholesale,22,126.58,0.0,2784.76,Bank transfer
2021-12-06,ORD2447,Spark Plugs,Ignition,Retail,5,5.41,0.0,27.05,PayPal
2021-12-06,ORD2448,Control Arm,Suspension,Retail,5,179.17,0.0,895.85,PayPal
2021-12-07,ORD2449,Control Arm,Suspension,Corporate,18,126.08,0.0,2269.44,Cash
2021-12-07,ORD2450,Control Arm,Suspension,Retail,5,98.71,0.0,493.55,Cash
2021-12-08,ORD2451,Spark Plugs,Ignition,Corporate,9,12.34,0.0,111.06,Cash
2021-12-08,ORD2452,Fuel Pump,Fuel System,Retail,1,121.18,25.12,146.3,Bank transfer
2021-12-08,ORD2453,Clutch Kit,Transmission,Retail,4,290.28,24.58,1185.7,PayPal
2021-12-08,ORD2454,Brake Rotor,Braking system,Retail,4,58.46,0.0,233.84,Credit card
2021-12-09,ORD2455,Spark Plugs,Ignition,Retail,3,13.21,27.61,67.24,Cash
2021-12-10,ORD2456,Fuel Pump,Fuel System,Retail,2,168.48,33.28,370.24,Credit card
2021-12-11,ORD2457,Brake Pads,Braking system,Retail,2,43.68,68.7,156.06,Credit card
2021-12-11,ORD2458,Control Arm,Suspension,Retail,5,176.38,0.0,881.9,Credit card
2021-12-11,ORD2459,Shock Absorber,Suspension,Wholesale,38,77.75,0.0,2954.5,Bank transfer
2021-12-12,ORD2460,Engine Oil,Engine,Wholesale,25,57.38,11.88,1446.38,Cash
2021-12-13,ORD2461,Shock Absorber,Suspension,Corporate,14,113.63,0.0,1590.82,Bank transfer
2021-12-13,ORD2462,Brake Rotor,Braking system,Retail,4,42.6,0.0,170.4,Cash
2021-12-14,ORD2463,Control Arm,Suspension,Retail,5,178.12,40.13,930.73,PayPal
2021-12-14,ORD2464,Spark Plugs,Ignition,Retail,1,5.66,51.84,57.5,PayPal
2021-12-14,ORD2465,Air Filter,Engine,Retail,5,32.23,0.0,161.15,Credit card
2021-12-14,ORD2466,Air Filter,Engine,Wholesale,18,24.83,40.8,487.74,Bank transfer
2021-12-15,ORD2467,Clutch Kit,Transmission,Retail,3,242.19,0.0,726.57,Credit card
2021-12-15,ORD2468,Water Pump,Cooling,Retail,4,111.57,0.0,446.28,Credit card
2021-12-15,ORD2469,Shock Absorber,Suspension,Retail,3,119.58,0.0,358.74,Cash
2021-12-16,ORD2470,Air Filter,Engine,Corporate,5,24.76,39.21,163.01,PayPal
2021-12-16,ORD2471,Spark Plugs,Ignition,Wholesale,18,12.86,0.0,231.48,Bank transfer
2021-12-16,ORD2472,Water Pump,Cooling,Retail,1,40.22,0.0,40.22,Cash
2021-12-16,ORD2473,Radiator,Cooling,Retail,2,157.53,37.44,352.5,PayPal
2021-12-17,ORD2474,Oil Filter,Engine,Retail,4,13.08,0.0,52.32,Cash
2021-12-17,ORD2475,Spark Plugs,Ignition,Retail,2,10.14,0.0,20.28,Credit card
2021-12-17,ORD2476,Brake Pads,Braking system,Retail,3,37.53,0.0,112.59,Bank transfer
2021-12-18,ORD2477,Clutch Kit,Transmission,Retail,1,275.44,0.0,275.44,Cash
2021-12-18,ORD2478,Battery,Electrical,Corporate,9,247.17,0.0,2224.53,PayPal
2021-12-18,ORD2479,Spark Plugs,Ignition,Wholesale,20,12.98,0.0,259.6,Bank transfer
2021-12-18,ORD2480,Air Filter,Engine,Retail,3,31.84,0.0,95.52,Bank transfer
2021-12-19,ORD2481,Engine Oil,Engine,Wholesale,26,57.88,0.0,1504.88,PayPal
2021-12-19,ORD2482,Spark Plugs,Ignition,Retail,5,10.64,0.0,53.2,Cash
2021-12-19,ORD2483,Battery,Electrical,Retail,2,101.18,0.0,202.36,PayPal
2021-12-19,ORD2484,Brake Pads,Braking system,Retail,4,64.59,63.49,321.85,Credit card
2021-12-20,ORD2485,Water Pump,Cooling,Wholesale,29,81.75,0.0,2370.75,Bank transfer
2021-12-20,ORD2486,Engine Oil,Engine,Retail,4,36.2,0.0,144.8,Credit card
2021-12-21,ORD2487,Alternator,Electrical,Retail,4,275.72,0.0,1102.88,PayPal
2021-12-21,ORD2488,Shock Absorber,Suspension,Retail,2,123.01,0.0,246.02,Credit card
2021-12-21,ORD2489,Control Arm,Suspension,Retail,4,72.42,0.0,289.68,Credit card
2021-12-21,ORD2490,Engine Oil,Engine,Retail,3,49.25,21.13,168.88,PayPal
2021-12-22,ORD2491,Fuel Pump,Fuel System,Retail,1,207.56,76.09,283.65,Bank transfer
2021-12-22,ORD2492,Battery,Electrical,Wholesale,34,199.73,8.79,6799.61,PayPal
2021-12-22,ORD2493,Water Pump,Cooling,Retail,4,76.2,29.78,334.58,PayPal
2021-12-23,ORD2494,Brake Rotor,Braking system,Wholesale,23,53.61,0.0,1233.03,Credit card
2021-12-24,ORD2495,Shock Absorber,Suspension,Retail,3,109.64,0.0,328.92,Cash
2021-12-25,ORD2496,Spark Plugs,Ignition,Wholesale,39,12.95,25.87,530.92,PayPal
2021-12-26,ORD2497,Brake Pads,Braking system,Corporate,17,75.91,0.0,1290.47,Bank transfer
2021-12-26,ORD2498,Fuel Pump,Fuel System,Wholesale,24,151.63,0.0,3639.12,Credit card
2021-12-27,ORD2499,Air Filter,Engine,Retail,5,16.6,55.66,138.66,Bank transfer
2021-12-28,ORD2500,Brake Rotor,Braking system,Wholesale,46,56.62,0.0,2604.52,Bank transfer
2021-12-29,ORD2501,Shock Absorber,Suspension,Retail,4,75.31,0.0,301.24,Cash
2021-12-30,ORD2502,Air Filter,Engine,Retail,4,27.3,28.6,137.8,Cash
2021-12-31,ORD2503,Oil Filter,Engine,Retail,2,22.23,67.75,112.21,Cash
2021-12-31,ORD2504,Brake Rotor,Braking system,Retail,2,59.09,0.0,118.18,PayPal
2021-12-31,ORD2505,Brake Rotor,Braking system,Retail,1,57.2,36.71,93.91,Credit card
2022-01-01,ORD2506,Engine Oil,Engine,Wholesale,35,36.37,12.21,1285.16,Bank transfer
2022-01-01,ORD2507,Spark Plugs,Ignition,Retail,5,9.69,59.38,107.83,Cash
2022-01-01,ORD2508,Clutch Kit,Transmission,Retail,5,282.56,0.0,1412.8,Credit card
2022-01-01,ORD2509,Fuel Pump,Fuel System,Retail,2,170.24,8.08,348.56,Cash
2022-01-02,ORD2510,Shock Absorber,Suspension,Retail,2,127.55,0.0,255.1,Bank transfer
2022-01-02,ORD2511,Spark Plugs,Ignition,Retail,3,5.33,0.0,15.99,Bank transfer
2022-01-03,ORD2512,Shock Absorber,Suspension,Corporate,15,88.38,0.0,1325.7,Cash
2022-01-03,ORD2513,Brake Rotor,Braking system,Retail,4,91.29,7.1,372.26,Credit card
2022-01-03,ORD2514,Clutch Kit,Transmission,Retail,3,359.37,78.35,1156.46,Cash
2022-01-04,ORD2515,Spark Plugs,Ignition,Wholesale,31,12.6,0.0,390.6,Bank transfer
2022-01-04,ORD2516,Brake Pads,Braking system,Retail,5,47.41,0.0,237.05,Cash
2022-01-04,ORD2517,Radiator,Cooling,Retail,1,83.59,0.0,83.59,Cash
2022-01-04,ORD2518,Water Pump,Cooling,Retail,1,57.71,26.83,84.54,Cash
2022-01-05,ORD2519,Oil Filter,Engine,Retail,4,16.12,59.76,124.24,Cash
2022-01-05,ORD2520,Spark Plugs,Ignition,Corporate,9,6.68,0.0,60.12,PayPal
2022-01-05,ORD2521,Engine Oil,Engine,Retail,4,58.03,50.91,283.03,PayPal
2022-01-05,ORD2522,Clutch Kit,Transmission,Wholesale,31,427.16,0.0,13241.96,PayPal
2022-01-06,ORD2523,Oil Filter,Engine,Corporate,14,10.24,0.0,143.36,PayPal
2022-01-06,ORD2524,Brake Pads,Braking system,Retail,3,28.55,0.0,85.65,Credit card
2022-01-06,ORD2525,Brake Rotor,Braking system,Corporate,11,97.67,0.0,1074.37,Credit card
2022-01-07,ORD2526,Water Pump,Cooling,Retail,4,81.74,46.6,373.56,PayPal
2022-01-07,ORD2527,Alternator,Electrical,Retail,2,157.07,0.0,314.14,Bank transfer
2022-01-08,ORD2528,Battery,Electrical,Wholesale,21,118.48,0.0,2488.08,PayPal
2022-01-08,ORD2529,Brake Rotor,Braking system,Wholesale,27,47.34,0.0,1278.18,Cash
2022-01-08,ORD2530,Brake Pads,Braking system,Wholesale,36,32.43,0.0,1167.48,Bank transfer
2022-01-09,ORD2531,Alternator,Electrical,Wholesale,41,243.18,0.0,9970.38,Credit card
2022-01-10,ORD2532,Brake Pads,Braking system,Retail,4,67.98,0.0,271.92,Cash
2022-01-10,ORD2533,Fuel Pump,Fuel System,Retail,5,124.29,41.57,663.02,Cash
2022-01-10,ORD2534,Shock Absorber,Suspension,Retail,5,67.55,0.0,337.75,Credit card
2022-01-11,ORD2535,Brake Rotor,Braking system,Wholesale,12,41.35,0.0,496.2,Cash
2022-01-12,ORD2536,Spark Plugs,Ignition,Wholesale,22,11.31,0.0,248.82,Credit card
2022-01-12,ORD2537,Control Arm,Suspension,Retail,4,103.75,0.0,415.0,Cash
2022-01-12,ORD2538,Fuel Pump,Fuel System,Retail,5,144.42,0.0,722.1,Cash
2022-01-12,ORD2539,Air Filter,Engine,Corporate,7,24.91,56.4,230.77,Cash
2022-01-13,ORD2540,Battery,Electrical,Retail,1,217.7,48.58,266.28,PayPal
2022-01-14,ORD2541,Battery,Electrical,Retail,2,249.04,16.98,515.06,Cash
2022-01-14,ORD2542,Engine Oil,Engine,Retail,3,47.23,0.0,141.69,Bank transfer
2022-01-14,ORD2543,Oil Filter,Engine,Retail,1,10.69,79.57,90.26,PayPal
2022-01-14,ORD2544,Oil Filter,Engine,Retail,1,18.6,45.48,64.08,PayPal
2022-01-15,ORD2545,Clutch Kit,Transmission,Retail,1,252.75,19.25,272.0,Cash
2022-01-16,ORD2546,Battery,Electrical,Retail,4,176.35,0.0,705.4,Cash
2022-01-16,ORD2547,Engine Oil,Engine,Wholesale,38,34.77,0.0,1321.26,Credit card
2022-01-16,ORD2548,Alternator,Electrical,Corporate,12,346.38,37.87,4194.43,Bank transfer
2022-01-17,ORD2549,Battery,Electrical,Wholesale,23,112.15,0.0,2579.45,Credit card
2022-01-17,ORD2550,Shock Absorber,Suspension,Wholesale,32,89.13,78.53,2930.69,Cash
2022-01-18,ORD2551,Control Arm,Suspension,Wholesale,25,89.32,0.0,2233.0,Bank transfer
2022-01-18,ORD2552,Fuel Pump,Fuel System,Retail,3,184.95,0.0,554.85,Cash
2022-01-18,ORD2553,Shock Absorber,Suspension,Corporate,7,89.12,21.51,645.35,Bank transfer
2022-01-19,ORD2554,Oil Filter,Engine,Wholesale,46,22.4,27.79,1058.19,Bank transfer
2022-01-20,ORD2555,Oil Filter,Engine,Retail,4,11.05,0.0,44.2,Credit card
2022-01-20,ORD2556,Radiator,Cooling,Retail,1,113.34,0.0,113.34,Credit card
2022-01-20,ORD2557,Clutch Kit,Transmission,Wholesale,45,455.37,0.0,20491.65,PayPal
2022-01-20,ORD2558,Brake Rotor,Braking system,Corporate,15,79.77,26.22,1222.77,Credit card
2022-01-21,ORD2559,Oil Filter,Engine,Retail,4,15.86,0.0,63.44,PayPal
2022-01-22,ORD2560,Fuel Pump,Fuel System,Wholesale,14,204.16,56.18,2914.42,PayPal
2022-01-23,ORD2561,Control Arm,Suspension,Wholesale,30,140.36,10.7,4221.5,Cash
2022-01-24,ORD2562,Brake Rotor,Braking system,Retail,2,50.29,0.0,100.58,PayPal
2022-01-24,ORD2563,Fuel Pump,Fuel System,Corporate,14,199.73,0.0,2796.22,Bank transfer
2022-01-24,ORD2564,Oil Filter,Engine,Retail,3,14.06,24.98,67.16,Bank transfer
2022-01-25,ORD2565,Water Pump,Cooling,Retail,1,76.04,0.0,76.04,PayPal
2022-01-25,ORD2566,Fuel Pump,Fuel System,Retail,1,152.23,0.0,152.23,Bank transfer
2022-01-25,ORD2567,Battery,Electrical,Retail,2,241.29,0.0,482.58,Credit card
2022-01-25,ORD2568,Battery,Electrical,Retail,4,114.92,0.0,459.68,Cash
2022-01-26,ORD2569,Air Filter,Engine,Retail,5,20.88,0.0,104.4,Cash
2022-01-27,ORD2570,Clutch Kit,Transmission,Retail,5,246.27,20.32,1251.67,Bank transfer
2022-01-27,ORD2571,Brake Pads,Braking system,Retail,3,63.84,0.0,191.52,PayPal
2022-01-28,ORD2572,Brake Rotor,Braking system,Retail,5,88.12,0.0,440.6,Credit card
2022-01-28,ORD2573,Spark Plugs,Ignition,Retail,1,9.18,0.0,9.18,PayPal
2022-01-29,ORD2574,Oil Filter,Engine,Retail,1,12.35,0.0,12.35,Cash
2022-01-30,ORD2575,Air Filter,Engine,Retail,1,27.14,0.0,27.14,PayPal
2022-01-30,ORD2576,Brake Pads,Braking system,Retail,5,44.45,42.41,264.66,PayPal
2022-01-30,ORD2577,Oil Filter,Engine,Retail,1,19.37,0.0,19.37,Bank transfer
2022-01-31,ORD2578,Fuel Pump,Fuel System,Wholesale,36,81.85,0.0,2946.6,PayPal
2022-02-01,ORD2579,Fuel Pump,Fuel System,Retail,1,148.21,0.0,148.21,Bank transfer
2022-02-01,ORD2580,Control Arm,Suspension,Retail,4,172.67,0.0,690.68,Bank transfer
2022-02-01,ORD2581,Fuel Pump,Fuel System,Corporate,15,195.89,0.0,2938.35,Bank transfer
2022-02-01,ORD2582,Control Arm,Suspension,Retail,1,120.85,21.58,142.43,Cash
2022-02-02,ORD2583,Clutch Kit,Transmission,Retail,3,482.45,0.0,1447.35,PayPal
2022-02-02,ORD2584,Spark Plugs,Ignition,Corporate,6,5.1,0.0,30.6,Credit card
2022-02-03,ORD2585,Air Filter,Engine,Wholesale,34,29.12,39.07,1029.15,PayPal
2022-02-03,ORD2586,Battery,Electrical,Wholesale,48,165.59,55.99,8004.31,PayPal
2022-02-03,ORD2587,Clutch Kit,Transmission,Wholesale,32,487.62,0.0,15603.84,Cash
2022-02-03,ORD2588,Engine Oil,Engine,Retail,2,41.95,77.69,161.59,Credit card
2022-02-04,ORD2589,Fuel Pump,Fuel System,Retail,2,127.7,0.0,255.4,PayPal
2022-02-04,ORD2590,Brake Pads,Braking system,Wholesale,42,31.42,15.37,1335.01,Cash
2022-02-05,ORD2591,Clutch Kit,Transmission,Retail,1,247.15,41.46,288.61,PayPal
2022-02-05,ORD2592,Brake Pads,Braking system,Retail,3,24.95,59.57,134.42,Cash
2022-02-06,ORD2593,Alternator,Electrical,Wholesale,18,231.86,0.0,4173.48,Bank transfer
2022-02-06,ORD2594,Spark Plugs,Ignition,Retail,5,10.68,0.0,53.4,PayPal
2022-02-06,ORD2595,Fuel Pump,Fuel System,Retail,4,198.11,14.41,806.85,Cash
2022-02-07,ORD2596,Control Arm,Suspension,Wholesale,42,78.17,30.33,3313.47,Cash
2022-02-07,ORD2597,Radiator,Cooling,Retail,5,110.61,0.0,553.05,PayPal
2022-02-08,ORD2598,Battery,Electrical,Retail,1,184.29,52.88,237.17,PayPal
2022-02-08,ORD2599,Water Pump,Cooling,Retail,2,91.58,73.33,256.49,Bank transfer
2022-02-08,ORD2600,Air Filter,Engine,Corporate,15,29.91,0.0,448.65,Cash
2022-02-09,ORD2601,Spark Plugs,Ignition,Retail,3,5.47,52.02,68.43,Bank transfer
2022-02-10,ORD2602,Radiator,Cooling,Wholesale,16,196.73,0.0,3147.68,Cash
2022-02-10,ORD2603,Spark Plugs,Ignition,Retail,5,5.29,0.0,26.45,Cash
2022-02-10,ORD2604,Control Arm,Suspension,Wholesale,34,160.51,0.0,5457.34,PayPal
2022-02-11,ORD2605,Brake Rotor,Braking system,Retail,4,58.15,0.0,232.6,PayPal
2022-02-11,ORD2606,Air Filter,Engine,Corporate,15,22.4,62.72,398.72,PayPal
2022-02-11,ORD2607,Clutch Kit,Transmission,Retail,3,413.34,0.0,1240.02,Credit card
2022-02-11,ORD2608,Engine Oil,Engine,Retail,4,32.95,59.55,191.35,Cash
2022-02-12,ORD2609,Air Filter,Engine,Corporate,15,33.76,57.84,564.24,Bank transfer
2022-02-12,ORD2610,Battery,Electrical,Retail,5,107.67,44.58,582.93,Bank transfer
2022-02-13,ORD2611,Clutch Kit,Transmission,Retail,2,367.74,0.0,735.48,PayPal
2022-02-14,ORD2612,Engine Oil,Engine,Retail,5,36.82,77.0,261.1,Bank transfer
2022-02-14,ORD2613,Clutch Kit,Transmission,Retail,5,292.75,64.76,1528.51,Credit card
2022-02-15,ORD2614,Spark Plugs,Ignition,Wholesale,25,8.28,0.0,207.0,Credit card
2022-02-15,ORD2615,Spark Plugs,Ignition,Wholesale,21,8.24,0.0,173.04,Cash
2022-02-15,ORD2616,Oil Filter,Engine,Retail,5,23.35,0.0,116.75,PayPal
2022-02-15,ORD2617,Radiator,Cooling,Retail,3,194.54,0.0,583.62,PayPal
2022-02-16,ORD2618,Shock Absorber,Suspension,Retail,5,98.47,0.0,492.35,Credit card
2022-02-16,ORD2619,Engine Oil,Engine,Retail,3,36.9,0.0,110.7,Bank transfer
2022-02-16,ORD2620,Control Arm,Suspension,Retail,5,155.15,0.0,775.75,PayPal
2022-02-16,ORD2621,Oil Filter,Engine,Retail,3,16.8,0.0,50.4,Cash
2022-02-17,ORD2622,Air Filter,Engine,Retail,1,34.9,18.59,53.49,Bank transfer
2022-02-17,ORD2623,Water Pump,Cooling,Retail,1,52.75,46.55,99.3,Credit card
2022-02-18,ORD2624,Clutch Kit,Transmission,Wholesale,24,467.69,0.0,11224.56,PayPal
2022-02-18,ORD2625,Alternator,Electrical,Retail,1,225.35,49.95,275.3,Bank transfer
2022-02-19,ORD2626,Shock Absorber,Suspension,Retail,1,115.67,0.0,115.67,PayPal
2022-02-20,ORD2627,Oil Filter,Engine,Retail,4,13.47,0.0,53.88,Cash
2022-02-21,ORD2628,Brake Pads,Braking system,Retail,4,53.19,27.31,240.07,Credit card
2022-02-22,ORD2629,Fuel Pump,Fuel System,Retail,4,143.35,45.52,618.92,Bank transfer
2022-02-22,ORD2630,Oil Filter,Engine,Retail,4,23.74,74.14,169.1,PayPal
2022-02-22,ORD2631,Brake Rotor,Braking system,Wholesale,33,96.13,0.0,3172.29,PayPal
2022-02-22,ORD2632,Water Pump,Cooling,Retail,1,89.24,21.99,111.23,Cash
2022-02-23,ORD2633,Fuel Pump,Fuel System,Retail,1,201.82,0.0,201.82,PayPal
2022-02-23,ORD2634,Clutch Kit,Transmission,Retail,1,382.38,31.04,413.42,Credit card
2022-02-24,ORD2635,Shock Absorber,Suspension,Wholesale,12,79.64,7.33,963.01,Credit card
2022-02-24,ORD2636,Oil Filter,Engine,Retail,3,24.3,0.0,72.9,PayPal
2022-02-25,ORD2637,Spark Plugs,Ignition,Retail,1,11.33,0.0,11.33,Credit card
2022-02-25,ORD2638,Water Pump,Cooling,Retail,4,62.12,67.1,315.58,PayPal
2022-02-25,ORD2639,Brake Pads,Braking system,Retail,1,63.3,76.46,139.76,Credit card
2022-02-26,ORD2640,Fuel Pump,Fuel System,Retail,2,177.57,0.0,355.14,PayPal
2022-02-26,ORD2641,Battery,Electrical,Retail,1,193.44,36.24,229.68,Credit card
2022-02-26,ORD2642,Water Pump,Cooling,Retail,5,59.07,0.0,295.35,Credit card
2022-02-27,ORD2643,Fuel Pump,Fuel System,Wholesale,28,193.81,0.0,5426.68,Cash
2022-02-27,ORD2644,Spark Plugs,Ignition,Corporate,10,11.33,10.47,123.77,Bank transfer
2022-02-27,ORD2645,Spark Plugs,Ignition,Wholesale,40,5.23,0.0,209.2,PayPal
2022-02-28,ORD2646,Battery,Electrical,Retail,2,220.99,0.0,441.98,Cash
2022-02-28,ORD2647,Brake Rotor,Braking system,Wholesale,35,66.61,0.0,2331.35,Cash
2022-02-28,ORD2648,Control Arm,Suspension,Retail,5,96.16,0.0,480.8,Credit card
2022-03-01,ORD2649,Battery,Electrical,Retail,5,172.84,0.0,864.2,PayPal
2022-03-01,ORD2650,Battery,Electrical,Wholesale,27,103.56,33.19,2829.31,Bank transfer
2022-03-01,ORD2651,Battery,Electrical,Retail,3,231.88,0.0,695.64,Credit card
2022-03-01,ORD2652,Radiator,Cooling,Corporate,10,154.52,0.0,1545.2,Bank transfer
2022-03-02,ORD2653,Spark Plugs,Ignition,Retail,4,10.32,0.0,41.28,Bank transfer
2022-03-02,ORD2654,Radiator,Cooling,Retail,5,198.54,71.83,1064.53,Bank transfer
2022-03-03,ORD2655,Air Filter,Engine,Retail,2,34.23,66.0,134.46,Bank transfer
2022-03-03,ORD2656,Engine Oil,Engine,Wholesale,15,44.49,40.29,707.64,Credit card
2022-03-03,ORD2657,Oil Filter,Engine,Retail,3,14.65,0.0,43.95,Bank transfer
2022-03-03,ORD2658,Alternator,Electrical,Retail,2,274.31,0.0,548.62,Credit card
2022-03-04,ORD2659,Fuel Pump,Fuel System,Retail,3,110.36,0.0,331.08,Bank transfer
2022-03-04,ORD2660,Shock Absorber,Suspension,Retail,4,66.38,0.0,265.52,Bank transfer
2022-03-05,ORD2661,Air Filter,Engine,Retail,3,26.44,0.0,79.32,Credit card
2022-03-06,ORD2662,Brake Pads,Braking system,Retail,2,43.41,0.0,86.82,Cash
2022-03-07,ORD2663,Brake Pads,Braking system,Retail,1,58.05,12.57,70.62,Bank transfer
2022-03-07,ORD2664,Radiator,Cooling,Retail,4,170.22,0.0,680.88,PayPal
2022-03-07,ORD2665,Fuel Pump,Fuel System,Retail,1,135.11,35.16,170.27,Credit card
2022-03-07,ORD2666,Clutch Kit,Transmission,Retail,1,440.17,0.0,440.17,Credit card
2022-03-08,ORD2667,Clutch Kit,Transmission,Retail,3,323.88,0.0,971.64,Bank transfer
2022-03-08,ORD2668,Control Arm,Suspension,Retail,3,82.72,0.0,248.16,Credit card
2022-03-09,ORD2669,Fuel Pump,Fuel System,Retail,2,186.55,0.0,373.1,Bank transfer
2022-03-09,ORD2670,Spark Plugs,Ignition,Retail,5,6.7,56.81,90.31,PayPal
2022-03-10,ORD2671,Battery,Electrical,Wholesale,37,174.52,50.85,6508.09,Bank transfer
2022-03-10,ORD2672,Water Pump,Cooling,Retail,5,107.11,0.0,535.55,Bank transfer
2022-03-10,ORD2673,Air Filter,Engine,Wholesale,33,19.58,0.0,646.14,Bank transfer
2022-03-11,ORD2674,Shock Absorber,Suspension,Retail,4,143.37,0.0,573.48,Bank transfer
2022-03-12,ORD2675,Radiator,Cooling,Retail,3,94.85,41.9,326.45,PayPal
2022-03-12,ORD2676,Clutch Kit,Transmission,Retail,5,394.48,5.9,1978.3,Cash
2022-03-12,ORD2677,Spark Plugs,Ignition,Wholesale,10,8.88,0.0,88.8,Bank transfer
2022-03-12,ORD2678,Clutch Kit,Transmission,Wholesale,12,476.12,0.0,5713.44,Credit card
2022-03-13,ORD2679,Spark Plugs,Ignition,Retail,1,13.63,0.0,13.63,Cash
2022-03-13,ORD2680,Clutch Kit,Transmission,Retail,2,395.94,57.85,849.73,Cash
2022-03-13,ORD2681,Fuel Pump,Fuel System,Retail,1,159.62,0.0,159.62,Credit card
2022-03-13,ORD2682,Battery,Electrical,Retail,3,206.11,17.42,635.75,PayPal
2022-03-14,ORD2683,Oil Filter,Engine,Retail,2,15.48,70.87,101.83,Credit card
2022-03-15,ORD2684,Alternator,Electrical,Retail,3,168.46,46.3,551.68,PayPal
2022-03-15,ORD2685,Air Filter,Engine,Retail,3,20.91,0.0,62.73,Cash
2022-03-16,ORD2686,Clutch Kit,Transmission,Retail,1,449.37,14.27,463.64,Cash
2022-03-17,ORD2687,Spark Plugs,Ignition,Retail,4,6.17,0.0,24.68,Credit card
2022-03-18,ORD2688,Air Filter,Engine,Retail,4,28.04,0.0,112.16,PayPal
2022-03-18,ORD2689,Alternator,Electrical,Wholesale,47,251.16,76.32,11880.84,Bank transfer
2022-03-18,ORD2690,Water Pump,Cooling,Retail,5,53.2,0.0,266.0,PayPal
2022-03-18,ORD2691,Brake Rotor,Braking system,Retail,5,50.45,47.11,299.36,PayPal
2022-03-19,ORD2692,Spark Plugs,Ignition,Retail,5,8.33,39.76,81.41,Credit card
2022-03-19,ORD2693,Alternator,Electrical,Retail,4,230.79,0.0,923.16,Credit card
2022-03-19,ORD2694,Control Arm,Suspension,Wholesale,42,167.97,0.0,7054.74,PayPal
2022-03-19,ORD2695,Water Pump,Cooling,Retail,3,82.43,0.0,247.29,Bank transfer
2022-03-20,ORD2696,Oil Filter,Engine,Retail,2,24.25,0.0,48.5,Cash
2022-03-20,ORD2697,Air Filter,Engine,Retail,2,30.19,0.0,60.38,Credit card
2022-03-21,ORD2698,Alternator,Electrical,Wholesale,16,218.8,7.94,3508.74,Cash
2022-03-21,ORD2699,Brake Rotor,Braking system,Retail,3,55.18,0.0,165.54,PayPal
2022-03-21,ORD2700,Fuel Pump,Fuel System,Wholesale,45,116.63,0.0,5248.35,Cash
2022-03-21,ORD2701,Engine Oil,Engine,Retail,5,59.08,0.0,295.4,Cash
2022-03-22,ORD2702,Radiator,Cooling,Retail,5,186.05,0.0,930.25,Cash
2022-03-22,ORD2703,Control Arm,Suspension,Corporate,15,102.55,27.79,1566.04,Bank transfer
2022-03-22,ORD2704,Oil Filter,Engine,Wholesale,23,19.87,0.0,457.01,Bank transfer
2022-03-23,ORD2705,Oil Filter,Engine,Retail,2,11.31,14.91,37.53,Credit card
2022-03-23,ORD2706,Spark Plugs,Ignition,Retail,1,7.5,0.0,7.5,Credit card
2022-03-23,ORD2707,Radiator,Cooling,Wholesale,24,113.17,0.0,2716.08,PayPal
2022-03-24,ORD2708,Alternator,Electrical,Retail,4,243.77,0.0,975.08,Cash
2022-03-24,ORD2709,Brake Pads,Braking system,Retail,2,27.42,69.35,124.19,PayPal
2022-03-25,ORD2710,Radiator,Cooling,Retail,2,170.66,14.64,355.96,PayPal
2022-03-25,ORD2711,Fuel Pump,Fuel System,Retail,4,86.84,0.0,347.36,Cash
2022-03-26,ORD2712,Spark Plugs,Ignition,Retail,3,12.78,74.23,112.57,Bank transfer
2022-03-26,ORD2713,Control Arm,Suspension,Retail,1,129.68,55.87,185.55,Cash
2022-03-26,ORD2714,Fuel Pump,Fuel System,Wholesale,22,135.75,0.0,2986.5,Credit card
2022-03-26,ORD2715,Radiator,Cooling,Retail,5,102.43,44.34,556.49,Bank transfer
2022-03-27,ORD2716,Radiator,Cooling,Retail,3,80.41,0.0,241.23,Cash
2022-03-27,ORD2717,Oil Filter,Engine,Wholesale,13,18.59,0.0,241.67,Bank transfer
2022-03-27,ORD2718,Fuel Pump,Fuel System,Wholesale,10,174.77,26.83,1774.53,PayPal
2022-03-27,ORD2719,Radiator,Cooling,Wholesale,23,151.71,0.0,3489.33,Cash
2022-03-28,ORD2720,Clutch Kit,Transmission,Corporate,9,407.89,0.0,3671.01,PayPal
2022-03-28,ORD2721,Brake Rotor,Braking system,Retail,4,64.07,8.43,264.71,PayPal
2022-03-28,ORD2722,Brake Rotor,Braking system,Retail,4,43.63,65.06,239.58,Bank transfer
2022-03-29,ORD2723,Water Pump,Cooling,Retail,2,113.45,11.01,237.91,PayPal
2022-03-30,ORD2724,Control Arm,Suspension,Retail,5,114.15,0.0,570.75,Bank transfer
2022-03-30,ORD2725,Control Arm,Suspension,Retail,2,114.29,0.0,228.58,PayPal
2022-03-30,ORD2726,Engine Oil,Engine,Wholesale,19,39.01,31.42,772.61,PayPal
2022-03-30,ORD2727,Clutch Kit,Transmission,Wholesale,25,210.14,21.4,5274.9,Bank transfer
2022-03-31,ORD2728,Shock Absorber,Suspension,Wholesale,12,107.83,0.0,1293.96,Cash
2022-03-31,ORD2729,Alternator,Electrical,Retail,1,238.72,76.61,315.33,Credit card
2022-04-01,ORD2730,Control Arm,Suspension,Retail,4,149.54,27.79,625.95,PayPal
2022-04-01,ORD2731,Spark Plugs,Ignition,Retail,3,11.76,0.0,35.28,Credit card
2022-04-01,ORD2732,Radiator,Cooling,Retail,4,150.49,0.0,601.96,Bank transfer
2022-04-01,ORD2733,Clutch Kit,Transmission,Wholesale,23,474.31,42.18,10951.31,PayPal
2022-04-02,ORD2734,Radiator,Cooling,Retail,5,163.22,0.0,816.1,Bank transfer
2022-04-03,ORD2735,Control Arm,Suspension,Retail,1,118.28,0.0,118.28,Cash
2022-04-03,ORD2736,Fuel Pump,Fuel System,Retail,3,130.5,0.0,391.5,Cash
2022-04-04,ORD2737,Spark Plugs,Ignition,Retail,5,12.41,56.19,118.24,PayPal
2022-04-04,ORD2738,Radiator,Cooling,Corporate,5,134.45,0.0,672.25,Credit card
2022-04-04,ORD2739,Shock Absorber,Suspension,Retail,2,113.21,60.48,286.9,Credit card
2022-04-04,ORD2740,Brake Rotor,Braking system,Retail,2,66.55,0.0,133.1,Bank transfer
2022-04-05,ORD2741,Engine Oil,Engine,Retail,5,56.15,0.0,280.75,Cash
2022-04-05,ORD2742,Spark Plugs,Ignition,Retail,1,5.3,0.0,5.3,PayPal
2022-04-05,ORD2743,Shock Absorber,Suspension,Retail,2,79.02,0.0,158.04,Credit card
2022-04-05,ORD2744,Air Filter,Engine,Retail,2,17.44,33.54,68.42,Bank transfer
2022-04-06,ORD2745,Spark Plugs,Ignition,Retail,3,14.6,0.0,43.8,PayPal
2022-04-06,ORD2746,Clutch Kit,Transmission,Retail,4,404.78,0.0,1619.12,Credit card
2022-04-07,ORD2747,Air Filter,Engine,Retail,1,27.81,0.0,27.81,Credit card
2022-04-07,ORD2748,Fuel Pump,Fuel System,Retail,4,144.75,70.87,649.87,Bank transfer
2022-04-08,ORD2749,Shock Absorber,Suspension,Wholesale,48,96.4,0.0,4627.2,PayPal
2022-04-08,ORD2750,Battery,Electrical,Retail,3,101.3,6.4,310.3,Cash
2022-04-08,ORD2751,Battery,Electrical,Retail,1,138.15,0.0,138.15,Bank transfer
2022-04-08,ORD2752,Battery,Electrical,Retail,4,216.28,0.0,865.12,PayPal
2022-04-09,ORD2753,Water Pump,Cooling,Retail,3,107.02,0.0,321.06,Bank transfer
2022-04-09,ORD2754,Radiator,Cooling,Wholesale,27,84.42,0.0,2279.34,Cash
2022-04-09,ORD2755,Battery,Electrical,Retail,5,207.35,0.0,1036.75,Credit card
2022-04-10,ORD2756,Brake Rotor,Braking system,Retail,4,98.59,0.0,394.36,Credit card
2022-04-10,ORD2757,Brake Pads,Braking system,Wholesale,32,31.33,0.0,1002.56,Credit card
2022-04-11,ORD2758,Oil Filter,Engine,Retail,5,10.01,0.0,50.05,Bank transfer
2022-04-12,ORD2759,Oil Filter,Engine,Retail,4,10.22,0.0,40.88,Credit card
2022-04-12,ORD2760,Brake Pads,Braking system,Wholesale,27,33.98,0.0,917.46,PayPal
2022-04-13,ORD2761,Air Filter,Engine,Retail,2,32.91,71.92,137.74,Credit card
2022-04-13,ORD2762,Spark Plugs,Ignition,Retail,3,14.8,0.0,44.4,PayPal
2022-04-13,ORD2763,Shock Absorber,Suspension,Retail,2,67.12,0.0,134.24,Bank transfer
2022-04-13,ORD2764,Clutch Kit,Transmission,Retail,2,258.86,64.59,582.31,Credit card
2022-04-14,ORD2765,Air Filter,Engine,Retail,1,23.59,0.0,23.59,PayPal
2022-04-14,ORD2766,Brake Pads,Braking system,Retail,4,23.43,0.0,93.72,Cash
2022-04-14,ORD2767,Brake Rotor,Braking system,Corporate,8,76.12,42.5,651.46,Credit card
2022-04-15,ORD2768,Spark Plugs,Ignition,Corporate,8,9.45,43.54,119.14,Credit card
2022-04-15,ORD2769,Brake Pads,Braking system,Wholesale,34,46.41,37.9,1615.84,Cash
2022-04-15,ORD2770,Clutch Kit,Transmission,Retail,3,384.73,42.39,1196.58,Bank transfer
2022-04-15,ORD2771,Battery,Electrical,Wholesale,24,126.15,0.0,3027.6,Credit card
2022-04-16,ORD2772,Alternator,Electrical,Retail,4,333.94,0.0,1335.76,Credit card
2022-04-17,ORD2773,Air Filter,Engine,Corporate,15,29.89,39.11,487.46,Credit card
2022-04-17,ORD2774,Spark Plugs,Ignition,Retail,1,10.19,0.0,10.19,Bank transfer
2022-04-17,ORD2775,Brake Pads,Braking system,Retail,5,58.44,61.64,353.84,PayPal
2022-04-17,ORD2776,Brake Rotor,Braking system,Retail,2,84.04,0.0,168.08,PayPal
2022-04-18,ORD2777,Control Arm,Suspension,Retail,5,150.23,63.28,814.43,Credit card
2022-04-18,ORD2778,Control Arm,Suspension,Retail,1,172.06,10.92,182.98,Credit card
2022-04-18,ORD2779,Spark Plugs,Ignition,Retail,5,13.46,36.45,103.75,Bank transfer
2022-04-18,ORD2780,Oil Filter,Engine,Wholesale,37,19.84,0.0,734.08,Credit card
2022-04-19,ORD2781,Battery,Electrical,Retail,1,158.28,7.18,165.46,Credit card
2022-04-20,ORD2782,Battery,Electrical,Wholesale,19,190.82,37.17,3662.75,Credit card
2022-04-20,ORD2783,Oil Filter,Engine,Wholesale,28,11.37,0.0,318.36,Cash
2022-04-20,ORD2784,Shock Absorber,Suspension,Retail,1,116.97,0.0,116.97,Cash
2022-04-21,ORD2785,Brake Pads,Braking system,Retail,3,73.9,18.29,239.99,Credit card
2022-04-21,ORD2786,Water Pump,Cooling,Retail,5,54.2,0.0,271.0,Credit card
2022-04-22,ORD2787,Engine Oil,Engine,Retail,1,46.81,24.68,71.49,Credit card
2022-04-22,ORD2788,Engine Oil,Engine,Retail,1,57.57,65.83,123.4,Credit card
2022-04-22,ORD2789,Control Arm,Suspension,Retail,2,128.19,22.48,278.86,Bank transfer
2022-04-22,ORD2790,Shock Absorber,Suspension,Retail,3,141.07,28.6,451.81,PayPal
2022-04-23,ORD2791,Brake Rotor,Braking system,Wholesale,42,67.54,0.0,2836.68,PayPal
2022-04-24,ORD2792,Control Arm,Suspension,Retail,2,123.51,0.0,247.02,Credit card
2022-04-24,ORD2793,Brake Rotor,Braking system,Retail,3,43.36,0.0,130.08,Bank transfer
2022-04-24,ORD2794,Radiator,Cooling,Retail,2,163.62,52.02,379.26,Credit card
2022-04-25,ORD2795,Air Filter,Engine,Retail,1,28.71,0.0,28.71,Cash
2022-04-25,ORD2796,Fuel Pump,Fuel System,Retail,5,171.4,0.0,857.0,Cash
2022-04-25,ORD2797,Alternator,Electrical,Retail,2,170.9,48.8,390.6,PayPal
2022-04-25,ORD2798,Clutch Kit,Transmission,Wholesale,33,289.64,43.8,9601.92,Cash
2022-04-26,ORD2799,Oil Filter,Engine,Wholesale,12,23.32,0.0,279.84,PayPal
2022-04-26,ORD2800,Clutch Kit,Transmission,Retail,4,245.88,0.0,983.52,PayPal
2022-04-27,ORD2801,Air Filter,Engine,Retail,3,31.33,49.34,143.33,Cash
2022-04-27,ORD2802,Brake Pads,Braking system,Wholesale,40,24.81,24.97,1017.37,Cash
2022-04-28,ORD2803,Alternator,Electrical,Retail,1,323.69,0.0,323.69,PayPal
2022-04-29,ORD2804,Clutch Kit,Transmission,Corporate,9,282.55,7.89,2550.84,Cash
2022-04-29,ORD2805,Radiator,Cooling,Corporate,7,137.39,0.0,961.73,Cash
2022-04-29,ORD2806,Water Pump,Cooling,Retail,5,100.31,0.0,501.55,Bank transfer
2022-04-29,ORD2807,Spark Plugs,Ignition,Retail,1,10.96,44.14,55.1,Cash
2022-04-30,ORD2808,Radiator,Cooling,Retail,1,179.04,58.21,237.25,Cash
2022-04-30,ORD2809,Brake Pads,Braking system,Corporate,11,62.5,0.0,687.5,Credit card
2022-05-01,ORD2810,Spark Plugs,Ignition,Retail,5,12.19,0.0,60.95,Credit card
2022-05-01,ORD2811,Oil Filter,Engine,Retail,4,10.77,42.06,85.14,Credit card
2022-05-02,ORD2812,Battery,Electrical,Retail,1,177.43,28.29,205.72,PayPal
2022-05-02,ORD2813,Alternator,Electrical,Retail,3,181.16,27.89,571.37,Credit card
2022-05-02,ORD2814,Control Arm,Suspension,Wholesale,38,121.13,0.0,4602.94,PayPal
2022-05-03,ORD2815,Alternator,Electrical,Retail,5,286.81,70.2,1504.25,Credit card
2022-05-04,ORD2816,Shock Absorber,Suspension,Retail,3,118.94,0.0,356.82,Credit card
2022-05-04,ORD2817,Oil Filter,Engine,Retail,5,10.15,58.24,108.99,Credit card
2022-05-05,ORD2818,Oil Filter,Engine,Retail,4,13.7,0.0,54.8,Cash
2022-05-05,ORD2819,Water Pump,Cooling,Retail,2,119.92,0.0,239.84,Credit card
2022-05-05,ORD2820,Clutch Kit,Transmission,Retail,1,350.25,0.0,350.25,PayPal
2022-05-06,ORD2821,Alternator,Electrical,Retail,5,319.65,0.0,1598.25,Credit card
2022-05-06,ORD2822,Fuel Pump,Fuel System,Retail,5,218.35,34.14,1125.89,Bank transfer
2022-05-06,ORD2823,Spark Plugs,Ignition,Wholesale,25,5.4,0.0,135.0,Credit card
2022-05-06,ORD2824,Water Pump,Cooling,Retail,2,68.19,49.85,186.23,Bank transfer
2022-05-07,ORD2825,Battery,Electrical,Wholesale,38,180.25,67.5,6917.0,Cash
2022-05-07,ORD2826,Alternator,Electrical,Wholesale,15,308.03,53.06,4673.51,PayPal
2022-05-08,ORD2827,Brake Pads,Braking system,Wholesale,38,30.94,0.0,1175.72,Credit card
2022-05-08,ORD2828,Control Arm,Suspension,Retail,1,113.46,0.0,113.46,Credit card
2022-05-08,ORD2829,Air Filter,Engine,Retail,3,21.5,47.06,111.56,Cash
2022-05-08,ORD2830,Shock Absorber,Suspension,Retail,3,109.54,0.0,328.62,PayPal
2022-05-09,ORD2831,Radiator,Cooling,Wholesale,13,181.55,0.0,2360.15,Bank transfer
2022-05-10,ORD2832,Alternator,Electrical,Retail,3,248.01,77.33,821.36,Bank transfer
2022-05-10,ORD2833,Alternator,Electrical,Wholesale,43,200.39,0.0,8616.77,Cash
2022-05-10,ORD2834,Water Pump,Cooling,Wholesale,33,108.59,0.0,3583.47,Cash
2022-05-11,ORD2835,Radiator,Cooling,Retail,4,193.22,71.42,844.3,PayPal
2022-05-11,ORD2836,Brake Pads,Braking system,Wholesale,19,29.51,0.0,560.69,Credit card
2022-05-12,ORD2837,Air Filter,Engine,Retail,5,16.03,0.0,80.15,Credit card
2022-05-12,ORD2838,Brake Pads,Braking system,Retail,2,57.79,0.0,115.58,PayPal
2022-05-12,ORD2839,Battery,Electrical,Retail,5,155.21,79.35,855.4,Bank transfer
2022-05-13,ORD2840,Alternator,Electrical,Wholesale,15,327.67,76.82,4991.87,Bank transfer
2022-05-14,ORD2841,Control Arm,Suspension,Retail,1,123.1,65.49,188.59,Credit card
2022-05-14,ORD2842,Brake Pads,Braking system,Wholesale,33,45.27,0.0,1493.91,Cash
2022-05-14,ORD2843,Shock Absorber,Suspension,Retail,5,124.13,0.0,620.65,Bank transfer
2022-05-15,ORD2844,Brake Pads,Braking system,Retail,5,27.86,0.0,139.3,Bank transfer
2022-05-15,ORD2845,Air Filter,Engine,Retail,2,29.98,0.0,59.96,PayPal
2022-05-15,ORD2846,Water Pump,Cooling,Corporate,18,100.71,0.0,1812.78,Bank transfer
2022-05-16,ORD2847,Clutch Kit,Transmission,Retail,5,250.25,10.91,1262.16,Cash
2022-05-17,ORD2848,Air Filter,Engine,Retail,5,21.89,0.0,109.45,Bank transfer
2022-05-17,ORD2849,Engine Oil,Engine,Retail,4,51.84,8.67,216.03,Cash
2022-05-18,ORD2850,Alternator,Electrical,Wholesale,22,311.26,0.0,6847.72,Bank transfer
2022-05-18,ORD2851,Battery,Electrical,Retail,5,168.72,0.0,843.6,PayPal
2022-05-18,ORD2852,Alternator,Electrical,Retail,3,159.92,62.3,542.06,Bank transfer
2022-05-18,ORD2853,Alternator,Electrical,Retail,3,182.58,0.0,547.74,Cash
2022-05-19,ORD2854,Engine Oil,Engine,Wholesale,24,39.23,50.07,991.59,Bank transfer
2022-05-20,ORD2855,Brake Rotor,Braking system,Wholesale,46,93.25,0.0,4289.5,PayPal
2022-05-20,ORD2856,Radiator,Cooling,Retail,4,108.96,21.65,457.49,PayPal
2022-05-21,ORD2857,Battery,Electrical,Retail,2,117.79,0.0,235.58,Cash
2022-05-21,ORD2858,Oil Filter,Engine,Retail,3,18.75,17.84,74.09,Credit card
2022-05-21,ORD2859,Battery,Electrical,Retail,4,193.8,0.0,775.2,Credit card
2022-05-22,ORD2860,Radiator,Cooling,Wholesale,35,177.3,11.84,6217.34,Bank transfer
2022-05-22,ORD2861,Radiator,Cooling,Retail,1,183.59,0.0,183.59,Credit card
2022-05-23,ORD2862,Water Pump,Cooling,Retail,5,113.67,34.19,602.54,PayPal
2022-05-23,ORD2863,Brake Pads,Braking system,Wholesale,32,39.08,0.0,1250.56,Bank transfer
2022-05-23,ORD2864,Brake Rotor,Braking system,Wholesale,45,49.28,0.0,2217.6,Credit card
2022-05-23,ORD2865,Clutch Kit,Transmission,Retail,3,203.73,13.97,625.16,PayPal
2022-05-24,ORD2866,Clutch Kit,Transmission,Corporate,13,398.13,78.18,5253.87,Bank transfer
2022-05-24,ORD2867,Clutch Kit,Transmission,Retail,2,435.06,33.35,903.47,Bank transfer
2022-05-24,ORD2868,Spark Plugs,Ignition,Retail,2,6.02,51.04,63.08,Bank transfer
2022-05-24,ORD2869,Alternator,Electrical,Retail,5,165.27,0.0,826.35,Credit card
2022-05-25,ORD2870,Engine Oil,Engine,Retail,5,55.66,11.3,289.6,Cash
2022-05-25,ORD2871,Control Arm,Suspension,Wholesale,22,136.2,0.0,2996.4,Cash
2022-05-25,ORD2872,Alternator,Electrical,Retail,5,279.21,5.7,1401.75,Credit card
2022-05-26,ORD2873,Brake Pads,Braking system,Retail,5,59.34,31.06,327.76,Bank transfer
2022-05-26,ORD2874,Brake Rotor,Braking system,Retail,4,90.98,0.0,363.92,PayPal
2022-05-27,ORD2875,Oil Filter,Engine,Retail,4,15.34,0.0,61.36,Credit card
2022-05-27,ORD2876,Clutch Kit,Transmission,Wholesale,20,451.24,0.0,9024.8,PayPal
2022-05-27,ORD2877,Brake Rotor,Braking system,Corporate,15,43.76,0.0,656.4,Credit card
2022-05-28,ORD2878,Fuel Pump,Fuel System,Wholesale,19,152.85,52.42,2956.57,Bank transfer
2022-05-28,ORD2879,Oil Filter,Engine,Retail,5,19.97,24.09,123.94,PayPal
2022-05-28,ORD2880,Spark Plugs,Ignition,Retail,3,13.32,0.0,39.96,Cash
2022-05-28,ORD2881,Oil Filter,Engine,Retail,2,12.68,0.0,25.36,Bank transfer
2022-05-29,ORD2882,Control Arm,Suspension,Corporate,14,139.88,0.0,1958.32,Cash
2022-05-29,ORD2883,Air Filter,Engine,Retail,5,32.4,0.0,162.0,PayPal
2022-05-29,ORD2884,Engine Oil,Engine,Retail,4,36.4,0.0,145.6,PayPal
2022-05-30,ORD2885,Spark Plugs,Ignition,Retail,2,9.38,36.28,55.04,PayPal
2022-05-30,ORD2886,Fuel Pump,Fuel System,Retail,1,98.56,60.84,159.4,Credit card
2022-05-30,ORD2887,Alternator,Electrical,Retail,3,240.1,0.0,720.3,Cash
2022-05-30,ORD2888,Water Pump,Cooling,Corporate,7,86.67,11.62,618.31,Cash
2022-05-31,ORD2889,Radiator,Cooling,Corporate,11,92.38,0.0,1016.18,Credit card
2022-05-31,ORD2890,Alternator,Electrical,Wholesale,21,304.54,0.0,6395.34,PayPal
2022-06-01,ORD2891,Brake Pads,Braking system,Retail,4,60.71,0.0,242.84,Cash
2022-06-01,ORD2892,Brake Rotor,Braking system,Retail,1,60.54,0.0,60.54,Bank transfer
2022-06-01,ORD2893,Water Pump,Cooling,Corporate,12,62.99,0.0,755.88,Bank transfer
2022-06-02,ORD2894,Oil Filter,Engine,Retail,2,16.77,0.0,33.54,Cash
2022-06-03,ORD2895,Engine Oil,Engine,Corporate,19,53.11,0.0,1009.09,PayPal
2022-06-03,ORD2896,Air Filter,Engine,Retail,4,34.49,64.02,201.98,Bank transfer
2022-06-03,ORD2897,Alternator,Electrical,Retail,5,185.22,0.0,926.1,Credit card
2022-06-03,ORD2898,Air Filter,Engine,Retail,4,33.12,7.04,139.52,Cash
2022-06-04,ORD2899,Brake Rotor,Braking system,Corporate,6,45.04,22.8,293.04,Bank transfer
2022-06-04,ORD2900,Control Arm,Suspension,Wholesale,25,169.08,0.0,4227.0,Cash
2022-06-05,ORD2901,Alternator,Electrical,Retail,3,231.19,0.0,693.57,Credit card
2022-06-06,ORD2902,Brake Pads,Braking system,Corporate,5,44.37,76.38,298.23,Bank transfer
2022-06-06,ORD2903,Fuel Pump,Fuel System,Retail,5,104.43,6.98,529.13,PayPal
2022-06-06,ORD2904,Radiator,Cooling,Retail,5,95.79,40.28,519.23,Credit card
2022-06-06,ORD2905,Brake Pads,Braking system,Corporate,12,62.26,0.0,747.12,Credit card
2022-06-07,ORD2906,Alternator,Electrical,Wholesale,48,150.06,18.27,7221.15,Credit card
2022-06-07,ORD2907,Spark Plugs,Ignition,Wholesale,45,11.86,66.08,599.78,Bank transfer
2022-06-07,ORD2908,Radiator,Cooling,Retail,4,126.16,44.27,548.91,Credit card
2022-06-07,ORD2909,Shock Absorber,Suspension,Retail,1,123.08,77.05,200.13,Credit card
2022-06-08,ORD2910,Oil Filter,Engine,Retail,2,23.21,0.0,46.42,Cash
2022-06-08,ORD2911,Oil Filter,Engine,Retail,3,23.22,0.0,69.66,PayPal
2022-06-09,ORD2912,Alternator,Electrical,Retail,3,221.76,0.0,665.28,PayPal
2022-06-09,ORD2913,Shock Absorber,Suspension,Retail,4,123.55,0.0,494.2,Credit card
2022-06-09,ORD2914,Clutch Kit,Transmission,Wholesale,43,310.21,0.0,13339.03,Bank transfer
2022-06-09,ORD2915,Radiator,Cooling,Retail,3,92.12,0.0,276.36,PayPal
2022-06-10,ORD2916,Fuel Pump,Fuel System,Retail,5,202.14,28.53,1039.23,Credit card
2022-06-11,ORD2917,Clutch Kit,Transmission,Retail,1,267.29,0.0,267.29,Credit card
2022-06-11,ORD2918,Control Arm,Suspension,Wholesale,16,116.95,23.66,1894.86,Cash
2022-06-12,ORD2919,Shock Absorber,Suspension,Retail,5,126.6,79.73,712.73,Credit card
2022-06-12,ORD2920,Brake Rotor,Braking system,Retail,1,96.99,0.0,96.99,PayPal
2022-06-13,ORD2921,Battery,Electrical,Retail,2,155.28,0.0,310.56,Bank transfer
2022-06-13,ORD2922,Air Filter,Engine,Retail,4,21.11,66.98,151.42,Bank transfer
2022-06-13,ORD2923,Shock Absorber,Suspension,Wholesale,19,62.29,0.0,1183.51,Credit card
2022-06-13,ORD2924,Radiator,Cooling,Wholesale,23,147.54,63.43,3456.85,Bank transfer
2022-06-14,ORD2925,Battery,Electrical,Retail,5,221.08,13.08,1118.48,PayPal
2022-06-14,ORD2926,Water Pump,Cooling,Corporate,15,85.89,63.75,1352.1,Cash
2022-06-15,ORD2927,Brake Pads,Braking system,Wholesale,10,28.4,57.96,341.96,Bank transfer
2022-06-16,ORD2928,Air Filter,Engine,Retail,3,25.78,24.51,101.85,Credit card
2022-06-16,ORD2929,Radiator,Cooling,Retail,1,121.39,0.0,121.39,Cash
2022-06-17,ORD2930,Alternator,Electrical,Wholesale,28,249.61,72.27,7061.35,Bank transfer
2022-06-17,ORD2931,Battery,Electrical,Retail,3,207.93,0.0,623.79,Credit card
2022-06-18,ORD2932,Fuel Pump,Fuel System,Retail,4,216.67,41.74,908.42,PayPal
2022-06-18,ORD2933,Brake Pads,Braking system,Corporate,13,63.9,0.0,830.7,PayPal
2022-06-19,ORD2934,Water Pump,Cooling,Corporate,18,86.6,39.32,1598.12,Cash
2022-06-19,ORD2935,Engine Oil,Engine,Wholesale,36,39.39,0.0,1418.04,Bank transfer
2022-06-20,ORD2936,Brake Rotor,Braking system,Corporate,5,54.04,19.61,289.81,Cash
2022-06-21,ORD2937,Fuel Pump,Fuel System,Retail,3,215.9,55.42,703.12,PayPal
2022-06-21,ORD2938,Air Filter,Engine,Retail,1,19.09,0.0,19.09,Cash
2022-06-22,ORD2939,Clutch Kit,Transmission,Retail,2,393.2,0.0,786.4,PayPal
2022-06-22,ORD2940,Alternator,Electrical,Wholesale,45,195.08,0.0,8778.6,Cash
2022-06-23,ORD2941,Shock Absorber,Suspension,Retail,3,82.87,0.0,248.61,Cash
2022-06-23,ORD2942,Brake Rotor,Braking system,Corporate,17,71.41,0.0,1213.97,PayPal
2022-06-23,ORD2943,Battery,Electrical,Wholesale,42,129.33,0.0,5431.86,Cash
2022-06-24,ORD2944,Engine Oil,Engine,Retail,5,34.3,0.0,171.5,Bank transfer
2022-06-24,ORD2945,Clutch Kit,Transmission,Corporate,11,326.55,0.0,3592.05,Bank transfer
2022-06-25,ORD2946,Spark Plugs,Ignition,Wholesale,16,7.86,60.39,186.15,Bank transfer
2022-06-25,ORD2947,Control Arm,Suspension,Retail,1,74.37,0.0,74.37,PayPal
2022-06-25,ORD2948,Spark Plugs,Ignition,Retail,5,14.16,0.0,70.8,Bank transfer
2022-06-25,ORD2949,Clutch Kit,Transmission,Retail,3,473.27,36.11,1455.92,Cash
2022-06-26,ORD2950,Fuel Pump,Fuel System,Retail,3,118.29,12.76,367.63,Cash
2022-06-26,ORD2951,Clutch Kit,Transmission,Retail,2,339.45,58.73,737.63,Credit card
2022-06-26,ORD2952,Brake Rotor,Braking system,Retail,1,93.03,0.0,93.03,Cash
2022-06-26,ORD2953,Engine Oil,Engine,Retail,3,59.39,59.01,237.18,Cash
2022-06-27,ORD2954,Alternator,Electrical,Retail,5,331.68,68.4,1726.8,Bank transfer
2022-06-28,ORD2955,Alternator,Electrical,Retail,5,235.45,0.0,1177.25,Credit card
2022-06-29,ORD2956,Spark Plugs,Ignition,Retail,5,12.69,0.0,63.45,Credit card
2022-06-29,ORD2957,Oil Filter,Engine,Retail,5,16.21,0.0,81.05,Credit card
2022-06-29,ORD2958,Alternator,Electrical,Retail,5,334.9,0.0,1674.5,Cash
2022-06-29,ORD2959,Alternator,Electrical,Wholesale,33,263.44,0.0,8693.52,Bank transfer
2022-06-30,ORD2960,Shock Absorber,Suspension,Retail,2,96.96,64.76,258.68,Bank transfer
2022-06-30,ORD2961,Engine Oil,Engine,Retail,3,34.46,19.41,122.79,PayPal
2022-07-01,ORD2962,Oil Filter,Engine,Retail,1,18.5,9.77,28.27,Cash
2022-07-01,ORD2963,Brake Rotor,Braking system,Retail,1,58.88,30.92,89.8,Credit card
2022-07-01,ORD2964,Shock Absorber,Suspension,Wholesale,48,140.59,29.08,6777.4,Bank transfer
2022-07-02,ORD2965,Shock Absorber,Suspension,Retail,4,146.62,25.62,612.1,Cash
2022-07-02,ORD2966,Radiator,Cooling,Retail,5,87.08,47.36,482.76,Cash
2022-07-03,ORD2967,Water Pump,Cooling,Retail,3,107.87,16.92,340.53,Credit card
2022-07-04,ORD2968,Control Arm,Suspension,Retail,3,108.69,0.0,326.07,Cash
2022-07-04,ORD2969,Air Filter,Engine,Wholesale,43,23.0,44.64,1033.64,Cash
2022-07-04,ORD2970,Fuel Pump,Fuel System,Retail,4,144.6,5.01,583.41,PayPal
2022-07-05,ORD2971,Battery,Electrical,Wholesale,43,208.84,66.34,9046.46,Credit card
2022-07-06,ORD2972,Brake Rotor,Braking system,Corporate,16,65.52,0.0,1048.32,PayPal
2022-07-07,ORD2973,Shock Absorber,Suspension,Wholesale,39,117.74,23.82,4615.68,PayPal
2022-07-07,ORD2974,Brake Pads,Braking system,Retail,3,49.03,0.0,147.09,Bank transfer
2022-07-08,ORD2975,Fuel Pump,Fuel System,Retail,3,195.92,0.0,587.76,Bank transfer
2022-07-08,ORD2976,Spark Plugs,Ignition,Retail,1,9.97,0.0,9.97,Credit card
2022-07-08,ORD2977,Clutch Kit,Transmission,Retail,3,205.35,72.72,688.77,PayPal
2022-07-08,ORD2978,Fuel Pump,Fuel System,Retail,3,178.87,31.15,567.76,PayPal
2022-07-09,ORD2979,Alternator,Electrical,Wholesale,20,196.68,0.0,3933.6,Credit card
2022-07-10,ORD2980,Clutch Kit,Transmission,Wholesale,27,228.06,19.1,6176.72,Bank transfer
2022-07-10,ORD2981,Radiator,Cooling,Retail,1,171.53,0.0,171.53,Bank transfer
2022-07-10,ORD2982,Clutch Kit,Transmission,Wholesale,18,455.66,0.0,8201.88,PayPal
2022-07-11,ORD2983,Oil Filter,Engine,Wholesale,41,12.88,0.0,528.08,PayPal
2022-07-11,ORD2984,Radiator,Cooling,Retail,2,169.95,0.0,339.9,Cash
2022-07-12,ORD2985,Clutch Kit,Transmission,Retail,1,283.04,8.31,291.35,Bank transfer
2022-07-13,ORD2986,Battery,Electrical,Retail,1,207.69,43.31,251.0,Bank transfer
2022-07-13,ORD2987,Alternator,Electrical,Retail,3,254.87,58.92,823.53,PayPal
2022-07-14,ORD2988,Control Arm,Suspension,Retail,1,173.85,70.36,244.21,Cash
2022-07-14,ORD2989,Brake Rotor,Braking system,Retail,4,74.41,67.17,364.81,Cash
2022-07-15,ORD2990,Brake Pads,Braking system,Retail,4,44.06,35.6,211.84,PayPal
2022-07-15,ORD2991,Battery,Electrical,Retail,3,185.15,0.0,555.45,Bank transfer
2022-07-16,ORD2992,Alternator,Electrical,Retail,2,273.56,56.18,603.3,Cash
2022-07-16,ORD2993,Control Arm,Suspension,Retail,5,71.53,0.0,357.65,PayPal
2022-07-16,ORD2994,Spark Plugs,Ignition,Retail,5,9.46,0.0,47.3,PayPal
2022-07-16,ORD2995,Alternator,Electrical,Retail,1,183.9,0.0,183.9,Credit card
2022-07-17,ORD2996,Battery,Electrical,Retail,5,114.0,0.0,570.0,Cash
2022-07-18,ORD2997,Brake Pads,Braking system,Corporate,17,37.38,0.0,635.46,PayPal
2022-07-18,ORD2998,Engine Oil,Engine,Retail,1,30.87,53.32,84.19,Bank transfer
2022-07-18,ORD2999,Brake Rotor,Braking system,Retail,5,67.07,28.28,363.63,Credit card
2022-07-18,ORD3000,Air Filter,Engine,Wholesale,43,27.44,0.0,1179.92,Credit card
2022-07-19,ORD3001,Brake Pads,Braking system,Retail,3,22.07,0.0,66.21,Bank transfer
2022-07-19,ORD3002,Air Filter,Engine,Wholesale,30,27.79,44.03,877.73,Bank transfer
2022-07-19,ORD3003,Brake Pads,Braking system,Retail,3,58.63,0.0,175.89,Credit card
2022-07-19,ORD3004,Clutch Kit,Transmission,Retail,1,474.41,0.0,474.41,PayPal
2022-07-20,ORD3005,Battery,Electrical,Retail,1,229.53,0.0,229.53,PayPal
2022-07-20,ORD3006,Fuel Pump,Fuel System,Retail,1,166.71,0.0,166.71,Credit card
2022-07-21,ORD3007,Radiator,Cooling,Retail,2,127.76,56.33,311.85,Credit card
2022-07-22,ORD3008,Air Filter,Engine,Wholesale,26,18.38,60.41,538.29,PayPal
2022-07-23,ORD3009,Oil Filter,Engine,Retail,5,16.13,72.59,153.24,Cash
2022-07-23,ORD3010,Brake Rotor,Braking system,Retail,1,68.26,0.0,68.26,Credit card
2022-07-23,ORD3011,Fuel Pump,Fuel System,Retail,3,209.61,0.0,628.83,PayPal
2022-07-23,ORD3012,Clutch Kit,Transmission,Retail,3,344.28,64.68,1097.52,PayPal
2022-07-24,ORD3013,Water Pump,Cooling,Retail,4,48.55,42.66,236.86,PayPal
2022-07-25,ORD3014,Brake Rotor,Braking system,Retail,2,84.47,0.0,168.94,Cash
2022-07-25,ORD3015,Radiator,Cooling,Retail,4,119.45,0.0,477.8,Cash
2022-07-26,ORD3016,Brake Rotor,Braking system,Retail,5,77.17,0.0,385.85,Cash
2022-07-26,ORD3017,Air Filter,Engine,Retail,4,28.88,53.71,169.23,Cash
2022-07-26,ORD3018,Spark Plugs,Ignition,Retail,2,8.21,35.85,52.27,PayPal
2022-07-26,ORD3019,Engine Oil,Engine,Retail,3,34.11,45.3,147.63,PayPal
2022-07-27,ORD3020,Control Arm,Suspension,Retail,3,169.84,71.26,580.78,PayPal
2022-07-27,ORD3021,Spark Plugs,Ignition,Wholesale,21,7.52,0.0,157.92,PayPal
2022-07-28,ORD3022,Brake Rotor,Braking system,Retail,5,71.63,45.44,403.59,PayPal
2022-07-28,ORD3023,Clutch Kit,Transmission,Corporate,17,237.57,56.2,4094.89,Credit card
2022-07-28,ORD3024,Engine Oil,Engine,Retail,2,49.47,0.0,98.94,Cash
2022-07-28,ORD3025,Clutch Kit,Transmission,Retail,3,391.1,0.0,1173.3,Credit card
2022-07-29,ORD3026,Radiator,Cooling,Corporate,12,132.87,0.0,1594.44,Credit card
2022-07-29,ORD3027,Radiator,Cooling,Retail,4,112.64,0.0,450.56,Bank transfer
2022-07-29,ORD3028,Fuel Pump,Fuel System,Retail,5,105.01,0.0,525.05,Bank transfer
2022-07-30,ORD3029,Air Filter,Engine,Retail,3,29.52,46.45,135.01,PayPal
2022-07-30,ORD3030,Radiator,Cooling,Retail,4,109.35,0.0,437.4,Cash
2022-07-31,ORD3031,Shock Absorber,Suspension,Retail,1,68.97,0.0,68.97,PayPal
2022-08-01,ORD3032,Alternator,Electrical,Wholesale,42,172.19,20.72,7252.7,PayPal
2022-08-01,ORD3033,Engine Oil,Engine,Retail,5,46.67,0.0,233.35,PayPal
2022-08-01,ORD3034,Control Arm,Suspension,Retail,1,107.65,17.23,124.88,Credit card
2022-08-01,ORD3035,Control Arm,Suspension,Wholesale,38,100.59,54.43,3876.85,Bank transfer
2022-08-02,ORD3036,Radiator,Cooling,Retail,3,138.09,43.44,457.71,Cash
2022-08-02,ORD3037,Battery,Electrical,Retail,1,135.31,0.0,135.31,Cash
2022-08-03,ORD3038,Control Arm,Suspension,Retail,4,142.3,0.0,569.2,Credit card
2022-08-03,ORD3039,Brake Pads,Braking system,Wholesale,49,67.55,27.43,3337.38,PayPal
2022-08-03,ORD3040,Air Filter,Engine,Retail,1,22.1,0.0,22.1,PayPal
2022-08-04,ORD3041,Oil Filter,Engine,Retail,5,19.85,32.83,132.08,Cash
2022-08-04,ORD3042,Alternator,Electrical,Corporate,8,241.91,0.0,1935.28,Bank transfer
2022-08-04,ORD3043,Oil Filter,Engine,Retail,3,13.65,0.0,40.95,Cash
2022-08-05,ORD3044,Alternator,Electrical,Retail,3,307.86,31.33,954.91,Cash
2022-08-05,ORD3045,Clutch Kit,Transmission,Retail,2,258.65,0.0,517.3,Cash
2022-08-05,ORD3046,Air Filter,Engine,Retail,1,26.74,10.51,37.25,PayPal
2022-08-06,ORD3047,Clutch Kit,Transmission,Corporate,9,264.02,74.54,2450.72,Bank transfer
2022-08-07,ORD3048,Radiator,Cooling,Retail,5,80.76,0.0,403.8,Cash
2022-08-07,ORD3049,Spark Plugs,Ignition,Wholesale,13,8.23,0.0,106.99,Cash
2022-08-07,ORD3050,Water Pump,Cooling,Retail,3,82.84,0.0,248.52,PayPal
2022-08-08,ORD3051,Engine Oil,Engine,Retail,4,49.02,68.8,264.88,PayPal
2022-08-08,ORD3052,Air Filter,Engine,Retail,4,33.31,0.0,133.24,Credit card
2022-08-09,ORD3053,Spark Plugs,Ignition,Wholesale,39,9.57,24.08,397.31,PayPal
2022-08-09,ORD3054,Shock Absorber,Suspension,Retail,5,109.48,0.0,547.4,Cash
2022-08-10,ORD3055,Alternator,Electrical,Retail,2,171.89,55.91,399.69,PayPal
2022-08-10,ORD3056,Engine Oil,Engine,Retail,1,55.47,0.0,55.47,Bank transfer
2022-08-11,ORD3057,Fuel Pump,Fuel System,Wholesale,14,163.41,38.41,2326.15,Bank transfer
2022-08-11,ORD3058,Alternator,Electrical,Retail,4,313.16,37.55,1290.19,Cash
2022-08-11,ORD3059,Water Pump,Cooling,Corporate,11,99.61,6.41,1102.12,Cash
2022-08-11,ORD3060,Oil Filter,Engine,Retail,2,20.15,0.0,40.3,Cash
2022-08-12,ORD3061,Brake Pads,Braking system,Retail,4,48.32,0.0,193.28,Credit card
2022-08-12,ORD3062,Brake Pads,Braking system,Wholesale,13,25.0,0.0,325.0,PayPal
2022-08-12,ORD3063,Shock Absorber,Suspension,Retail,3,96.86,0.0,290.58,Credit card
2022-08-12,ORD3064,Engine Oil,Engine,Retail,4,31.39,15.11,140.67,Credit card
2022-08-13,ORD3065,Control Arm,Suspension,Retail,5,113.25,0.0,566.25,PayPal
2022-08-13,ORD3066,Air Filter,Engine,Corporate,11,18.23,12.53,213.06,PayPal
2022-08-13,ORD3067,Engine Oil,Engine,Retail,5,42.36,0.0,211.8,Credit card
2022-08-13,ORD3068,Engine Oil,Engine,Retail,4,58.47,60.45,294.33,Bank transfer
2022-08-14,ORD3069,Engine Oil,Engine,Wholesale,25,31.46,0.0,786.5,Credit card
2022-08-14,ORD3070,Alternator,Electrical,Corporate,8,332.32,0.0,2658.56,Credit card
2022-08-15,ORD3071,Fuel Pump,Fuel System,Wholesale,37,211.51,76.33,7902.2,Credit card
2022-08-15,ORD3072,Engine Oil,Engine,Retail,5,49.78,0.0,248.9,Credit card
2022-08-15,ORD3073,Oil Filter,Engine,Wholesale,32,14.57,50.12,516.36,Credit card
2022-08-15,ORD3074,Fuel Pump,Fuel System,Retail,3,93.67,28.95,309.96,PayPal
2022-08-16,ORD3075,Brake Rotor,Braking system,Corporate,19,90.0,0.0,1710.0,PayPal
2022-08-16,ORD3076,Brake Pads,Braking system,Wholesale,49,71.83,0.0,3519.67,PayPal
2022-08-16,ORD3077,Control Arm,Suspension,Retail,2,174.25,6.59,355.09,Bank transfer
2022-08-16,ORD3078,Air Filter,Engine,Wholesale,25,34.34,78.04,936.54,PayPal
2022-08-17,ORD3079,Battery,Electrical,Retail,3,237.78,75.79,789.13,Cash
2022-08-17,ORD3080,Clutch Kit,Transmission,Retail,4,485.17,46.31,1986.99,Credit card
2022-08-17,ORD3081,Oil Filter,Engine,Wholesale,40,19.99,66.06,865.66,Credit card
2022-08-18,ORD3082,Oil Filter,Engine,Retail,2,19.54,29.22,68.3,PayPal
2022-08-18,ORD3083,Battery,Electrical,Retail,4,143.72,0.0,574.88,Credit card
2022-08-19,ORD3084,Spark Plugs,Ignition,Wholesale,32,14.06,0.0,449.92,Cash
2022-08-19,ORD3085,Alternator,Electrical,Wholesale,17,266.75,0.0,4534.75,Cash
2022-08-19,ORD3086,Brake Pads,Braking system,Retail,4,43.24,10.32,183.28,Bank transfer
2022-08-20,ORD3087,Alternator,Electrical,Retail,5,231.59,0.0,1157.95,PayPal
2022-08-20,ORD3088,Clutch Kit,Transmission,Retail,4,422.49,0.0,1689.96,Bank transfer
2022-08-21,ORD3089,Shock Absorber,Suspension,Corporate,11,149.76,44.15,1691.51,Cash
2022-08-21,ORD3090,Air Filter,Engine,Retail,3,26.27,0.0,78.81,Bank transfer
2022-08-21,ORD3091,Shock Absorber,Suspension,Retail,2,118.84,15.09,252.77,Cash
2022-08-22,ORD3092,Brake Pads,Braking system,Retail,5,22.74,47.11,160.81,Credit card
2022-08-22,ORD3093,Clutch Kit,Transmission,Retail,2,270.46,0.0,540.92,Cash
2022-08-22,ORD3094,Spark Plugs,Ignition,Wholesale,46,5.71,26.56,289.22,Bank transfer
2022-08-22,ORD3095,Battery,Electrical,Retail,2,118.28,60.51,297.07,PayPal
2022-08-23,ORD3096,Water Pump,Cooling,Wholesale,33,48.16,24.33,1613.61,Cash
2022-08-23,ORD3097,Oil Filter,Engine,Retail,1,11.96,0.0,11.96,Bank transfer
2022-08-23,ORD3098,Brake Rotor,Braking system,Wholesale,22,54.63,66.73,1268.59,PayPal
2022-08-23,ORD3099,Air Filter,Engine,Wholesale,29,20.11,24.68,607.87,Credit card
2022-08-24,ORD3100,Brake Rotor,Braking system,Wholesale,24,58.1,66.27,1460.67,Credit card
2022-08-24,ORD3101,Oil Filter,Engine,Retail,2,16.05,38.27,70.37,Bank transfer
2022-08-24,ORD3102,Oil Filter,Engine,Corporate,19,13.61,39.48,298.07,Credit card
2022-08-25,ORD3103,Radiator,Cooling,Retail,4,186.87,0.0,747.48,Cash
2022-08-25,ORD3104,Radiator,Cooling,Wholesale,32,100.12,0.0,3203.84,Credit card
2022-08-25,ORD3105,Clutch Kit,Transmission,Retail,4,437.34,66.36,1815.72,Bank transfer
2022-08-26,ORD3106,Engine Oil,Engine,Retail,3,33.36,0.0,100.08,Credit card
2022-08-27,ORD3107,Alternator,Electrical,Corporate,16,238.74,0.0,3819.84,Bank transfer
2022-08-27,ORD3108,Battery,Electrical,Wholesale,35,139.32,0.0,4876.2,PayPal
2022-08-27,ORD3109,Brake Pads,Braking system,Retail,4,46.26,46.17,231.21,Credit card
2022-08-27,ORD3110,Brake Pads,Braking system,Wholesale,49,54.7,0.0,2680.3,Cash
2022-08-28,ORD3111,Fuel Pump,Fuel System,Corporate,10,111.78,0.0,1117.8,Cash
2022-08-29,ORD3112,Alternator,Electrical,Retail,4,226.36,0.0,905.44,Credit card
2022-08-30,ORD3113,Air Filter,Engine,Retail,1,30.42,0.0,30.42,Cash
2022-08-30,ORD3114,Shock Absorber,Suspension,Retail,5,70.06,0.0,350.3,Bank transfer
2022-08-31,ORD3115,Battery,Electrical,Wholesale,16,160.22,70.36,2633.88,PayPal
2022-09-01,ORD3116,Shock Absorber,Suspension,Retail,1,92.24,0.0,92.24,Bank transfer
2022-09-01,ORD3117,Battery,Electrical,Wholesale,38,231.39,0.0,8792.82,Credit card
2022-09-02,ORD3118,Battery,Electrical,Retail,4,221.1,0.0,884.4,Cash
2022-09-02,ORD3119,Air Filter,Engine,Retail,3,30.18,0.0,90.54,Credit card
2022-09-02,ORD3120,Shock Absorber,Suspension,Retail,2,111.96,40.28,264.2,Bank transfer
2022-09-03,ORD3121,Shock Absorber,Suspension,Retail,3,146.42,0.0,439.26,Credit card
2022-09-03,ORD3122,Shock Absorber,Suspension,Retail,2,114.26,33.92,262.44,Credit card
2022-09-03,ORD3123,Brake Rotor,Braking system,Retail,4,43.81,0.0,175.24,Cash
2022-09-03,ORD3124,Brake Rotor,Braking system,Retail,2,92.53,0.0,185.06,PayPal
2022-09-04,ORD3125,Air Filter,Engine,Retail,4,29.48,46.88,164.8,Cash
2022-09-04,ORD3126,Spark Plugs,Ignition,Corporate,13,11.01,0.0,143.13,Cash
2022-09-05,ORD3127,Radiator,Cooling,Retail,5,173.55,0.0,867.75,PayPal
2022-09-05,ORD3128,Fuel Pump,Fuel System,Wholesale,49,127.87,44.04,6309.67,Credit card
2022-09-05,ORD3129,Fuel Pump,Fuel System,Corporate,18,90.13,0.0,1622.34,Cash
2022-09-06,ORD3130,Spark Plugs,Ignition,Retail,2,6.04,0.0,12.08,PayPal
2022-09-06,ORD3131,Brake Pads,Braking system,Retail,2,34.81,0.0,69.62,PayPal
2022-09-07,ORD3132,Brake Pads,Braking system,Retail,5,67.07,39.82,375.17,Cash
2022-09-07,ORD3133,Radiator,Cooling,Retail,3,175.92,0.0,527.76,Bank transfer
2022-09-07,ORD3134,Fuel Pump,Fuel System,Wholesale,22,122.5,0.0,2695.0,Cash
2022-09-07,ORD3135,Brake Pads,Braking system,Retail,5,69.08,43.0,388.4,Credit card
2022-09-08,ORD3136,Battery,Electrical,Retail,3,147.91,0.0,443.73,PayPal
2022-09-08,ORD3137,Radiator,Cooling,Retail,4,192.03,0.0,768.12,Bank transfer
2022-09-08,ORD3138,Radiator,Cooling,Retail,5,100.07,0.0,500.35,PayPal
2022-09-09,ORD3139,Air Filter,Engine,Retail,5,25.45,0.0,127.25,Credit card
2022-09-09,ORD3140,Control Arm,Suspension,Retail,3,94.55,0.0,283.65,Cash
2022-09-10,ORD3141,Spark Plugs,Ignition,Retail,5,6.56,0.0,32.8,Credit card
2022-09-11,ORD3142,Oil Filter,Engine,Retail,1,23.18,0.0,23.18,Credit card
2022-09-11,ORD3143,Fuel Pump,Fuel System,Retail,5,123.32,76.52,693.12,Cash
2022-09-12,ORD3144,Water Pump,Cooling,Corporate,18,92.15,10.34,1669.04,Credit card
2022-09-12,ORD3145,Clutch Kit,Transmission,Retail,5,491.48,0.0,2457.4,PayPal
2022-09-12,ORD3146,Shock Absorber,Suspension,Retail,2,119.95,0.0,239.9,Bank transfer
2022-09-12,ORD3147,Battery,Electrical,Wholesale,48,188.8,16.97,9079.37,PayPal
2022-09-13,ORD3148,Water Pump,Cooling,Wholesale,38,54.86,0.0,2084.68,Bank transfer
2022-09-13,ORD3149,Battery,Electrical,Wholesale,48,115.35,0.0,5536.8,PayPal
2022-09-14,ORD3150,Clutch Kit,Transmission,Wholesale,39,443.39,0.0,17292.21,PayPal
2022-09-15,ORD3151,Clutch Kit,Transmission,Retail,1,349.75,0.0,349.75,Cash
2022-09-15,ORD3152,Engine Oil,Engine,Retail,2,32.4,26.97,91.77,Bank transfer
2022-09-15,ORD3153,Water Pump,Cooling,Corporate,7,98.49,60.74,750.17,Credit card
2022-09-15,ORD3154,Radiator,Cooling,Retail,5,89.44,0.0,447.2,Bank transfer
2022-09-16,ORD3155,Brake Rotor,Braking system,Retail,2,83.59,39.96,207.14,Cash
2022-09-16,ORD3156,Clutch Kit,Transmission,Wholesale,45,319.08,0.0,14358.6,Credit card
2022-09-16,ORD3157,Shock Absorber,Suspension,Wholesale,44,72.68,0.0,3197.92,Cash
2022-09-17,ORD3158,Control Arm,Suspension,Retail,1,126.38,60.94,187.32,Credit card
2022-09-17,ORD3159,Alternator,Electrical,Corporate,12,307.65,41.03,3732.83,PayPal
2022-09-17,ORD3160,Battery,Electrical,Retail,5,211.23,27.33,1083.48,Bank transfer
2022-09-18,ORD3161,Control Arm,Suspension,Retail,3,166.22,0.0,498.66,Bank transfer
2022-09-18,ORD3162,Radiator,Cooling,Retail,3,157.61,44.56,517.39,Cash
2022-09-19,ORD3163,Brake Rotor,Braking system,Wholesale,17,91.27,0.0,1551.59,PayPal
2022-09-19,ORD3164,Battery,Electrical,Wholesale,21,177.4,52.5,3777.9,Bank transfer
2022-09-19,ORD3165,Spark Plugs,Ignition,Retail,1,5.37,43.45,48.82,Credit card
2022-09-19,ORD3166,Alternator,Electrical,Retail,3,331.61,66.06,1060.89,Bank transfer
2022-09-20,ORD3167,Spark Plugs,Ignition,Retail,1,5.91,0.0,5.91,Cash
2022-09-20,ORD3168,Clutch Kit,Transmission,Retail,1,287.39,36.73,324.12,Credit card
2022-09-20,ORD3169,Spark Plugs,Ignition,Retail,1,10.78,0.0,10.78,Bank transfer
2022-09-21,ORD3170,Alternator,Electrical,Corporate,18,230.49,0.0,4148.82,Credit card
2022-09-21,ORD3171,Battery,Electrical,Wholesale,40,154.56,0.0,6182.4,Credit card
2022-09-21,ORD3172,Alternator,Electrical,Corporate,16,272.0,0.0,4352.0,Credit card
2022-09-21,ORD3173,Radiator,Cooling,Corporate,12,92.68,0.0,1112.16,Bank transfer
2022-09-22,ORD3174,Alternator,Electrical,Retail,2,327.0,0.0,654.0,Cash
2022-09-23,ORD3175,Air Filter,Engine,Retail,3,24.89,33.76,108.43,Cash
2022-09-24,ORD3176,Alternator,Electrical,Retail,4,303.36,0.0,1213.44,Cash
2022-09-25,ORD3177,Radiator,Cooling,Retail,5,100.28,38.37,539.77,Credit card
2022-09-26,ORD3178,Control Arm,Suspension,Retail,2,123.85,0.0,247.7,Cash
2022-09-26,ORD3179,Battery,Electrical,Wholesale,15,185.28,0.0,2779.2,Cash
2022-09-26,ORD3180,Water Pump,Cooling,Retail,4,106.79,0.0,427.16,PayPal
2022-09-27,ORD3181,Brake Rotor,Braking system,Retail,3,57.75,26.02,199.27,Bank transfer
2022-09-27,ORD3182,Radiator,Cooling,Retail,4,177.56,0.0,710.24,PayPal
2022-09-27,ORD3183,Clutch Kit,Transmission,Corporate,16,331.54,15.19,5319.83,PayPal
2022-09-27,ORD3184,Radiator,Cooling,Retail,5,144.01,0.0,720.05,PayPal
2022-09-28,ORD3185,Alternator,Electrical,Retail,5,204.8,0.0,1024.0,Cash
2022-09-28,ORD3186,Alternator,Electrical,Retail,3,339.19,0.0,1017.57,Cash
2022-09-28,ORD3187,Radiator,Cooling,Wholesale,30,164.52,0.0,4935.6,Cash
2022-09-29,ORD3188,Engine Oil,Engine,Retail,3,52.72,23.53,181.69,PayPal
2022-09-29,ORD3189,Alternator,Electrical,Wholesale,16,303.58,30.75,4888.03,Bank transfer
2022-09-29,ORD3190,Spark Plugs,Ignition,Retail,2,13.77,0.0,27.54,Bank transfer
2022-09-29,ORD3191,Control Arm,Suspension,Corporate,11,114.59,37.12,1297.61,Credit card
2022-09-30,ORD3192,Brake Rotor,Braking system,Retail,3,79.42,0.0,238.26,Cash
2022-09-30,ORD3193,Brake Rotor,Braking system,Retail,3,89.11,0.0,267.33,Bank transfer
2022-10-01,ORD3194,Air Filter,Engine,Retail,4,22.38,0.0,89.52,Cash
2022-10-02,ORD3195,Alternator,Electrical,Retail,4,323.74,0.0,1294.96,PayPal
2022-10-02,ORD3196,Fuel Pump,Fuel System,Corporate,11,147.89,0.0,1626.79,Bank transfer
2022-10-02,ORD3197,Fuel Pump,Fuel System,Wholesale,45,168.97,0.0,7603.65,Cash
2022-10-02,ORD3198,Fuel Pump,Fuel System,Retail,3,184.2,0.0,552.6,Credit card
2022-10-03,ORD3199,Brake Rotor,Braking system,Wholesale,35,97.38,0.0,3408.3,Cash
2022-10-04,ORD3200,Control Arm,Suspension,Retail,3,132.4,0.0,397.2,Credit card
2022-10-04,ORD3201,Engine Oil,Engine,Retail,1,40.78,76.37,117.15,Credit card
2022-10-04,ORD3202,Air Filter,Engine,Retail,4,32.3,0.0,129.2,Cash
2022-10-04,ORD3203,Oil Filter,Engine,Retail,3,17.17,0.0,51.51,PayPal
2022-10-05,ORD3204,Battery,Electrical,Wholesale,44,184.56,75.23,8195.87,Cash
2022-10-06,ORD3205,Water Pump,Cooling,Retail,1,107.98,10.28,118.26,Bank transfer
2022-10-06,ORD3206,Brake Pads,Braking system,Retail,5,57.69,0.0,288.45,PayPal
2022-10-07,ORD3207,Control Arm,Suspension,Retail,5,124.13,0.0,620.65,Cash
2022-10-07,ORD3208,Air Filter,Engine,Wholesale,30,33.92,0.0,1017.6,Credit card
2022-10-07,ORD3209,Air Filter,Engine,Wholesale,45,23.64,0.0,1063.8,Cash
2022-10-07,ORD3210,Engine Oil,Engine,Wholesale,14,37.87,8.94,539.12,Bank transfer
2022-10-08,ORD3211,Radiator,Cooling,Wholesale,16,162.28,36.41,2632.89,Bank transfer
2022-10-08,ORD3212,Oil Filter,Engine,Retail,1,12.99,56.63,69.62,Credit card
2022-10-08,ORD3213,Engine Oil,Engine,Retail,3,39.22,0.0,117.66,Cash
2022-10-09,ORD3214,Shock Absorber,Suspension,Corporate,7,66.23,0.0,463.61,Credit card
2022-10-09,ORD3215,Radiator,Cooling,Retail,5,109.07,0.0,545.35,Bank transfer
2022-10-09,ORD3216,Water Pump,Cooling,Retail,5,44.81,61.45,285.5,Credit card
2022-10-09,ORD3217,Spark Plugs,Ignition,Retail,1,12.61,0.0,12.61,PayPal
2022-10-10,ORD3218,Engine Oil,Engine,Retail,5,44.12,0.0,220.6,Bank transfer
2022-10-11,ORD3219,Water Pump,Cooling,Retail,2,76.94,0.0,153.88,PayPal
2022-10-11,ORD3220,Engine Oil,Engine,Retail,3,34.56,0.0,103.68,Credit card
2022-10-12,ORD3221,Battery,Electrical,Retail,1,104.75,0.0,104.75,Credit card
2022-10-12,ORD3222,Engine Oil,Engine,Retail,3,42.25,0.0,126.75,Credit card
2022-10-12,ORD3223,Engine Oil,Engine,Retail,2,41.22,0.0,82.44,Cash
2022-10-12,ORD3224,Air Filter,Engine,Retail,5,29.83,0.0,149.15,Credit card
2022-10-13,ORD3225,Control Arm,Suspension,Retail,5,178.84,0.0,894.2,PayPal
2022-10-13,ORD3226,Shock Absorber,Suspension,Wholesale,28,101.09,57.92,2888.44,Bank transfer
2022-10-13,ORD3227,Spark Plugs,Ignition,Retail,4,13.32,0.0,53.28,Cash
2022-10-13,ORD3228,Air Filter,Engine,Corporate,15,24.55,0.0,368.25,Bank transfer
2022-10-14,ORD3229,Alternator,Electrical,Corporate,11,348.33,8.93,3840.56,Bank transfer
2022-10-14,ORD3230,Control Arm,Suspension,Retail,3,162.41,0.0,487.23,Cash
2022-10-14,ORD3231,Battery,Electrical,Wholesale,37,168.61,15.08,6253.65,Credit card
2022-10-15,ORD3232,Engine Oil,Engine,Retail,2,47.16,33.34,127.66,PayPal
2022-10-15,ORD3233,Air Filter,Engine,Corporate,6,32.68,0.0,196.08,Bank transfer
2022-10-16,ORD3234,Oil Filter,Engine,Retail,4,13.11,0.0,52.44,PayPal
2022-10-17,ORD3235,Engine Oil,Engine,Retail,1,35.65,8.88,44.53,PayPal
2022-10-17,ORD3236,Engine Oil,Engine,Retail,4,45.33,0.0,181.32,Cash
2022-10-17,ORD3237,Oil Filter,Engine,Retail,1,15.33,0.0,15.33,Cash
2022-10-18,ORD3238,Engine Oil,Engine,Retail,4,50.26,0.0,201.04,Credit card
2022-10-19,ORD3239,Water Pump,Cooling,Retail,1,80.77,0.0,80.77,PayPal
2022-10-19,ORD3240,Battery,Electrical,Retail,5,118.63,0.0,593.15,Bank transfer
2022-10-19,ORD3241,Shock Absorber,Suspension,Wholesale,14,83.68,31.3,1202.82,Credit card
2022-10-19,ORD3242,Control Arm,Suspension,Retail,1,149.13,65.75,214.88,Credit card
2022-10-20,ORD3243,Water Pump,Cooling,Retail,4,69.37,0.0,277.48,Credit card
2022-10-20,ORD3244,Brake Pads,Braking system,Retail,3,39.96,0.0,119.88,Cash
2022-10-20,ORD3245,Battery,Electrical,Retail,5,217.6,0.0,1088.0,Cash
2022-10-20,ORD3246,Control Arm,Suspension,Corporate,6,174.38,0.0,1046.28,Credit card
2022-10-21,ORD3247,Alternator,Electrical,Retail,5,213.19,12.86,1078.81,Bank transfer
2022-10-21,ORD3248,Oil Filter,Engine,Retail,1,11.49,0.0,11.49,PayPal
2022-10-22,ORD3249,Water Pump,Cooling,Retail,3,111.8,0.0,335.4,Cash
2022-10-22,ORD3250,Radiator,Cooling,Retail,5,140.86,0.0,704.3,Credit card
2022-10-22,ORD3251,Brake Pads,Braking system,Wholesale,35,55.39,52.57,1991.22,PayPal
2022-10-22,ORD3252,Fuel Pump,Fuel System,Retail,1,96.78,56.39,153.17,Credit card
2022-10-23,ORD3253,Fuel Pump,Fuel System,Retail,1,122.42,0.0,122.42,Credit card
2022-10-23,ORD3254,Battery,Electrical,Retail,5,112.42,0.0,562.1,Cash
2022-10-23,ORD3255,Brake Rotor,Braking system,Wholesale,18,65.75,0.0,1183.5,Bank transfer
2022-10-24,ORD3256,Brake Pads,Braking system,Wholesale,39,58.76,31.63,2323.27,Credit card
2022-10-24,ORD3257,Water Pump,Cooling,Retail,3,100.16,0.0,300.48,Credit card
2022-10-24,ORD3258,Air Filter,Engine,Wholesale,28,26.48,0.0,741.44,PayPal
2022-10-25,ORD3259,Water Pump,Cooling,Retail,4,113.54,40.82,494.98,Cash
2022-10-25,ORD3260,Shock Absorber,Suspension,Wholesale,13,67.54,49.0,927.02,PayPal
2022-10-26,ORD3261,Spark Plugs,Ignition,Retail,1,14.61,0.0,14.61,PayPal
2022-10-26,ORD3262,Engine Oil,Engine,Wholesale,21,58.37,46.34,1272.11,PayPal
2022-10-26,ORD3263,Shock Absorber,Suspension,Retail,3,119.08,0.0,357.24,Cash
2022-10-26,ORD3264,Control Arm,Suspension,Wholesale,22,148.42,0.0,3265.24,Credit card
2022-10-27,ORD3265,Air Filter,Engine,Wholesale,14,18.68,56.9,318.42,Bank transfer
2022-10-27,ORD3266,Spark Plugs,Ignition,Retail,1,5.97,38.33,44.3,Credit card
2022-10-27,ORD3267,Air Filter,Engine,Wholesale,39,18.18,16.6,725.62,PayPal
2022-10-27,ORD3268,Battery,Electrical,Retail,4,181.13,0.0,724.52,Bank transfer
2022-10-28,ORD3269,Brake Rotor,Braking system,Wholesale,13,57.62,0.0,749.06,Bank transfer
2022-10-29,ORD3270,Air Filter,Engine,Corporate,19,21.2,0.0,402.8,Credit card
2022-10-29,ORD3271,Shock Absorber,Suspension,Retail,5,87.06,20.23,455.53,Credit card
2022-10-29,ORD3272,Control Arm,Suspension,Retail,5,167.73,0.0,838.65,PayPal
2022-10-29,ORD3273,Alternator,Electrical,Wholesale,41,182.72,18.13,7509.65,Credit card
2022-10-30,ORD3274,Water Pump,Cooling,Retail,1,87.79,0.0,87.79,Credit card
2022-10-31,ORD3275,Fuel Pump,Fuel System,Retail,3,210.78,0.0,632.34,Bank transfer
2022-10-31,ORD3276,Shock Absorber,Suspension,Wholesale,17,127.35,0.0,2164.95,Cash
2022-11-01,ORD3277,Air Filter,Engine,Corporate,19,33.77,0.0,641.63,Credit card
2022-11-01,ORD3278,Spark Plugs,Ignition,Retail,3,12.44,0.0,37.32,PayPal
2022-11-01,ORD3279,Water Pump,Cooling,Wholesale,27,58.58,0.0,1581.66,Bank transfer
2022-11-02,ORD3280,Engine Oil,Engine,Retail,3,47.77,0.0,143.31,PayPal
2022-11-02,ORD3281,Shock Absorber,Suspension,Retail,3,70.87,66.43,279.04,Credit card
2022-11-02,ORD3282,Water Pump,Cooling,Retail,3,86.42,52.76,312.02,Bank transfer
2022-11-03,ORD3283,Alternator,Electrical,Retail,5,274.71,0.0,1373.55,Credit card
2022-11-03,ORD3284,Alternator,Electrical,Retail,4,253.83,0.0,1015.32,Bank transfer
2022-11-04,ORD3285,Air Filter,Engine,Retail,2,26.51,0.0,53.02,PayPal
2022-11-05,ORD3286,Air Filter,Engine,Retail,5,24.84,5.39,129.59,Credit card
2022-11-05,ORD3287,Shock Absorber,Suspension,Retail,4,76.88,49.02,356.54,PayPal
2022-11-05,ORD3288,Radiator,Cooling,Retail,5,104.63,0.0,523.15,Bank transfer
2022-11-06,ORD3289,Fuel Pump,Fuel System,Wholesale,22,113.85,0.0,2504.7,Cash
2022-11-06,ORD3290,Radiator,Cooling,Retail,1,97.75,66.31,164.06,Credit card
2022-11-07,ORD3291,Fuel Pump,Fuel System,Wholesale,18,87.03,0.0,1566.54,Cash
2022-11-07,ORD3292,Clutch Kit,Transmission,Retail,4,470.0,0.0,1880.0,PayPal
2022-11-07,ORD3293,Air Filter,Engine,Retail,2,34.42,0.0,68.84,PayPal
2022-11-07,ORD3294,Water Pump,Cooling,Retail,1,88.67,0.0,88.67,PayPal
2022-11-08,ORD3295,Shock Absorber,Suspension,Retail,1,130.14,19.99,150.13,Cash
2022-11-08,ORD3296,Water Pump,Cooling,Wholesale,38,48.22,0.0,1832.36,Credit card
2022-11-08,ORD3297,Spark Plugs,Ignition,Wholesale,47,9.89,0.0,464.83,Credit card
2022-11-09,ORD3298,Oil Filter,Engine,Retail,4,13.41,0.0,53.64,Cash
2022-11-09,ORD3299,Brake Pads,Braking system,Retail,5,52.01,0.0,260.05,Cash
2022-11-10,ORD3300,Radiator,Cooling,Retail,4,178.64,0.0,714.56,Bank transfer
2022-11-10,ORD3301,Oil Filter,Engine,Retail,3,20.45,29.84,91.19,Bank transfer
2022-11-10,ORD3302,Alternator,Electrical,Retail,4,171.74,0.0,686.96,Bank transfer
2022-11-10,ORD3303,Shock Absorber,Suspension,Retail,1,65.6,0.0,65.6,Cash
2022-11-11,ORD3304,Brake Pads,Braking system,Retail,4,61.24,62.72,307.68,PayPal
2022-11-11,ORD3305,Clutch Kit,Transmission,Wholesale,25,454.56,54.58,11418.58,Cash
2022-11-11,ORD3306,Shock Absorber,Suspension,Retail,2,147.69,55.11,350.49,Bank transfer
2022-11-12,ORD3307,Air Filter,Engine,Corporate,6,16.61,10.33,109.99,Credit card
2022-11-12,ORD3308,Water Pump,Cooling,Retail,5,87.67,0.0,438.35,PayPal
2022-11-12,ORD3309,Fuel Pump,Fuel System,Retail,4,152.54,67.04,677.2,Bank transfer
2022-11-12,ORD3310,Engine Oil,Engine,Retail,2,43.39,0.0,86.78,Credit card
2022-11-13,ORD3311,Clutch Kit,Transmission,Retail,3,293.48,0.0,880.44,PayPal
2022-11-13,ORD3312,Spark Plugs,Ignition,Corporate,19,6.63,0.0,125.97,Bank transfer
2022-11-13,ORD3313,Engine Oil,Engine,Wholesale,12,50.99,65.29,677.17,Cash
2022-11-14,ORD3314,Spark Plugs,Ignition,Retail,5,11.67,0.0,58.35,PayPal
2022-11-14,ORD3315,Spark Plugs,Ignition,Retail,1,13.13,27.73,40.86,Bank transfer
2022-11-15,ORD3316,Spark Plugs,Ignition,Corporate,12,11.91,24.89,167.81,PayPal
2022-11-15,ORD3317,Control Arm,Suspension,Retail,5,161.09,42.25,847.7,Cash
2022-11-15,ORD3318,Radiator,Cooling,Wholesale,35,162.92,36.12,5738.32,Bank transfer
2022-11-15,ORD3319,Battery,Electrical,Wholesale,39,158.29,0.0,6173.31,Bank transfer
2022-11-16,ORD3320,Radiator,Cooling,Retail,5,189.2,0.0,946.0,Credit card
2022-11-16,ORD3321,Battery,Electrical,Wholesale,27,173.73,28.99,4719.7,Credit card
2022-11-16,ORD3322,Engine Oil,Engine,Retail,4,52.66,0.0,210.64,Credit card
2022-11-17,ORD3323,Alternator,Electrical,Retail,4,189.86,39.03,798.47,Cash
2022-11-17,ORD3324,Brake Pads,Braking system,Retail,1,71.76,43.12,114.88,Cash
2022-11-17,ORD3325,Battery,Electrical,Retail,3,213.92,0.0,641.76,Cash
2022-11-18,ORD3326,Oil Filter,Engine,Wholesale,22,11.4,25.67,276.47,Bank transfer
2022-11-18,ORD3327,Battery,Electrical,Retail,4,138.71,0.0,554.84,Bank transfer
2022-11-19,ORD3328,Engine Oil,Engine,Wholesale,46,43.99,0.0,2023.54,PayPal
2022-11-20,ORD3329,Brake Rotor,Braking system,Retail,5,90.38,41.49,493.39,Cash
2022-11-21,ORD3330,Oil Filter,Engine,Retail,2,23.3,26.01,72.61,Credit card
2022-11-22,ORD3331,Brake Pads,Braking system,Retail,4,70.69,0.0,282.76,PayPal
2022-11-22,ORD3332,Radiator,Cooling,Retail,3,187.92,0.0,563.76,Bank transfer
2022-11-22,ORD3333,Battery,Electrical,Retail,1,165.06,64.66,229.72,Bank transfer
2022-11-22,ORD3334,Radiator,Cooling,Retail,2,113.01,0.0,226.02,Cash
2022-11-23,ORD3335,Alternator,Electrical,Wholesale,36,243.55,0.0,8767.8,Bank transfer
2022-11-23,ORD3336,Brake Pads,Braking system,Retail,3,56.97,19.94,190.85,PayPal
2022-11-24,ORD3337,Alternator,Electrical,Wholesale,38,174.55,15.34,6648.24,PayPal
2022-11-25,ORD3338,Radiator,Cooling,Retail,4,158.4,0.0,633.6,PayPal
2022-11-25,ORD3339,Shock Absorber,Suspension,Retail,3,117.35,0.0,352.05,Credit card
2022-11-25,ORD3340,Water Pump,Cooling,Retail,5,46.73,0.0,233.65,Cash
2022-11-26,ORD3341,Brake Rotor,Braking system,Wholesale,13,41.06,66.35,600.13,PayPal
2022-11-26,ORD3342,Shock Absorber,Suspension,Wholesale,26,106.5,0.0,2769.0,Bank transfer
2022-11-27,ORD3343,Shock Absorber,Suspension,Retail,3,111.25,0.0,333.75,PayPal
2022-11-27,ORD3344,Spark Plugs,Ignition,Wholesale,25,8.28,0.0,207.0,Cash
2022-11-27,ORD3345,Alternator,Electrical,Wholesale,15,233.07,0.0,3496.05,Cash
2022-11-28,ORD3346,Fuel Pump,Fuel System,Retail,4,121.23,0.0,484.92,Credit card
2022-11-28,ORD3347,Clutch Kit,Transmission,Retail,4,454.28,12.85,1829.97,Credit card
2022-11-28,ORD3348,Fuel Pump,Fuel System,Retail,4,216.47,0.0,865.88,Cash
2022-11-28,ORD3349,Clutch Kit,Transmission,Retail,1,331.75,13.21,344.96,Credit card
2022-11-29,ORD3350,Engine Oil,Engine,Retail,1,54.54,0.0,54.54,Bank transfer
2022-11-29,ORD3351,Brake Pads,Braking system,Retail,2,23.5,37.96,84.96,PayPal
2022-11-29,ORD3352,Control Arm,Suspension,Retail,3,131.27,0.0,393.81,PayPal
2022-11-29,ORD3353,Battery,Electrical,Retail,2,238.84,0.0,477.68,Bank transfer
2022-11-30,ORD3354,Alternator,Electrical,Retail,4,282.85,0.0,1131.4,Bank transfer
2022-11-30,ORD3355,Control Arm,Suspension,Retail,3,78.19,0.0,234.57,PayPal
2022-12-01,ORD3356,Air Filter,Engine,Retail,2,16.0,0.0,32.0,Bank transfer
2022-12-01,ORD3357,Fuel Pump,Fuel System,Wholesale,43,164.4,27.56,7096.76,Credit card
2022-12-02,ORD3358,Spark Plugs,Ignition,Retail,3,5.81,0.0,17.43,PayPal
2022-12-02,ORD3359,Engine Oil,Engine,Retail,2,40.47,0.0,80.94,PayPal
2022-12-02,ORD3360,Engine Oil,Engine,Retail,4,58.62,0.0,234.48,PayPal
2022-12-03,ORD3361,Engine Oil,Engine,Retail,4,38.72,29.93,184.81,Credit card
2022-12-03,ORD3362,Brake Rotor,Braking system,Retail,2,67.5,5.63,140.63,PayPal
2022-12-03,ORD3363,Control Arm,Suspension,Retail,3,117.25,0.0,351.75,Cash
2022-12-03,ORD3364,Clutch Kit,Transmission,Retail,3,417.6,0.0,1252.8,Bank transfer
2022-12-04,ORD3365,Water Pump,Cooling,Wholesale,25,43.94,64.7,1163.2,Cash
2022-12-04,ORD3366,Brake Pads,Braking system,Retail,3,57.26,0.0,171.78,PayPal
2022-12-05,ORD3367,Control Arm,Suspension,Corporate,17,96.63,0.0,1642.71,Credit card
2022-12-05,ORD3368,Spark Plugs,Ignition,Retail,4,10.19,37.07,77.83,Credit card
2022-12-06,ORD3369,Brake Rotor,Braking system,Retail,4,56.54,50.75,276.91,Cash
2022-12-06,ORD3370,Radiator,Cooling,Retail,5,152.56,0.0,762.8,Cash
2022-12-06,ORD3371,Shock Absorber,Suspension,Wholesale,24,104.27,0.0,2502.48,PayPal
2022-12-07,ORD3372,Battery,Electrical,Retail,1,174.28,74.47,248.75,PayPal
2022-12-08,ORD3373,Shock Absorber,Suspension,Retail,2,67.7,0.0,135.4,Credit card
2022-12-09,ORD3374,Brake Rotor,Braking system,Corporate,7,91.08,21.14,658.7,Credit card
2022-12-09,ORD3375,Brake Pads,Braking system,Wholesale,12,41.23,0.0,494.76,Cash
2022-12-10,ORD3376,Battery,Electrical,Retail,4,164.3,25.75,682.95,Credit card
2022-12-11,ORD3377,Clutch Kit,Transmission,Corporate,13,399.66,76.67,5272.25,PayPal
2022-12-11,ORD3378,Clutch Kit,Transmission,Retail,4,262.24,0.0,1048.96,PayPal
2022-12-11,ORD3379,Fuel Pump,Fuel System,Retail,4,107.64,75.34,505.9,PayPal
2022-12-11,ORD3380,Brake Pads,Braking system,Retail,2,71.56,15.94,159.06,Credit card
2022-12-12,ORD3381,Battery,Electrical,Retail,2,195.85,53.54,445.24,Bank transfer
2022-12-12,ORD3382,Brake Pads,Braking system,Wholesale,18,30.73,0.0,553.14,Bank transfer
2022-12-12,ORD3383,Engine Oil,Engine,Retail,3,30.57,8.15,99.86,Cash
2022-12-12,ORD3384,Air Filter,Engine,Retail,3,15.88,0.0,47.64,Cash
2022-12-13,ORD3385,Clutch Kit,Transmission,Retail,5,426.77,41.74,2175.59,Cash
2022-12-13,ORD3386,Oil Filter,Engine,Retail,4,19.42,67.32,145.0,Bank transfer
2022-12-13,ORD3387,Alternator,Electrical,Wholesale,46,290.2,0.0,13349.2,Bank transfer
2022-12-14,ORD3388,Air Filter,Engine,Retail,2,25.95,0.0,51.9,Bank transfer
2022-12-14,ORD3389,Brake Pads,Braking system,Wholesale,30,36.3,0.0,1089.0,Bank transfer
2022-12-14,ORD3390,Control Arm,Suspension,Wholesale,19,104.65,45.03,2033.38,PayPal
2022-12-15,ORD3391,Spark Plugs,Ignition,Retail,3,13.22,60.49,100.15,Bank transfer
2022-12-16,ORD3392,Air Filter,Engine,Wholesale,37,34.1,0.0,1261.7,PayPal
2022-12-16,ORD3393,Shock Absorber,Suspension,Wholesale,34,149.97,32.02,5131.0,PayPal
2022-12-16,ORD3394,Control Arm,Suspension,Retail,1,121.55,0.0,121.55,Bank transfer
2022-12-17,ORD3395,Radiator,Cooling,Retail,3,87.61,50.06,312.89,Credit card
2022-12-17,ORD3396,Spark Plugs,Ignition,Retail,4,8.23,0.0,32.92,Cash
2022-12-17,ORD3397,Battery,Electrical,Wholesale,34,103.51,0.0,3519.34,Cash
2022-12-17,ORD3398,Water Pump,Cooling,Retail,3,76.96,0.0,230.88,Credit card
2022-12-18,ORD3399,Radiator,Cooling,Retail,2,137.81,0.0,275.62,PayPal
2022-12-19,ORD3400,Spark Plugs,Ignition,Wholesale,30,9.92,59.16,356.76,PayPal
2022-12-19,ORD3401,Brake Rotor,Braking system,Retail,1,94.21,30.99,125.2,Cash
2022-12-20,ORD3402,Radiator,Cooling,Retail,3,173.69,36.2,557.27,Credit card
2022-12-20,ORD3403,Clutch Kit,Transmission,Wholesale,18,359.43,53.03,6522.77,Bank transfer
2022-12-20,ORD3404,Battery,Electrical,Retail,2,134.28,0.0,268.56,Credit card
2022-12-21,ORD3405,Oil Filter,Engine,Wholesale,37,24.48,41.21,946.97,PayPal
2022-12-22,ORD3406,Shock Absorber,Suspension,Corporate,5,112.65,0.0,563.25,Cash
2022-12-22,ORD3407,Oil Filter,Engine,Wholesale,17,13.04,0.0,221.68,Bank transfer
2022-12-23,ORD3408,Oil Filter,Engine,Wholesale,49,13.18,51.65,697.47,PayPal
2022-12-23,ORD3409,Water Pump,Cooling,Wholesale,45,66.4,0.0,2988.0,PayPal
2022-12-23,ORD3410,Oil Filter,Engine,Wholesale,37,21.45,54.83,848.48,Bank transfer
2022-12-23,ORD3411,Fuel Pump,Fuel System,Retail,3,123.72,0.0,371.16,Bank transfer
2022-12-24,ORD3412,Battery,Electrical,Wholesale,29,235.92,12.48,6854.16,Bank transfer
2022-12-24,ORD3413,Shock Absorber,Suspension,Wholesale,10,81.0,0.0,810.0,Cash
2022-12-24,ORD3414,Air Filter,Engine,Retail,2,30.01,0.0,60.02,Cash
2022-12-25,ORD3415,Control Arm,Suspension,Wholesale,39,152.57,0.0,5950.23,Credit card
2022-12-25,ORD3416,Air Filter,Engine,Wholesale,16,15.56,0.0,248.96,PayPal
2022-12-26,ORD3417,Oil Filter,Engine,Wholesale,20,19.38,0.0,387.6,PayPal
2022-12-27,ORD3418,Air Filter,Engine,Wholesale,36,24.58,0.0,884.88,Credit card
2022-12-27,ORD3419,Shock Absorber,Suspension,Wholesale,21,117.56,22.63,2491.39,Cash
2022-12-28,ORD3420,Air Filter,Engine,Wholesale,42,29.85,0.0,1253.7,Cash
2022-12-28,ORD3421,Fuel Pump,Fuel System,Retail,4,193.87,49.1,824.58,Bank transfer
2022-12-29,ORD3422,Oil Filter,Engine,Wholesale,43,14.32,59.58,675.34,Cash
2022-12-29,ORD3423,Oil Filter,Engine,Corporate,8,21.42,50.11,221.47,Bank transfer
2022-12-30,ORD3424,Battery,Electrical,Retail,2,231.58,0.0,463.16,Cash
2022-12-30,ORD3425,Oil Filter,Engine,Retail,3,12.94,0.0,38.82,PayPal
2022-12-30,ORD3426,Oil Filter,Engine,Corporate,15,18.08,7.76,278.96,Cash
2022-12-31,ORD3427,Brake Pads,Braking system,Retail,1,25.73,0.0,25.73,Credit card
2023-01-01,ORD3428,Engine Oil,Engine,Retail,4,55.18,57.32,278.04,Credit card
2023-01-01,ORD3429,Engine Oil,Engine,Retail,3,30.96,64.94,157.82,Cash
2023-01-01,ORD3430,Oil Filter,Engine,Corporate,17,12.83,0.0,218.11,Bank transfer
2023-01-01,ORD3431,Brake Rotor,Braking system,Wholesale,10,80.95,0.0,809.5,PayPal
2023-01-02,ORD3432,Alternator,Electrical,Wholesale,21,182.29,0.0,3828.09,Bank transfer
2023-01-02,ORD3433,Water Pump,Cooling,Wholesale,17,47.12,26.28,827.32,PayPal
2023-01-02,ORD3434,Alternator,Electrical,Retail,4,172.75,16.62,707.62,Credit card
2023-01-02,ORD3435,Shock Absorber,Suspension,Retail,5,72.01,0.0,360.05,Credit card
2023-01-03,ORD3436,Air Filter,Engine,Retail,5,18.23,49.3,140.45,PayPal
2023-01-04,ORD3437,Battery,Electrical,Retail,4,205.18,0.0,820.72,Cash
2023-01-04,ORD3438,Air Filter,Engine,Wholesale,23,30.49,0.0,701.27,Cash
2023-01-04,ORD3439,Spark Plugs,Ignition,Corporate,13,11.56,0.0,150.28,Cash
2023-01-05,ORD3440,Air Filter,Engine,Retail,2,23.15,49.5,95.8,Credit card
2023-01-06,ORD3441,Brake Rotor,Braking system,Wholesale,16,42.25,0.0,676.0,Credit card
2023-01-07,ORD3442,Battery,Electrical,Retail,4,194.15,24.38,800.98,Bank transfer
2023-01-08,ORD3443,Brake Pads,Braking system,Retail,5,27.15,78.56,214.31,Bank transfer
2023-01-08,ORD3444,Clutch Kit,Transmission,Retail,2,431.97,71.19,935.13,PayPal
2023-01-08,ORD3445,Shock Absorber,Suspension,Retail,3,116.56,0.0,349.68,Bank transfer
2023-01-08,ORD3446,Air Filter,Engine,Retail,4,33.22,0.0,132.88,Credit card
2023-01-09,ORD3447,Radiator,Cooling,Wholesale,12,130.82,0.0,1569.84,Credit card
2023-01-10,ORD3448,Brake Rotor,Braking system,Retail,2,45.64,0.0,91.28,Cash
2023-01-10,ORD3449,Brake Rotor,Braking system,Retail,2,74.8,0.0,149.6,Cash
2023-01-11,ORD3450,Clutch Kit,Transmission,Corporate,12,383.46,55.37,4656.89,Cash
2023-01-11,ORD3451,Air Filter,Engine,Retail,2,16.28,17.21,49.77,Credit card
2023-01-12,ORD3452,Brake Pads,Braking system,Retail,3,58.04,0.0,174.12,Bank transfer
2023-01-13,ORD3453,Spark Plugs,Ignition,Wholesale,18,8.2,0.0,147.6,Bank transfer
2023-01-13,ORD3454,Battery,Electrical,Retail,4,130.4,76.14,597.74,PayPal
2023-01-13,ORD3455,Brake Rotor,Braking system,Corporate,7,96.62,11.97,688.31,Bank transfer
2023-01-13,ORD3456,Control Arm,Suspension,Wholesale,42,91.03,0.0,3823.26,PayPal
2023-01-14,ORD3457,Radiator,Cooling,Wholesale,49,171.64,25.15,8435.51,PayPal
2023-01-14,ORD3458,Control Arm,Suspension,Wholesale,29,169.33,0.0,4910.57,Cash
2023-01-14,ORD3459,Oil Filter,Engine,Retail,3,15.56,0.0,46.68,PayPal
2023-01-15,ORD3460,Control Arm,Suspension,Retail,4,164.94,18.07,677.83,Bank transfer
2023-01-15,ORD3461,Shock Absorber,Suspension,Retail,2,72.2,66.69,211.09,Cash
2023-01-16,ORD3462,Engine Oil,Engine,Retail,5,41.39,0.0,206.95,Cash
2023-01-16,ORD3463,Radiator,Cooling,Wholesale,31,108.11,6.38,3357.79,Credit card
2023-01-17,ORD3464,Spark Plugs,Ignition,Retail,2,12.6,0.0,25.2,PayPal
2023-01-17,ORD3465,Brake Pads,Braking system,Retail,5,61.49,69.3,376.75,Cash
2023-01-17,ORD3466,Alternator,Electrical,Wholesale,24,153.68,64.23,3752.55,Credit card
2023-01-18,ORD3467,Brake Pads,Braking system,Corporate,19,67.09,46.31,1321.02,Credit card
2023-01-18,ORD3468,Alternator,Electrical,Retail,3,223.07,0.0,669.21,PayPal
2023-01-19,ORD3469,Alternator,Electrical,Wholesale,39,219.3,58.9,8611.6,Credit card
2023-01-19,ORD3470,Fuel Pump,Fuel System,Wholesale,21,162.49,0.0,3412.29,Credit card
2023-01-19,ORD3471,Engine Oil,Engine,Retail,4,43.86,23.53,198.97,Credit card
2023-01-19,ORD3472,Battery,Electrical,Wholesale,43,138.31,0.0,5947.33,PayPal
2023-01-20,ORD3473,Shock Absorber,Suspension,Retail,4,100.15,0.0,400.6,PayPal
2023-01-20,ORD3474,Shock Absorber,Suspension,Wholesale,16,107.62,0.0,1721.92,Credit card
2023-01-21,ORD3475,Clutch Kit,Transmission,Retail,1,448.46,0.0,448.46,Credit card
2023-01-22,ORD3476,Air Filter,Engine,Retail,5,18.74,66.4,160.1,Credit card
2023-01-23,ORD3477,Control Arm,Suspension,Retail,1,81.06,0.0,81.06,PayPal
2023-01-23,ORD3478,Water Pump,Cooling,Retail,3,58.17,0.0,174.51,Credit card
2023-01-23,ORD3479,Water Pump,Cooling,Wholesale,49,116.79,24.03,5746.74,Cash
2023-01-24,ORD3480,Clutch Kit,Transmission,Retail,5,411.53,65.91,2123.56,Credit card
2023-01-24,ORD3481,Alternator,Electrical,Retail,2,329.8,13.53,673.13,Bank transfer
2023-01-24,ORD3482,Fuel Pump,Fuel System,Retail,1,91.35,0.0,91.35,Bank transfer
2023-01-25,ORD3483,Oil Filter,Engine,Retail,3,11.68,58.35,93.39,PayPal
2023-01-26,ORD3484,Water Pump,Cooling,Retail,2,118.99,0.0,237.98,PayPal
2023-01-26,ORD3485,Clutch Kit,Transmission,Wholesale,15,488.37,25.23,7350.78,Credit card
2023-01-26,ORD3486,Brake Pads,Braking system,Corporate,11,57.5,27.4,659.9,PayPal
2023-01-27,ORD3487,Alternator,Electrical,Wholesale,29,346.59,0.0,10051.11,PayPal
2023-01-27,ORD3488,Shock Absorber,Suspension,Wholesale,40,144.78,0.0,5791.2,Bank transfer
2023-01-27,ORD3489,Engine Oil,Engine,Retail,4,57.24,0.0,228.96,Cash
2023-01-27,ORD3490,Radiator,Cooling,Retail,1,154.91,58.48,213.39,Credit card
2023-01-28,ORD3491,Radiator,Cooling,Retail,1,192.33,76.41,268.74,Cash
2023-01-28,ORD3492,Brake Pads,Braking system,Wholesale,14,38.51,0.0,539.14,Bank transfer
2023-01-28,ORD3493,Clutch Kit,Transmission,Retail,2,383.83,48.5,816.16,Cash
2023-01-28,ORD3494,Clutch Kit,Transmission,Retail,4,290.62,14.05,1176.53,PayPal
2023-01-29,ORD3495,Alternator,Electrical,Retail,1,263.43,0.0,263.43,Credit card
2023-01-29,ORD3496,Oil Filter,Engine,Retail,2,22.16,0.0,44.32,Cash
2023-01-29,ORD3497,Clutch Kit,Transmission,Corporate,6,236.61,0.0,1419.66,Bank transfer
2023-01-30,ORD3498,Control Arm,Suspension,Retail,2,119.18,0.0,238.36,Cash
2023-01-31,ORD3499,Shock Absorber,Suspension,Retail,3,142.54,0.0,427.62,Cash
2023-02-01,ORD3500,Oil Filter,Engine,Corporate,8,19.99,0.0,159.92,Credit card
2023-02-02,ORD3501,Oil Filter,Engine,Retail,1,12.73,25.19,37.92,Credit card
2023-02-02,ORD3502,Air Filter,Engine,Wholesale,33,21.46,60.65,768.83,Bank transfer
2023-02-02,ORD3503,Battery,Electrical,Retail,2,156.44,0.0,312.88,Bank transfer
2023-02-02,ORD3504,Air Filter,Engine,Retail,3,25.69,0.0,77.07,Credit card
2023-02-03,ORD3505,Oil Filter,Engine,Wholesale,15,21.91,0.0,328.65,PayPal
2023-02-03,ORD3506,Control Arm,Suspension,Retail,1,96.98,0.0,96.98,Credit card
2023-02-03,ORD3507,Spark Plugs,Ignition,Retail,1,11.76,79.42,91.18,Credit card
2023-02-03,ORD3508,Shock Absorber,Suspension,Retail,4,144.17,0.0,576.68,Credit card
2023-02-04,ORD3509,Alternator,Electrical,Retail,4,177.12,24.78,733.26,Bank transfer
2023-02-04,ORD3510,Alternator,Electrical,Wholesale,38,288.34,0.0,10956.92,Credit card
2023-02-04,ORD3511,Water Pump,Cooling,Wholesale,18,98.16,47.37,1814.25,PayPal
2023-02-05,ORD3512,Alternator,Electrical,Wholesale,39,240.92,59.61,9455.49,Cash
2023-02-06,ORD3513,Engine Oil,Engine,Retail,4,39.71,59.27,218.11,Cash
2023-02-06,ORD3514,Spark Plugs,Ignition,Corporate,17,12.05,0.0,204.85,Credit card
2023-02-07,ORD3515,Shock Absorber,Suspension,Retail,2,107.69,0.0,215.38,Cash
2023-02-07,ORD3516,Battery,Electrical,Retail,2,203.53,0.0,407.06,PayPal
2023-02-08,ORD3517,Engine Oil,Engine,Retail,5,39.28,0.0,196.4,Bank transfer
2023-02-08,ORD3518,Oil Filter,Engine,Retail,2,18.99,0.0,37.98,Bank transfer
2023-02-09,ORD3519,Battery,Electrical,Retail,5,223.26,0.0,1116.3,Cash
2023-02-09,ORD3520,Clutch Kit,Transmission,Retail,3,348.39,0.0,1045.17,PayPal
2023-02-09,ORD3521,Brake Rotor,Braking system,Retail,4,70.87,0.0,283.48,Bank transfer
2023-02-09,ORD3522,Clutch Kit,Transmission,Retail,4,335.48,0.0,1341.92,Bank transfer
2023-02-10,ORD3523,Clutch Kit,Transmission,Retail,3,424.79,0.0,1274.37,Bank transfer
2023-02-10,ORD3524,Air Filter,Engine,Retail,3,30.14,74.28,164.7,Bank transfer
2023-02-10,ORD3525,Fuel Pump,Fuel System,Retail,5,126.1,0.0,630.5,PayPal
2023-02-10,ORD3526,Battery,Electrical,Corporate,13,229.76,0.0,2986.88,Bank transfer
2023-02-11,ORD3527,Radiator,Cooling,Corporate,18,142.54,0.0,2565.72,PayPal
2023-02-12,ORD3528,Spark Plugs,Ignition,Wholesale,18,6.52,71.73,189.09,Credit card
2023-02-12,ORD3529,Air Filter,Engine,Retail,4,29.89,0.0,119.56,Credit card
2023-02-13,ORD3530,Fuel Pump,Fuel System,Retail,4,106.45,0.0,425.8,Credit card
2023-02-13,ORD3531,Brake Rotor,Braking system,Wholesale,41,62.7,0.0,2570.7,Credit card
2023-02-13,ORD3532,Spark Plugs,Ignition,Corporate,16,12.87,12.76,218.68,PayPal
2023-02-13,ORD3533,Battery,Electrical,Wholesale,23,231.98,0.0,5335.54,Credit card
2023-02-14,ORD3534,Spark Plugs,Ignition,Retail,1,7.05,0.0,7.05,Bank transfer
2023-02-14,ORD3535,Alternator,Electrical,Retail,5,247.03,13.98,1249.13,Cash
2023-02-15,ORD3536,Clutch Kit,Transmission,Retail,2,243.99,0.0,487.98,Credit card
2023-02-15,ORD3537,Radiator,Cooling,Wholesale,40,86.03,0.0,3441.2,Cash
2023-02-16,ORD3538,Brake Pads,Braking system,Wholesale,39,50.86,71.35,2054.89,Cash
2023-02-16,ORD3539,Water Pump,Cooling,Corporate,9,91.57,0.0,824.13,PayPal
2023-02-16,ORD3540,Alternator,Electrical,Retail,5,321.32,62.94,1669.54,Cash
2023-02-17,ORD3541,Air Filter,Engine,Retail,4,22.91,35.74,127.38,Cash
2023-02-18,ORD3542,Alternator,Electrical,Corporate,5,321.25,75.46,1681.71,Cash
2023-02-19,ORD3543,Brake Pads,Braking system,Wholesale,10,23.64,0.0,236.4,Bank transfer
2023-02-20,ORD3544,Battery,Electrical,Wholesale,11,172.43,0.0,1896.73,Cash
2023-02-20,ORD3545,Radiator,Cooling,Retail,2,152.94,0.0,305.88,PayPal
2023-02-20,ORD3546,Clutch Kit,Transmission,Retail,3,215.38,52.76,698.9,PayPal
2023-02-21,ORD3547,Control Arm,Suspension,Retail,3,107.37,0.0,322.11,Bank transfer
2023-02-22,ORD3548,Water Pump,Cooling,Retail,1,45.26,0.0,45.26,PayPal
2023-02-22,ORD3549,Control Arm,Suspension,Retail,4,174.14,0.0,696.56,Cash
2023-02-22,ORD3550,Oil Filter,Engine,Retail,1,12.4,0.0,12.4,Cash
2023-02-23,ORD3551,Water Pump,Cooling,Retail,3,54.16,0.0,162.48,Cash
2023-02-23,ORD3552,Fuel Pump,Fuel System,Retail,4,85.52,0.0,342.08,Bank transfer
2023-02-24,ORD3553,Shock Absorber,Suspension,Wholesale,36,79.57,0.0,2864.52,Bank transfer
2023-02-25,ORD3554,Alternator,Electrical,Wholesale,12,164.58,71.84,2046.8,PayPal
2023-02-26,ORD3555,Alternator,Electrical,Retail,4,165.3,0.0,661.2,Credit card
2023-02-26,ORD3556,Shock Absorber,Suspension,Retail,2,142.07,78.0,362.14,Cash
2023-02-27,ORD3557,Battery,Electrical,Retail,5,245.35,0.0,1226.75,Bank transfer
2023-02-27,ORD3558,Oil Filter,Engine,Retail,3,18.33,75.9,130.89,Cash
2023-02-28,ORD3559,Engine Oil,Engine,Retail,4,42.5,0.0,170.0,PayPal
2023-02-28,ORD3560,Clutch Kit,Transmission,Retail,3,209.44,67.38,695.7,PayPal
2023-03-01,ORD3561,Engine Oil,Engine,Retail,2,46.73,17.56,111.02,PayPal
2023-03-01,ORD3562,Air Filter,Engine,Retail,2,32.78,0.0,65.56,PayPal
2023-03-02,ORD3563,Battery,Electrical,Retail,3,218.03,0.0,654.09,Bank transfer
2023-03-02,ORD3564,Alternator,Electrical,Wholesale,49,205.21,63.73,10119.02,Credit card
2023-03-03,ORD3565,Engine Oil,Engine,Wholesale,47,49.57,58.49,2388.28,Credit card
2023-03-03,ORD3566,Brake Pads,Braking system,Corporate,9,55.88,0.0,502.92,PayPal
2023-03-03,ORD3567,Air Filter,Engine,Retail,5,21.77,0.0,108.85,Bank transfer
2023-03-04,ORD3568,Brake Pads,Braking system,Retail,3,39.39,0.0,118.17,Cash
2023-03-05,ORD3569,Water Pump,Cooling,Retail,3,40.71,13.02,135.15,Cash
2023-03-05,ORD3570,Control Arm,Suspension,Retail,1,136.81,5.07,141.88,Bank transfer
2023-03-05,ORD3571,Water Pump,Cooling,Retail,4,60.83,0.0,243.32,Cash
2023-03-05,ORD3572,Brake Pads,Braking system,Retail,5,34.84,35.1,209.3,PayPal
2023-03-06,ORD3573,Brake Rotor,Braking system,Retail,5,95.5,35.73,513.23,Bank transfer
2023-03-06,ORD3574,Radiator,Cooling,Wholesale,12,188.86,0.0,2266.32,Credit card
2023-03-07,ORD3575,Alternator,Electrical,Wholesale,12,330.2,21.4,3983.8,Bank transfer
2023-03-07,ORD3576,Engine Oil,Engine,Wholesale,26,47.08,0.0,1224.08,Bank transfer
2023-03-08,ORD3577,Battery,Electrical,Retail,1,147.46,0.0,147.46,Cash
2023-03-08,ORD3578,Engine Oil,Engine,Retail,2,53.57,15.26,122.4,Bank transfer
2023-03-08,ORD3579,Spark Plugs,Ignition,Retail,2,11.89,0.0,23.78,PayPal
2023-03-09,ORD3580,Shock Absorber,Suspension,Retail,5,91.45,0.0,457.25,Cash
2023-03-10,ORD3581,Battery,Electrical,Retail,4,147.57,0.0,590.28,PayPal
2023-03-10,ORD3582,Alternator,Electrical,Corporate,17,225.52,17.48,3851.32,Bank transfer
2023-03-10,ORD3583,Air Filter,Engine,Retail,3,29.43,0.0,88.29,Cash
2023-03-11,ORD3584,Shock Absorber,Suspension,Retail,5,84.24,76.35,497.55,PayPal
2023-03-11,ORD3585,Water Pump,Cooling,Retail,1,92.79,25.05,117.84,Bank transfer
2023-03-11,ORD3586,Shock Absorber,Suspension,Wholesale,17,124.22,0.0,2111.74,PayPal
2023-03-12,ORD3587,Radiator,Cooling,Retail,2,160.91,40.65,362.47,Bank transfer
2023-03-13,ORD3588,Fuel Pump,Fuel System,Wholesale,14,96.59,69.24,1421.5,Cash
2023-03-14,ORD3589,Oil Filter,Engine,Retail,1,11.9,40.54,52.44,Cash
2023-03-14,ORD3590,Brake Pads,Braking system,Corporate,14,69.63,21.23,996.05,PayPal
2023-03-14,ORD3591,Clutch Kit,Transmission,Wholesale,14,289.0,26.95,4072.95,Bank transfer
2023-03-14,ORD3592,Clutch Kit,Transmission,Wholesale,22,225.39,0.0,4958.58,Bank transfer
2023-03-15,ORD3593,Brake Rotor,Braking system,Wholesale,10,46.73,0.0,467.3,Bank transfer
2023-03-15,ORD3594,Oil Filter,Engine,Retail,3,16.19,0.0,48.57,PayPal
2023-03-16,ORD3595,Clutch Kit,Transmission,Retail,2,217.39,0.0,434.78,PayPal
2023-03-16,ORD3596,Fuel Pump,Fuel System,Retail,4,115.38,66.68,528.2,PayPal
2023-03-16,ORD3597,Control Arm,Suspension,Retail,4,178.52,78.44,792.52,Bank transfer
2023-03-16,ORD3598,Alternator,Electrical,Wholesale,27,187.55,0.0,5063.85,Credit card
2023-03-17,ORD3599,Spark Plugs,Ignition,Retail,2,12.35,39.06,63.76,Bank transfer
2023-03-17,ORD3600,Alternator,Electrical,Retail,4,329.85,0.0,1319.4,Credit card
2023-03-17,ORD3601,Air Filter,Engine,Retail,5,22.3,0.0,111.5,PayPal
2023-03-17,ORD3602,Brake Rotor,Braking system,Retail,4,55.35,0.0,221.4,Bank transfer
2023-03-18,ORD3603,Air Filter,Engine,Retail,5,20.02,0.0,100.1,Cash
2023-03-18,ORD3604,Spark Plugs,Ignition,Retail,4,14.71,66.69,125.53,Bank transfer
2023-03-19,ORD3605,Oil Filter,Engine,Retail,4,16.62,75.96,142.44,PayPal
2023-03-19,ORD3606,Battery,Electrical,Retail,4,118.82,0.0,475.28,Credit card
2023-03-19,ORD3607,Shock Absorber,Suspension,Retail,4,76.52,0.0,306.08,Credit card
2023-03-20,ORD3608,Alternator,Electrical,Retail,2,204.49,0.0,408.98,PayPal
2023-03-21,ORD3609,Clutch Kit,Transmission,Retail,1,430.78,7.51,438.29,PayPal
2023-03-21,ORD3610,Battery,Electrical,Retail,2,246.18,0.0,492.36,Credit card
2023-03-21,ORD3611,Alternator,Electrical,Retail,3,320.41,75.64,1036.87,Cash
2023-03-21,ORD3612,Water Pump,Cooling,Retail,4,56.31,0.0,225.24,Credit card
2023-03-22,ORD3613,Air Filter,Engine,Retail,1,28.51,0.0,28.51,Bank transfer
2023-03-22,ORD3614,Clutch Kit,Transmission,Retail,1,299.13,0.0,299.13,Credit card
2023-03-22,ORD3615,Air Filter,Engine,Retail,5,32.13,26.83,187.48,Credit card
2023-03-22,ORD3616,Fuel Pump,Fuel System,Corporate,5,124.44,0.0,622.2,PayPal
2023-03-23,ORD3617,Clutch Kit,Transmission,Wholesale,32,484.49,0.0,15503.68,Credit card
2023-03-23,ORD3618,Brake Rotor,Braking system,Wholesale,48,51.13,6.74,2460.98,PayPal
2023-03-24,ORD3619,Control Arm,Suspension,Retail,2,137.6,0.0,275.2,PayPal
2023-03-24,ORD3620,Brake Pads,Braking system,Retail,1,70.85,0.0,70.85,Cash
2023-03-24,ORD3621,Fuel Pump,Fuel System,Retail,5,119.88,0.0,599.4,Cash
2023-03-24,ORD3622,Fuel Pump,Fuel System,Wholesale,44,186.3,8.87,8206.07,Bank transfer
2023-03-25,ORD3623,Radiator,Cooling,Retail,5,93.12,14.84,480.44,Bank transfer
2023-03-25,ORD3624,Water Pump,Cooling,Retail,3,89.01,0.0,267.03,Cash
2023-03-25,ORD3625,Clutch Kit,Transmission,Corporate,7,451.57,0.0,3160.99,Bank transfer
2023-03-26,ORD3626,Oil Filter,Engine,Retail,2,17.8,11.05,46.65,Cash
2023-03-26,ORD3627,Air Filter,Engine,Retail,2,30.81,0.0,61.62,Credit card
2023-03-26,ORD3628,Air Filter,Engine,Wholesale,36,17.99,47.31,694.95,PayPal
2023-03-27,ORD3629,Shock Absorber,Suspension,Retail,1,115.03,0.0,115.03,Bank transfer
2023-03-27,ORD3630,Fuel Pump,Fuel System,Retail,3,195.97,76.57,664.48,PayPal
2023-03-27,ORD3631,Brake Pads,Braking system,Retail,2,25.56,20.01,71.13,Credit card
2023-03-27,ORD3632,Brake Rotor,Braking system,Retail,3,51.9,0.0,155.7,Cash
2023-03-28,ORD3633,Spark Plugs,Ignition,Retail,5,10.17,0.0,50.85,Credit card
2023-03-28,ORD3634,Water Pump,Cooling,Retail,3,114.73,0.0,344.19,Cash
2023-03-28,ORD3635,Battery,Electrical,Corporate,18,104.29,47.75,1924.97,Bank transfer
2023-03-29,ORD3636,Battery,Electrical,Retail,5,245.02,0.0,1225.1,Credit card
2023-03-30,ORD3637,Brake Rotor,Braking system,Retail,1,73.19,40.61,113.8,PayPal
2023-03-30,ORD3638,Clutch Kit,Transmission,Retail,2,388.26,0.0,776.52,Credit card
2023-03-30,ORD3639,Radiator,Cooling,Corporate,13,179.99,16.33,2356.2,Credit card
2023-03-30,ORD3640,Control Arm,Suspension,Wholesale,49,104.48,64.88,5184.4,PayPal
2023-03-31,ORD3641,Battery,Electrical,Retail,2,200.47,0.0,400.94,PayPal
2023-03-31,ORD3642,Fuel Pump,Fuel System,Retail,1,197.28,0.0,197.28,Cash
2023-04-01,ORD3643,Fuel Pump,Fuel System,Retail,5,131.8,25.83,684.83,Cash
2023-04-01,ORD3644,Engine Oil,Engine,Retail,5,53.2,0.0,266.0,Bank transfer
2023-04-01,ORD3645,Air Filter,Engine,Retail,3,33.1,66.26,165.56,Credit card
2023-04-02,ORD3646,Shock Absorber,Suspension,Retail,2,141.61,67.67,350.89,Cash
2023-04-02,ORD3647,Control Arm,Suspension,Retail,5,104.46,65.96,588.26,Bank transfer
2023-04-03,ORD3648,Engine Oil,Engine,Retail,2,44.39,78.76,167.54,PayPal
2023-04-03,ORD3649,Fuel Pump,Fuel System,Retail,5,206.05,0.0,1030.25,Credit card
2023-04-04,ORD3650,Fuel Pump,Fuel System,Retail,2,124.66,33.42,282.74,Bank transfer
2023-04-04,ORD3651,Engine Oil,Engine,Retail,3,54.16,16.09,178.57,Credit card
2023-04-04,ORD3652,Spark Plugs,Ignition,Retail,3,12.43,0.0,37.29,Credit card
2023-04-05,ORD3653,Brake Rotor,Braking system,Retail,5,62.22,76.12,387.22,PayPal
2023-04-06,ORD3654,Spark Plugs,Ignition,Retail,3,12.61,0.0,37.83,Bank transfer
2023-04-06,ORD3655,Air Filter,Engine,Retail,2,34.98,0.0,69.96,PayPal
2023-04-06,ORD3656,Brake Pads,Braking system,Corporate,6,25.07,69.76,220.18,PayPal
2023-04-07,ORD3657,Battery,Electrical,Retail,2,178.66,62.78,420.1,PayPal
2023-04-07,ORD3658,Engine Oil,Engine,Retail,1,52.62,34.79,87.41,Bank transfer
2023-04-08,ORD3659,Brake Pads,Braking system,Retail,3,63.56,28.46,219.14,Cash
2023-04-08,ORD3660,Oil Filter,Engine,Retail,4,16.01,0.0,64.04,PayPal
2023-04-08,ORD3661,Shock Absorber,Suspension,Retail,3,122.57,63.52,431.23,Bank transfer
2023-04-09,ORD3662,Air Filter,Engine,Retail,3,28.5,0.0,85.5,PayPal
2023-04-09,ORD3663,Battery,Electrical,Retail,1,178.71,76.11,254.82,Cash
2023-04-10,ORD3664,Shock Absorber,Suspension,Corporate,5,141.7,70.65,779.15,Bank transfer
2023-04-10,ORD3665,Shock Absorber,Suspension,Retail,4,102.37,0.0,409.48,PayPal
2023-04-10,ORD3666,Clutch Kit,Transmission,Retail,1,324.02,0.0,324.02,Credit card
2023-04-11,ORD3667,Shock Absorber,Suspension,Wholesale,15,127.13,0.0,1906.95,Credit card
2023-04-11,ORD3668,Battery,Electrical,Retail,2,234.78,0.0,469.56,Cash
2023-04-11,ORD3669,Radiator,Cooling,Retail,4,102.58,0.0,410.32,Credit card
2023-04-11,ORD3670,Oil Filter,Engine,Retail,2,14.75,58.91,88.41,Credit card
2023-04-12,ORD3671,Fuel Pump,Fuel System,Retail,3,85.49,31.58,288.05,Cash
2023-04-12,ORD3672,Air Filter,Engine,Retail,4,34.44,0.0,137.76,Credit card
2023-04-13,ORD3673,Oil Filter,Engine,Retail,5,11.17,43.59,99.44,Cash
2023-04-14,ORD3674,Brake Rotor,Braking system,Retail,5,66.73,0.0,333.65,Bank transfer
2023-04-15,ORD3675,Battery,Electrical,Corporate,9,149.75,10.66,1358.41,Bank transfer
2023-04-15,ORD3676,Clutch Kit,Transmission,Retail,5,237.67,34.62,1222.97,Bank transfer
2023-04-15,ORD3677,Engine Oil,Engine,Retail,5,35.48,0.0,177.4,PayPal
2023-04-16,ORD3678,Battery,Electrical,Retail,3,161.43,72.02,556.31,PayPal
2023-04-17,ORD3679,Spark Plugs,Ignition,Retail,2,12.46,5.97,30.89,Credit card
2023-04-18,ORD3680,Water Pump,Cooling,Retail,1,58.69,61.49,120.18,Cash
2023-04-18,ORD3681,Brake Rotor,Braking system,Wholesale,39,66.28,51.89,2636.81,Cash
2023-04-18,ORD3682,Radiator,Cooling,Retail,5,158.6,16.86,809.86,Bank transfer
2023-04-18,ORD3683,Air Filter,Engine,Retail,4,26.65,70.58,177.18,Cash
2023-04-19,ORD3684,Engine Oil,Engine,Retail,2,37.66,62.18,137.5,Credit card
2023-04-19,ORD3685,Spark Plugs,Ignition,Retail,3,13.34,34.54,74.56,Cash
2023-04-19,ORD3686,Engine Oil,Engine,Retail,3,52.24,42.23,198.95,Credit card
2023-04-19,ORD3687,Engine Oil,Engine,Retail,5,51.3,33.34,289.84,Bank transfer
2023-04-20,ORD3688,Brake Rotor,Braking system,Retail,2,82.58,10.64,175.8,PayPal
2023-04-21,ORD3689,Water Pump,Cooling,Corporate,11,53.26,0.0,585.86,PayPal
2023-04-21,ORD3690,Brake Pads,Braking system,Retail,2,65.02,11.55,141.59,Bank transfer
2023-04-22,ORD3691,Battery,Electrical,Corporate,5,242.41,0.0,1212.05,PayPal
2023-04-23,ORD3692,Alternator,Electrical,Retail,1,299.35,17.12,316.47,Credit card
2023-04-23,ORD3693,Spark Plugs,Ignition,Retail,3,7.98,0.0,23.94,Cash
2023-04-24,ORD3694,Water Pump,Cooling,Retail,2,77.0,0.0,154.0,Cash
2023-04-25,ORD3695,Air Filter,Engine,Wholesale,41,21.83,0.0,895.03,Credit card
2023-04-25,ORD3696,Oil Filter,Engine,Wholesale,21,20.97,0.0,440.37,Cash
2023-04-25,ORD3697,Battery,Electrical,Retail,1,116.55,0.0,116.55,PayPal
2023-04-26,ORD3698,Engine Oil,Engine,Retail,4,59.0,61.96,297.96,PayPal
2023-04-26,ORD3699,Air Filter,Engine,Wholesale,44,16.39,0.0,721.16,PayPal
2023-04-27,ORD3700,Air Filter,Engine,Retail,2,25.2,0.0,50.4,Cash
2023-04-27,ORD3701,Clutch Kit,Transmission,Retail,1,316.02,29.94,345.96,Bank transfer
2023-04-27,ORD3702,Brake Rotor,Braking system,Retail,5,77.54,53.52,441.22,PayPal
2023-04-27,ORD3703,Fuel Pump,Fuel System,Retail,2,124.21,38.9,287.32,Credit card
2023-04-28,ORD3704,Clutch Kit,Transmission,Retail,3,317.44,37.57,989.89,Bank transfer
2023-04-29,ORD3705,Battery,Electrical,Retail,1,178.47,0.0,178.47,Bank transfer
2023-04-29,ORD3706,Brake Rotor,Braking system,Retail,2,90.41,42.28,223.1,Cash
2023-04-29,ORD3707,Radiator,Cooling,Wholesale,32,90.97,0.0,2911.04,Credit card
2023-04-29,ORD3708,Control Arm,Suspension,Wholesale,49,89.56,0.0,4388.44,Cash
2023-04-30,ORD3709,Oil Filter,Engine,Retail,1,15.88,62.38,78.26,Cash
2023-04-30,ORD3710,Fuel Pump,Fuel System,Retail,2,104.63,9.16,218.42,Cash
2023-04-30,ORD3711,Water Pump,Cooling,Retail,1,118.83,0.0,118.83,PayPal
2023-04-30,ORD3712,Battery,Electrical,Retail,5,149.39,0.0,746.95,PayPal
2023-05-01,ORD3713,Radiator,Cooling,Retail,1,124.76,0.0,124.76,Cash
2023-05-01,ORD3714,Brake Rotor,Braking system,Retail,3,68.06,0.0,204.18,Cash
2023-05-01,ORD3715,Engine Oil,Engine,Wholesale,10,54.79,8.65,556.55,Bank transfer
2023-05-01,ORD3716,Fuel Pump,Fuel System,Retail,3,121.14,27.98,391.4,Cash
2023-05-02,ORD3717,Brake Rotor,Braking system,Corporate,18,78.16,68.78,1475.66,Credit card
2023-05-02,ORD3718,Clutch Kit,Transmission,Retail,1,207.06,0.0,207.06,PayPal
2023-05-02,ORD3719,Brake Pads,Braking system,Retail,5,51.82,58.6,317.7,Cash
2023-05-02,ORD3720,Brake Rotor,Braking system,Wholesale,29,46.91,28.55,1388.94,PayPal
2023-05-03,ORD3721,Engine Oil,Engine,Retail,4,55.04,0.0,220.16,Cash
2023-05-03,ORD3722,Spark Plugs,Ignition,Retail,2,11.0,0.0,22.0,Bank transfer
2023-05-04,ORD3723,Spark Plugs,Ignition,Retail,3,12.76,0.0,38.28,PayPal
2023-05-05,ORD3724,Air Filter,Engine,Retail,4,29.62,39.46,157.94,PayPal
2023-05-06,ORD3725,Battery,Electrical,Retail,3,212.87,20.87,659.48,Cash
2023-05-06,ORD3726,Engine Oil,Engine,Retail,2,48.62,31.09,128.33,Bank transfer
2023-05-06,ORD3727,Control Arm,Suspension,Retail,4,138.29,0.0,553.16,Bank transfer
2023-05-06,ORD3728,Spark Plugs,Ignition,Retail,1,11.84,29.05,40.89,Cash
2023-05-07,ORD3729,Water Pump,Cooling,Retail,2,78.29,0.0,156.58,Cash
2023-05-07,ORD3730,Oil Filter,Engine,Retail,1,11.44,0.0,11.44,Cash
2023-05-07,ORD3731,Radiator,Cooling,Retail,2,158.32,0.0,316.64,Credit card
2023-05-07,ORD3732,Fuel Pump,Fuel System,Corporate,12,91.98,0.0,1103.76,Credit card
2023-05-08,ORD3733,Air Filter,Engine,Corporate,10,27.4,0.0,274.0,PayPal
2023-05-08,ORD3734,Battery,Electrical,Corporate,5,211.26,41.58,1097.88,Credit card
2023-05-08,ORD3735,Oil Filter,Engine,Retail,5,15.99,0.0,79.95,Credit card
2023-05-09,ORD3736,Brake Pads,Braking system,Retail,4,35.91,0.0,143.64,PayPal
2023-05-09,ORD3737,Engine Oil,Engine,Retail,4,54.71,79.47,298.31,Credit card
2023-05-10,ORD3738,Spark Plugs,Ignition,Wholesale,42,13.8,0.0,579.6,Credit card
2023-05-10,ORD3739,Fuel Pump,Fuel System,Corporate,19,129.77,79.24,2544.87,PayPal
2023-05-10,ORD3740,Engine Oil,Engine,Wholesale,28,53.69,16.01,1519.33,Cash
2023-05-10,ORD3741,Shock Absorber,Suspension,Wholesale,21,120.05,22.14,2543.19,Cash
2023-05-11,ORD3742,Radiator,Cooling,Wholesale,34,94.9,30.19,3256.79,Bank transfer
2023-05-11,ORD3743,Brake Pads,Braking system,Retail,5,46.76,0.0,233.8,Cash
2023-05-11,ORD3744,Fuel Pump,Fuel System,Retail,3,163.96,28.89,520.77,Bank transfer
2023-05-11,ORD3745,Air Filter,Engine,Retail,4,25.48,10.18,112.1,Bank transfer
2023-05-12,ORD3746,Spark Plugs,Ignition,Retail,2,12.69,8.51,33.89,PayPal
2023-05-13,ORD3747,Brake Rotor,Braking system,Retail,3,87.45,18.39,280.74,PayPal
2023-05-13,ORD3748,Control Arm,Suspension,Retail,5,70.42,24.22,376.32,Bank transfer
2023-05-14,ORD3749,Water Pump,Cooling,Wholesale,36,50.85,0.0,1830.6,Credit card
2023-05-15,ORD3750,Fuel Pump,Fuel System,Retail,2,187.01,0.0,374.02,Bank transfer
2023-05-15,ORD3751,Radiator,Cooling,Retail,1,114.57,0.0,114.57,Credit card
2023-05-15,ORD3752,Engine Oil,Engine,Retail,4,37.45,0.0,149.8,Cash
2023-05-16,ORD3753,Brake Rotor,Braking system,Retail,4,57.04,59.1,287.26,Credit card
2023-05-16,ORD3754,Brake Rotor,Braking system,Corporate,19,47.3,0.0,898.7,Bank transfer
2023-05-16,ORD3755,Battery,Electrical,Retail,2,172.56,23.45,368.57,Bank transfer
2023-05-17,ORD3756,Brake Rotor,Braking system,Retail,1,40.71,57.35,98.06,Cash
2023-05-17,ORD3757,Engine Oil,Engine,Retail,1,49.21,0.0,49.21,Bank transfer
2023-05-17,ORD3758,Brake Pads,Braking system,Retail,1,39.53,0.0,39.53,Cash
2023-05-18,ORD3759,Shock Absorber,Suspension,Retail,3,93.23,32.76,312.45,Cash
2023-05-19,ORD3760,Clutch Kit,Transmission,Retail,3,340.28,23.38,1044.22,Credit card
2023-05-19,ORD3761,Water Pump,Cooling,Retail,3,53.02,9.92,168.98,Bank transfer
2023-05-19,ORD3762,Fuel Pump,Fuel System,Retail,5,109.13,74.75,620.4,Bank transfer
2023-05-20,ORD3763,Air Filter,Engine,Retail,4,27.76,0.0,111.04,Cash
2023-05-21,ORD3764,Air Filter,Engine,Retail,3,24.56,0.0,73.68,Bank transfer
2023-05-21,ORD3765,Radiator,Cooling,Retail,1,98.48,76.1,174.58,PayPal
2023-05-21,ORD3766,Battery,Electrical,Retail,5,101.6,62.26,570.26,Cash
2023-05-22,ORD3767,Brake Rotor,Braking system,Retail,3,64.01,0.0,192.03,PayPal
2023-05-22,ORD3768,Shock Absorber,Suspension,Retail,4,114.52,0.0,458.08,Credit card
2023-05-22,ORD3769,Spark Plugs,Ignition,Wholesale,31,14.21,0.0,440.51,Cash
2023-05-22,ORD3770,Shock Absorber,Suspension,Retail,3,79.77,0.0,239.31,Cash
2023-05-23,ORD3771,Brake Pads,Braking system,Retail,2,61.4,76.91,199.71,PayPal
2023-05-23,ORD3772,Radiator,Cooling,Wholesale,20,127.24,21.48,2566.28,Credit card
2023-05-23,ORD3773,Air Filter,Engine,Wholesale,29,29.14,9.48,854.54,PayPal
2023-05-23,ORD3774,Battery,Electrical,Retail,5,239.14,0.0,1195.7,Cash
2023-05-24,ORD3775,Radiator,Cooling,Retail,5,115.54,0.0,577.7,Cash
2023-05-24,ORD3776,Shock Absorber,Suspension,Retail,4,101.8,0.0,407.2,PayPal
2023-05-25,ORD3777,Spark Plugs,Ignition,Retail,5,6.78,0.0,33.9,PayPal
2023-05-25,ORD3778,Control Arm,Suspension,Retail,1,130.41,0.0,130.41,Cash
2023-05-25,ORD3779,Water Pump,Cooling,Retail,2,54.5,0.0,109.0,Bank transfer
2023-05-25,ORD3780,Water Pump,Cooling,Retail,5,85.79,23.32,452.27,Cash
2023-05-26,ORD3781,Engine Oil,Engine,Wholesale,37,35.2,64.4,1366.8,Credit card
2023-05-26,ORD3782,Oil Filter,Engine,Wholesale,42,12.66,26.53,558.25,Cash
2023-05-26,ORD3783,Battery,Electrical,Retail,1,208.7,0.0,208.7,Credit card
2023-05-27,ORD3784,Shock Absorber,Suspension,Wholesale,26,101.42,0.0,2636.92,Bank transfer
2023-05-27,ORD3785,Clutch Kit,Transmission,Retail,3,374.85,0.0,1124.55,Credit card
2023-05-27,ORD3786,Fuel Pump,Fuel System,Retail,1,180.35,54.62,234.97,PayPal
2023-05-28,ORD3787,Water Pump,Cooling,Retail,4,97.75,0.0,391.0,Bank transfer
2023-05-28,ORD3788,Water Pump,Cooling,Retail,1,51.81,0.0,51.81,Cash
2023-05-29,ORD3789,Clutch Kit,Transmission,Retail,4,418.64,0.0,1674.56,PayPal
2023-05-29,ORD3790,Oil Filter,Engine,Retail,5,19.65,0.0,98.25,Cash
2023-05-29,ORD3791,Clutch Kit,Transmission,Retail,5,202.18,0.0,1010.9,Bank transfer
2023-05-30,ORD3792,Radiator,Cooling,Corporate,9,182.21,0.0,1639.89,PayPal
2023-05-30,ORD3793,Control Arm,Suspension,Wholesale,44,104.24,0.0,4586.56,Credit card
2023-05-31,ORD3794,Clutch Kit,Transmission,Corporate,11,437.84,60.4,4876.64,Cash
2023-05-31,ORD3795,Alternator,Electrical,Wholesale,45,164.82,0.0,7416.9,Credit card
2023-06-01,ORD3796,Engine Oil,Engine,Wholesale,28,58.06,0.0,1625.68,Cash
2023-06-01,ORD3797,Brake Rotor,Braking system,Corporate,13,48.06,74.53,699.31,Cash
2023-06-01,ORD3798,Shock Absorber,Suspension,Retail,1,106.02,0.0,106.02,Bank transfer
2023-06-02,ORD3799,Battery,Electrical,Retail,2,246.48,0.0,492.96,Bank transfer
2023-06-02,ORD3800,Clutch Kit,Transmission,Retail,5,392.68,0.0,1963.4,PayPal
2023-06-02,ORD3801,Brake Rotor,Braking system,Retail,4,48.74,27.48,222.44,Cash
2023-06-02,ORD3802,Air Filter,Engine,Wholesale,35,25.26,0.0,884.1,Credit card
2023-06-03,ORD3803,Air Filter,Engine,Retail,1,27.73,49.26,76.99,Cash
2023-06-03,ORD3804,Shock Absorber,Suspension,Retail,1,75.98,54.23,130.21,Bank transfer
2023-06-03,ORD3805,Clutch Kit,Transmission,Retail,1,276.98,0.0,276.98,Credit card
2023-06-03,ORD3806,Brake Pads,Braking system,Corporate,7,47.38,0.0,331.66,Credit card
2023-06-04,ORD3807,Brake Pads,Braking system,Wholesale,49,73.61,0.0,3606.89,Bank transfer
2023-06-04,ORD3808,Control Arm,Suspension,Retail,3,82.53,0.0,247.59,Credit card
2023-06-05,ORD3809,Alternator,Electrical,Retail,1,150.1,0.0,150.1,Cash
2023-06-05,ORD3810,Battery,Electrical,Retail,3,151.33,26.05,480.04,Credit card
2023-06-05,ORD3811,Brake Pads,Braking system,Wholesale,40,63.98,0.0,2559.2,Credit card
2023-06-06,ORD3812,Brake Rotor,Braking system,Retail,4,97.66,0.0,390.64,PayPal
2023-06-06,ORD3813,Brake Rotor,Braking system,Retail,5,80.74,64.57,468.27,Credit card
2023-06-06,ORD3814,Radiator,Cooling,Retail,2,137.03,0.0,274.06,PayPal
2023-06-07,ORD3815,Clutch Kit,Transmission,Retail,1,399.89,0.0,399.89,Bank transfer
2023-06-07,ORD3816,Oil Filter,Engine,Retail,2,23.97,23.04,70.98,Cash
2023-06-08,ORD3817,Radiator,Cooling,Retail,5,172.55,0.0,862.75,Cash
2023-06-08,ORD3818,Spark Plugs,Ignition,Retail,1,10.36,0.0,10.36,PayPal
2023-06-08,ORD3819,Battery,Electrical,Wholesale,42,151.3,35.39,6389.99,Cash
2023-06-09,ORD3820,Control Arm,Suspension,Retail,1,138.4,0.0,138.4,Credit card
2023-06-09,ORD3821,Fuel Pump,Fuel System,Retail,5,142.97,60.37,775.22,Cash
2023-06-10,ORD3822,Shock Absorber,Suspension,Retail,4,118.95,5.57,481.37,Cash
2023-06-10,ORD3823,Radiator,Cooling,Retail,4,133.06,0.0,532.24,Credit card
2023-06-10,ORD3824,Air Filter,Engine,Retail,3,24.38,0.0,73.14,Cash
2023-06-11,ORD3825,Shock Absorber,Suspension,Retail,5,113.94,12.31,582.01,Credit card
2023-06-11,ORD3826,Alternator,Electrical,Retail,5,173.3,0.0,866.5,PayPal
2023-06-12,ORD3827,Clutch Kit,Transmission,Corporate,5,462.01,28.64,2338.69,Cash
2023-06-13,ORD3828,Battery,Electrical,Retail,5,106.7,0.0,533.5,Bank transfer
2023-06-13,ORD3829,Air Filter,Engine,Retail,1,19.91,0.0,19.91,Credit card
2023-06-13,ORD3830,Spark Plugs,Ignition,Retail,5,6.8,0.0,34.0,Cash
2023-06-14,ORD3831,Clutch Kit,Transmission,Wholesale,11,328.25,0.0,3610.75,PayPal
2023-06-14,ORD3832,Radiator,Cooling,Retail,1,98.03,14.91,112.94,Credit card
2023-06-14,ORD3833,Engine Oil,Engine,Wholesale,37,30.41,0.0,1125.17,Credit card
2023-06-15,ORD3834,Water Pump,Cooling,Wholesale,40,97.49,35.84,3935.44,Cash
2023-06-15,ORD3835,Radiator,Cooling,Wholesale,25,135.49,29.77,3417.02,Cash
2023-06-15,ORD3836,Water Pump,Cooling,Retail,2,75.77,0.0,151.54,Bank transfer
2023-06-15,ORD3837,Radiator,Cooling,Corporate,19,135.49,7.76,2582.07,Bank transfer
2023-06-16,ORD3838,Air Filter,Engine,Retail,1,20.01,0.0,20.01,Credit card
2023-06-17,ORD3839,Engine Oil,Engine,Retail,4,54.51,0.0,218.04,Bank transfer
2023-06-17,ORD3840,Shock Absorber,Suspension,Wholesale,29,70.3,0.0,2038.7,PayPal
2023-06-17,ORD3841,Brake Rotor,Braking system,Retail,2,84.21,0.0,168.42,Bank transfer
2023-06-18,ORD3842,Battery,Electrical,Retail,5,222.19,0.0,1110.95,Cash
2023-06-18,ORD3843,Clutch Kit,Transmission,Wholesale,49,467.16,0.0,22890.84,Cash
2023-06-18,ORD3844,Shock Absorber,Suspension,Retail,5,108.35,0.0,541.75,Bank transfer
2023-06-19,ORD3845,Fuel Pump,Fuel System,Corporate,16,123.7,0.0,1979.2,Credit card
2023-06-19,ORD3846,Alternator,Electrical,Retail,5,150.25,0.0,751.25,PayPal
2023-06-20,ORD3847,Engine Oil,Engine,Retail,2,57.86,0.0,115.72,Credit card
2023-06-20,ORD3848,Alternator,Electrical,Retail,3,229.98,0.0,689.94,PayPal
2023-06-21,ORD3849,Radiator,Cooling,Retail,3,159.49,0.0,478.47,Credit card
2023-06-22,ORD3850,Spark Plugs,Ignition,Retail,5,7.55,77.48,115.23,Credit card
2023-06-23,ORD3851,Air Filter,Engine,Retail,5,30.73,0.0,153.65,Bank transfer
2023-06-23,ORD3852,Clutch Kit,Transmission,Wholesale,44,308.31,26.31,13591.95,Bank transfer
2023-06-23,ORD3853,Fuel Pump,Fuel System,Retail,5,147.28,0.0,736.4,Credit card
2023-06-24,ORD3854,Air Filter,Engine,Retail,4,33.37,0.0,133.48,Bank transfer
2023-06-25,ORD3855,Water Pump,Cooling,Retail,3,108.73,33.7,359.89,Bank transfer
2023-06-26,ORD3856,Control Arm,Suspension,Wholesale,42,75.99,70.71,3262.29,Bank transfer
2023-06-26,ORD3857,Brake Rotor,Braking system,Retail,2,80.41,0.0,160.82,Credit card
2023-06-26,ORD3858,Air Filter,Engine,Wholesale,16,29.21,19.36,486.72,Bank transfer
2023-06-26,ORD3859,Shock Absorber,Suspension,Retail,2,60.31,0.0,120.62,PayPal
2023-06-27,ORD3860,Clutch Kit,Transmission,Retail,4,472.61,0.0,1890.44,Credit card
2023-06-28,ORD3861,Air Filter,Engine,Retail,4,24.32,0.0,97.28,Cash
2023-06-28,ORD3862,Spark Plugs,Ignition,Retail,1,10.46,0.0,10.46,Bank transfer
2023-06-28,ORD3863,Engine Oil,Engine,Retail,4,36.34,0.0,145.36,Bank transfer
2023-06-29,ORD3864,Shock Absorber,Suspension,Corporate,9,92.96,35.06,871.7,Bank transfer
2023-06-29,ORD3865,Battery,Electrical,Wholesale,21,222.2,18.06,4684.26,Credit card
2023-06-29,ORD3866,Alternator,Electrical,Retail,5,315.87,6.44,1585.79,Credit card
2023-06-29,ORD3867,Shock Absorber,Suspension,Wholesale,32,85.84,54.52,2801.4,Cash
2023-06-30,ORD3868,Air Filter,Engine,Wholesale,32,20.79,0.0,665.28,Credit card
2023-06-30,ORD3869,Water Pump,Cooling,Wholesale,32,105.96,0.0,3390.72,Credit card
2023-06-30,ORD3870,Air Filter,Engine,Retail,1,33.85,0.0,33.85,PayPal
2023-06-30,ORD3871,Oil Filter,Engine,Retail,2,16.29,32.92,65.5,PayPal
2023-07-01,ORD3872,Radiator,Cooling,Retail,4,104.41,77.31,494.95,PayPal
2023-07-01,ORD3873,Clutch Kit,Transmission,Retail,2,303.12,0.0,606.24,Credit card
2023-07-02,ORD3874,Fuel Pump,Fuel System,Wholesale,38,154.92,0.0,5886.96,Credit card
2023-07-02,ORD3875,Engine Oil,Engine,Retail,1,37.51,76.04,113.55,PayPal
2023-07-03,ORD3876,Battery,Electrical,Corporate,11,194.28,22.68,2159.76,Credit card
2023-07-03,ORD3877,Clutch Kit,Transmission,Retail,2,297.56,0.0,595.12,Bank transfer
2023-07-03,ORD3878,Alternator,Electrical,Retail,2,248.35,68.97,565.67,PayPal
2023-07-03,ORD3879,Engine Oil,Engine,Retail,2,43.33,0.0,86.66,PayPal
2023-07-04,ORD3880,Brake Rotor,Braking system,Retail,2,66.0,54.99,186.99,Credit card
2023-07-04,ORD3881,Water Pump,Cooling,Retail,1,90.79,0.0,90.79,Cash
2023-07-04,ORD3882,Alternator,Electrical,Wholesale,41,312.18,0.0,12799.38,PayPal
2023-07-05,ORD3883,Oil Filter,Engine,Retail,3,22.59,0.0,67.77,Cash
2023-07-05,ORD3884,Spark Plugs,Ignition,Retail,4,6.31,13.41,38.65,PayPal
2023-07-05,ORD3885,Water Pump,Cooling,Retail,1,66.44,74.56,141.0,Credit card
2023-07-05,ORD3886,Clutch Kit,Transmission,Retail,2,328.85,0.0,657.7,Credit card
2023-07-06,ORD3887,Engine Oil,Engine,Retail,5,49.33,74.39,321.04,Bank transfer
2023-07-07,ORD3888,Radiator,Cooling,Retail,4,183.83,0.0,735.32,PayPal
2023-07-08,ORD3889,Alternator,Electrical,Retail,4,246.24,79.27,1064.23,Cash
2023-07-08,ORD3890,Alternator,Electrical,Retail,4,185.79,30.03,773.19,Credit card
2023-07-08,ORD3891,Air Filter,Engine,Retail,2,21.07,0.0,42.14,Cash
2023-07-08,ORD3892,Oil Filter,Engine,Retail,4,10.87,69.27,112.75,Credit card
2023-07-09,ORD3893,Shock Absorber,Suspension,Retail,3,96.69,0.0,290.07,Bank transfer
2023-07-09,ORD3894,Air Filter,Engine,Retail,2,19.84,0.0,39.68,Cash
2023-07-09,ORD3895,Fuel Pump,Fuel System,Retail,2,149.12,0.0,298.24,PayPal
2023-07-09,ORD3896,Fuel Pump,Fuel System,Retail,2,219.71,0.0,439.42,Credit card
2023-07-10,ORD3897,Brake Rotor,Braking system,Retail,3,79.5,37.9,276.4,Bank transfer
2023-07-10,ORD3898,Control Arm,Suspension,Retail,1,75.19,0.0,75.19,Cash
2023-07-10,ORD3899,Oil Filter,Engine,Retail,2,11.59,8.6,31.78,PayPal
2023-07-10,ORD3900,Radiator,Cooling,Retail,1,138.55,0.0,138.55,Cash
2023-07-11,ORD3901,Brake Pads,Braking system,Wholesale,38,78.97,0.0,3000.86,Bank transfer
2023-07-11,ORD3902,Alternator,Electrical,Corporate,17,265.33,0.0,4510.61,Bank transfer
2023-07-11,ORD3903,Brake Rotor,Braking system,Retail,1,97.17,0.0,97.17,Bank transfer
2023-07-12,ORD3904,Fuel Pump,Fuel System,Retail,3,134.82,42.27,446.73,Cash
2023-07-13,ORD3905,Engine Oil,Engine,Wholesale,40,42.21,47.63,1736.03,Cash
2023-07-13,ORD3906,Brake Pads,Braking system,Wholesale,46,79.31,11.89,3660.15,Cash
2023-07-13,ORD3907,Water Pump,Cooling,Corporate,8,114.84,0.0,918.72,Cash
2023-07-13,ORD3908,Battery,Electrical,Retail,2,193.91,0.0,387.82,Credit card
2023-07-14,ORD3909,Water Pump,Cooling,Retail,1,60.67,29.55,90.22,Bank transfer
2023-07-14,ORD3910,Control Arm,Suspension,Retail,4,124.27,34.97,532.05,Credit card
2023-07-14,ORD3911,Water Pump,Cooling,Wholesale,25,100.46,41.75,2553.25,PayPal
2023-07-15,ORD3912,Clutch Kit,Transmission,Corporate,5,475.95,64.05,2443.8,Credit card
2023-07-15,ORD3913,Radiator,Cooling,Wholesale,10,123.01,65.35,1295.45,Bank transfer
2023-07-15,ORD3914,Air Filter,Engine,Corporate,14,19.21,77.27,346.21,PayPal
2023-07-16,ORD3915,Battery,Electrical,Corporate,5,187.27,0.0,936.35,Cash
2023-07-16,ORD3916,Oil Filter,Engine,Corporate,17,16.03,0.0,272.51,Bank transfer
2023-07-16,ORD3917,Water Pump,Cooling,Retail,1,74.23,0.0,74.23,Cash
2023-07-16,ORD3918,Air Filter,Engine,Wholesale,32,28.35,0.0,907.2,PayPal
2023-07-17,ORD3919,Engine Oil,Engine,Retail,4,40.2,73.27,234.07,Cash
2023-07-17,ORD3920,Spark Plugs,Ignition,Wholesale,48,6.25,39.63,339.63,PayPal
2023-07-17,ORD3921,Alternator,Electrical,Retail,1,282.5,0.0,282.5,Cash
2023-07-17,ORD3922,Battery,Electrical,Wholesale,34,155.65,0.0,5292.1,Credit card
2023-07-18,ORD3923,Engine Oil,Engine,Retail,3,33.13,0.0,99.39,Bank transfer
2023-07-18,ORD3924,Engine Oil,Engine,Retail,2,49.49,23.05,122.03,Credit card
2023-07-19,ORD3925,Oil Filter,Engine,Retail,4,17.92,0.0,71.68,Bank transfer
2023-07-19,ORD3926,Clutch Kit,Transmission,Retail,2,490.35,45.21,1025.91,PayPal
2023-07-19,ORD3927,Battery,Electrical,Retail,3,185.95,5.46,563.31,PayPal
2023-07-20,ORD3928,Brake Pads,Braking system,Retail,2,72.26,0.0,144.52,PayPal
2023-07-20,ORD3929,Engine Oil,Engine,Retail,3,55.02,6.8,171.86,PayPal
2023-07-20,ORD3930,Alternator,Electrical,Retail,5,286.98,19.35,1454.25,Bank transfer
2023-07-21,ORD3931,Battery,Electrical,Retail,5,248.07,0.0,1240.35,Credit card
2023-07-21,ORD3932,Clutch Kit,Transmission,Wholesale,19,425.63,0.0,8086.97,PayPal
2023-07-22,ORD3933,Alternator,Electrical,Retail,2,222.97,36.09,482.03,Credit card
2023-07-23,ORD3934,Water Pump,Cooling,Retail,3,97.42,0.0,292.26,Bank transfer
2023-07-23,ORD3935,Radiator,Cooling,Retail,5,199.49,5.97,1003.42,Credit card
2023-07-23,ORD3936,Air Filter,Engine,Wholesale,28,20.53,48.64,623.48,PayPal
2023-07-23,ORD3937,Fuel Pump,Fuel System,Retail,3,149.75,9.06,458.31,Bank transfer
2023-07-24,ORD3938,Air Filter,Engine,Corporate,10,24.84,38.76,287.16,PayPal
2023-07-24,ORD3939,Air Filter,Engine,Retail,2,23.37,0.0,46.74,PayPal
2023-07-25,ORD3940,Water Pump,Cooling,Wholesale,48,61.62,56.21,3013.97,Credit card
2023-07-25,ORD3941,Air Filter,Engine,Corporate,18,25.02,13.12,463.48,PayPal
2023-07-26,ORD3942,Clutch Kit,Transmission,Wholesale,48,442.59,0.0,21244.32,Cash
2023-07-26,ORD3943,Spark Plugs,Ignition,Retail,1,8.61,0.0,8.61,PayPal
2023-07-26,ORD3944,Control Arm,Suspension,Retail,4,107.09,0.0,428.36,Bank transfer
2023-07-26,ORD3945,Radiator,Cooling,Wholesale,46,119.24,57.23,5542.27,Bank transfer
2023-07-27,ORD3946,Oil Filter,Engine,Retail,1,17.0,0.0,17.0,PayPal
2023-07-27,ORD3947,Air Filter,Engine,Retail,2,34.88,0.0,69.76,PayPal
2023-07-27,ORD3948,Shock Absorber,Suspension,Retail,1,102.99,0.0,102.99,PayPal
2023-07-27,ORD3949,Battery,Electrical,Retail,4,128.17,77.86,590.54,Credit card
2023-07-28,ORD3950,Battery,Electrical,Retail,4,172.16,0.0,688.64,Bank transfer
2023-07-28,ORD3951,Brake Pads,Braking system,Retail,5,65.32,0.0,326.6,Credit card
2023-07-28,ORD3952,Control Arm,Suspension,Wholesale,15,132.08,0.0,1981.2,PayPal
2023-07-28,ORD3953,Alternator,Electrical,Retail,3,267.6,0.0,802.8,Bank transfer
2023-07-29,ORD3954,Shock Absorber,Suspension,Retail,2,143.31,0.0,286.62,Credit card
2023-07-29,ORD3955,Battery,Electrical,Retail,1,158.85,8.76,167.61,PayPal
2023-07-29,ORD3956,Control Arm,Suspension,Retail,1,153.75,53.22,206.97,PayPal
2023-07-30,ORD3957,Clutch Kit,Transmission,Retail,3,235.72,63.11,770.27,PayPal
2023-07-31,ORD3958,Air Filter,Engine,Corporate,7,15.41,64.47,172.34,PayPal
2023-07-31,ORD3959,Spark Plugs,Ignition,Retail,5,14.93,36.17,110.82,Cash
2023-07-31,ORD3960,Engine Oil,Engine,Wholesale,16,44.49,0.0,711.84,PayPal
2023-08-01,ORD3961,Brake Pads,Braking system,Retail,5,20.82,74.13,178.23,Credit card
2023-08-01,ORD3962,Water Pump,Cooling,Corporate,19,106.64,0.0,2026.16,PayPal
2023-08-01,ORD3963,Brake Rotor,Braking system,Corporate,14,40.66,20.79,590.03,Credit card
2023-08-02,ORD3964,Air Filter,Engine,Retail,1,20.61,0.0,20.61,PayPal
2023-08-02,ORD3965,Oil Filter,Engine,Retail,1,15.26,29.6,44.86,Credit card
2023-08-02,ORD3966,Control Arm,Suspension,Retail,4,145.15,7.4,588.0,Bank transfer
2023-08-02,ORD3967,Battery,Electrical,Retail,5,189.99,0.0,949.95,Bank transfer
2023-08-03,ORD3968,Radiator,Cooling,Retail,5,82.3,5.13,416.63,PayPal
2023-08-03,ORD3969,Fuel Pump,Fuel System,Corporate,14,146.46,0.0,2050.44,Credit card
2023-08-03,ORD3970,Spark Plugs,Ignition,Wholesale,36,9.7,63.93,413.13,PayPal
2023-08-04,ORD3971,Brake Rotor,Braking system,Retail,2,46.41,0.0,92.82,Credit card
2023-08-04,ORD3972,Alternator,Electrical,Retail,4,240.56,0.0,962.24,Cash
2023-08-04,ORD3973,Water Pump,Cooling,Retail,1,114.54,0.0,114.54,Credit card
2023-08-04,ORD3974,Alternator,Electrical,Retail,1,262.59,0.0,262.59,Credit card
2023-08-05,ORD3975,Air Filter,Engine,Retail,1,30.53,0.0,30.53,PayPal
2023-08-06,ORD3976,Control Arm,Suspension,Retail,1,79.82,0.0,79.82,Credit card
2023-08-06,ORD3977,Fuel Pump,Fuel System,Wholesale,16,182.45,0.0,2919.2,Credit card
2023-08-06,ORD3978,Radiator,Cooling,Retail,1,167.65,0.0,167.65,Cash
2023-08-07,ORD3979,Air Filter,Engine,Retail,2,22.33,27.78,72.44,PayPal
2023-08-07,ORD3980,Alternator,Electrical,Corporate,19,246.95,49.26,4741.31,Cash
2023-08-08,ORD3981,Spark Plugs,Ignition,Wholesale,17,9.49,79.8,241.13,Credit card
2023-08-08,ORD3982,Water Pump,Cooling,Retail,4,47.47,74.85,264.73,Cash
2023-08-08,ORD3983,Brake Rotor,Braking system,Retail,1,47.26,0.0,47.26,PayPal
2023-08-09,ORD3984,Air Filter,Engine,Retail,3,15.82,0.0,47.46,PayPal
2023-08-09,ORD3985,Oil Filter,Engine,Retail,4,14.44,0.0,57.76,Cash
2023-08-10,ORD3986,Alternator,Electrical,Retail,5,251.07,37.71,1293.06,Credit card
2023-08-10,ORD3987,Brake Pads,Braking system,Wholesale,40,79.9,47.56,3243.56,Bank transfer
2023-08-11,ORD3988,Battery,Electrical,Retail,3,151.17,0.0,453.51,PayPal
2023-08-11,ORD3989,Spark Plugs,Ignition,Retail,5,7.75,32.04,70.79,Cash
2023-08-11,ORD3990,Alternator,Electrical,Retail,3,233.88,0.0,701.64,PayPal
2023-08-12,ORD3991,Shock Absorber,Suspension,Retail,2,142.86,6.7,292.42,Cash
2023-08-13,ORD3992,Spark Plugs,Ignition,Wholesale,31,5.09,0.0,157.79,Bank transfer
2023-08-13,ORD3993,Oil Filter,Engine,Wholesale,24,18.48,0.0,443.52,PayPal
2023-08-14,ORD3994,Water Pump,Cooling,Wholesale,46,112.57,75.83,5254.05,PayPal
2023-08-14,ORD3995,Control Arm,Suspension,Wholesale,38,151.92,0.0,5772.96,PayPal
2023-08-14,ORD3996,Fuel Pump,Fuel System,Wholesale,43,118.6,64.49,5164.29,Bank transfer
2023-08-15,ORD3997,Control Arm,Suspension,Retail,3,74.09,0.0,222.27,Bank transfer
2023-08-15,ORD3998,Clutch Kit,Transmission,Retail,5,444.61,0.0,2223.05,Bank transfer
2023-08-15,ORD3999,Brake Pads,Braking system,Retail,3,40.26,0.0,120.78,PayPal
2023-08-15,ORD4000,Alternator,Electrical,Corporate,15,154.92,29.85,2353.65,PayPal
2023-08-16,ORD4001,Spark Plugs,Ignition,Retail,5,5.77,0.0,28.85,Cash
2023-08-16,ORD4002,Oil Filter,Engine,Corporate,12,18.59,75.02,298.1,PayPal
2023-08-16,ORD4003,Shock Absorber,Suspension,Wholesale,10,127.47,0.0,1274.7,Credit card
2023-08-16,ORD4004,Oil Filter,Engine,Wholesale,43,21.14,8.45,917.47,Bank transfer
2023-08-17,ORD4005,Air Filter,Engine,Retail,4,31.74,64.47,191.43,Credit card
2023-08-17,ORD4006,Fuel Pump,Fuel System,Wholesale,44,200.24,38.65,8849.21,Bank transfer
2023-08-17,ORD4007,Air Filter,Engine,Corporate,10,22.0,18.75,238.75,Bank transfer
2023-08-17,ORD4008,Shock Absorber,Suspension,Retail,2,119.32,51.4,290.04,Bank transfer
2023-08-18,ORD4009,Shock Absorber,Suspension,Wholesale,36,78.18,0.0,2814.48,PayPal
2023-08-18,ORD4010,Brake Rotor,Braking system,Wholesale,10,51.06,29.42,540.02,PayPal
2023-08-18,ORD4011,Air Filter,Engine,Retail,2,22.16,0.0,44.32,PayPal
2023-08-18,ORD4012,Air Filter,Engine,Retail,1,25.65,0.0,25.65,Bank transfer
2023-08-19,ORD4013,Alternator,Electrical,Retail,3,335.57,0.0,1006.71,Credit card
2023-08-19,ORD4014,Clutch Kit,Transmission,Retail,4,327.76,36.59,1347.63,PayPal
2023-08-19,ORD4015,Alternator,Electrical,Wholesale,37,194.78,58.24,7265.1,Bank transfer
2023-08-20,ORD4016,Water Pump,Cooling,Wholesale,22,52.66,48.64,1207.16,PayPal
2023-08-20,ORD4017,Oil Filter,Engine,Retail,5,19.52,0.0,97.6,PayPal
2023-08-21,ORD4018,Brake Pads,Braking system,Retail,5,23.7,71.01,189.51,Credit card
2023-08-21,ORD4019,Control Arm,Suspension,Retail,5,94.32,0.0,471.6,Bank transfer
2023-08-22,ORD4020,Fuel Pump,Fuel System,Wholesale,23,115.29,31.74,2683.41,Credit card
2023-08-22,ORD4021,Alternator,Electrical,Retail,1,203.25,11.38,214.63,Cash
2023-08-22,ORD4022,Control Arm,Suspension,Corporate,19,90.14,0.0,1712.66,PayPal
2023-08-23,ORD4023,Shock Absorber,Suspension,Wholesale,21,127.55,22.66,2701.21,Cash
2023-08-23,ORD4024,Fuel Pump,Fuel System,Retail,1,213.97,0.0,213.97,Credit card
2023-08-23,ORD4025,Spark Plugs,Ignition,Wholesale,31,12.64,0.0,391.84,PayPal
2023-08-23,ORD4026,Clutch Kit,Transmission,Retail,3,469.44,56.39,1464.71,Bank transfer
2023-08-24,ORD4027,Brake Pads,Braking system,Corporate,13,38.82,35.08,539.74,PayPal
2023-08-24,ORD4028,Air Filter,Engine,Retail,1,34.66,0.0,34.66,Bank transfer
2023-08-24,ORD4029,Shock Absorber,Suspension,Retail,2,71.9,0.0,143.8,Cash
2023-08-25,ORD4030,Battery,Electrical,Retail,1,195.1,0.0,195.1,Bank transfer
2023-08-25,ORD4031,Radiator,Cooling,Retail,3,165.3,69.57,565.47,Cash
2023-08-25,ORD4032,Brake Rotor,Braking system,Retail,4,86.57,77.89,424.17,Cash
2023-08-26,ORD4033,Shock Absorber,Suspension,Retail,2,105.93,0.0,211.86,Cash
2023-08-26,ORD4034,Control Arm,Suspension,Retail,1,74.45,0.0,74.45,Cash
2023-08-27,ORD4035,Oil Filter,Engine,Corporate,11,22.54,10.28,258.22,Credit card
2023-08-28,ORD4036,Control Arm,Suspension,Wholesale,21,165.78,0.0,3481.38,PayPal
2023-08-28,ORD4037,Air Filter,Engine,Retail,1,28.85,0.0,28.85,PayPal
2023-08-28,ORD4038,Air Filter,Engine,Wholesale,19,19.62,63.0,435.78,Bank transfer
2023-08-29,ORD4039,Brake Rotor,Braking system,Retail,3,86.47,0.0,259.41,PayPal
2023-08-29,ORD4040,Water Pump,Cooling,Retail,3,116.3,9.37,358.27,Bank transfer
2023-08-29,ORD4041,Clutch Kit,Transmission,Retail,5,235.87,0.0,1179.35,PayPal
2023-08-30,ORD4042,Water Pump,Cooling,Retail,4,113.77,8.64,463.72,Bank transfer
2023-08-30,ORD4043,Oil Filter,Engine,Retail,3,10.31,0.0,30.93,PayPal
2023-08-31,ORD4044,Fuel Pump,Fuel System,Wholesale,35,103.07,41.29,3648.74,Credit card
2023-09-01,ORD4045,Water Pump,Cooling,Retail,1,47.45,0.0,47.45,Credit card
2023-09-02,ORD4046,Oil Filter,Engine,Wholesale,18,11.46,70.78,277.06,PayPal
2023-09-02,ORD4047,Engine Oil,Engine,Retail,5,52.24,26.3,287.5,PayPal
2023-09-03,ORD4048,Battery,Electrical,Retail,5,199.92,0.0,999.6,Cash
2023-09-03,ORD4049,Water Pump,Cooling,Retail,1,75.92,0.0,75.92,Credit card
2023-09-03,ORD4050,Air Filter,Engine,Retail,4,15.51,23.17,85.21,Cash
2023-09-03,ORD4051,Clutch Kit,Transmission,Wholesale,15,315.07,57.65,4783.7,Cash
2023-09-04,ORD4052,Brake Pads,Braking system,Retail,3,37.8,0.0,113.4,PayPal
2023-09-05,ORD4053,Water Pump,Cooling,Retail,2,101.8,16.69,220.29,Credit card
2023-09-05,ORD4054,Battery,Electrical,Wholesale,20,192.06,0.0,3841.2,Credit card
2023-09-05,ORD4055,Brake Pads,Braking system,Retail,2,54.07,0.0,108.14,Cash
2023-09-05,ORD4056,Fuel Pump,Fuel System,Retail,2,163.92,18.4,346.24,Credit card
2023-09-06,ORD4057,Control Arm,Suspension,Wholesale,32,76.45,33.32,2479.72,Credit card
2023-09-06,ORD4058,Oil Filter,Engine,Retail,1,24.51,0.0,24.51,PayPal
2023-09-07,ORD4059,Water Pump,Cooling,Retail,2,96.32,0.0,192.64,Credit card
2023-09-08,ORD4060,Engine Oil,Engine,Retail,4,51.4,57.08,262.68,Bank transfer
2023-09-08,ORD4061,Alternator,Electrical,Wholesale,47,276.06,46.81,13021.63,Bank transfer
2023-09-08,ORD4062,Engine Oil,Engine,Retail,3,43.27,36.05,165.86,PayPal
2023-09-08,ORD4063,Control Arm,Suspension,Corporate,14,81.52,0.0,1141.28,Bank transfer
2023-09-09,ORD4064,Brake Rotor,Braking system,Retail,5,43.28,0.0,216.4,PayPal
2023-09-09,ORD4065,Brake Pads,Braking system,Wholesale,42,31.79,0.0,1335.18,Bank transfer
2023-09-09,ORD4066,Battery,Electrical,Wholesale,39,137.16,0.0,5349.24,Bank transfer
2023-09-09,ORD4067,Spark Plugs,Ignition,Retail,3,12.45,9.08,46.43,Credit card
2023-09-10,ORD4068,Air Filter,Engine,Retail,4,34.8,0.0,139.2,Credit card
2023-09-10,ORD4069,Air Filter,Engine,Retail,3,29.31,0.0,87.93,Cash
2023-09-10,ORD4070,Alternator,Electrical,Corporate,18,265.37,0.0,4776.66,Cash
2023-09-11,ORD4071,Brake Pads,Braking system,Retail,1,26.8,0.0,26.8,Bank transfer
2023-09-11,ORD4072,Alternator,Electrical,Retail,5,292.96,40.44,1505.24,Credit card
2023-09-12,ORD4073,Brake Rotor,Braking system,Retail,2,93.43,0.0,186.86,PayPal
2023-09-12,ORD4074,Fuel Pump,Fuel System,Wholesale,29,147.35,0.0,4273.15,Cash
2023-09-12,ORD4075,Brake Rotor,Braking system,Corporate,5,96.6,0.0,483.0,Bank transfer
2023-09-12,ORD4076,Air Filter,Engine,Corporate,5,30.64,29.64,182.84,Cash
2023-09-13,ORD4077,Brake Rotor,Braking system,Retail,1,56.76,0.0,56.76,Bank transfer
2023-09-13,ORD4078,Fuel Pump,Fuel System,Retail,1,126.78,27.03,153.81,Bank transfer
2023-09-14,ORD4079,Brake Rotor,Braking system,Retail,1,61.01,69.75,130.76,PayPal
2023-09-14,ORD4080,Radiator,Cooling,Retail,2,139.81,0.0,279.62,Cash
2023-09-14,ORD4081,Water Pump,Cooling,Wholesale,28,117.05,0.0,3277.4,Cash
2023-09-14,ORD4082,Brake Pads,Braking system,Retail,3,46.0,62.8,200.8,Credit card
2023-09-15,ORD4083,Clutch Kit,Transmission,Retail,5,224.4,0.0,1122.0,PayPal
2023-09-15,ORD4084,Brake Rotor,Braking system,Retail,3,98.92,50.76,347.52,PayPal
2023-09-16,ORD4085,Water Pump,Cooling,Corporate,14,98.28,0.0,1375.92,Bank transfer
2023-09-16,ORD4086,Control Arm,Suspension,Retail,4,152.57,0.0,610.28,Cash
2023-09-16,ORD4087,Brake Pads,Braking system,Retail,2,40.13,0.0,80.26,Cash
2023-09-17,ORD4088,Battery,Electrical,Retail,3,189.74,0.0,569.22,Bank transfer
2023-09-17,ORD4089,Alternator,Electrical,Wholesale,38,335.58,0.0,12752.04,Bank transfer
2023-09-18,ORD4090,Clutch Kit,Transmission,Retail,3,233.11,0.0,699.33,Cash
2023-09-19,ORD4091,Brake Pads,Braking system,Corporate,15,24.55,0.0,368.25,PayPal
2023-09-19,ORD4092,Battery,Electrical,Wholesale,25,178.98,18.92,4493.42,Cash
2023-09-20,ORD4093,Clutch Kit,Transmission,Retail,5,480.61,0.0,2403.05,PayPal
2023-09-20,ORD4094,Alternator,Electrical,Retail,3,335.16,0.0,1005.48,Cash
2023-09-20,ORD4095,Alternator,Electrical,Retail,3,248.5,0.0,745.5,Credit card
2023-09-20,ORD4096,Brake Rotor,Braking system,Retail,4,52.47,0.0,209.88,Credit card
2023-09-21,ORD4097,Control Arm,Suspension,Retail,1,101.41,0.0,101.41,Cash
2023-09-21,ORD4098,Radiator,Cooling,Corporate,15,155.17,0.0,2327.55,Bank transfer
2023-09-22,ORD4099,Shock Absorber,Suspension,Retail,3,68.23,0.0,204.69,PayPal
2023-09-22,ORD4100,Radiator,Cooling,Retail,1,183.26,79.53,262.79,Bank transfer
2023-09-23,ORD4101,Alternator,Electrical,Corporate,5,187.68,0.0,938.4,Credit card
2023-09-23,ORD4102,Battery,Electrical,Corporate,12,155.48,0.0,1865.76,Credit card
2023-09-24,ORD4103,Water Pump,Cooling,Retail,3,60.15,26.37,206.82,Credit card
2023-09-24,ORD4104,Alternator,Electrical,Corporate,14,216.32,0.0,3028.48,Bank transfer
2023-09-24,ORD4105,Oil Filter,Engine,Retail,1,18.06,0.0,18.06,Cash
2023-09-25,ORD4106,Alternator,Electrical,Retail,3,342.1,0.0,1026.3,PayPal
2023-09-26,ORD4107,Battery,Electrical,Wholesale,28,207.62,27.14,5840.5,PayPal
2023-09-26,ORD4108,Radiator,Cooling,Retail,1,127.71,0.0,127.71,Bank transfer
2023-09-27,ORD4109,Brake Rotor,Braking system,Wholesale,26,69.09,21.1,1817.44,Credit card
2023-09-27,ORD4110,Air Filter,Engine,Retail,2,28.53,0.0,57.06,PayPal
2023-09-27,ORD4111,Air Filter,Engine,Corporate,17,26.73,14.32,468.73,Cash
2023-09-27,ORD4112,Oil Filter,Engine,Wholesale,36,24.04,0.0,865.44,Credit card
2023-09-28,ORD4113,Radiator,Cooling,Retail,5,106.88,0.0,534.4,Cash
2023-09-28,ORD4114,Water Pump,Cooling,Retail,2,87.91,16.5,192.32,PayPal
2023-09-28,ORD4115,Battery,Electrical,Retail,4,124.13,46.7,543.22,Bank transfer
2023-09-29,ORD4116,Water Pump,Cooling,Retail,1,62.55,0.0,62.55,Cash
2023-09-29,ORD4117,Battery,Electrical,Retail,4,195.94,6.51,790.27,Cash
2023-09-29,ORD4118,Clutch Kit,Transmission,Wholesale,18,434.38,53.56,7872.4,Cash
2023-09-30,ORD4119,Brake Rotor,Braking system,Retail,5,77.61,0.0,388.05,PayPal
2023-10-01,ORD4120,Water Pump,Cooling,Retail,3,41.66,15.51,140.49,PayPal
2023-10-01,ORD4121,Engine Oil,Engine,Corporate,17,48.0,46.14,862.14,Cash
2023-10-01,ORD4122,Control Arm,Suspension,Retail,2,163.58,0.0,327.16,Bank transfer
2023-10-01,ORD4123,Oil Filter,Engine,Retail,3,16.37,0.0,49.11,PayPal
2023-10-02,ORD4124,Water Pump,Cooling,Retail,1,80.95,0.0,80.95,PayPal
2023-10-03,ORD4125,Clutch Kit,Transmission,Corporate,13,477.22,0.0,6203.86,PayPal
2023-10-03,ORD4126,Control Arm,Suspension,Retail,4,175.46,0.0,701.84,Credit card
2023-10-04,ORD4127,Battery,Electrical,Retail,3,213.76,0.0,641.28,Credit card
2023-10-05,ORD4128,Control Arm,Suspension,Corporate,13,88.88,76.4,1231.84,Bank transfer
2023-10-06,ORD4129,Clutch Kit,Transmission,Retail,3,275.53,59.58,886.17,PayPal
2023-10-06,ORD4130,Oil Filter,Engine,Retail,3,23.76,0.0,71.28,Credit card
2023-10-06,ORD4131,Alternator,Electrical,Retail,3,265.6,0.0,796.8,Bank transfer
2023-10-06,ORD4132,Clutch Kit,Transmission,Retail,4,445.25,57.44,1838.44,Credit card
2023-10-07,ORD4133,Battery,Electrical,Retail,2,166.76,0.0,333.52,Cash
2023-10-07,ORD4134,Clutch Kit,Transmission,Retail,1,462.63,56.47,519.1,PayPal
2023-10-08,ORD4135,Radiator,Cooling,Wholesale,38,181.86,5.74,6916.42,Cash
2023-10-08,ORD4136,Air Filter,Engine,Wholesale,46,28.69,79.76,1399.5,Bank transfer
2023-10-08,ORD4137,Brake Rotor,Braking system,Retail,5,83.42,17.39,434.49,Bank transfer
2023-10-08,ORD4138,Clutch Kit,Transmission,Retail,2,265.09,46.48,576.66,PayPal
2023-10-09,ORD4139,Spark Plugs,Ignition,Retail,3,8.77,0.0,26.31,Cash
2023-10-10,ORD4140,Spark Plugs,Ignition,Retail,2,11.98,0.0,23.96,PayPal
2023-10-10,ORD4141,Radiator,Cooling,Wholesale,14,187.91,24.57,2655.31,Credit card
2023-10-10,ORD4142,Control Arm,Suspension,Retail,2,124.05,0.0,248.1,PayPal
2023-10-10,ORD4143,Battery,Electrical,Wholesale,17,226.28,0.0,3846.76,PayPal
2023-10-11,ORD4144,Water Pump,Cooling,Retail,1,97.12,66.49,163.61,PayPal
2023-10-11,ORD4145,Air Filter,Engine,Retail,3,25.08,22.41,97.65,PayPal
2023-10-12,ORD4146,Shock Absorber,Suspension,Wholesale,45,104.25,45.85,4737.1,PayPal
2023-10-12,ORD4147,Engine Oil,Engine,Wholesale,38,39.82,0.0,1513.16,Credit card
2023-10-12,ORD4148,Spark Plugs,Ignition,Retail,5,5.37,57.38,84.23,Cash
2023-10-12,ORD4149,Brake Rotor,Braking system,Retail,2,95.65,0.0,191.3,Cash
2023-10-13,ORD4150,Control Arm,Suspension,Retail,2,160.3,0.0,320.6,PayPal
2023-10-13,ORD4151,Brake Pads,Braking system,Retail,4,47.34,0.0,189.36,Cash
2023-10-13,ORD4152,Engine Oil,Engine,Retail,2,52.99,0.0,105.98,Bank transfer
2023-10-14,ORD4153,Alternator,Electrical,Retail,3,281.67,0.0,845.01,PayPal
2023-10-14,ORD4154,Clutch Kit,Transmission,Retail,3,359.49,59.52,1137.99,Bank transfer
2023-10-14,ORD4155,Brake Rotor,Braking system,Retail,3,71.04,42.68,255.8,Cash
2023-10-14,ORD4156,Engine Oil,Engine,Wholesale,17,40.17,47.94,730.83,Credit card
2023-10-15,ORD4157,Engine Oil,Engine,Retail,3,37.8,14.79,128.19,PayPal
2023-10-15,ORD4158,Water Pump,Cooling,Retail,4,43.29,49.47,222.63,Bank transfer
2023-10-15,ORD4159,Fuel Pump,Fuel System,Wholesale,42,168.58,0.0,7080.36,Credit card
2023-10-16,ORD4160,Clutch Kit,Transmission,Retail,2,201.52,8.88,411.92,Cash
2023-10-17,ORD4161,Alternator,Electrical,Retail,5,299.62,0.0,1498.1,Cash
2023-10-17,ORD4162,Oil Filter,Engine,Retail,3,18.36,0.0,55.08,PayPal
2023-10-18,ORD4163,Fuel Pump,Fuel System,Wholesale,18,133.19,0.0,2397.42,Credit card
2023-10-18,ORD4164,Water Pump,Cooling,Retail,5,119.11,0.0,595.55,Cash
2023-10-18,ORD4165,Clutch Kit,Transmission,Retail,3,453.96,30.09,1391.97,Credit card
2023-10-18,ORD4166,Brake Rotor,Braking system,Retail,3,71.89,37.23,252.9,Bank transfer
2023-10-19,ORD4167,Alternator,Electrical,Retail,3,320.68,69.0,1031.04,Credit card
2023-10-19,ORD4168,Engine Oil,Engine,Wholesale,43,55.82,6.58,2406.84,Cash
2023-10-19,ORD4169,Spark Plugs,Ignition,Corporate,9,5.38,62.05,110.47,PayPal
2023-10-20,ORD4170,Battery,Electrical,Retail,1,108.42,71.88,180.3,Cash
2023-10-21,ORD4171,Brake Pads,Braking system,Retail,5,51.36,0.0,256.8,Cash
2023-10-21,ORD4172,Air Filter,Engine,Retail,4,32.08,73.57,201.89,Cash
2023-10-21,ORD4173,Air Filter,Engine,Wholesale,30,29.08,13.67,886.07,Credit card
2023-10-21,ORD4174,Clutch Kit,Transmission,Retail,4,467.36,60.62,1930.06,Credit card
2023-10-22,ORD4175,Battery,Electrical,Retail,1,245.24,9.35,254.59,Credit card
2023-10-22,ORD4176,Clutch Kit,Transmission,Corporate,5,496.65,0.0,2483.25,Bank transfer
2023-10-22,ORD4177,Oil Filter,Engine,Retail,4,15.77,32.37,95.45,Credit card
2023-10-23,ORD4178,Brake Rotor,Braking system,Retail,4,75.52,0.0,302.08,Credit card
2023-10-23,ORD4179,Engine Oil,Engine,Retail,3,30.92,0.0,92.76,Cash
2023-10-23,ORD4180,Engine Oil,Engine,Retail,3,56.11,0.0,168.33,Cash
2023-10-23,ORD4181,Control Arm,Suspension,Retail,5,131.24,32.11,688.31,Cash
2023-10-24,ORD4182,Air Filter,Engine,Retail,1,16.96,0.0,16.96,Bank transfer
2023-10-24,ORD4183,Oil Filter,Engine,Retail,5,21.44,16.17,123.37,Bank transfer
2023-10-24,ORD4184,Oil Filter,Engine,Retail,3,21.31,63.16,127.09,Credit card
2023-10-24,ORD4185,Spark Plugs,Ignition,Wholesale,14,13.35,75.19,262.09,PayPal
2023-10-25,ORD4186,Brake Rotor,Braking system,Retail,3,76.36,73.79,302.87,PayPal
2023-10-25,ORD4187,Battery,Electrical,Retail,3,214.67,0.0,644.01,Bank transfer
2023-10-25,ORD4188,Alternator,Electrical,Retail,1,259.02,0.0,259.02,PayPal
2023-10-26,ORD4189,Battery,Electrical,Retail,3,144.58,0.0,433.74,PayPal
2023-10-26,ORD4190,Fuel Pump,Fuel System,Corporate,5,112.2,50.29,611.29,Cash
2023-10-26,ORD4191,Spark Plugs,Ignition,Wholesale,49,7.55,0.0,369.95,PayPal
2023-10-27,ORD4192,Brake Rotor,Braking system,Retail,3,92.4,0.0,277.2,Credit card
2023-10-27,ORD4193,Oil Filter,Engine,Retail,3,21.74,74.57,139.79,PayPal
2023-10-27,ORD4194,Shock Absorber,Suspension,Retail,1,114.46,0.0,114.46,Cash
2023-10-28,ORD4195,Brake Rotor,Braking system,Retail,4,70.6,0.0,282.4,Cash
2023-10-28,ORD4196,Clutch Kit,Transmission,Wholesale,44,336.54,0.0,14807.76,Bank transfer
2023-10-29,ORD4197,Brake Pads,Braking system,Wholesale,48,44.09,0.0,2116.32,Cash
2023-10-29,ORD4198,Engine Oil,Engine,Retail,5,51.1,0.0,255.5,Cash
2023-10-29,ORD4199,Control Arm,Suspension,Wholesale,39,137.96,0.0,5380.44,Bank transfer
2023-10-30,ORD4200,Clutch Kit,Transmission,Retail,2,366.11,36.14,768.36,Cash
2023-10-30,ORD4201,Shock Absorber,Suspension,Wholesale,14,116.74,0.0,1634.36,Bank transfer
2023-10-30,ORD4202,Spark Plugs,Ignition,Retail,2,12.4,0.0,24.8,Credit card
2023-10-31,ORD4203,Control Arm,Suspension,Retail,4,94.69,66.51,445.27,Bank transfer
2023-11-01,ORD4204,Radiator,Cooling,Retail,3,168.94,0.0,506.82,PayPal
2023-11-01,ORD4205,Fuel Pump,Fuel System,Retail,4,138.98,0.0,555.92,Bank transfer
2023-11-02,ORD4206,Battery,Electrical,Retail,2,129.87,0.0,259.74,Cash
2023-11-02,ORD4207,Spark Plugs,Ignition,Wholesale,47,9.55,0.0,448.85,Cash
2023-11-03,ORD4208,Clutch Kit,Transmission,Retail,3,420.06,41.62,1301.8,Credit card
2023-11-04,ORD4209,Air Filter,Engine,Wholesale,15,21.28,0.0,319.2,Credit card
2023-11-04,ORD4210,Engine Oil,Engine,Wholesale,39,50.44,15.46,1982.62,Credit card
2023-11-05,ORD4211,Spark Plugs,Ignition,Retail,3,5.13,0.0,15.39,PayPal
2023-11-05,ORD4212,Battery,Electrical,Retail,4,162.35,0.0,649.4,Credit card
2023-11-05,ORD4213,Radiator,Cooling,Corporate,15,182.32,45.51,2780.31,Cash
2023-11-05,ORD4214,Shock Absorber,Suspension,Wholesale,37,103.06,58.85,3872.07,Cash
2023-11-06,ORD4215,Spark Plugs,Ignition,Retail,1,8.78,0.0,8.78,PayPal
2023-11-07,ORD4216,Air Filter,Engine,Retail,4,18.88,0.0,75.52,Bank transfer
2023-11-07,ORD4217,Shock Absorber,Suspension,Retail,4,119.38,52.3,529.82,Credit card
2023-11-07,ORD4218,Water Pump,Cooling,Wholesale,11,67.19,0.0,739.09,Bank transfer
2023-11-08,ORD4219,Control Arm,Suspension,Corporate,12,128.01,0.0,1536.12,Credit card
2023-11-09,ORD4220,Clutch Kit,Transmission,Wholesale,42,431.02,54.37,18157.21,Cash
2023-11-09,ORD4221,Engine Oil,Engine,Wholesale,39,37.19,0.0,1450.41,Bank transfer
2023-11-09,ORD4222,Spark Plugs,Ignition,Retail,2,14.78,0.0,29.56,Credit card
2023-11-10,ORD4223,Oil Filter,Engine,Retail,3,14.97,0.0,44.91,PayPal
2023-11-10,ORD4224,Fuel Pump,Fuel System,Retail,3,216.01,0.0,648.03,Credit card
2023-11-11,ORD4225,Spark Plugs,Ignition,Retail,5,11.42,9.25,66.35,Cash
2023-11-12,ORD4226,Air Filter,Engine,Retail,4,25.83,0.0,103.32,Credit card
2023-11-12,ORD4227,Fuel Pump,Fuel System,Retail,2,83.01,0.0,166.02,Credit card
2023-11-12,ORD4228,Spark Plugs,Ignition,Corporate,16,5.18,0.0,82.88,PayPal
2023-11-12,ORD4229,Air Filter,Engine,Wholesale,44,29.68,0.0,1305.92,PayPal
2023-11-13,ORD4230,Brake Pads,Braking system,Corporate,15,44.24,0.0,663.6,PayPal
2023-11-13,ORD4231,Clutch Kit,Transmission,Corporate,10,263.49,30.43,2665.33,PayPal
2023-11-13,ORD4232,Water Pump,Cooling,Retail,3,78.35,0.0,235.05,PayPal
2023-11-14,ORD4233,Brake Rotor,Braking system,Retail,3,59.05,56.74,233.89,Bank transfer
2023-11-14,ORD4234,Water Pump,Cooling,Retail,3,97.96,0.0,293.88,PayPal
2023-11-15,ORD4235,Shock Absorber,Suspension,Retail,4,129.47,15.42,533.3,PayPal
2023-11-15,ORD4236,Radiator,Cooling,Corporate,17,176.18,0.0,2995.06,PayPal
2023-11-15,ORD4237,Clutch Kit,Transmission,Retail,1,347.6,78.42,426.02,Bank transfer
2023-11-15,ORD4238,Brake Rotor,Braking system,Retail,4,78.77,0.0,315.08,Credit card
2023-11-16,ORD4239,Air Filter,Engine,Retail,3,26.21,0.0,78.63,PayPal
2023-11-16,ORD4240,Fuel Pump,Fuel System,Retail,4,93.31,0.0,373.24,Cash
2023-11-16,ORD4241,Alternator,Electrical,Retail,3,225.14,0.0,675.42,Bank transfer
2023-11-17,ORD4242,Water Pump,Cooling,Retail,2,87.71,0.0,175.42,PayPal
2023-11-17,ORD4243,Alternator,Electrical,Corporate,18,198.37,33.17,3603.83,Bank transfer
2023-11-17,ORD4244,Oil Filter,Engine,Retail,1,24.33,60.11,84.44,Credit card
2023-11-18,ORD4245,Battery,Electrical,Wholesale,41,121.64,12.02,4999.26,Cash
2023-11-18,ORD4246,Brake Rotor,Braking system,Retail,5,54.19,0.0,270.95,PayPal
2023-11-19,ORD4247,Oil Filter,Engine,Retail,2,17.88,6.51,42.27,PayPal
2023-11-19,ORD4248,Water Pump,Cooling,Wholesale,20,113.13,33.16,2295.76,Bank transfer
2023-11-19,ORD4249,Alternator,Electrical,Wholesale,16,160.91,0.0,2574.56,PayPal
2023-11-20,ORD4250,Fuel Pump,Fuel System,Retail,3,181.32,12.74,556.7,Credit card
2023-11-20,ORD4251,Water Pump,Cooling,Wholesale,32,84.6,0.0,2707.2,Bank transfer
2023-11-20,ORD4252,Shock Absorber,Suspension,Retail,4,73.87,0.0,295.48,Bank transfer
2023-11-21,ORD4253,Radiator,Cooling,Wholesale,43,131.12,8.61,5646.77,Bank transfer
2023-11-22,ORD4254,Fuel Pump,Fuel System,Retail,2,112.72,67.66,293.1,Credit card
2023-11-22,ORD4255,Water Pump,Cooling,Corporate,5,69.29,0.0,346.45,Credit card
2023-11-22,ORD4256,Clutch Kit,Transmission,Retail,2,412.95,0.0,825.9,Credit card
2023-11-23,ORD4257,Air Filter,Engine,Wholesale,37,15.24,0.0,563.88,Bank transfer
2023-11-23,ORD4258,Oil Filter,Engine,Retail,4,14.27,0.0,57.08,PayPal
2023-11-23,ORD4259,Clutch Kit,Transmission,Retail,2,463.56,14.68,941.8,Bank transfer
2023-11-23,ORD4260,Clutch Kit,Transmission,Retail,3,417.93,0.0,1253.79,Cash
2023-11-24,ORD4261,Battery,Electrical,Retail,5,112.34,0.0,561.7,Bank transfer
2023-11-25,ORD4262,Spark Plugs,Ignition,Retail,2,14.64,0.0,29.28,PayPal
2023-11-25,ORD4263,Brake Pads,Braking system,Retail,4,49.46,76.96,274.8,Credit card
2023-11-26,ORD4264,Engine Oil,Engine,Retail,1,37.48,47.99,85.47,PayPal
2023-11-27,ORD4265,Battery,Electrical,Retail,5,164.54,0.0,822.7,PayPal
2023-11-27,ORD4266,Control Arm,Suspension,Retail,4,78.81,0.0,315.24,Bank transfer
2023-11-27,ORD4267,Air Filter,Engine,Wholesale,47,31.06,13.75,1473.57,PayPal
2023-11-27,ORD4268,Engine Oil,Engine,Wholesale,45,56.05,42.99,2565.24,Cash
2023-11-28,ORD4269,Brake Pads,Braking system,Retail,4,50.41,43.61,245.25,PayPal
2023-11-28,ORD4270,Clutch Kit,Transmission,Retail,1,279.92,0.0,279.92,Bank transfer
2023-11-28,ORD4271,Spark Plugs,Ignition,Retail,3,5.78,0.0,17.34,Credit card
2023-11-29,ORD4272,Brake Rotor,Braking system,Retail,5,96.67,40.65,524.0,Cash
2023-11-30,ORD4273,Alternator,Electrical,Corporate,14,254.44,0.0,3562.16,Credit card
2023-11-30,ORD4274,Air Filter,Engine,Retail,1,16.46,76.4,92.86,Credit card
2023-11-30,ORD4275,Battery,Electrical,Retail,5,138.21,0.0,691.05,Bank transfer
2023-12-01,ORD4276,Control Arm,Suspension,Retail,3,140.86,55.3,477.88,Credit card
2023-12-01,ORD4277,Water Pump,Cooling,Retail,3,62.08,0.0,186.24,Bank transfer
2023-12-01,ORD4278,Brake Rotor,Braking system,Corporate,6,80.38,40.24,522.52,Credit card
2023-12-01,ORD4279,Shock Absorber,Suspension,Retail,5,107.49,47.91,585.36,Cash
2023-12-02,ORD4280,Water Pump,Cooling,Retail,2,86.33,19.22,191.88,Cash
2023-12-02,ORD4281,Battery,Electrical,Retail,5,201.8,0.0,1009.0,Credit card
2023-12-03,ORD4282,Alternator,Electrical,Retail,3,322.31,70.33,1037.26,PayPal
2023-12-03,ORD4283,Water Pump,Cooling,Retail,2,96.91,0.0,193.82,PayPal
2023-12-03,ORD4284,Alternator,Electrical,Wholesale,38,300.86,35.96,11468.64,PayPal
2023-12-03,ORD4285,Brake Rotor,Braking system,Retail,5,94.03,0.0,470.15,Bank transfer
2023-12-04,ORD4286,Control Arm,Suspension,Retail,3,99.28,46.04,343.88,Credit card
2023-12-04,ORD4287,Radiator,Cooling,Wholesale,49,177.37,33.27,8724.4,Cash
2023-12-04,ORD4288,Clutch Kit,Transmission,Corporate,10,202.7,0.0,2027.0,Bank transfer
2023-12-04,ORD4289,Battery,Electrical,Retail,2,110.27,0.0,220.54,PayPal
2023-12-05,ORD4290,Alternator,Electrical,Retail,5,261.57,0.0,1307.85,Cash
2023-12-05,ORD4291,Engine Oil,Engine,Retail,1,54.83,0.0,54.83,Bank transfer
2023-12-06,ORD4292,Radiator,Cooling,Retail,5,139.81,62.47,761.52,PayPal
2023-12-07,ORD4293,Water Pump,Cooling,Retail,3,105.78,12.6,329.94,Bank transfer
2023-12-08,ORD4294,Alternator,Electrical,Retail,2,205.8,0.0,411.6,Credit card
2023-12-08,ORD4295,Brake Pads,Braking system,Wholesale,47,53.18,40.6,2540.06,Cash
2023-12-09,ORD4296,Control Arm,Suspension,Retail,2,156.47,0.0,312.94,Credit card
2023-12-10,ORD4297,Water Pump,Cooling,Retail,5,71.31,13.44,369.99,Credit card
2023-12-10,ORD4298,Spark Plugs,Ignition,Retail,4,7.82,0.0,31.28,Bank transfer
2023-12-10,ORD4299,Control Arm,Suspension,Wholesale,25,85.27,0.0,2131.75,Cash
2023-12-10,ORD4300,Battery,Electrical,Retail,3,247.54,41.51,784.13,Credit card
2023-12-11,ORD4301,Spark Plugs,Ignition,Wholesale,31,7.65,0.0,237.15,Cash
2023-12-11,ORD4302,Spark Plugs,Ignition,Retail,2,12.55,0.0,25.1,Bank transfer
2023-12-12,ORD4303,Air Filter,Engine,Retail,4,32.35,0.0,129.4,PayPal
2023-12-12,ORD4304,Engine Oil,Engine,Retail,4,57.11,0.0,228.44,PayPal
2023-12-12,ORD4305,Control Arm,Suspension,Wholesale,22,175.02,7.63,3858.07,PayPal
2023-12-12,ORD4306,Brake Pads,Braking system,Retail,4,46.36,73.68,259.12,Cash
2023-12-13,ORD4307,Shock Absorber,Suspension,Retail,3,83.72,0.0,251.16,Credit card
2023-12-13,ORD4308,Fuel Pump,Fuel System,Retail,2,203.35,61.44,468.14,Bank transfer
2023-12-14,ORD4309,Engine Oil,Engine,Retail,3,39.95,71.32,191.17,PayPal
2023-12-14,ORD4310,Spark Plugs,Ignition,Retail,1,11.46,56.14,67.6,Bank transfer
2023-12-15,ORD4311,Spark Plugs,Ignition,Retail,2,12.76,0.0,25.52,Cash
2023-12-16,ORD4312,Oil Filter,Engine,Retail,5,24.47,0.0,122.35,Bank transfer
2023-12-16,ORD4313,Fuel Pump,Fuel System,Retail,1,172.58,62.37,234.95,Credit card
2023-12-17,ORD4314,Engine Oil,Engine,Retail,5,31.43,32.32,189.47,Credit card
2023-12-17,ORD4315,Water Pump,Cooling,Corporate,6,93.69,63.78,625.92,Credit card
2023-12-18,ORD4316,Air Filter,Engine,Retail,5,24.97,0.0,124.85,Cash
2023-12-18,ORD4317,Radiator,Cooling,Retail,1,194.78,59.61,254.39,Credit card
2023-12-18,ORD4318,Control Arm,Suspension,Retail,4,162.37,0.0,649.48,PayPal
2023-12-18,ORD4319,Control Arm,Suspension,Wholesale,15,101.66,0.0,1524.9,Cash
2023-12-19,ORD4320,Fuel Pump,Fuel System,Retail,4,143.94,0.0,575.76,Cash
2023-12-19,ORD4321,Control Arm,Suspension,Retail,3,70.86,0.0,212.58,Credit card
2023-12-20,ORD4322,Alternator,Electrical,Retail,5,308.0,42.0,1582.0,Cash
2023-12-20,ORD4323,Brake Pads,Braking system,Retail,5,57.39,68.13,355.08,PayPal
2023-12-21,ORD4324,Brake Pads,Braking system,Corporate,19,40.3,54.05,819.75,Cash
2023-12-21,ORD4325,Brake Rotor,Braking system,Wholesale,15,45.55,0.0,683.25,Bank transfer
2023-12-21,ORD4326,Shock Absorber,Suspension,Retail,5,82.98,0.0,414.9,PayPal
2023-12-22,ORD4327,Shock Absorber,Suspension,Retail,5,79.99,0.0,399.95,PayPal
2023-12-22,ORD4328,Battery,Electrical,Retail,5,213.05,0.0,1065.25,Cash
2023-12-22,ORD4329,Battery,Electrical,Retail,3,229.88,27.95,717.59,Bank transfer
2023-12-23,ORD4330,Clutch Kit,Transmission,Retail,2,343.81,0.0,687.62,Cash
2023-12-23,ORD4331,Oil Filter,Engine,Wholesale,11,21.13,35.5,267.93,Cash
2023-12-23,ORD4332,Fuel Pump,Fuel System,Corporate,6,219.75,38.39,1356.89,PayPal
2023-12-23,ORD4333,Engine Oil,Engine,Corporate,18,40.66,0.0,731.88,Credit card
2023-12-24,ORD4334,Clutch Kit,Transmission,Retail,1,257.88,0.0,257.88,Credit card
2023-12-25,ORD4335,Control Arm,Suspension,Retail,5,101.26,13.83,520.13,Credit card
2023-12-26,ORD4336,Brake Pads,Braking system,Retail,2,71.97,47.8,191.74,Credit card
2023-12-26,ORD4337,Brake Rotor,Braking system,Retail,4,43.01,13.72,185.76,Cash
2023-12-26,ORD4338,Radiator,Cooling,Wholesale,10,148.22,0.0,1482.2,Credit card
2023-12-27,ORD4339,Shock Absorber,Suspension,Retail,2,85.61,40.72,211.94,PayPal
2023-12-27,ORD4340,Air Filter,Engine,Retail,1,34.46,0.0,34.46,Credit card
2023-12-27,ORD4341,Brake Rotor,Braking system,Retail,1,45.43,0.0,45.43,Cash
2023-12-28,ORD4342,Battery,Electrical,Wholesale,18,127.09,0.0,2287.62,Credit card
2023-12-28,ORD4343,Engine Oil,Engine,Retail,2,52.38,70.64,175.4,Bank transfer
2023-12-29,ORD4344,Brake Pads,Braking system,Wholesale,47,23.61,0.0,1109.67,Cash
2023-12-30,ORD4345,Brake Rotor,Braking system,Retail,3,99.24,0.0,297.72,Credit card
2023-12-30,ORD4346,Air Filter,Engine,Wholesale,48,16.72,0.0,802.56,Cash
2023-12-31,ORD4347,Oil Filter,Engine,Wholesale,46,18.71,0.0,860.66,Bank transfer
2023-12-31,ORD4348,Oil Filter,Engine,Retail,2,15.79,0.0,31.58,Credit card
2023-12-31,ORD4349,Oil Filter,Engine,Retail,3,19.33,74.07,132.06,Cash
2024-01-01,ORD4350,Brake Pads,Braking system,Retail,5,78.1,57.17,447.67,Bank transfer
2024-01-01,ORD4351,Brake Rotor,Braking system,Retail,1,46.95,78.19,125.14,PayPal
2024-01-02,ORD4352,Brake Pads,Braking system,Retail,2,58.05,0.0,116.1,Bank transfer
2024-01-02,ORD4353,Brake Rotor,Braking system,Corporate,6,95.52,0.0,573.12,Cash
2024-01-02,ORD4354,Brake Rotor,Braking system,Retail,2,45.19,16.62,107.0,Bank transfer
2024-01-02,ORD4355,Shock Absorber,Suspension,Retail,2,124.92,0.0,249.84,Cash
2024-01-03,ORD4356,Engine Oil,Engine,Retail,2,33.03,44.0,110.06,Cash
2024-01-04,ORD4357,Alternator,Electrical,Corporate,5,214.1,51.29,1121.79,Credit card
2024-01-04,ORD4358,Clutch Kit,Transmission,Retail,3,207.22,0.0,621.66,Bank transfer
2024-01-04,ORD4359,Battery,Electrical,Retail,1,205.9,0.0,205.9,Credit card
2024-01-04,ORD4360,Engine Oil,Engine,Retail,1,39.28,10.58,49.86,Bank transfer
2024-01-05,ORD4361,Brake Rotor,Braking system,Wholesale,49,44.89,0.0,2199.61,Credit card
2024-01-05,ORD4362,Alternator,Electrical,Retail,1,168.38,0.0,168.38,Credit card
2024-01-06,ORD4363,Shock Absorber,Suspension,Retail,5,119.46,0.0,597.3,Cash
2024-01-07,ORD4364,Alternator,Electrical,Retail,4,192.79,40.58,811.74,Cash
2024-01-07,ORD4365,Battery,Electrical,Retail,4,129.75,0.0,519.0,PayPal
2024-01-07,ORD4366,Alternator,Electrical,Wholesale,14,210.92,0.0,2952.88,Cash
2024-01-08,ORD4367,Water Pump,Cooling,Retail,5,75.61,0.0,378.05,Bank transfer
2024-01-08,ORD4368,Engine Oil,Engine,Retail,2,36.94,0.0,73.88,Cash
2024-01-08,ORD4369,Spark Plugs,Ignition,Retail,1,13.94,0.0,13.94,Bank transfer
2024-01-09,ORD4370,Battery,Electrical,Retail,1,103.85,6.84,110.69,Bank transfer
2024-01-10,ORD4371,Engine Oil,Engine,Retail,3,59.21,19.65,197.28,Bank transfer
2024-01-11,ORD4372,Battery,Electrical,Retail,1,175.44,0.0,175.44,Credit card
2024-01-12,ORD4373,Brake Pads,Braking system,Wholesale,16,63.57,0.0,1017.12,PayPal
2024-01-12,ORD4374,Shock Absorber,Suspension,Retail,3,110.22,0.0,330.66,Bank transfer
2024-01-13,ORD4375,Radiator,Cooling,Retail,2,87.99,0.0,175.98,PayPal
2024-01-13,ORD4376,Clutch Kit,Transmission,Retail,4,302.75,71.95,1282.95,Bank transfer
2024-01-14,ORD4377,Spark Plugs,Ignition,Retail,2,12.89,0.0,25.78,Bank transfer
2024-01-14,ORD4378,Oil Filter,Engine,Retail,1,11.75,40.22,51.97,Credit card
2024-01-15,ORD4379,Fuel Pump,Fuel System,Wholesale,30,138.44,0.0,4153.2,Credit card
2024-01-16,ORD4380,Alternator,Electrical,Wholesale,32,199.29,0.0,6377.28,PayPal
2024-01-16,ORD4381,Battery,Electrical,Retail,2,113.53,0.0,227.06,Credit card
2024-01-16,ORD4382,Alternator,Electrical,Retail,4,254.78,0.0,1019.12,Bank transfer
2024-01-17,ORD4383,Shock Absorber,Suspension,Wholesale,17,125.09,60.81,2187.34,Bank transfer
2024-01-17,ORD4384,Water Pump,Cooling,Retail,2,53.48,0.0,106.96,Bank transfer
2024-01-18,ORD4385,Fuel Pump,Fuel System,Corporate,13,183.59,0.0,2386.67,Credit card
2024-01-18,ORD4386,Spark Plugs,Ignition,Corporate,16,14.74,65.65,301.49,Bank transfer
2024-01-18,ORD4387,Battery,Electrical,Retail,1,207.9,0.0,207.9,Credit card
2024-01-19,ORD4388,Water Pump,Cooling,Corporate,14,106.47,0.0,1490.58,Cash
2024-01-19,ORD4389,Air Filter,Engine,Retail,2,24.59,51.09,100.27,PayPal
2024-01-19,ORD4390,Clutch Kit,Transmission,Wholesale,28,447.81,60.0,12598.68,PayPal
2024-01-19,ORD4391,Shock Absorber,Suspension,Retail,2,124.11,27.5,275.72,Cash
2024-01-20,ORD4392,Engine Oil,Engine,Retail,2,55.59,0.0,111.18,PayPal
2024-01-20,ORD4393,Oil Filter,Engine,Retail,5,13.92,0.0,69.6,PayPal
2024-01-20,ORD4394,Control Arm,Suspension,Wholesale,35,132.29,63.94,4694.09,Cash
2024-01-20,ORD4395,Brake Pads,Braking system,Wholesale,25,31.83,48.52,844.27,Bank transfer
2024-01-21,ORD4396,Alternator,Electrical,Retail,5,232.46,11.46,1173.76,Cash
2024-01-22,ORD4397,Brake Rotor,Braking system,Retail,2,87.56,0.0,175.12,Credit card
2024-01-22,ORD4398,Fuel Pump,Fuel System,Retail,4,200.28,41.15,842.27,Cash
2024-01-22,ORD4399,Clutch Kit,Transmission,Wholesale,14,446.14,6.73,6252.69,Cash
2024-01-23,ORD4400,Control Arm,Suspension,Retail,3,146.55,0.0,439.65,Cash
2024-01-23,ORD4401,Water Pump,Cooling,Corporate,6,69.48,0.0,416.88,Credit card
2024-01-24,ORD4402,Fuel Pump,Fuel System,Retail,3,178.54,0.0,535.62,Credit card
2024-01-24,ORD4403,Control Arm,Suspension,Wholesale,15,121.66,0.0,1824.9,Credit card
2024-01-24,ORD4404,Oil Filter,Engine,Retail,1,15.51,0.0,15.51,Credit card
2024-01-24,ORD4405,Water Pump,Cooling,Retail,1,46.75,0.0,46.75,PayPal
2024-01-25,ORD4406,Brake Rotor,Braking system,Retail,2,93.67,56.26,243.6,Credit card
2024-01-26,ORD4407,Brake Rotor,Braking system,Retail,1,87.42,44.62,132.04,Credit card
2024-01-27,ORD4408,Clutch Kit,Transmission,Corporate,10,298.33,0.0,2983.3,Credit card
2024-01-27,ORD4409,Engine Oil,Engine,Retail,1,32.8,49.63,82.43,PayPal
2024-01-28,ORD4410,Oil Filter,Engine,Retail,5,17.69,0.0,88.45,Bank transfer
2024-01-28,ORD4411,Radiator,Cooling,Retail,1,144.0,63.09,207.09,PayPal
2024-01-29,ORD4412,Radiator,Cooling,Retail,1,182.93,0.0,182.93,Cash
2024-01-29,ORD4413,Fuel Pump,Fuel System,Retail,3,145.31,0.0,435.93,PayPal
2024-01-30,ORD4414,Clutch Kit,Transmission,Retail,4,347.09,36.13,1424.49,Bank transfer
2024-01-30,ORD4415,Battery,Electrical,Retail,4,229.15,9.13,925.73,PayPal
2024-01-31,ORD4416,Fuel Pump,Fuel System,Retail,4,167.68,0.0,670.72,Credit card
2024-01-31,ORD4417,Spark Plugs,Ignition,Retail,2,7.3,0.0,14.6,Cash
2024-01-31,ORD4418,Water Pump,Cooling,Retail,2,76.12,59.03,211.27,Bank transfer
2024-01-31,ORD4419,Battery,Electrical,Retail,5,226.41,43.67,1175.72,Cash
2024-02-01,ORD4420,Air Filter,Engine,Wholesale,37,25.15,0.0,930.55,Credit card
2024-02-02,ORD4421,Brake Rotor,Braking system,Retail,3,47.32,0.0,141.96,Credit card
2024-02-02,ORD4422,Engine Oil,Engine,Retail,1,51.55,0.0,51.55,Credit card
2024-02-02,ORD4423,Brake Rotor,Braking system,Wholesale,12,57.67,56.68,748.72,Cash
2024-02-02,ORD4424,Spark Plugs,Ignition,Wholesale,39,12.37,0.0,482.43,PayPal
2024-02-03,ORD4425,Control Arm,Suspension,Wholesale,35,105.06,0.0,3677.1,Credit card
2024-02-03,ORD4426,Brake Rotor,Braking system,Retail,2,52.45,0.0,104.9,Credit card
2024-02-03,ORD4427,Brake Pads,Braking system,Wholesale,48,62.81,0.0,3014.88,PayPal
2024-02-03,ORD4428,Air Filter,Engine,Retail,5,26.79,0.0,133.95,Bank transfer
2024-02-04,ORD4429,Clutch Kit,Transmission,Retail,3,377.51,0.0,1132.53,Bank transfer
2024-02-04,ORD4430,Battery,Electrical,Retail,4,110.84,0.0,443.36,Cash
2024-02-05,ORD4431,Fuel Pump,Fuel System,Retail,4,135.2,0.0,540.8,Cash
2024-02-05,ORD4432,Brake Pads,Braking system,Wholesale,49,46.46,0.0,2276.54,Credit card
2024-02-05,ORD4433,Brake Rotor,Braking system,Retail,3,82.17,0.0,246.51,PayPal
2024-02-05,ORD4434,Brake Rotor,Braking system,Retail,5,77.65,0.0,388.25,PayPal
2024-02-06,ORD4435,Control Arm,Suspension,Retail,5,159.85,0.0,799.25,Credit card
2024-02-06,ORD4436,Oil Filter,Engine,Retail,4,13.32,0.0,53.28,Cash
2024-02-06,ORD4437,Brake Pads,Braking system,Retail,3,39.69,9.3,128.37,Cash
2024-02-06,ORD4438,Oil Filter,Engine,Retail,3,17.05,0.0,51.15,Credit card
2024-02-07,ORD4439,Control Arm,Suspension,Wholesale,19,173.06,36.24,3324.38,Bank transfer
2024-02-07,ORD4440,Air Filter,Engine,Retail,3,29.83,0.0,89.49,Cash
2024-02-08,ORD4441,Air Filter,Engine,Retail,4,30.45,0.0,121.8,Bank transfer
2024-02-09,ORD4442,Air Filter,Engine,Retail,3,34.25,10.61,113.36,PayPal
2024-02-09,ORD4443,Alternator,Electrical,Retail,2,171.71,0.0,343.42,PayPal
2024-02-10,ORD4444,Brake Pads,Braking system,Wholesale,27,20.43,67.62,619.23,PayPal
2024-02-11,ORD4445,Battery,Electrical,Retail,2,186.1,0.0,372.2,Cash
2024-02-12,ORD4446,Water Pump,Cooling,Retail,4,69.13,63.71,340.23,Bank transfer
2024-02-12,ORD4447,Brake Rotor,Braking system,Retail,4,52.67,67.96,278.64,Bank transfer
2024-02-13,ORD4448,Engine Oil,Engine,Retail,3,37.74,0.0,113.22,PayPal
2024-02-13,ORD4449,Battery,Electrical,Retail,2,203.41,35.86,442.68,PayPal
2024-02-14,ORD4450,Oil Filter,Engine,Retail,5,17.53,0.0,87.65,PayPal
2024-02-14,ORD4451,Engine Oil,Engine,Corporate,18,59.33,38.71,1106.65,Cash
2024-02-14,ORD4452,Battery,Electrical,Wholesale,43,158.45,0.0,6813.35,Bank transfer
2024-02-14,ORD4453,Control Arm,Suspension,Retail,5,133.35,36.15,702.9,Cash
2024-02-15,ORD4454,Spark Plugs,Ignition,Retail,2,7.37,6.7,21.44,Cash
2024-02-16,ORD4455,Spark Plugs,Ignition,Corporate,16,9.23,63.76,211.44,Bank transfer
2024-02-17,ORD4456,Brake Rotor,Braking system,Retail,5,94.26,0.0,471.3,Credit card
2024-02-17,ORD4457,Brake Pads,Braking system,Wholesale,13,63.7,0.0,828.1,Cash
2024-02-17,ORD4458,Oil Filter,Engine,Corporate,5,24.08,0.0,120.4,Credit card
2024-02-17,ORD4459,Brake Pads,Braking system,Retail,1,32.91,56.71,89.62,Bank transfer
2024-02-18,ORD4460,Clutch Kit,Transmission,Retail,5,302.01,0.0,1510.05,Credit card
2024-02-18,ORD4461,Spark Plugs,Ignition,Wholesale,23,7.61,23.51,198.54,Cash
2024-02-19,ORD4462,Alternator,Electrical,Retail,3,156.07,0.0,468.21,Credit card
2024-02-19,ORD4463,Battery,Electrical,Retail,5,177.35,0.0,886.75,Credit card
2024-02-19,ORD4464,Brake Pads,Braking system,Retail,2,34.47,0.0,68.94,Bank transfer
2024-02-19,ORD4465,Alternator,Electrical,Wholesale,42,159.96,62.2,6780.52,Bank transfer
2024-02-20,ORD4466,Fuel Pump,Fuel System,Corporate,14,94.43,0.0,1322.02,Bank transfer
2024-02-20,ORD4467,Spark Plugs,Ignition,Retail,5,14.73,76.3,149.95,Bank transfer
2024-02-20,ORD4468,Clutch Kit,Transmission,Corporate,6,212.35,25.97,1300.07,PayPal
2024-02-20,ORD4469,Control Arm,Suspension,Retail,5,93.62,54.6,522.7,Bank transfer
2024-02-21,ORD4470,Brake Rotor,Braking system,Retail,3,65.85,0.0,197.55,Cash
2024-02-21,ORD4471,Air Filter,Engine,Wholesale,27,30.61,61.68,888.15,PayPal
2024-02-21,ORD4472,Alternator,Electrical,Retail,2,296.76,0.0,593.52,Bank transfer
2024-02-22,ORD4473,Spark Plugs,Ignition,Retail,2,13.81,0.0,27.62,PayPal
2024-02-22,ORD4474,Engine Oil,Engine,Retail,1,54.2,54.8,109.0,Bank transfer
2024-02-22,ORD4475,Water Pump,Cooling,Retail,5,83.12,0.0,415.6,PayPal
2024-02-22,ORD4476,Water Pump,Cooling,Retail,4,94.68,70.39,449.11,Bank transfer
2024-02-23,ORD4477,Engine Oil,Engine,Corporate,19,46.89,13.75,904.66,Credit card
2024-02-23,ORD4478,Alternator,Electrical,Retail,3,325.78,0.0,977.34,Bank transfer
2024-02-23,ORD4479,Clutch Kit,Transmission,Retail,3,494.02,0.0,1482.06,PayPal
2024-02-24,ORD4480,Brake Pads,Braking system,Corporate,14,74.54,0.0,1043.56,Bank transfer
2024-02-25,ORD4481,Air Filter,Engine,Retail,5,15.82,0.0,79.1,Bank transfer
2024-02-25,ORD4482,Radiator,Cooling,Wholesale,42,175.54,41.42,7414.1,PayPal
2024-02-25,ORD4483,Battery,Electrical,Retail,1,221.44,0.0,221.44,Cash
2024-02-25,ORD4484,Control Arm,Suspension,Retail,2,141.51,0.0,283.02,Credit card
2024-02-26,ORD4485,Brake Rotor,Braking system,Wholesale,39,82.05,0.0,3199.95,PayPal
2024-02-27,ORD4486,Brake Pads,Braking system,Retail,2,23.36,69.56,116.28,PayPal
2024-02-28,ORD4487,Alternator,Electrical,Retail,4,156.14,0.0,624.56,PayPal
2024-02-28,ORD4488,Clutch Kit,Transmission,Retail,1,476.74,0.0,476.74,Cash
2024-02-28,ORD4489,Spark Plugs,Ignition,Corporate,10,10.04,0.0,100.4,PayPal
2024-02-29,ORD4490,Engine Oil,Engine,Retail,5,58.63,67.95,361.1,Cash
2024-02-29,ORD4491,Radiator,Cooling,Retail,3,186.45,0.0,559.35,Bank transfer
2024-02-29,ORD4492,Brake Pads,Braking system,Retail,1,36.39,0.0,36.39,Bank transfer
2024-02-29,ORD4493,Oil Filter,Engine,Retail,2,15.23,0.0,30.46,Bank transfer
2024-03-01,ORD4494,Brake Pads,Braking system,Retail,5,53.51,0.0,267.55,Bank transfer
2024-03-01,ORD4495,Alternator,Electrical,Retail,4,217.81,0.0,871.24,PayPal
2024-03-01,ORD4496,Air Filter,Engine,Wholesale,10,32.58,0.0,325.8,Cash
2024-03-01,ORD4497,Brake Rotor,Braking system,Retail,5,69.41,13.33,360.38,Cash
2024-03-02,ORD4498,Engine Oil,Engine,Retail,4,49.19,0.0,196.76,PayPal
2024-03-02,ORD4499,Battery,Electrical,Wholesale,42,184.64,0.0,7754.88,Cash
2024-03-03,ORD4500,Radiator,Cooling,Retail,3,131.05,0.0,393.15,Cash
2024-03-04,ORD4501,Engine Oil,Engine,Retail,5,36.15,0.0,180.75,Cash
2024-03-04,ORD4502,Brake Pads,Braking system,Corporate,12,43.28,0.0,519.36,PayPal
2024-03-04,ORD4503,Oil Filter,Engine,Retail,3,12.89,0.0,38.67,Cash
2024-03-04,ORD4504,Brake Rotor,Braking system,Wholesale,24,72.94,42.52,1793.08,Cash
2024-03-05,ORD4505,Fuel Pump,Fuel System,Retail,2,212.99,0.0,425.98,Cash
2024-03-05,ORD4506,Clutch Kit,Transmission,Wholesale,46,369.48,77.79,17073.87,Cash
2024-03-06,ORD4507,Alternator,Electrical,Corporate,15,242.72,72.32,3713.12,Credit card
2024-03-06,ORD4508,Radiator,Cooling,Retail,1,97.13,32.74,129.87,PayPal
2024-03-07,ORD4509,Brake Rotor,Braking system,Wholesale,37,53.09,0.0,1964.33,Cash
2024-03-07,ORD4510,Engine Oil,Engine,Retail,1,53.04,0.0,53.04,Cash
2024-03-07,ORD4511,Fuel Pump,Fuel System,Retail,1,101.59,0.0,101.59,PayPal
2024-03-08,ORD4512,Spark Plugs,Ignition,Retail,5,7.25,0.0,36.25,Bank transfer
2024-03-09,ORD4513,Brake Pads,Braking system,Wholesale,22,75.09,52.1,1704.08,Bank transfer
2024-03-09,ORD4514,Brake Rotor,Braking system,Retail,3,52.86,0.0,158.58,Credit card
2024-03-09,ORD4515,Oil Filter,Engine,Retail,3,21.98,0.0,65.94,Bank transfer
2024-03-09,ORD4516,Air Filter,Engine,Wholesale,47,25.36,78.48,1270.4,Credit card
2024-03-10,ORD4517,Radiator,Cooling,Corporate,12,135.55,0.0,1626.6,Bank transfer
2024-03-11,ORD4518,Engine Oil,Engine,Wholesale,25,35.61,0.0,890.25,Cash
2024-03-12,ORD4519,Clutch Kit,Transmission,Retail,5,283.15,0.0,1415.75,PayPal
2024-03-13,ORD4520,Air Filter,Engine,Retail,5,25.19,48.34,174.29,Cash
2024-03-13,ORD4521,Air Filter,Engine,Retail,3,15.66,0.0,46.98,Cash
2024-03-13,ORD4522,Shock Absorber,Suspension,Wholesale,23,95.19,0.0,2189.37,Credit card
2024-03-14,ORD4523,Battery,Electrical,Wholesale,11,230.16,14.44,2546.2,Credit card
2024-03-15,ORD4524,Fuel Pump,Fuel System,Retail,3,179.34,27.07,565.09,PayPal
2024-03-16,ORD4525,Water Pump,Cooling,Wholesale,20,54.28,28.84,1114.44,Bank transfer
2024-03-16,ORD4526,Water Pump,Cooling,Retail,3,44.04,0.0,132.12,Bank transfer
2024-03-16,ORD4527,Brake Pads,Braking system,Retail,2,33.2,0.0,66.4,Cash
2024-03-16,ORD4528,Control Arm,Suspension,Retail,1,95.8,0.0,95.8,Cash
2024-03-17,ORD4529,Water Pump,Cooling,Wholesale,17,94.17,0.0,1600.89,Bank transfer
2024-03-18,ORD4530,Brake Rotor,Braking system,Wholesale,40,98.9,46.37,4002.37,Bank transfer
2024-03-19,ORD4531,Shock Absorber,Suspension,Retail,4,64.06,0.0,256.24,Bank transfer
2024-03-20,ORD4532,Battery,Electrical,Retail,3,126.89,16.99,397.66,Credit card
2024-03-20,ORD4533,Brake Rotor,Braking system,Retail,1,51.91,0.0,51.91,PayPal
2024-03-20,ORD4534,Fuel Pump,Fuel System,Retail,4,167.56,0.0,670.24,PayPal
2024-03-21,ORD4535,Control Arm,Suspension,Wholesale,48,87.73,0.0,4211.04,Bank transfer
2024-03-21,ORD4536,Radiator,Cooling,Wholesale,31,143.01,0.0,4433.31,Cash
2024-03-21,ORD4537,Spark Plugs,Ignition,Retail,3,14.58,8.16,51.9,Bank transfer
2024-03-22,ORD4538,Clutch Kit,Transmission,Retail,3,254.72,0.0,764.16,PayPal
2024-03-23,ORD4539,Battery,Electrical,Wholesale,10,145.92,45.5,1504.7,PayPal
2024-03-24,ORD4540,Brake Pads,Braking system,Retail,5,45.73,38.14,266.79,Credit card
2024-03-25,ORD4541,Engine Oil,Engine,Wholesale,33,45.79,48.66,1559.73,Credit card
2024-03-25,ORD4542,Water Pump,Cooling,Wholesale,20,88.61,0.0,1772.2,Cash
2024-03-25,ORD4543,Battery,Electrical,Retail,2,249.2,0.0,498.4,Credit card
2024-03-26,ORD4544,Brake Pads,Braking system,Retail,2,45.35,37.71,128.41,PayPal
2024-03-27,ORD4545,Air Filter,Engine,Retail,3,15.78,0.0,47.34,Credit card
2024-03-28,ORD4546,Radiator,Cooling,Retail,1,186.94,0.0,186.94,Credit card
2024-03-29,ORD4547,Radiator,Cooling,Wholesale,41,117.32,0.0,4810.12,Cash
2024-03-29,ORD4548,Fuel Pump,Fuel System,Corporate,11,135.8,0.0,1493.8,Credit card
2024-03-29,ORD4549,Shock Absorber,Suspension,Retail,2,108.5,0.0,217.0,Credit card
2024-03-30,ORD4550,Air Filter,Engine,Retail,4,20.05,17.51,97.71,Credit card
2024-03-30,ORD4551,Shock Absorber,Suspension,Retail,1,65.36,73.25,138.61,Cash
2024-03-31,ORD4552,Battery,Electrical,Wholesale,43,130.36,0.0,5605.48,Bank transfer
2024-04-01,ORD4553,Radiator,Cooling,Retail,5,167.29,0.0,836.45,Bank transfer
2024-04-02,ORD4554,Water Pump,Cooling,Retail,5,78.16,76.14,466.94,Cash
2024-04-02,ORD4555,Oil Filter,Engine,Retail,5,23.03,0.0,115.15,Bank transfer
2024-04-02,ORD4556,Fuel Pump,Fuel System,Retail,5,147.38,67.21,804.11,Bank transfer
2024-04-02,ORD4557,Shock Absorber,Suspension,Wholesale,42,97.49,0.0,4094.58,Bank transfer
2024-04-03,ORD4558,Air Filter,Engine,Retail,3,32.69,0.0,98.07,Bank transfer
2024-04-03,ORD4559,Fuel Pump,Fuel System,Retail,4,116.23,0.0,464.92,Bank transfer
2024-04-04,ORD4560,Shock Absorber,Suspension,Retail,3,90.7,0.0,272.1,Credit card
2024-04-04,ORD4561,Spark Plugs,Ignition,Retail,3,9.97,0.0,29.91,PayPal
2024-04-04,ORD4562,Brake Rotor,Braking system,Wholesale,12,73.91,65.7,952.62,Credit card
2024-04-05,ORD4563,Air Filter,Engine,Retail,3,29.72,0.0,89.16,Credit card
2024-04-06,ORD4564,Battery,Electrical,Retail,2,163.39,0.0,326.78,Credit card
2024-04-06,ORD4565,Air Filter,Engine,Corporate,7,26.74,0.0,187.18,PayPal
2024-04-06,ORD4566,Brake Pads,Braking system,Retail,2,70.82,0.0,141.64,Cash
2024-04-07,ORD4567,Clutch Kit,Transmission,Retail,1,440.96,0.0,440.96,Bank transfer
2024-04-07,ORD4568,Brake Pads,Braking system,Retail,1,77.88,72.74,150.62,Cash
2024-04-07,ORD4569,Oil Filter,Engine,Corporate,9,20.06,0.0,180.54,Credit card
2024-04-08,ORD4570,Spark Plugs,Ignition,Retail,5,12.04,38.18,98.38,PayPal
2024-04-08,ORD4571,Engine Oil,Engine,Corporate,15,43.56,0.0,653.4,PayPal
2024-04-08,ORD4572,Fuel Pump,Fuel System,Retail,4,111.49,50.33,496.29,Cash
2024-04-09,ORD4573,Control Arm,Suspension,Retail,5,122.2,0.0,611.0,Bank transfer
2024-04-10,ORD4574,Control Arm,Suspension,Retail,1,107.98,0.0,107.98,Credit card
2024-04-11,ORD4575,Spark Plugs,Ignition,Retail,5,14.98,0.0,74.9,Cash
2024-04-11,ORD4576,Engine Oil,Engine,Retail,1,40.4,45.86,86.26,Cash
2024-04-12,ORD4577,Shock Absorber,Suspension,Retail,4,83.78,0.0,335.12,Cash
2024-04-12,ORD4578,Shock Absorber,Suspension,Retail,2,123.33,0.0,246.66,Cash
2024-04-12,ORD4579,Alternator,Electrical,Retail,1,227.04,0.0,227.04,Bank transfer
2024-04-12,ORD4580,Brake Pads,Braking system,Retail,5,47.98,0.0,239.9,Cash
2024-04-13,ORD4581,Alternator,Electrical,Corporate,16,276.23,0.0,4419.68,Credit card
2024-04-13,ORD4582,Radiator,Cooling,Retail,1,109.0,50.11,159.11,PayPal
2024-04-13,ORD4583,Shock Absorber,Suspension,Retail,5,101.87,12.39,521.74,PayPal
2024-04-13,ORD4584,Air Filter,Engine,Retail,2,32.79,18.21,83.79,PayPal
2024-04-14,ORD4585,Shock Absorber,Suspension,Retail,4,62.0,0.0,248.0,Bank transfer
2024-04-14,ORD4586,Air Filter,Engine,Retail,4,23.99,44.19,140.15,Bank transfer
2024-04-14,ORD4587,Air Filter,Engine,Wholesale,26,18.11,66.94,537.8,Credit card
2024-04-14,ORD4588,Engine Oil,Engine,Retail,5,31.42,0.0,157.1,PayPal
2024-04-15,ORD4589,Battery,Electrical,Retail,2,241.37,0.0,482.74,PayPal
2024-04-15,ORD4590,Spark Plugs,Ignition,Retail,2,7.03,42.82,56.88,PayPal
2024-04-16,ORD4591,Fuel Pump,Fuel System,Retail,4,193.22,55.43,828.31,Cash
2024-04-16,ORD4592,Fuel Pump,Fuel System,Wholesale,38,152.85,0.0,5808.3,Bank transfer
2024-04-17,ORD4593,Control Arm,Suspension,Corporate,10,155.78,62.17,1619.97,Cash
2024-04-17,ORD4594,Water Pump,Cooling,Retail,2,116.46,29.51,262.43,Bank transfer
2024-04-17,ORD4595,Fuel Pump,Fuel System,Retail,2,160.41,57.43,378.25,Credit card
2024-04-17,ORD4596,Brake Rotor,Braking system,Retail,4,92.17,60.77,429.45,PayPal
2024-04-18,ORD4597,Shock Absorber,Suspension,Retail,4,72.77,27.49,318.57,Credit card
2024-04-18,ORD4598,Air Filter,Engine,Retail,1,21.54,0.0,21.54,Bank transfer
2024-04-18,ORD4599,Alternator,Electrical,Retail,3,304.46,0.0,913.38,Cash
2024-04-18,ORD4600,Fuel Pump,Fuel System,Retail,2,97.54,0.0,195.08,PayPal
2024-04-19,ORD4601,Spark Plugs,Ignition,Retail,5,11.42,0.0,57.1,PayPal
2024-04-19,ORD4602,Clutch Kit,Transmission,Retail,4,386.37,0.0,1545.48,Credit card
2024-04-19,ORD4603,Fuel Pump,Fuel System,Wholesale,39,111.34,60.23,4402.49,PayPal
2024-04-19,ORD4604,Radiator,Cooling,Retail,5,136.35,49.94,731.69,Cash
2024-04-20,ORD4605,Clutch Kit,Transmission,Wholesale,30,275.26,17.24,8275.04,Bank transfer
2024-04-20,ORD4606,Clutch Kit,Transmission,Retail,3,391.01,28.62,1201.65,PayPal
2024-04-20,ORD4607,Spark Plugs,Ignition,Retail,1,8.96,0.0,8.96,Bank transfer
2024-04-20,ORD4608,Alternator,Electrical,Retail,2,273.41,0.0,546.82,Cash
2024-04-21,ORD4609,Fuel Pump,Fuel System,Wholesale,28,96.32,19.88,2716.84,PayPal
2024-04-21,ORD4610,Alternator,Electrical,Retail,4,216.16,0.0,864.64,Cash
2024-04-21,ORD4611,Brake Pads,Braking system,Retail,3,77.84,0.0,233.52,Cash
2024-04-22,ORD4612,Water Pump,Cooling,Retail,2,83.23,0.0,166.46,Bank transfer
2024-04-23,ORD4613,Oil Filter,Engine,Retail,3,15.11,59.62,104.95,Cash
2024-04-23,ORD4614,Water Pump,Cooling,Retail,2,91.44,22.74,205.62,Bank transfer
2024-04-23,ORD4615,Control Arm,Suspension,Retail,1,120.98,0.0,120.98,PayPal
2024-04-24,ORD4616,Fuel Pump,Fuel System,Wholesale,48,132.47,0.0,6358.56,Bank transfer
2024-04-25,ORD4617,Shock Absorber,Suspension,Retail,3,110.71,0.0,332.13,Bank transfer
2024-04-25,ORD4618,Brake Rotor,Braking system,Wholesale,25,92.71,64.57,2382.32,Credit card
2024-04-25,ORD4619,Spark Plugs,Ignition,Wholesale,15,7.47,28.95,141.0,Cash
2024-04-26,ORD4620,Battery,Electrical,Retail,2,213.34,0.0,426.68,Credit card
2024-04-26,ORD4621,Control Arm,Suspension,Retail,4,140.17,0.0,560.68,Cash
2024-04-26,ORD4622,Alternator,Electrical,Wholesale,48,319.89,0.0,15354.72,Bank transfer
2024-04-26,ORD4623,Brake Rotor,Braking system,Retail,1,42.54,0.0,42.54,Bank transfer
2024-04-27,ORD4624,Spark Plugs,Ignition,Wholesale,48,5.31,0.0,254.88,Bank transfer
2024-04-28,ORD4625,Control Arm,Suspension,Retail,4,135.39,33.26,574.82,PayPal
2024-04-28,ORD4626,Air Filter,Engine,Retail,1,25.88,0.0,25.88,PayPal
2024-04-29,ORD4627,Battery,Electrical,Retail,1,130.53,0.0,130.53,Credit card
2024-04-29,ORD4628,Spark Plugs,Ignition,Retail,4,9.96,22.03,61.87,Bank transfer
2024-04-29,ORD4629,Control Arm,Suspension,Wholesale,41,162.42,0.0,6659.22,Credit card
2024-04-30,ORD4630,Engine Oil,Engine,Wholesale,18,53.18,0.0,957.24,PayPal
2024-04-30,ORD4631,Engine Oil,Engine,Retail,3,47.79,0.0,143.37,Credit card
2024-05-01,ORD4632,Brake Rotor,Braking system,Retail,2,42.31,0.0,84.62,PayPal
2024-05-02,ORD4633,Air Filter,Engine,Wholesale,32,32.31,49.63,1083.55,Credit card
2024-05-03,ORD4634,Engine Oil,Engine,Retail,4,33.76,0.0,135.04,Credit card
2024-05-03,ORD4635,Control Arm,Suspension,Retail,3,114.17,0.0,342.51,Credit card
2024-05-03,ORD4636,Fuel Pump,Fuel System,Corporate,17,207.71,44.17,3575.24,Credit card
2024-05-04,ORD4637,Battery,Electrical,Retail,5,143.72,6.46,725.06,Cash
2024-05-05,ORD4638,Brake Pads,Braking system,Retail,2,46.55,11.37,104.47,Bank transfer
2024-05-05,ORD4639,Spark Plugs,Ignition,Retail,5,9.33,33.42,80.07,Credit card
2024-05-06,ORD4640,Control Arm,Suspension,Retail,2,122.17,75.44,319.78,PayPal
2024-05-06,ORD4641,Radiator,Cooling,Retail,1,94.29,16.52,110.81,Cash
2024-05-06,ORD4642,Radiator,Cooling,Retail,1,175.68,0.0,175.68,Bank transfer
2024-05-06,ORD4643,Spark Plugs,Ignition,Retail,3,6.26,0.0,18.78,PayPal
2024-05-07,ORD4644,Spark Plugs,Ignition,Wholesale,45,12.8,0.0,576.0,PayPal
2024-05-08,ORD4645,Radiator,Cooling,Retail,5,124.67,0.0,623.35,Cash
2024-05-08,ORD4646,Oil Filter,Engine,Wholesale,32,23.08,0.0,738.56,Credit card
2024-05-08,ORD4647,Brake Pads,Braking system,Retail,3,30.44,0.0,91.32,Credit card
2024-05-09,ORD4648,Engine Oil,Engine,Retail,5,38.94,0.0,194.7,PayPal
2024-05-09,ORD4649,Shock Absorber,Suspension,Wholesale,39,109.06,0.0,4253.34,Credit card
2024-05-09,ORD4650,Radiator,Cooling,Corporate,14,180.86,39.31,2571.35,Credit card
2024-05-09,ORD4651,Oil Filter,Engine,Wholesale,26,15.21,0.0,395.46,PayPal
2024-05-10,ORD4652,Brake Rotor,Braking system,Retail,4,96.26,0.0,385.04,Bank transfer
2024-05-10,ORD4653,Spark Plugs,Ignition,Retail,3,11.76,18.12,53.4,Bank transfer
2024-05-10,ORD4654,Fuel Pump,Fuel System,Retail,2,199.03,62.19,460.25,Cash
2024-05-11,ORD4655,Oil Filter,Engine,Retail,5,13.12,20.66,86.26,Cash
2024-05-11,ORD4656,Alternator,Electrical,Retail,3,286.21,0.0,858.63,Credit card
2024-05-11,ORD4657,Clutch Kit,Transmission,Wholesale,45,434.94,61.55,19633.85,PayPal
2024-05-12,ORD4658,Air Filter,Engine,Retail,4,32.41,0.0,129.64,Bank transfer
2024-05-13,ORD4659,Water Pump,Cooling,Retail,2,94.83,0.0,189.66,Credit card
2024-05-13,ORD4660,Air Filter,Engine,Retail,4,31.61,0.0,126.44,Cash
2024-05-13,ORD4661,Water Pump,Cooling,Retail,2,41.88,12.88,96.64,PayPal
2024-05-13,ORD4662,Air Filter,Engine,Retail,5,19.9,0.0,99.5,Bank transfer
2024-05-14,ORD4663,Shock Absorber,Suspension,Wholesale,28,114.93,0.0,3218.04,Bank transfer
2024-05-15,ORD4664,Air Filter,Engine,Wholesale,35,29.08,0.0,1017.8,Cash
2024-05-15,ORD4665,Control Arm,Suspension,Retail,2,73.46,0.0,146.92,Bank transfer
2024-05-15,ORD4666,Engine Oil,Engine,Retail,4,54.05,13.41,229.61,Credit card
2024-05-15,ORD4667,Spark Plugs,Ignition,Retail,5,7.34,0.0,36.7,Cash
2024-05-16,ORD4668,Water Pump,Cooling,Retail,3,113.52,0.0,340.56,Credit card
2024-05-16,ORD4669,Engine Oil,Engine,Retail,2,38.37,0.0,76.74,Cash
2024-05-17,ORD4670,Shock Absorber,Suspension,Corporate,12,127.51,0.0,1530.12,Bank transfer
2024-05-17,ORD4671,Brake Rotor,Braking system,Retail,2,72.42,51.46,196.3,Cash
2024-05-17,ORD4672,Oil Filter,Engine,Retail,3,17.85,24.56,78.11,Bank transfer
2024-05-17,ORD4673,Water Pump,Cooling,Retail,5,59.33,0.0,296.65,PayPal
2024-05-18,ORD4674,Brake Pads,Braking system,Wholesale,14,22.3,67.48,379.68,Cash
2024-05-18,ORD4675,Fuel Pump,Fuel System,Retail,2,91.67,0.0,183.34,Bank transfer
2024-05-18,ORD4676,Battery,Electrical,Retail,5,183.11,0.0,915.55,PayPal
2024-05-19,ORD4677,Shock Absorber,Suspension,Wholesale,12,125.96,14.86,1526.38,Cash
2024-05-20,ORD4678,Shock Absorber,Suspension,Retail,1,109.66,27.63,137.29,PayPal
2024-05-20,ORD4679,Brake Pads,Braking system,Wholesale,31,26.27,0.0,814.37,Cash
2024-05-21,ORD4680,Engine Oil,Engine,Wholesale,23,39.84,0.0,916.32,Bank transfer
2024-05-21,ORD4681,Alternator,Electrical,Retail,4,315.76,5.27,1268.31,Bank transfer
2024-05-22,ORD4682,Battery,Electrical,Wholesale,19,102.8,0.0,1953.2,Credit card
2024-05-22,ORD4683,Brake Rotor,Braking system,Retail,2,52.55,0.0,105.1,Credit card
2024-05-23,ORD4684,Brake Rotor,Braking system,Retail,2,41.58,0.0,83.16,PayPal
2024-05-23,ORD4685,Air Filter,Engine,Retail,1,28.87,9.33,38.2,Cash
2024-05-24,ORD4686,Spark Plugs,Ignition,Retail,4,12.88,0.0,51.52,Cash
2024-05-24,ORD4687,Engine Oil,Engine,Retail,5,31.21,53.79,209.84,Bank transfer
2024-05-25,ORD4688,Engine Oil,Engine,Retail,3,59.43,59.6,237.89,Credit card
2024-05-25,ORD4689,Brake Pads,Braking system,Retail,5,21.54,7.74,115.44,PayPal
2024-05-26,ORD4690,Water Pump,Cooling,Retail,2,76.92,12.42,166.26,PayPal
2024-05-26,ORD4691,Radiator,Cooling,Retail,5,190.05,0.0,950.25,Cash
2024-05-26,ORD4692,Water Pump,Cooling,Retail,2,105.68,0.0,211.36,Cash
2024-05-27,ORD4693,Oil Filter,Engine,Retail,2,13.23,0.0,26.46,PayPal
2024-05-27,ORD4694,Brake Rotor,Braking system,Retail,3,49.15,0.0,147.45,Credit card
2024-05-27,ORD4695,Clutch Kit,Transmission,Retail,2,225.65,0.0,451.3,Bank transfer
2024-05-28,ORD4696,Alternator,Electrical,Retail,3,159.23,0.0,477.69,PayPal
2024-05-29,ORD4697,Clutch Kit,Transmission,Wholesale,33,466.22,0.0,15385.26,PayPal
2024-05-29,ORD4698,Air Filter,Engine,Retail,5,29.79,70.51,219.46,Bank transfer
2024-05-29,ORD4699,Water Pump,Cooling,Retail,4,41.42,0.0,165.68,Cash
2024-05-29,ORD4700,Battery,Electrical,Wholesale,36,192.67,0.0,6936.12,Cash
2024-05-30,ORD4701,Brake Pads,Braking system,Corporate,13,33.13,47.45,478.14,PayPal
2024-05-30,ORD4702,Engine Oil,Engine,Wholesale,29,53.33,0.0,1546.57,Cash
2024-05-30,ORD4703,Fuel Pump,Fuel System,Retail,2,161.4,0.0,322.8,Bank transfer
2024-05-31,ORD4704,Oil Filter,Engine,Retail,1,21.65,0.0,21.65,Cash
2024-05-31,ORD4705,Brake Rotor,Braking system,Retail,5,92.58,0.0,462.9,Bank transfer
2024-06-01,ORD4706,Brake Pads,Braking system,Wholesale,21,53.67,0.0,1127.07,Bank transfer
2024-06-01,ORD4707,Brake Rotor,Braking system,Retail,1,57.37,0.0,57.37,Credit card
2024-06-02,ORD4708,Radiator,Cooling,Retail,5,141.35,0.0,706.75,Cash
2024-06-02,ORD4709,Air Filter,Engine,Retail,5,22.14,64.5,175.2,PayPal
2024-06-03,ORD4710,Clutch Kit,Transmission,Retail,2,335.53,48.16,719.22,Credit card
2024-06-03,ORD4711,Radiator,Cooling,Retail,3,82.33,37.47,284.46,Credit card
2024-06-03,ORD4712,Water Pump,Cooling,Retail,1,87.57,56.46,144.03,Credit card
2024-06-04,ORD4713,Oil Filter,Engine,Retail,5,13.42,20.67,87.77,Cash
2024-06-05,ORD4714,Brake Rotor,Braking system,Retail,3,61.51,0.0,184.53,Bank transfer
2024-06-05,ORD4715,Battery,Electrical,Retail,1,118.07,55.84,173.91,Cash
2024-06-06,ORD4716,Radiator,Cooling,Retail,1,117.11,0.0,117.11,PayPal
2024-06-06,ORD4717,Control Arm,Suspension,Retail,3,131.34,6.44,400.46,Credit card
2024-06-06,ORD4718,Brake Rotor,Braking system,Retail,3,97.31,0.0,291.93,Credit card
2024-06-06,ORD4719,Oil Filter,Engine,Retail,2,22.6,10.59,55.79,Bank transfer
2024-06-07,ORD4720,Water Pump,Cooling,Corporate,13,92.24,21.78,1220.9,Bank transfer
2024-06-07,ORD4721,Spark Plugs,Ignition,Retail,2,10.78,21.49,43.05,Bank transfer
2024-06-08,ORD4722,Fuel Pump,Fuel System,Retail,5,147.6,51.43,789.43,Credit card
2024-06-08,ORD4723,Engine Oil,Engine,Retail,4,47.7,20.78,211.58,Credit card
2024-06-08,ORD4724,Alternator,Electrical,Retail,1,227.42,64.3,291.72,PayPal
2024-06-09,ORD4725,Control Arm,Suspension,Retail,2,82.47,0.0,164.94,Bank transfer
2024-06-09,ORD4726,Engine Oil,Engine,Retail,5,49.35,49.09,295.84,Bank transfer
2024-06-09,ORD4727,Radiator,Cooling,Wholesale,25,174.33,0.0,4358.25,Bank transfer
2024-06-09,ORD4728,Air Filter,Engine,Retail,4,31.39,0.0,125.56,Credit card
2024-06-10,ORD4729,Spark Plugs,Ignition,Wholesale,36,11.13,0.0,400.68,Bank transfer
2024-06-10,ORD4730,Engine Oil,Engine,Wholesale,49,47.73,12.59,2351.36,Credit card
2024-06-11,ORD4731,Shock Absorber,Suspension,Corporate,14,110.24,0.0,1543.36,Cash
2024-06-11,ORD4732,Air Filter,Engine,Retail,4,22.61,75.91,166.35,Bank transfer
2024-06-12,ORD4733,Air Filter,Engine,Retail,2,24.38,35.74,84.5,Credit card
2024-06-13,ORD4734,Shock Absorber,Suspension,Retail,3,103.71,0.0,311.13,Credit card
2024-06-13,ORD4735,Control Arm,Suspension,Retail,2,169.65,0.0,339.3,Bank transfer
2024-06-13,ORD4736,Brake Rotor,Braking system,Retail,5,47.0,0.0,235.0,PayPal
2024-06-14,ORD4737,Engine Oil,Engine,Retail,2,58.83,0.0,117.66,Credit card
2024-06-14,ORD4738,Battery,Electrical,Corporate,11,143.19,71.77,1646.86,Bank transfer
2024-06-15,ORD4739,Water Pump,Cooling,Retail,3,45.19,25.09,160.66,PayPal
2024-06-16,ORD4740,Brake Rotor,Braking system,Retail,1,92.87,0.0,92.87,Bank transfer
2024-06-16,ORD4741,Water Pump,Cooling,Retail,2,72.58,0.0,145.16,PayPal
2024-06-17,ORD4742,Engine Oil,Engine,Retail,1,58.43,0.0,58.43,Bank transfer
2024-06-17,ORD4743,Fuel Pump,Fuel System,Retail,2,186.7,77.89,451.29,Cash
2024-06-17,ORD4744,Oil Filter,Engine,Retail,1,20.56,0.0,20.56,PayPal
2024-06-18,ORD4745,Battery,Electrical,Retail,5,120.92,5.06,609.66,PayPal
2024-06-18,ORD4746,Brake Rotor,Braking system,Wholesale,17,88.64,46.91,1553.79,PayPal
2024-06-19,ORD4747,Spark Plugs,Ignition,Retail,3,14.83,0.0,44.49,PayPal
2024-06-20,ORD4748,Spark Plugs,Ignition,Wholesale,49,6.09,21.08,319.49,Bank transfer
2024-06-20,ORD4749,Battery,Electrical,Corporate,11,170.38,58.64,1932.82,Cash
2024-06-20,ORD4750,Control Arm,Suspension,Corporate,10,126.7,70.57,1337.57,Credit card
2024-06-21,ORD4751,Clutch Kit,Transmission,Wholesale,42,293.63,0.0,12332.46,Credit card
2024-06-21,ORD4752,Battery,Electrical,Retail,5,204.93,9.79,1034.44,PayPal
2024-06-22,ORD4753,Oil Filter,Engine,Retail,1,21.96,0.0,21.96,Cash
2024-06-22,ORD4754,Fuel Pump,Fuel System,Wholesale,44,186.92,0.0,8224.48,Cash
2024-06-22,ORD4755,Alternator,Electrical,Retail,2,224.23,47.72,496.18,Credit card
2024-06-23,ORD4756,Spark Plugs,Ignition,Wholesale,29,12.37,52.14,410.87,PayPal
2024-06-24,ORD4757,Spark Plugs,Ignition,Retail,2,10.53,8.99,30.05,PayPal
2024-06-24,ORD4758,Water Pump,Cooling,Retail,5,71.34,23.36,380.06,PayPal
2024-06-24,ORD4759,Brake Rotor,Braking system,Corporate,9,52.82,0.0,475.38,Credit card
2024-06-25,ORD4760,Fuel Pump,Fuel System,Retail,5,165.94,12.47,842.17,PayPal
2024-06-25,ORD4761,Brake Rotor,Braking system,Wholesale,11,95.21,40.79,1088.1,Cash
2024-06-25,ORD4762,Brake Pads,Braking system,Retail,3,27.56,75.53,158.21,Bank transfer
2024-06-26,ORD4763,Air Filter,Engine,Wholesale,23,31.12,0.0,715.76,PayPal
2024-06-27,ORD4764,Air Filter,Engine,Wholesale,32,32.21,0.0,1030.72,PayPal
2024-06-27,ORD4765,Air Filter,Engine,Corporate,9,28.8,0.0,259.2,Bank transfer
2024-06-27,ORD4766,Air Filter,Engine,Wholesale,32,15.35,56.41,547.61,Credit card
2024-06-27,ORD4767,Oil Filter,Engine,Retail,3,10.73,0.0,32.19,Credit card
2024-06-28,ORD4768,Battery,Electrical,Retail,3,144.15,23.69,456.14,Bank transfer
2024-06-29,ORD4769,Alternator,Electrical,Retail,1,229.3,53.61,282.91,Cash
2024-06-29,ORD4770,Spark Plugs,Ignition,Retail,5,12.92,21.61,86.21,PayPal
2024-06-29,ORD4771,Engine Oil,Engine,Corporate,10,31.26,0.0,312.6,Bank transfer
2024-06-29,ORD4772,Clutch Kit,Transmission,Retail,2,200.74,58.33,459.81,Bank transfer
2024-06-30,ORD4773,Fuel Pump,Fuel System,Retail,2,120.52,0.0,241.04,Credit card
2024-06-30,ORD4774,Alternator,Electrical,Retail,5,259.08,43.33,1338.73,Credit card
2024-07-01,ORD4775,Battery,Electrical,Retail,4,130.72,0.0,522.88,PayPal
2024-07-01,ORD4776,Brake Pads,Braking system,Wholesale,30,35.26,26.38,1084.18,PayPal
2024-07-01,ORD4777,Brake Pads,Braking system,Corporate,15,68.08,0.0,1021.2,Credit card
2024-07-02,ORD4778,Oil Filter,Engine,Retail,2,23.09,0.0,46.18,Cash
2024-07-02,ORD4779,Brake Pads,Braking system,Retail,3,79.95,0.0,239.85,Cash
2024-07-03,ORD4780,Shock Absorber,Suspension,Retail,1,129.91,14.05,143.96,PayPal
2024-07-04,ORD4781,Air Filter,Engine,Retail,2,32.17,38.08,102.42,Credit card
2024-07-04,ORD4782,Engine Oil,Engine,Retail,3,53.22,37.06,196.72,Bank transfer
2024-07-04,ORD4783,Control Arm,Suspension,Wholesale,27,127.64,48.79,3495.07,PayPal
2024-07-04,ORD4784,Radiator,Cooling,Retail,4,125.92,48.36,552.04,Bank transfer
2024-07-05,ORD4785,Air Filter,Engine,Wholesale,43,31.55,0.0,1356.65,Credit card
2024-07-05,ORD4786,Oil Filter,Engine,Wholesale,45,20.53,0.0,923.85,PayPal
2024-07-05,ORD4787,Fuel Pump,Fuel System,Retail,1,128.16,66.26,194.42,PayPal
2024-07-06,ORD4788,Water Pump,Cooling,Retail,5,112.25,37.55,598.8,Bank transfer
2024-07-06,ORD4789,Brake Pads,Braking system,Retail,5,69.43,11.13,358.28,PayPal
2024-07-07,ORD4790,Shock Absorber,Suspension,Wholesale,23,120.45,0.0,2770.35,Bank transfer
2024-07-07,ORD4791,Brake Pads,Braking system,Retail,5,57.93,0.0,289.65,Credit card
2024-07-07,ORD4792,Brake Pads,Braking system,Retail,5,33.59,0.0,167.95,PayPal
2024-07-07,ORD4793,Shock Absorber,Suspension,Corporate,9,125.8,0.0,1132.2,PayPal
2024-07-08,ORD4794,Water Pump,Cooling,Wholesale,24,49.15,67.47,1247.07,Bank transfer
2024-07-08,ORD4795,Alternator,Electrical,Corporate,18,294.01,8.83,5301.01,PayPal
2024-07-08,ORD4796,Fuel Pump,Fuel System,Corporate,8,131.81,67.8,1122.28,Credit card
2024-07-09,ORD4797,Shock Absorber,Suspension,Retail,3,106.14,0.0,318.42,PayPal
2024-07-09,ORD4798,Oil Filter,Engine,Retail,3,18.89,0.0,56.67,PayPal
2024-07-09,ORD4799,Radiator,Cooling,Retail,2,144.63,0.0,289.26,PayPal
2024-07-10,ORD4800,Battery,Electrical,Retail,1,203.87,0.0,203.87,PayPal
2024-07-11,ORD4801,Brake Rotor,Braking system,Retail,3,91.58,0.0,274.74,Bank transfer
2024-07-11,ORD4802,Brake Rotor,Braking system,Retail,4,55.23,0.0,220.92,Cash
2024-07-11,ORD4803,Air Filter,Engine,Retail,2,16.89,0.0,33.78,Bank transfer
2024-07-11,ORD4804,Clutch Kit,Transmission,Retail,2,263.72,46.44,573.88,Credit card
2024-07-12,ORD4805,Brake Pads,Braking system,Retail,4,78.09,0.0,312.36,Credit card
2024-07-13,ORD4806,Shock Absorber,Suspension,Retail,2,104.31,0.0,208.62,Bank transfer
2024-07-13,ORD4807,Shock Absorber,Suspension,Retail,4,70.11,14.07,294.51,Cash
2024-07-13,ORD4808,Air Filter,Engine,Wholesale,35,21.98,27.39,796.69,PayPal
2024-07-14,ORD4809,Water Pump,Cooling,Retail,3,43.8,0.0,131.4,Bank transfer
2024-07-14,ORD4810,Brake Rotor,Braking system,Retail,2,87.79,0.0,175.58,Bank transfer
2024-07-15,ORD4811,Air Filter,Engine,Retail,4,24.52,20.45,118.53,PayPal
2024-07-15,ORD4812,Spark Plugs,Ignition,Retail,2,6.26,0.0,12.52,Cash
2024-07-16,ORD4813,Clutch Kit,Transmission,Wholesale,12,427.63,0.0,5131.56,Credit card
2024-07-16,ORD4814,Shock Absorber,Suspension,Wholesale,23,107.13,0.0,2463.99,Cash
2024-07-16,ORD4815,Fuel Pump,Fuel System,Retail,2,200.96,0.0,401.92,Bank transfer
2024-07-16,ORD4816,Shock Absorber,Suspension,Retail,3,109.04,39.73,366.85,Cash
2024-07-17,ORD4817,Spark Plugs,Ignition,Retail,1,14.92,17.25,32.17,PayPal
2024-07-17,ORD4818,Air Filter,Engine,Retail,4,16.39,36.3,101.86,Cash
2024-07-17,ORD4819,Brake Pads,Braking system,Retail,3,24.19,0.0,72.57,Cash
2024-07-18,ORD4820,Battery,Electrical,Retail,1,159.31,0.0,159.31,PayPal
2024-07-19,ORD4821,Spark Plugs,Ignition,Retail,4,14.38,18.22,75.74,Bank transfer
2024-07-20,ORD4822,Fuel Pump,Fuel System,Corporate,9,156.07,31.21,1435.84,PayPal
2024-07-20,ORD4823,Brake Rotor,Braking system,Retail,4,86.3,0.0,345.2,Credit card
2024-07-21,ORD4824,Radiator,Cooling,Retail,1,198.21,72.52,270.73,Cash
2024-07-21,ORD4825,Water Pump,Cooling,Wholesale,38,55.6,79.38,2192.18,Cash
2024-07-22,ORD4826,Water Pump,Cooling,Corporate,19,88.89,0.0,1688.91,Bank transfer
2024-07-22,ORD4827,Brake Pads,Braking system,Retail,4,61.55,0.0,246.2,PayPal
2024-07-23,ORD4828,Fuel Pump,Fuel System,Retail,1,206.5,63.75,270.25,Cash
2024-07-23,ORD4829,Brake Rotor,Braking system,Retail,1,93.57,0.0,93.57,PayPal
2024-07-23,ORD4830,Clutch Kit,Transmission,Retail,1,317.71,0.0,317.71,Credit card
2024-07-24,ORD4831,Engine Oil,Engine,Wholesale,39,49.48,7.06,1936.78,Credit card
2024-07-25,ORD4832,Oil Filter,Engine,Retail,1,23.14,0.0,23.14,Bank transfer
2024-07-25,ORD4833,Control Arm,Suspension,Retail,5,76.28,0.0,381.4,PayPal
2024-07-26,ORD4834,Shock Absorber,Suspension,Retail,5,144.2,0.0,721.0,Cash
2024-07-26,ORD4835,Fuel Pump,Fuel System,Wholesale,35,124.29,0.0,4350.15,Credit card
2024-07-26,ORD4836,Air Filter,Engine,Wholesale,29,29.52,0.0,856.08,Cash
2024-07-26,ORD4837,Radiator,Cooling,Wholesale,23,128.91,0.0,2964.93,Bank transfer
2024-07-27,ORD4838,Brake Pads,Braking system,Retail,1,70.12,0.0,70.12,PayPal
2024-07-27,ORD4839,Spark Plugs,Ignition,Retail,2,5.76,0.0,11.52,PayPal
2024-07-27,ORD4840,Water Pump,Cooling,Wholesale,38,93.89,0.0,3567.82,Cash
2024-07-28,ORD4841,Oil Filter,Engine,Corporate,7,13.4,0.0,93.8,Bank transfer
2024-07-29,ORD4842,Spark Plugs,Ignition,Retail,1,11.95,79.03,90.98,Credit card
2024-07-30,ORD4843,Battery,Electrical,Retail,1,245.54,53.96,299.5,Credit card
2024-07-30,ORD4844,Radiator,Cooling,Wholesale,30,132.25,0.0,3967.5,Cash
2024-07-30,ORD4845,Oil Filter,Engine,Retail,1,24.82,62.91,87.73,Cash
2024-07-30,ORD4846,Alternator,Electrical,Retail,5,183.77,0.0,918.85,PayPal
2024-07-31,ORD4847,Oil Filter,Engine,Retail,5,20.53,0.0,102.65,Bank transfer
2024-07-31,ORD4848,Brake Pads,Braking system,Corporate,14,79.83,0.0,1117.62,Credit card
2024-08-01,ORD4849,Oil Filter,Engine,Corporate,12,16.1,78.94,272.14,PayPal
2024-08-01,ORD4850,Spark Plugs,Ignition,Retail,2,14.26,0.0,28.52,Credit card
2024-08-01,ORD4851,Clutch Kit,Transmission,Corporate,11,462.01,0.0,5082.11,Credit card
2024-08-02,ORD4852,Shock Absorber,Suspension,Wholesale,24,128.96,54.78,3149.82,Bank transfer
2024-08-02,ORD4853,Air Filter,Engine,Wholesale,21,17.19,70.61,431.6,Bank transfer
2024-08-03,ORD4854,Radiator,Cooling,Retail,5,197.39,70.95,1057.9,Cash
2024-08-03,ORD4855,Oil Filter,Engine,Retail,3,22.22,34.16,100.82,Bank transfer
2024-08-04,ORD4856,Shock Absorber,Suspension,Retail,3,60.34,0.0,181.02,Cash
2024-08-04,ORD4857,Brake Rotor,Braking system,Retail,1,89.92,0.0,89.92,PayPal
2024-08-04,ORD4858,Fuel Pump,Fuel System,Wholesale,18,197.48,0.0,3554.64,Credit card
2024-08-04,ORD4859,Battery,Electrical,Wholesale,12,147.54,74.78,1845.26,Credit card
2024-08-05,ORD4860,Brake Rotor,Braking system,Wholesale,31,57.87,69.08,1863.05,Cash
2024-08-05,ORD4861,Shock Absorber,Suspension,Corporate,15,124.98,0.0,1874.7,Bank transfer
2024-08-06,ORD4862,Control Arm,Suspension,Wholesale,30,103.72,20.69,3132.29,Credit card
2024-08-06,ORD4863,Water Pump,Cooling,Retail,2,77.1,68.99,223.19,PayPal
2024-08-06,ORD4864,Engine Oil,Engine,Retail,2,33.84,0.0,67.68,Cash
2024-08-06,ORD4865,Air Filter,Engine,Retail,5,32.88,0.0,164.4,Bank transfer
2024-08-07,ORD4866,Brake Pads,Braking system,Retail,1,59.07,0.0,59.07,Credit card
2024-08-07,ORD4867,Battery,Electrical,Wholesale,18,148.38,6.64,2677.48,PayPal
2024-08-07,ORD4868,Alternator,Electrical,Retail,3,210.83,40.61,673.1,Bank transfer
2024-08-07,ORD4869,Spark Plugs,Ignition,Retail,3,14.68,55.51,99.55,Credit card
2024-08-08,ORD4870,Brake Pads,Braking system,Retail,4,22.41,76.16,165.8,Bank transfer
2024-08-08,ORD4871,Oil Filter,Engine,Wholesale,28,17.51,15.49,505.77,PayPal
2024-08-08,ORD4872,Spark Plugs,Ignition,Retail,3,10.98,12.91,45.85,Credit card
2024-08-09,ORD4873,Shock Absorber,Suspension,Wholesale,42,143.2,0.0,6014.4,Credit card
2024-08-09,ORD4874,Air Filter,Engine,Retail,5,23.65,0.0,118.25,Credit card
2024-08-09,ORD4875,Battery,Electrical,Wholesale,26,155.81,0.0,4051.06,Bank transfer
2024-08-09,ORD4876,Brake Rotor,Braking system,Wholesale,10,98.18,0.0,981.8,Bank transfer
2024-08-10,ORD4877,Air Filter,Engine,Corporate,9,18.21,0.0,163.89,PayPal
2024-08-11,ORD4878,Brake Rotor,Braking system,Retail,1,96.47,0.0,96.47,Credit card
2024-08-11,ORD4879,Engine Oil,Engine,Retail,3,35.28,0.0,105.84,Credit card
2024-08-11,ORD4880,Radiator,Cooling,Wholesale,35,128.89,0.0,4511.15,Bank transfer
2024-08-11,ORD4881,Alternator,Electrical,Wholesale,30,158.38,0.0,4751.4,Bank transfer
2024-08-12,ORD4882,Engine Oil,Engine,Wholesale,12,53.11,0.0,637.32,PayPal
2024-08-13,ORD4883,Brake Rotor,Braking system,Retail,4,59.88,17.01,256.53,Bank transfer
2024-08-14,ORD4884,Control Arm,Suspension,Wholesale,40,96.88,0.0,3875.2,PayPal
2024-08-14,ORD4885,Water Pump,Cooling,Retail,4,78.19,0.0,312.76,Bank transfer
2024-08-15,ORD4886,Oil Filter,Engine,Retail,4,14.85,74.77,134.17,PayPal
2024-08-15,ORD4887,Control Arm,Suspension,Corporate,16,172.39,31.15,2789.39,Cash
2024-08-16,ORD4888,Alternator,Electrical,Retail,2,315.32,0.0,630.64,Bank transfer
2024-08-16,ORD4889,Clutch Kit,Transmission,Retail,1,331.15,39.3,370.45,Credit card
2024-08-17,ORD4890,Brake Rotor,Braking system,Retail,5,95.16,0.0,475.8,PayPal
2024-08-17,ORD4891,Air Filter,Engine,Retail,2,24.28,0.0,48.56,PayPal
2024-08-17,ORD4892,Brake Pads,Braking system,Wholesale,36,62.56,0.0,2252.16,PayPal
2024-08-18,ORD4893,Spark Plugs,Ignition,Wholesale,12,10.26,0.0,123.12,Credit card
2024-08-18,ORD4894,Battery,Electrical,Wholesale,17,125.67,66.2,2202.59,Cash
2024-08-19,ORD4895,Brake Rotor,Braking system,Wholesale,35,56.22,0.0,1967.7,PayPal
2024-08-19,ORD4896,Spark Plugs,Ignition,Retail,4,12.4,0.0,49.6,PayPal
2024-08-19,ORD4897,Control Arm,Suspension,Corporate,9,115.4,0.0,1038.6,Bank transfer
2024-08-19,ORD4898,Oil Filter,Engine,Retail,2,20.33,0.0,40.66,Bank transfer
2024-08-20,ORD4899,Radiator,Cooling,Retail,2,187.89,66.41,442.19,Cash
2024-08-20,ORD4900,Brake Pads,Braking system,Retail,3,38.17,0.0,114.51,Credit card
2024-08-21,ORD4901,Brake Rotor,Braking system,Retail,3,66.05,77.74,275.89,PayPal
2024-08-22,ORD4902,Engine Oil,Engine,Wholesale,24,40.89,33.36,1014.72,PayPal
2024-08-23,ORD4903,Air Filter,Engine,Retail,4,24.38,0.0,97.52,Credit card
2024-08-23,ORD4904,Clutch Kit,Transmission,Retail,1,371.64,0.0,371.64,Cash
2024-08-23,ORD4905,Battery,Electrical,Retail,2,225.91,0.0,451.82,PayPal
2024-08-24,ORD4906,Brake Pads,Braking system,Retail,4,48.27,0.0,193.08,Bank transfer
2024-08-24,ORD4907,Spark Plugs,Ignition,Corporate,6,8.31,78.73,128.59,Bank transfer
2024-08-25,ORD4908,Fuel Pump,Fuel System,Wholesale,30,174.51,59.9,5295.2,Cash
2024-08-25,ORD4909,Shock Absorber,Suspension,Retail,2,79.89,27.73,187.51,Cash
2024-08-26,ORD4910,Brake Pads,Braking system,Retail,4,74.21,76.17,373.01,PayPal
2024-08-26,ORD4911,Engine Oil,Engine,Retail,1,47.16,55.3,102.46,Bank transfer
2024-08-26,ORD4912,Water Pump,Cooling,Retail,2,58.17,10.07,126.41,Cash
2024-08-27,ORD4913,Spark Plugs,Ignition,Retail,4,13.73,0.0,54.92,Credit card
2024-08-28,ORD4914,Battery,Electrical,Retail,1,184.1,61.93,246.03,Bank transfer
2024-08-28,ORD4915,Engine Oil,Engine,Retail,2,44.59,0.0,89.18,PayPal
2024-08-29,ORD4916,Spark Plugs,Ignition,Wholesale,24,6.85,41.12,205.52,Cash
2024-08-29,ORD4917,Battery,Electrical,Retail,3,106.66,0.0,319.98,Credit card
2024-08-30,ORD4918,Clutch Kit,Transmission,Corporate,11,333.62,0.0,3669.82,Bank transfer
2024-08-31,ORD4919,Oil Filter,Engine,Retail,4,21.37,0.0,85.48,Cash
2024-08-31,ORD4920,Engine Oil,Engine,Retail,1,56.04,31.54,87.58,PayPal
2024-08-31,ORD4921,Control Arm,Suspension,Corporate,19,176.83,0.0,3359.77,Cash
2024-09-01,ORD4922,Fuel Pump,Fuel System,Wholesale,19,129.25,0.0,2455.75,PayPal
2024-09-01,ORD4923,Brake Rotor,Braking system,Retail,4,74.11,0.0,296.44,Cash
2024-09-02,ORD4924,Control Arm,Suspension,Wholesale,34,160.81,57.72,5525.26,PayPal
2024-09-02,ORD4925,Oil Filter,Engine,Corporate,17,21.56,0.0,366.52,Bank transfer
2024-09-03,ORD4926,Shock Absorber,Suspension,Wholesale,19,113.84,0.0,2162.96,Bank transfer
2024-09-03,ORD4927,Radiator,Cooling,Wholesale,17,146.42,0.0,2489.14,Credit card
2024-09-03,ORD4928,Control Arm,Suspension,Wholesale,34,148.53,69.07,5119.09,Credit card
2024-09-04,ORD4929,Radiator,Cooling,Retail,2,131.81,0.0,263.62,PayPal
2024-09-04,ORD4930,Water Pump,Cooling,Retail,1,64.14,50.67,114.81,Bank transfer
2024-09-05,ORD4931,Control Arm,Suspension,Retail,4,173.24,0.0,692.96,Cash
2024-09-05,ORD4932,Water Pump,Cooling,Corporate,5,62.02,16.43,326.53,Credit card
2024-09-05,ORD4933,Fuel Pump,Fuel System,Retail,2,211.57,0.0,423.14,Bank transfer
2024-09-06,ORD4934,Spark Plugs,Ignition,Retail,4,13.92,52.73,108.41,PayPal
2024-09-07,ORD4935,Shock Absorber,Suspension,Retail,2,87.49,0.0,174.98,Credit card
2024-09-07,ORD4936,Oil Filter,Engine,Retail,5,23.28,55.59,171.99,Credit card
2024-09-08,ORD4937,Clutch Kit,Transmission,Retail,2,359.52,78.1,797.14,Cash
2024-09-09,ORD4938,Water Pump,Cooling,Retail,3,118.29,0.0,354.87,Credit card
2024-09-09,ORD4939,Brake Rotor,Braking system,Wholesale,45,87.66,0.0,3944.7,Credit card
2024-09-10,ORD4940,Brake Rotor,Braking system,Wholesale,15,59.02,0.0,885.3,PayPal
2024-09-11,ORD4941,Fuel Pump,Fuel System,Retail,4,85.84,0.0,343.36,Bank transfer
2024-09-11,ORD4942,Clutch Kit,Transmission,Retail,3,493.7,0.0,1481.1,Bank transfer
2024-09-11,ORD4943,Battery,Electrical,Retail,2,194.73,43.63,433.09,Bank transfer
2024-09-11,ORD4944,Shock Absorber,Suspension,Retail,1,79.01,0.0,79.01,Bank transfer
2024-09-12,ORD4945,Fuel Pump,Fuel System,Retail,2,198.78,0.0,397.56,Cash
2024-09-12,ORD4946,Spark Plugs,Ignition,Retail,1,6.98,0.0,6.98,PayPal
2024-09-12,ORD4947,Brake Rotor,Braking system,Retail,2,60.26,0.0,120.52,Cash
2024-09-12,ORD4948,Engine Oil,Engine,Retail,3,49.85,50.0,199.55,Credit card
2024-09-13,ORD4949,Air Filter,Engine,Retail,3,16.19,0.0,48.57,PayPal
2024-09-14,ORD4950,Air Filter,Engine,Retail,1,24.12,44.01,68.13,PayPal
2024-09-14,ORD4951,Brake Pads,Braking system,Retail,5,41.64,0.0,208.2,Bank transfer
2024-09-14,ORD4952,Clutch Kit,Transmission,Wholesale,17,349.25,0.0,5937.25,PayPal
2024-09-14,ORD4953,Brake Rotor,Braking system,Retail,1,58.85,77.55,136.4,Credit card
2024-09-15,ORD4954,Engine Oil,Engine,Retail,4,48.9,0.0,195.6,Credit card
2024-09-15,ORD4955,Brake Pads,Braking system,Retail,2,50.34,0.0,100.68,Credit card
2024-09-16,ORD4956,Fuel Pump,Fuel System,Retail,4,191.27,0.0,765.08,Bank transfer
2024-09-16,ORD4957,Fuel Pump,Fuel System,Retail,3,146.32,0.0,438.96,Credit card
2024-09-16,ORD4958,Battery,Electrical,Retail,1,171.98,46.58,218.56,Cash
2024-09-16,ORD4959,Brake Rotor,Braking system,Wholesale,34,53.16,0.0,1807.44,PayPal
2024-09-17,ORD4960,Air Filter,Engine,Corporate,10,30.77,54.23,361.93,Cash
2024-09-17,ORD4961,Brake Pads,Braking system,Wholesale,12,38.32,0.0,459.84,Bank transfer
2024-09-17,ORD4962,Brake Rotor,Braking system,Retail,2,95.29,0.0,190.58,PayPal
2024-09-18,ORD4963,Fuel Pump,Fuel System,Retail,4,182.42,26.4,756.08,Credit card
2024-09-18,ORD4964,Brake Rotor,Braking system,Retail,5,86.43,18.48,450.63,Bank transfer
2024-09-18,ORD4965,Battery,Electrical,Retail,5,174.38,0.0,871.9,Credit card
2024-09-19,ORD4966,Brake Pads,Braking system,Corporate,5,75.83,0.0,379.15,Credit card
2024-09-19,ORD4967,Spark Plugs,Ignition,Wholesale,31,12.72,28.35,422.67,Cash
2024-09-19,ORD4968,Water Pump,Cooling,Retail,4,75.64,22.16,324.72,Cash
2024-09-20,ORD4969,Fuel Pump,Fuel System,Retail,5,147.52,0.0,737.6,PayPal
2024-09-21,ORD4970,Alternator,Electrical,Retail,3,266.72,68.16,868.32,Cash
2024-09-21,ORD4971,Engine Oil,Engine,Retail,5,53.81,0.0,269.05,Credit card
2024-09-21,ORD4972,Control Arm,Suspension,Retail,4,89.57,0.0,358.28,Bank transfer
2024-09-22,ORD4973,Oil Filter,Engine,Wholesale,40,16.53,0.0,661.2,Credit card
2024-09-22,ORD4974,Air Filter,Engine,Wholesale,42,26.72,0.0,1122.24,PayPal
2024-09-22,ORD4975,Control Arm,Suspension,Corporate,15,177.43,12.89,2674.34,PayPal
2024-09-22,ORD4976,Alternator,Electrical,Retail,1,341.76,0.0,341.76,Credit card
2024-09-23,ORD4977,Spark Plugs,Ignition,Wholesale,22,5.12,49.87,162.51,Bank transfer
2024-09-23,ORD4978,Clutch Kit,Transmission,Corporate,16,340.5,31.47,5479.47,Cash
2024-09-23,ORD4979,Air Filter,Engine,Retail,2,19.26,0.0,38.52,Cash
2024-09-24,ORD4980,Air Filter,Engine,Retail,3,15.29,0.0,45.87,Cash
2024-09-24,ORD4981,Radiator,Cooling,Wholesale,40,158.02,78.26,6399.06,Credit card
2024-09-24,ORD4982,Oil Filter,Engine,Retail,2,14.21,0.0,28.42,PayPal
2024-09-24,ORD4983,Radiator,Cooling,Wholesale,11,179.35,0.0,1972.85,Cash
2024-09-25,ORD4984,Brake Pads,Braking system,Wholesale,40,67.54,0.0,2701.6,PayPal
2024-09-25,ORD4985,Brake Rotor,Braking system,Retail,3,42.96,0.0,128.88,Cash
2024-09-26,ORD4986,Shock Absorber,Suspension,Wholesale,14,118.52,41.4,1700.68,Cash
2024-09-26,ORD4987,Clutch Kit,Transmission,Retail,5,443.83,69.75,2288.9,PayPal
2024-09-26,ORD4988,Oil Filter,Engine,Retail,3,22.73,62.71,130.9,Cash
2024-09-27,ORD4989,Brake Pads,Braking system,Wholesale,27,73.14,0.0,1974.78,PayPal
2024-09-27,ORD4990,Water Pump,Cooling,Wholesale,11,96.18,40.26,1098.24,PayPal
2024-09-28,ORD4991,Brake Pads,Braking system,Retail,4,70.91,16.33,299.97,PayPal
2024-09-29,ORD4992,Control Arm,Suspension,Retail,2,168.13,0.0,336.26,Bank transfer
2024-09-29,ORD4993,Clutch Kit,Transmission,Wholesale,30,389.75,0.0,11692.5,Credit card
2024-09-30,ORD4994,Brake Rotor,Braking system,Retail,5,40.21,14.69,215.74,Credit card
2024-09-30,ORD4995,Shock Absorber,Suspension,Retail,5,120.7,0.0,603.5,Bank transfer
2024-09-30,ORD4996,Control Arm,Suspension,Corporate,16,179.76,0.0,2876.16,PayPal
2024-09-30,ORD4997,Brake Rotor,Braking system,Retail,2,80.41,53.74,214.56,PayPal
2024-10-01,ORD4998,Control Arm,Suspension,Retail,1,108.72,0.0,108.72,Credit card
2024-10-01,ORD4999,Fuel Pump,Fuel System,Retail,1,167.39,0.0,167.39,Cash
2024-10-01,ORD5000,Brake Pads,Braking system,Retail,1,22.03,0.0,22.03,PayPal
2024-10-02,ORD5001,Oil Filter,Engine,Retail,5,20.09,0.0,100.45,Cash
2024-10-02,ORD5002,Clutch Kit,Transmission,Retail,3,401.51,64.76,1269.29,PayPal
2024-10-02,ORD5003,Brake Rotor,Braking system,Retail,2,57.0,14.85,128.85,Cash
2024-10-03,ORD5004,Fuel Pump,Fuel System,Retail,3,161.21,0.0,483.63,Credit card
2024-10-04,ORD5005,Radiator,Cooling,Retail,5,181.29,0.0,906.45,Cash
2024-10-04,ORD5006,Shock Absorber,Suspension,Retail,4,137.81,0.0,551.24,Credit card
2024-10-04,ORD5007,Radiator,Cooling,Retail,4,83.9,0.0,335.6,Cash
2024-10-04,ORD5008,Water Pump,Cooling,Wholesale,23,59.01,0.0,1357.23,Bank transfer
2024-10-05,ORD5009,Air Filter,Engine,Retail,3,29.68,32.19,121.23,Credit card
2024-10-05,ORD5010,Alternator,Electrical,Wholesale,21,225.86,0.0,4743.06,PayPal
2024-10-05,ORD5011,Battery,Electrical,Wholesale,40,209.75,0.0,8390.0,Credit card
2024-10-05,ORD5012,Shock Absorber,Suspension,Retail,2,106.77,0.0,213.54,Bank transfer
2024-10-06,ORD5013,Oil Filter,Engine,Retail,2,21.99,0.0,43.98,Bank transfer
2024-10-07,ORD5014,Water Pump,Cooling,Corporate,16,84.56,39.77,1392.73,PayPal
2024-10-08,ORD5015,Fuel Pump,Fuel System,Retail,1,132.05,0.0,132.05,Cash
2024-10-08,ORD5016,Clutch Kit,Transmission,Retail,3,476.01,0.0,1428.03,Cash
2024-10-09,ORD5017,Fuel Pump,Fuel System,Retail,4,174.57,74.25,772.53,Bank transfer
2024-10-09,ORD5018,Oil Filter,Engine,Wholesale,43,16.24,33.03,731.35,Bank transfer
2024-10-09,ORD5019,Air Filter,Engine,Retail,3,19.75,0.0,59.25,Bank transfer
2024-10-10,ORD5020,Alternator,Electrical,Corporate,7,160.58,31.41,1155.47,Bank transfer
2024-10-11,ORD5021,Clutch Kit,Transmission,Retail,2,339.65,0.0,679.3,Cash
2024-10-12,ORD5022,Control Arm,Suspension,Corporate,15,129.26,12.98,1951.88,PayPal
2024-10-12,ORD5023,Brake Rotor,Braking system,Retail,3,76.24,0.0,228.72,Cash
2024-10-13,ORD5024,Alternator,Electrical,Retail,5,163.4,0.0,817.0,PayPal
2024-10-14,ORD5025,Water Pump,Cooling,Corporate,9,118.09,0.0,1062.81,PayPal
2024-10-14,ORD5026,Battery,Electrical,Wholesale,48,158.17,0.0,7592.16,Bank transfer
2024-10-14,ORD5027,Spark Plugs,Ignition,Retail,1,13.2,52.41,65.61,PayPal
2024-10-14,ORD5028,Shock Absorber,Suspension,Wholesale,46,145.01,0.0,6670.46,Credit card
2024-10-15,ORD5029,Battery,Electrical,Retail,5,220.05,26.27,1126.52,Credit card
2024-10-15,ORD5030,Oil Filter,Engine,Retail,3,16.25,29.71,78.46,PayPal
2024-10-15,ORD5031,Control Arm,Suspension,Retail,2,86.71,55.99,229.41,Bank transfer
2024-10-16,ORD5032,Battery,Electrical,Retail,2,206.84,0.0,413.68,Credit card
2024-10-16,ORD5033,Air Filter,Engine,Wholesale,14,25.25,0.0,353.5,Cash
2024-10-17,ORD5034,Water Pump,Cooling,Wholesale,30,77.48,44.62,2369.02,Credit card
2024-10-17,ORD5035,Oil Filter,Engine,Corporate,19,15.73,15.09,313.96,Cash
2024-10-18,ORD5036,Battery,Electrical,Wholesale,49,167.85,0.0,8224.65,Credit card
2024-10-18,ORD5037,Shock Absorber,Suspension,Retail,1,146.64,0.0,146.64,PayPal
2024-10-18,ORD5038,Water Pump,Cooling,Retail,2,52.94,76.92,182.8,Bank transfer
2024-10-18,ORD5039,Shock Absorber,Suspension,Retail,2,106.74,0.0,213.48,Credit card
2024-10-19,ORD5040,Radiator,Cooling,Retail,4,120.13,0.0,480.52,Bank transfer
2024-10-19,ORD5041,Clutch Kit,Transmission,Retail,2,328.0,0.0,656.0,Cash
2024-10-19,ORD5042,Shock Absorber,Suspension,Wholesale,35,139.67,0.0,4888.45,Cash
2024-10-20,ORD5043,Battery,Electrical,Retail,2,119.72,72.38,311.82,PayPal
2024-10-20,ORD5044,Air Filter,Engine,Retail,4,31.55,0.0,126.2,PayPal
2024-10-20,ORD5045,Brake Pads,Braking system,Retail,4,59.73,36.65,275.57,Cash
2024-10-21,ORD5046,Alternator,Electrical,Wholesale,48,327.35,54.34,15767.14,Cash
2024-10-21,ORD5047,Radiator,Cooling,Retail,4,98.52,45.8,439.88,Bank transfer
2024-10-22,ORD5048,Battery,Electrical,Retail,2,149.83,0.0,299.66,Cash
2024-10-23,ORD5049,Brake Rotor,Braking system,Retail,1,58.69,0.0,58.69,PayPal
2024-10-23,ORD5050,Oil Filter,Engine,Retail,4,10.67,0.0,42.68,Bank transfer
2024-10-23,ORD5051,Water Pump,Cooling,Retail,5,73.63,0.0,368.15,Bank transfer
2024-10-23,ORD5052,Air Filter,Engine,Retail,3,19.91,73.27,133.0,Cash
2024-10-24,ORD5053,Air Filter,Engine,Corporate,18,21.75,0.0,391.5,PayPal
2024-10-25,ORD5054,Oil Filter,Engine,Retail,3,11.27,78.17,111.98,Cash
2024-10-25,ORD5055,Battery,Electrical,Retail,2,157.89,17.44,333.22,PayPal
2024-10-25,ORD5056,Water Pump,Cooling,Retail,3,46.43,0.0,139.29,PayPal
2024-10-25,ORD5057,Water Pump,Cooling,Corporate,5,48.27,0.0,241.35,Bank transfer
2024-10-26,ORD5058,Clutch Kit,Transmission,Retail,3,323.27,0.0,969.81,PayPal
2024-10-26,ORD5059,Engine Oil,Engine,Retail,2,52.77,0.0,105.54,Bank transfer
2024-10-27,ORD5060,Brake Rotor,Braking system,Retail,2,81.72,0.0,163.44,Bank transfer
2024-10-27,ORD5061,Control Arm,Suspension,Retail,1,165.38,63.97,229.35,PayPal
2024-10-27,ORD5062,Air Filter,Engine,Corporate,15,23.4,0.0,351.0,PayPal
2024-10-28,ORD5063,Battery,Electrical,Wholesale,44,173.46,0.0,7632.24,Credit card
2024-10-28,ORD5064,Control Arm,Suspension,Retail,4,156.81,36.97,664.21,Credit card
2024-10-28,ORD5065,Alternator,Electrical,Retail,3,275.16,0.0,825.48,PayPal
2024-10-28,ORD5066,Engine Oil,Engine,Wholesale,25,35.74,0.0,893.5,PayPal
2024-10-29,ORD5067,Fuel Pump,Fuel System,Retail,4,81.7,25.06,351.86,Cash
2024-10-29,ORD5068,Radiator,Cooling,Corporate,19,126.06,0.0,2395.14,PayPal
2024-10-30,ORD5069,Battery,Electrical,Retail,3,149.81,0.0,449.43,Bank transfer
2024-10-31,ORD5070,Spark Plugs,Ignition,Wholesale,12,8.31,73.67,173.39,PayPal
2024-10-31,ORD5071,Engine Oil,Engine,Retail,3,52.25,7.21,163.96,PayPal
2024-11-01,ORD5072,Alternator,Electrical,Corporate,9,299.33,79.03,2773.0,Bank transfer
2024-11-01,ORD5073,Control Arm,Suspension,Retail,4,99.87,0.0,399.48,PayPal
2024-11-01,ORD5074,Water Pump,Cooling,Retail,4,56.26,0.0,225.04,Credit card
2024-11-02,ORD5075,Water Pump,Cooling,Wholesale,16,47.25,61.8,817.8,PayPal
2024-11-02,ORD5076,Fuel Pump,Fuel System,Retail,5,122.37,64.22,676.07,Bank transfer
2024-11-02,ORD5077,Air Filter,Engine,Corporate,6,28.4,60.94,231.34,Bank transfer
2024-11-03,ORD5078,Oil Filter,Engine,Retail,2,13.52,0.0,27.04,PayPal
2024-11-03,ORD5079,Shock Absorber,Suspension,Retail,4,125.14,0.0,500.56,Cash
2024-11-04,ORD5080,Air Filter,Engine,Wholesale,24,25.84,0.0,620.16,Credit card
2024-11-04,ORD5081,Brake Pads,Braking system,Wholesale,23,52.81,0.0,1214.63,Cash
2024-11-05,ORD5082,Air Filter,Engine,Wholesale,30,27.45,0.0,823.5,Bank transfer
2024-11-06,ORD5083,Spark Plugs,Ignition,Retail,5,7.19,76.96,112.91,Bank transfer
2024-11-06,ORD5084,Clutch Kit,Transmission,Retail,4,246.68,55.67,1042.39,PayPal
2024-11-07,ORD5085,Clutch Kit,Transmission,Wholesale,47,429.78,59.17,20258.83,Credit card
2024-11-07,ORD5086,Alternator,Electrical,Retail,2,329.6,27.14,686.34,Bank transfer
2024-11-07,ORD5087,Alternator,Electrical,Retail,2,206.24,73.17,485.65,Credit card
2024-11-08,ORD5088,Air Filter,Engine,Corporate,18,26.36,0.0,474.48,Bank transfer
2024-11-08,ORD5089,Fuel Pump,Fuel System,Retail,2,176.9,0.0,353.8,Credit card
2024-11-08,ORD5090,Shock Absorber,Suspension,Retail,2,74.19,0.0,148.38,Bank transfer
2024-11-09,ORD5091,Engine Oil,Engine,Retail,5,32.52,0.0,162.6,Cash
2024-11-09,ORD5092,Water Pump,Cooling,Retail,3,41.19,0.0,123.57,Credit card
2024-11-10,ORD5093,Clutch Kit,Transmission,Retail,2,412.9,0.0,825.8,Cash
2024-11-11,ORD5094,Control Arm,Suspension,Wholesale,23,134.97,0.0,3104.31,Credit card
2024-11-12,ORD5095,Shock Absorber,Suspension,Retail,2,147.08,14.87,309.03,Bank transfer
2024-11-12,ORD5096,Brake Rotor,Braking system,Corporate,19,79.42,0.0,1508.98,PayPal
2024-11-12,ORD5097,Alternator,Electrical,Retail,3,178.23,33.04,567.73,PayPal
2024-11-12,ORD5098,Shock Absorber,Suspension,Retail,2,106.78,0.0,213.56,Cash
2024-11-13,ORD5099,Air Filter,Engine,Retail,4,29.23,0.0,116.92,Bank transfer
2024-11-13,ORD5100,Shock Absorber,Suspension,Retail,1,133.83,0.0,133.83,Cash
2024-11-13,ORD5101,Engine Oil,Engine,Retail,2,39.81,48.46,128.08,Cash
2024-11-14,ORD5102,Fuel Pump,Fuel System,Retail,1,106.97,0.0,106.97,Cash
2024-11-15,ORD5103,Oil Filter,Engine,Retail,1,16.31,59.25,75.56,Credit card
2024-11-15,ORD5104,Control Arm,Suspension,Retail,4,83.5,21.6,355.6,Cash
2024-11-15,ORD5105,Spark Plugs,Ignition,Wholesale,18,5.68,0.0,102.24,Bank transfer
2024-11-16,ORD5106,Brake Rotor,Braking system,Retail,2,57.6,0.0,115.2,PayPal
2024-11-16,ORD5107,Water Pump,Cooling,Retail,4,45.69,0.0,182.76,Cash
2024-11-16,ORD5108,Control Arm,Suspension,Retail,4,177.51,0.0,710.04,Cash
2024-11-16,ORD5109,Alternator,Electrical,Retail,4,281.89,41.12,1168.68,Cash
2024-11-17,ORD5110,Shock Absorber,Suspension,Retail,5,60.1,0.0,300.5,Bank transfer
2024-11-17,ORD5111,Air Filter,Engine,Retail,3,23.78,79.57,150.91,Credit card
2024-11-17,ORD5112,Brake Pads,Braking system,Retail,3,50.77,14.91,167.22,PayPal
2024-11-17,ORD5113,Brake Pads,Braking system,Wholesale,16,48.53,17.78,794.26,Credit card
2024-11-18,ORD5114,Battery,Electrical,Retail,1,230.61,54.62,285.23,Cash
2024-11-18,ORD5115,Shock Absorber,Suspension,Corporate,12,85.82,0.0,1029.84,PayPal
2024-11-19,ORD5116,Engine Oil,Engine,Wholesale,18,43.16,78.9,855.78,PayPal
2024-11-19,ORD5117,Alternator,Electrical,Retail,2,170.96,0.0,341.92,Bank transfer
2024-11-19,ORD5118,Water Pump,Cooling,Retail,1,78.82,11.23,90.05,Bank transfer
2024-11-19,ORD5119,Spark Plugs,Ignition,Retail,5,13.44,0.0,67.2,Credit card
2024-11-20,ORD5120,Engine Oil,Engine,Wholesale,14,42.95,50.9,652.2,Cash
2024-11-21,ORD5121,Brake Rotor,Braking system,Wholesale,43,57.92,38.26,2528.82,PayPal
2024-11-21,ORD5122,Fuel Pump,Fuel System,Retail,1,117.8,0.0,117.8,Credit card
2024-11-22,ORD5123,Brake Pads,Braking system,Retail,2,29.76,0.0,59.52,Bank transfer
2024-11-22,ORD5124,Control Arm,Suspension,Retail,5,108.21,64.12,605.17,PayPal
2024-11-22,ORD5125,Battery,Electrical,Retail,4,128.03,0.0,512.12,Bank transfer
2024-11-22,ORD5126,Battery,Electrical,Retail,3,174.19,0.0,522.57,PayPal
2024-11-23,ORD5127,Clutch Kit,Transmission,Retail,5,346.94,0.0,1734.7,PayPal
2024-11-24,ORD5128,Control Arm,Suspension,Retail,5,115.48,59.56,636.96,PayPal
2024-11-24,ORD5129,Shock Absorber,Suspension,Retail,1,117.79,55.82,173.61,Credit card
2024-11-25,ORD5130,Spark Plugs,Ignition,Wholesale,16,10.33,56.76,222.04,Cash
2024-11-25,ORD5131,Control Arm,Suspension,Corporate,19,117.0,0.0,2223.0,PayPal
2024-11-26,ORD5132,Water Pump,Cooling,Corporate,8,79.03,0.0,632.24,Bank transfer
2024-11-26,ORD5133,Oil Filter,Engine,Retail,3,24.19,38.32,110.89,Bank transfer
2024-11-26,ORD5134,Shock Absorber,Suspension,Retail,1,94.04,44.82,138.86,Bank transfer
2024-11-27,ORD5135,Water Pump,Cooling,Retail,4,40.12,0.0,160.48,Cash
2024-11-28,ORD5136,Brake Rotor,Braking system,Retail,3,56.96,33.19,204.07,PayPal
2024-11-28,ORD5137,Spark Plugs,Ignition,Retail,1,13.5,0.0,13.5,Credit card
2024-11-28,ORD5138,Alternator,Electrical,Corporate,8,165.64,62.76,1387.88,Cash
2024-11-28,ORD5139,Shock Absorber,Suspension,Retail,1,131.88,0.0,131.88,Bank transfer
2024-11-29,ORD5140,Oil Filter,Engine,Retail,1,23.44,78.08,101.52,Bank transfer
2024-11-30,ORD5141,Shock Absorber,Suspension,Retail,2,93.89,0.0,187.78,Credit card
2024-12-01,ORD5142,Shock Absorber,Suspension,Corporate,11,71.82,0.0,790.02,Bank transfer
2024-12-02,ORD5143,Brake Rotor,Braking system,Retail,2,54.63,76.07,185.33,Bank transfer
2024-12-02,ORD5144,Air Filter,Engine,Retail,3,23.01,64.21,133.24,Bank transfer
2024-12-02,ORD5145,Clutch Kit,Transmission,Retail,4,385.56,0.0,1542.24,Bank transfer
2024-12-03,ORD5146,Alternator,Electrical,Retail,3,231.22,71.55,765.21,Bank transfer
2024-12-03,ORD5147,Oil Filter,Engine,Retail,3,13.24,0.0,39.72,Cash
2024-12-04,ORD5148,Battery,Electrical,Wholesale,43,128.7,0.0,5534.1,Bank transfer
2024-12-04,ORD5149,Spark Plugs,Ignition,Wholesale,40,11.48,0.0,459.2,Cash
2024-12-04,ORD5150,Air Filter,Engine,Retail,2,15.47,0.0,30.94,PayPal
2024-12-04,ORD5151,Air Filter,Engine,Retail,4,28.06,29.65,141.89,Credit card
2024-12-05,ORD5152,Engine Oil,Engine,Retail,3,56.77,47.46,217.77,PayPal
2024-12-06,ORD5153,Fuel Pump,Fuel System,Retail,3,143.07,0.0,429.21,Bank transfer
2024-12-06,ORD5154,Spark Plugs,Ignition,Corporate,7,10.46,0.0,73.22,PayPal
2024-12-07,ORD5155,Alternator,Electrical,Retail,3,225.23,0.0,675.69,Credit card
2024-12-07,ORD5156,Battery,Electrical,Retail,1,202.5,0.0,202.5,PayPal
2024-12-08,ORD5157,Radiator,Cooling,Retail,2,167.45,32.65,367.55,PayPal
2024-12-08,ORD5158,Radiator,Cooling,Corporate,17,180.86,0.0,3074.62,Bank transfer
2024-12-08,ORD5159,Battery,Electrical,Retail,5,241.46,38.43,1245.73,Bank transfer
2024-12-08,ORD5160,Alternator,Electrical,Retail,3,331.76,0.0,995.28,PayPal
2024-12-09,ORD5161,Water Pump,Cooling,Corporate,5,84.91,26.07,450.62,Credit card
2024-12-09,ORD5162,Spark Plugs,Ignition,Retail,5,12.99,12.33,77.28,PayPal
2024-12-09,ORD5163,Brake Rotor,Braking system,Retail,3,95.01,0.0,285.03,Bank transfer
2024-12-10,ORD5164,Brake Rotor,Braking system,Wholesale,40,40.88,28.19,1663.39,Credit card
2024-12-10,ORD5165,Oil Filter,Engine,Retail,1,13.47,0.0,13.47,Cash
2024-12-10,ORD5166,Engine Oil,Engine,Retail,4,43.05,38.41,210.61,Credit card
2024-12-10,ORD5167,Control Arm,Suspension,Retail,4,136.13,0.0,544.52,Credit card
2024-12-11,ORD5168,Fuel Pump,Fuel System,Retail,5,148.14,43.03,783.73,Cash
2024-12-11,ORD5169,Clutch Kit,Transmission,Wholesale,17,392.44,34.84,6706.32,PayPal
2024-12-11,ORD5170,Brake Pads,Braking system,Wholesale,34,74.64,0.0,2537.76,Cash
2024-12-11,ORD5171,Shock Absorber,Suspension,Retail,2,99.74,0.0,199.48,Cash
2024-12-12,ORD5172,Clutch Kit,Transmission,Retail,4,493.15,0.0,1972.6,Bank transfer
2024-12-12,ORD5173,Spark Plugs,Ignition,Retail,2,13.5,76.59,103.59,PayPal
2024-12-12,ORD5174,Control Arm,Suspension,Retail,4,116.76,0.0,467.04,PayPal
2024-12-12,ORD5175,Air Filter,Engine,Retail,4,29.69,0.0,118.76,PayPal
2024-12-13,ORD5176,Air Filter,Engine,Wholesale,22,21.49,76.59,549.37,Credit card
2024-12-14,ORD5177,Spark Plugs,Ignition,Retail,3,7.72,26.12,49.28,Cash
2024-12-14,ORD5178,Alternator,Electrical,Retail,5,278.75,0.0,1393.75,Cash
2024-12-14,ORD5179,Shock Absorber,Suspension,Retail,1,101.22,25.52,126.74,Bank transfer
2024-12-15,ORD5180,Engine Oil,Engine,Retail,3,40.33,17.34,138.33,Bank transfer
2024-12-15,ORD5181,Engine Oil,Engine,Wholesale,46,57.11,70.53,2697.59,PayPal
2024-12-16,ORD5182,Shock Absorber,Suspension,Retail,1,67.42,0.0,67.42,PayPal
2024-12-16,ORD5183,Spark Plugs,Ignition,Retail,2,6.9,0.0,13.8,Credit card
2024-12-17,ORD5184,Shock Absorber,Suspension,Retail,4,139.26,32.15,589.19,PayPal
2024-12-17,ORD5185,Clutch Kit,Transmission,Retail,4,298.71,0.0,1194.84,Cash
2024-12-17,ORD5186,Brake Pads,Braking system,Wholesale,46,35.76,47.8,1692.76,PayPal
2024-12-18,ORD5187,Battery,Electrical,Retail,5,141.38,6.9,713.8,Bank transfer
2024-12-19,ORD5188,Clutch Kit,Transmission,Retail,3,329.72,19.37,1008.53,Cash
2024-12-19,ORD5189,Oil Filter,Engine,Retail,3,11.01,33.99,67.02,PayPal
2024-12-19,ORD5190,Water Pump,Cooling,Wholesale,43,64.61,13.84,2792.07,Credit card
2024-12-19,ORD5191,Alternator,Electrical,Wholesale,28,169.47,0.0,4745.16,Cash
2024-12-20,ORD5192,Battery,Electrical,Wholesale,14,121.76,0.0,1704.64,Credit card
2024-12-20,ORD5193,Brake Rotor,Braking system,Retail,5,69.52,72.11,419.71,Cash
2024-12-20,ORD5194,Shock Absorber,Suspension,Retail,2,61.99,0.0,123.98,Bank transfer
2024-12-20,ORD5195,Control Arm,Suspension,Retail,3,174.09,0.0,522.27,Cash
2024-12-21,ORD5196,Oil Filter,Engine,Wholesale,37,13.31,0.0,492.47,Credit card
2024-12-22,ORD5197,Radiator,Cooling,Retail,2,164.54,0.0,329.08,Credit card
2024-12-22,ORD5198,Clutch Kit,Transmission,Retail,2,235.6,31.95,503.15,Credit card
2024-12-22,ORD5199,Oil Filter,Engine,Retail,5,23.91,55.51,175.06,PayPal
2024-12-23,ORD5200,Brake Rotor,Braking system,Wholesale,39,91.7,0.0,3576.3,Bank transfer
2024-12-23,ORD5201,Oil Filter,Engine,Retail,3,12.85,0.0,38.55,Cash
2024-12-23,ORD5202,Brake Pads,Braking system,Retail,1,73.79,45.54,119.33,Bank transfer
2024-12-24,ORD5203,Shock Absorber,Suspension,Retail,5,127.98,0.0,639.9,Cash
2024-12-24,ORD5204,Alternator,Electrical,Corporate,18,195.13,29.41,3541.75,Cash
2024-12-25,ORD5205,Fuel Pump,Fuel System,Retail,1,194.59,0.0,194.59,Cash
2024-12-25,ORD5206,Air Filter,Engine,Retail,3,34.57,79.5,183.21,Credit card
2024-12-25,ORD5207,Battery,Electrical,Corporate,7,178.12,39.24,1286.08,Credit card
2024-12-26,ORD5208,Brake Rotor,Braking system,Retail,5,78.4,0.0,392.0,PayPal
2024-12-26,ORD5209,Battery,Electrical,Retail,3,104.5,72.21,385.71,Bank transfer
2024-12-26,ORD5210,Air Filter,Engine,Corporate,14,15.37,0.0,215.18,Bank transfer
2024-12-27,ORD5211,Battery,Electrical,Wholesale,45,163.71,64.6,7431.55,Bank transfer
2024-12-28,ORD5212,Brake Rotor,Braking system,Retail,1,75.65,0.0,75.65,Credit card
2024-12-28,ORD5213,Brake Pads,Braking system,Retail,5,68.9,0.0,344.5,Credit card
2024-12-28,ORD5214,Engine Oil,Engine,Retail,5,31.52,0.0,157.6,PayPal
2024-12-28,ORD5215,Control Arm,Suspension,Retail,1,90.92,0.0,90.92,Cash
2024-12-29,ORD5216,Air Filter,Engine,Retail,5,26.94,24.97,159.67,Bank transfer
2024-12-30,ORD5217,Brake Pads,Braking system,Corporate,8,68.63,0.0,549.04,Credit card
2024-12-31,ORD5218,Oil Filter,Engine,Retail,4,23.89,0.0,95.56,Credit card
2024-12-31,ORD5219,Battery,Electrical,Retail,1,156.96,0.0,156.96,Cash
2024-12-31,ORD5220,Air Filter,Engine,Corporate,16,33.1,0.0,529.6,Bank transfer
2025-01-01,ORD5221,Brake Pads,Braking system,Retail,4,24.74,0.0,98.96,Cash
2025-01-01,ORD5222,Air Filter,Engine,Retail,1,30.06,0.0,30.06,Bank transfer
2025-01-02,ORD5223,Air Filter,Engine,Retail,2,32.68,44.73,110.09,Credit card
2025-01-03,ORD5224,Radiator,Cooling,Retail,1,145.75,0.0,145.75,Cash
2025-01-04,ORD5225,Air Filter,Engine,Corporate,8,30.49,27.68,271.6,Bank transfer
2025-01-04,ORD5226,Radiator,Cooling,Retail,3,179.5,49.78,588.28,PayPal
2025-01-04,ORD5227,Brake Pads,Braking system,Wholesale,27,71.53,6.11,1937.42,Bank transfer
2025-01-04,ORD5228,Air Filter,Engine,Retail,3,33.85,0.0,101.55,Bank transfer
2025-01-05,ORD5229,Shock Absorber,Suspension,Retail,4,129.01,0.0,516.04,Bank transfer
2025-01-06,ORD5230,Shock Absorber,Suspension,Corporate,17,83.01,25.38,1436.55,Credit card
2025-01-06,ORD5231,Water Pump,Cooling,Retail,4,93.24,20.22,393.18,Cash
2025-01-07,ORD5232,Fuel Pump,Fuel System,Retail,2,127.72,0.0,255.44,Cash
2025-01-07,ORD5233,Air Filter,Engine,Retail,5,16.67,0.0,83.35,Credit card
2025-01-07,ORD5234,Air Filter,Engine,Retail,2,19.56,0.0,39.12,Bank transfer
2025-01-08,ORD5235,Brake Pads,Braking system,Retail,3,45.36,0.0,136.08,Bank transfer
2025-01-08,ORD5236,Alternator,Electrical,Retail,1,221.75,0.0,221.75,Bank transfer
2025-01-09,ORD5237,Engine Oil,Engine,Retail,4,43.66,0.0,174.64,PayPal
2025-01-09,ORD5238,Brake Pads,Braking system,Retail,5,28.18,43.42,184.32,PayPal
2025-01-09,ORD5239,Battery,Electrical,Retail,2,110.03,0.0,220.06,Cash
2025-01-10,ORD5240,Clutch Kit,Transmission,Wholesale,48,391.8,0.0,18806.4,Bank transfer
2025-01-10,ORD5241,Battery,Electrical,Retail,3,106.7,66.03,386.13,Cash
2025-01-10,ORD5242,Shock Absorber,Suspension,Retail,5,72.48,0.0,362.4,Cash
2025-01-11,ORD5243,Battery,Electrical,Retail,3,155.56,0.0,466.68,Cash
2025-01-11,ORD5244,Alternator,Electrical,Retail,4,280.01,0.0,1120.04,PayPal
2025-01-11,ORD5245,Oil Filter,Engine,Retail,3,10.04,0.0,30.12,PayPal
2025-01-11,ORD5246,Alternator,Electrical,Retail,4,276.77,0.0,1107.08,Bank transfer
2025-01-12,ORD5247,Battery,Electrical,Retail,4,139.99,0.0,559.96,PayPal
2025-01-13,ORD5248,Air Filter,Engine,Retail,2,29.72,40.0,99.44,PayPal
2025-01-14,ORD5249,Shock Absorber,Suspension,Retail,1,132.64,68.77,201.41,Bank transfer
2025-01-14,ORD5250,Shock Absorber,Suspension,Retail,2,139.3,0.0,278.6,Cash
2025-01-15,ORD5251,Engine Oil,Engine,Wholesale,45,34.1,8.45,1542.95,Credit card
2025-01-15,ORD5252,Fuel Pump,Fuel System,Retail,3,173.41,0.0,520.23,Credit card
2025-01-16,ORD5253,Brake Pads,Braking system,Wholesale,32,63.5,62.96,2094.96,Bank transfer
2025-01-17,ORD5254,Oil Filter,Engine,Retail,3,10.5,29.12,60.62,Bank transfer
2025-01-17,ORD5255,Brake Rotor,Braking system,Wholesale,16,55.56,0.0,888.96,Bank transfer
2025-01-17,ORD5256,Brake Rotor,Braking system,Retail,3,40.06,43.72,163.9,Credit card
2025-01-17,ORD5257,Brake Rotor,Braking system,Retail,5,50.61,48.11,301.16,Bank transfer
2025-01-18,ORD5258,Alternator,Electrical,Retail,1,160.3,0.0,160.3,PayPal
2025-01-19,ORD5259,Clutch Kit,Transmission,Retail,5,265.59,16.96,1344.91,Bank transfer
2025-01-19,ORD5260,Engine Oil,Engine,Wholesale,15,50.6,0.0,759.0,PayPal
2025-01-19,ORD5261,Oil Filter,Engine,Wholesale,16,18.59,0.0,297.44,PayPal
2025-01-19,ORD5262,Fuel Pump,Fuel System,Retail,1,184.64,71.5,256.14,Cash
2025-01-20,ORD5263,Oil Filter,Engine,Retail,2,13.26,0.0,26.52,Credit card
2025-01-20,ORD5264,Battery,Electrical,Retail,4,128.54,64.63,578.79,Cash
2025-01-21,ORD5265,Water Pump,Cooling,Wholesale,48,83.82,0.0,4023.36,Bank transfer
2025-01-22,ORD5266,Radiator,Cooling,Retail,1,120.77,20.37,141.14,PayPal
2025-01-22,ORD5267,Fuel Pump,Fuel System,Retail,2,201.84,0.0,403.68,Credit card
2025-01-23,ORD5268,Fuel Pump,Fuel System,Wholesale,12,140.15,21.24,1703.04,Credit card
2025-01-24,ORD5269,Oil Filter,Engine,Corporate,19,11.66,0.0,221.54,PayPal
2025-01-24,ORD5270,Alternator,Electrical,Retail,5,317.66,31.53,1619.83,Bank transfer
2025-01-24,ORD5271,Air Filter,Engine,Retail,2,29.01,0.0,58.02,Cash
2025-01-24,ORD5272,Shock Absorber,Suspension,Retail,4,74.69,14.48,313.24,Bank transfer
2025-01-25,ORD5273,Shock Absorber,Suspension,Retail,3,64.81,38.02,232.45,Credit card
2025-01-25,ORD5274,Spark Plugs,Ignition,Retail,5,13.14,0.0,65.7,Bank transfer
2025-01-25,ORD5275,Fuel Pump,Fuel System,Wholesale,38,219.83,0.0,8353.54,Cash
2025-01-25,ORD5276,Radiator,Cooling,Retail,2,96.29,77.27,269.85,Credit card
2025-01-26,ORD5277,Fuel Pump,Fuel System,Retail,2,101.78,73.64,277.2,PayPal
2025-01-27,ORD5278,Alternator,Electrical,Retail,3,304.26,0.0,912.78,PayPal
2025-01-27,ORD5279,Water Pump,Cooling,Wholesale,27,92.08,0.0,2486.16,Bank transfer
2025-01-27,ORD5280,Water Pump,Cooling,Retail,1,96.19,23.25,119.44,Credit card
2025-01-28,ORD5281,Fuel Pump,Fuel System,Retail,1,218.44,0.0,218.44,Credit card
2025-01-28,ORD5282,Alternator,Electrical,Retail,2,223.81,0.0,447.62,Bank transfer
2025-01-28,ORD5283,Water Pump,Cooling,Retail,1,54.02,77.15,131.17,Bank transfer
2025-01-28,ORD5284,Air Filter,Engine,Retail,3,19.63,15.37,74.26,Cash
2025-01-29,ORD5285,Alternator,Electrical,Retail,4,165.22,0.0,660.88,Credit card
2025-01-29,ORD5286,Brake Rotor,Braking system,Retail,3,97.35,0.0,292.05,Cash
2025-01-29,ORD5287,Radiator,Cooling,Retail,3,134.09,8.96,411.23,Cash
2025-01-30,ORD5288,Brake Rotor,Braking system,Wholesale,48,65.48,0.0,3143.04,PayPal
2025-01-30,ORD5289,Battery,Electrical,Retail,3,120.68,0.0,362.04,PayPal
2025-01-30,ORD5290,Alternator,Electrical,Wholesale,39,281.28,0.0,10969.92,Bank transfer
2025-01-30,ORD5291,Spark Plugs,Ignition,Retail,1,13.35,0.0,13.35,PayPal
2025-01-31,ORD5292,Engine Oil,Engine,Retail,3,45.42,7.5,143.76,PayPal
2025-02-01,ORD5293,Fuel Pump,Fuel System,Wholesale,47,151.27,29.28,7138.97,PayPal
2025-02-01,ORD5294,Air Filter,Engine,Retail,5,22.13,0.0,110.65,PayPal
2025-02-01,ORD5295,Brake Pads,Braking system,Retail,4,77.78,74.15,385.27,Bank transfer
2025-02-02,ORD5296,Control Arm,Suspension,Wholesale,49,131.93,0.0,6464.57,Cash
2025-02-02,ORD5297,Control Arm,Suspension,Retail,2,70.5,0.0,141.0,Bank transfer
2025-02-02,ORD5298,Control Arm,Suspension,Wholesale,20,101.75,76.28,2111.28,Credit card
2025-02-02,ORD5299,Air Filter,Engine,Corporate,7,20.03,0.0,140.21,Bank transfer
2025-02-03,ORD5300,Shock Absorber,Suspension,Retail,3,81.51,0.0,244.53,Credit card
2025-02-04,ORD5301,Fuel Pump,Fuel System,Retail,4,112.44,68.87,518.63,PayPal
2025-02-05,ORD5302,Oil Filter,Engine,Retail,2,15.28,0.0,30.56,Bank transfer
2025-02-05,ORD5303,Water Pump,Cooling,Corporate,16,96.5,0.0,1544.0,Cash
2025-02-06,ORD5304,Clutch Kit,Transmission,Corporate,7,428.16,0.0,2997.12,PayPal
2025-02-06,ORD5305,Water Pump,Cooling,Retail,3,77.23,0.0,231.69,Cash
2025-02-06,ORD5306,Oil Filter,Engine,Wholesale,27,10.94,0.0,295.38,Cash
2025-02-07,ORD5307,Brake Rotor,Braking system,Wholesale,42,53.22,0.0,2235.24,Bank transfer
2025-02-08,ORD5308,Battery,Electrical,Retail,2,112.47,0.0,224.94,Credit card
2025-02-08,ORD5309,Control Arm,Suspension,Retail,2,91.27,0.0,182.54,Credit card
2025-02-08,ORD5310,Brake Pads,Braking system,Retail,4,63.0,67.63,319.63,Credit card
2025-02-08,ORD5311,Air Filter,Engine,Wholesale,24,31.56,38.26,795.7,Cash
2025-02-09,ORD5312,Alternator,Electrical,Retail,5,253.18,0.0,1265.9,PayPal
2025-02-09,ORD5313,Clutch Kit,Transmission,Retail,4,228.6,0.0,914.4,PayPal
2025-02-10,ORD5314,Brake Pads,Braking system,Retail,5,49.56,0.0,247.8,Cash
2025-02-11,ORD5315,Oil Filter,Engine,Retail,4,19.5,0.0,78.0,Credit card
2025-02-11,ORD5316,Spark Plugs,Ignition,Retail,4,8.61,70.23,104.67,PayPal
2025-02-11,ORD5317,Alternator,Electrical,Retail,4,265.28,65.41,1126.53,Bank transfer
2025-02-12,ORD5318,Oil Filter,Engine,Retail,5,11.78,30.82,89.72,PayPal
2025-02-13,ORD5319,Air Filter,Engine,Retail,5,26.48,0.0,132.4,PayPal
2025-02-13,ORD5320,Brake Pads,Braking system,Retail,5,43.4,0.0,217.0,Bank transfer
2025-02-14,ORD5321,Spark Plugs,Ignition,Retail,3,10.92,19.16,51.92,Bank transfer
2025-02-14,ORD5322,Shock Absorber,Suspension,Wholesale,17,87.69,0.0,1490.73,Cash
2025-02-14,ORD5323,Alternator,Electrical,Retail,5,281.36,0.0,1406.8,PayPal
2025-02-15,ORD5324,Water Pump,Cooling,Wholesale,39,83.41,44.92,3297.91,PayPal
2025-02-16,ORD5325,Shock Absorber,Suspension,Wholesale,45,74.86,0.0,3368.7,Cash
2025-02-17,ORD5326,Shock Absorber,Suspension,Wholesale,23,141.48,0.0,3254.04,PayPal
2025-02-17,ORD5327,Oil Filter,Engine,Retail,4,10.77,0.0,43.08,Bank transfer
2025-02-17,ORD5328,Air Filter,Engine,Retail,2,18.07,24.33,60.47,Cash
2025-02-17,ORD5329,Air Filter,Engine,Retail,4,30.39,63.25,184.81,Bank transfer
2025-02-18,ORD5330,Brake Pads,Braking system,Wholesale,29,70.05,63.19,2094.64,Credit card
2025-02-18,ORD5331,Spark Plugs,Ignition,Wholesale,32,10.39,0.0,332.48,PayPal
2025-02-18,ORD5332,Water Pump,Cooling,Retail,3,88.79,60.81,327.18,Bank transfer
2025-02-19,ORD5333,Spark Plugs,Ignition,Retail,5,8.95,36.28,81.03,PayPal
2025-02-19,ORD5334,Engine Oil,Engine,Wholesale,40,53.52,0.0,2140.8,Bank transfer
2025-02-19,ORD5335,Oil Filter,Engine,Corporate,19,24.5,0.0,465.5,Bank transfer
2025-02-19,ORD5336,Water Pump,Cooling,Retail,5,46.66,54.26,287.56,PayPal
2025-02-20,ORD5337,Water Pump,Cooling,Wholesale,32,114.01,51.44,3699.76,Bank transfer
2025-02-21,ORD5338,Control Arm,Suspension,Retail,2,118.09,0.0,236.18,Bank transfer
2025-02-22,ORD5339,Radiator,Cooling,Wholesale,10,173.6,45.82,1781.82,Credit card
2025-02-23,ORD5340,Air Filter,Engine,Retail,1,33.81,0.0,33.81,Cash
2025-02-23,ORD5341,Battery,Electrical,Retail,1,100.42,7.7,108.12,Cash
2025-02-23,ORD5342,Alternator,Electrical,Retail,2,279.76,0.0,559.52,Bank transfer
2025-02-23,ORD5343,Clutch Kit,Transmission,Corporate,8,213.53,0.0,1708.24,Bank transfer
2025-02-24,ORD5344,Radiator,Cooling,Retail,5,86.68,62.32,495.72,Credit card
2025-02-24,ORD5345,Control Arm,Suspension,Wholesale,49,73.14,0.0,3583.86,PayPal
2025-02-24,ORD5346,Shock Absorber,Suspension,Retail,5,112.09,0.0,560.45,Bank transfer
2025-02-24,ORD5347,Alternator,Electrical,Retail,4,189.09,0.0,756.36,Cash
2025-02-25,ORD5348,Spark Plugs,Ignition,Retail,1,12.5,0.0,12.5,Cash
2025-02-26,ORD5349,Water Pump,Cooling,Retail,2,93.77,60.98,248.52,Cash
2025-02-26,ORD5350,Control Arm,Suspension,Retail,3,124.72,0.0,374.16,Cash
2025-02-27,ORD5351,Alternator,Electrical,Retail,5,310.82,41.0,1595.1,Cash
2025-02-27,ORD5352,Water Pump,Cooling,Corporate,12,58.79,54.65,760.13,Cash
2025-02-27,ORD5353,Brake Rotor,Braking system,Wholesale,37,83.02,0.0,3071.74,PayPal
2025-02-27,ORD5354,Radiator,Cooling,Retail,4,191.55,49.0,815.2,Bank transfer
2025-02-28,ORD5355,Alternator,Electrical,Retail,5,165.18,0.0,825.9,PayPal
2025-02-28,ORD5356,Control Arm,Suspension,Retail,5,143.21,0.0,716.05,Credit card
2025-03-01,ORD5357,Spark Plugs,Ignition,Retail,5,5.77,74.75,103.6,Credit card
2025-03-02,ORD5358,Battery,Electrical,Retail,2,143.43,45.29,332.15,Credit card
2025-03-02,ORD5359,Spark Plugs,Ignition,Wholesale,29,13.65,0.0,395.85,Credit card
2025-03-02,ORD5360,Spark Plugs,Ignition,Retail,2,5.77,0.0,11.54,Credit card
2025-03-02,ORD5361,Air Filter,Engine,Corporate,13,19.65,0.0,255.45,Credit card
2025-03-03,ORD5362,Fuel Pump,Fuel System,Wholesale,46,133.4,28.63,6165.03,PayPal
2025-03-03,ORD5363,Alternator,Electrical,Wholesale,24,332.93,58.67,8048.99,Credit card
2025-03-03,ORD5364,Fuel Pump,Fuel System,Retail,4,179.59,0.0,718.36,Bank transfer
2025-03-04,ORD5365,Radiator,Cooling,Retail,4,146.97,20.63,608.51,Credit card
2025-03-04,ORD5366,Spark Plugs,Ignition,Retail,4,13.48,59.89,113.81,Cash
2025-03-05,ORD5367,Oil Filter,Engine,Retail,5,18.24,0.0,91.2,Bank transfer
2025-03-05,ORD5368,Spark Plugs,Ignition,Retail,3,11.57,0.0,34.71,Bank transfer
2025-03-05,ORD5369,Fuel Pump,Fuel System,Retail,3,209.39,0.0,628.17,Cash
2025-03-05,ORD5370,Brake Rotor,Braking system,Retail,4,80.32,0.0,321.28,Credit card
2025-03-06,ORD5371,Engine Oil,Engine,Retail,1,44.85,0.0,44.85,Credit card
2025-03-06,ORD5372,Oil Filter,Engine,Retail,2,17.98,50.12,86.08,Credit card
2025-03-07,ORD5373,Spark Plugs,Ignition,Retail,5,9.58,0.0,47.9,Credit card
2025-03-07,ORD5374,Battery,Electrical,Retail,5,144.82,0.0,724.1,Bank transfer
2025-03-07,ORD5375,Engine Oil,Engine,Retail,3,50.01,0.0,150.03,Credit card
2025-03-08,ORD5376,Spark Plugs,Ignition,Retail,4,10.93,0.0,43.72,PayPal
2025-03-08,ORD5377,Fuel Pump,Fuel System,Retail,5,169.16,0.0,845.8,PayPal
2025-03-09,ORD5378,Clutch Kit,Transmission,Retail,3,368.54,0.0,1105.62,Bank transfer
2025-03-10,ORD5379,Oil Filter,Engine,Retail,1,21.82,32.69,54.51,Credit card
2025-03-10,ORD5380,Engine Oil,Engine,Retail,5,59.86,0.0,299.3,Cash
2025-03-10,ORD5381,Battery,Electrical,Retail,1,121.97,54.91,176.88,Bank transfer
2025-03-11,ORD5382,Fuel Pump,Fuel System,Retail,2,213.37,0.0,426.74,Cash
2025-03-11,ORD5383,Fuel Pump,Fuel System,Retail,1,219.81,0.0,219.81,Credit card
2025-03-11,ORD5384,Engine Oil,Engine,Retail,5,52.34,0.0,261.7,Cash
2025-03-12,ORD5385,Water Pump,Cooling,Retail,5,75.78,0.0,378.9,PayPal
2025-03-12,ORD5386,Brake Pads,Braking system,Retail,5,62.16,0.0,310.8,Cash
2025-03-12,ORD5387,Clutch Kit,Transmission,Retail,3,492.0,0.0,1476.0,Cash
2025-03-13,ORD5388,Brake Rotor,Braking system,Wholesale,11,73.71,0.0,810.81,Bank transfer
2025-03-13,ORD5389,Clutch Kit,Transmission,Retail,2,282.5,0.0,565.0,Bank transfer
2025-03-13,ORD5390,Air Filter,Engine,Retail,4,20.57,11.28,93.56,Cash
2025-03-14,ORD5391,Radiator,Cooling,Wholesale,30,158.19,0.0,4745.7,PayPal
2025-03-14,ORD5392,Brake Rotor,Braking system,Retail,2,67.8,0.0,135.6,Bank transfer
2025-03-14,ORD5393,Fuel Pump,Fuel System,Retail,5,192.88,0.0,964.4,Credit card
2025-03-14,ORD5394,Air Filter,Engine,Retail,4,26.13,0.0,104.52,PayPal
2025-03-15,ORD5395,Shock Absorber,Suspension,Retail,2,103.32,20.32,226.96,Cash
2025-03-16,ORD5396,Shock Absorber,Suspension,Retail,4,86.71,52.99,399.83,Credit card
2025-03-16,ORD5397,Engine Oil,Engine,Retail,4,48.35,0.0,193.4,Bank transfer
2025-03-16,ORD5398,Brake Rotor,Braking system,Retail,5,51.97,69.5,329.35,Credit card
2025-03-16,ORD5399,Radiator,Cooling,Retail,5,85.26,0.0,426.3,PayPal
2025-03-17,ORD5400,Clutch Kit,Transmission,Wholesale,37,476.15,0.0,17617.55,Bank transfer
2025-03-17,ORD5401,Fuel Pump,Fuel System,Wholesale,34,141.04,5.57,4800.93,Credit card
2025-03-18,ORD5402,Oil Filter,Engine,Retail,3,13.38,22.05,62.19,Bank transfer
2025-03-18,ORD5403,Control Arm,Suspension,Retail,4,136.1,0.0,544.4,Bank transfer
2025-03-18,ORD5404,Battery,Electrical,Wholesale,21,104.85,0.0,2201.85,Credit card
2025-03-18,ORD5405,Clutch Kit,Transmission,Retail,5,228.93,0.0,1144.65,Credit card
2025-03-19,ORD5406,Brake Rotor,Braking system,Wholesale,38,65.37,52.42,2536.48,Credit card
2025-03-19,ORD5407,Shock Absorber,Suspension,Retail,1,112.34,18.32,130.66,Credit card
2025-03-19,ORD5408,Oil Filter,Engine,Corporate,10,19.62,0.0,196.2,Cash
2025-03-20,ORD5409,Battery,Electrical,Wholesale,34,172.82,24.41,5900.29,Cash
2025-03-20,ORD5410,Fuel Pump,Fuel System,Wholesale,27,160.67,0.0,4338.09,Cash
2025-03-20,ORD5411,Spark Plugs,Ignition,Retail,4,8.55,66.76,100.96,PayPal
2025-03-20,ORD5412,Radiator,Cooling,Retail,2,173.77,69.45,416.99,Credit card
2025-03-21,ORD5413,Air Filter,Engine,Retail,3,16.53,0.0,49.59,Credit card
2025-03-22,ORD5414,Air Filter,Engine,Retail,2,34.23,47.63,116.09,PayPal
2025-03-23,ORD5415,Clutch Kit,Transmission,Retail,1,447.78,0.0,447.78,Credit card
2025-03-23,ORD5416,Clutch Kit,Transmission,Retail,2,240.06,19.09,499.21,Cash
2025-03-23,ORD5417,Oil Filter,Engine,Retail,1,22.04,0.0,22.04,Cash
2025-03-24,ORD5418,Radiator,Cooling,Retail,5,101.97,0.0,509.85,PayPal
2025-03-24,ORD5419,Brake Pads,Braking system,Retail,5,67.29,21.74,358.19,PayPal
2025-03-25,ORD5420,Spark Plugs,Ignition,Retail,3,10.55,0.0,31.65,Credit card
2025-03-26,ORD5421,Alternator,Electrical,Retail,1,172.55,62.31,234.86,Credit card
2025-03-27,ORD5422,Control Arm,Suspension,Retail,4,112.45,0.0,449.8,Credit card
2025-03-28,ORD5423,Alternator,Electrical,Corporate,9,254.3,16.44,2305.14,Cash
2025-03-28,ORD5424,Control Arm,Suspension,Retail,1,105.59,0.0,105.59,PayPal
2025-03-28,ORD5425,Radiator,Cooling,Wholesale,17,177.33,34.21,3048.82,PayPal
2025-03-29,ORD5426,Shock Absorber,Suspension,Wholesale,35,100.1,0.0,3503.5,Cash
2025-03-29,ORD5427,Battery,Electrical,Retail,5,147.97,41.36,781.21,Bank transfer
2025-03-29,ORD5428,Battery,Electrical,Retail,2,204.57,54.07,463.21,Bank transfer
2025-03-29,ORD5429,Battery,Electrical,Retail,5,140.65,0.0,703.25,Credit card
2025-03-30,ORD5430,Brake Rotor,Braking system,Retail,5,70.89,49.12,403.57,Bank transfer
2025-03-30,ORD5431,Air Filter,Engine,Retail,2,29.15,0.0,58.3,Bank transfer
2025-03-31,ORD5432,Brake Pads,Braking system,Retail,2,41.26,8.3,90.82,Credit card
2025-03-31,ORD5433,Battery,Electrical,Retail,5,173.49,0.0,867.45,PayPal
2025-04-01,ORD5434,Engine Oil,Engine,Retail,5,31.91,0.0,159.55,Credit card
2025-04-01,ORD5435,Brake Pads,Braking system,Wholesale,33,35.33,71.4,1237.29,Cash
2025-04-01,ORD5436,Alternator,Electrical,Retail,3,263.02,0.0,789.06,Cash
2025-04-02,ORD5437,Air Filter,Engine,Retail,3,26.48,0.0,79.44,PayPal
2025-04-02,ORD5438,Battery,Electrical,Retail,2,220.32,27.66,468.3,Bank transfer
2025-04-03,ORD5439,Fuel Pump,Fuel System,Retail,4,100.76,0.0,403.04,Credit card
2025-04-03,ORD5440,Alternator,Electrical,Retail,4,222.85,0.0,891.4,Cash
2025-04-04,ORD5441,Battery,Electrical,Corporate,12,217.9,0.0,2614.8,Credit card
2025-04-04,ORD5442,Battery,Electrical,Retail,5,136.75,0.0,683.75,PayPal
2025-04-05,ORD5443,Clutch Kit,Transmission,Retail,5,356.42,0.0,1782.1,Bank transfer
2025-04-06,ORD5444,Battery,Electrical,Wholesale,14,153.57,0.0,2149.98,Cash
2025-04-07,ORD5445,Spark Plugs,Ignition,Retail,2,7.38,0.0,14.76,PayPal
2025-04-07,ORD5446,Water Pump,Cooling,Retail,1,69.13,23.61,92.74,PayPal
2025-04-07,ORD5447,Spark Plugs,Ignition,Retail,5,14.24,73.63,144.83,PayPal
2025-04-08,ORD5448,Shock Absorber,Suspension,Retail,4,80.84,25.06,348.42,PayPal
2025-04-08,ORD5449,Air Filter,Engine,Corporate,16,28.66,0.0,458.56,Bank transfer
2025-04-08,ORD5450,Air Filter,Engine,Retail,3,22.56,28.01,95.69,PayPal
2025-04-08,ORD5451,Water Pump,Cooling,Retail,1,93.0,0.0,93.0,PayPal
2025-04-09,ORD5452,Control Arm,Suspension,Retail,1,97.0,6.3,103.3,Credit card
2025-04-09,ORD5453,Engine Oil,Engine,Wholesale,25,55.23,14.74,1395.49,Credit card
2025-04-09,ORD5454,Brake Rotor,Braking system,Retail,1,67.58,0.0,67.58,PayPal
2025-04-09,ORD5455,Brake Rotor,Braking system,Retail,4,48.2,0.0,192.8,Credit card
2025-04-10,ORD5456,Spark Plugs,Ignition,Retail,5,10.79,0.0,53.95,Credit card
2025-04-10,ORD5457,Oil Filter,Engine,Retail,2,17.46,0.0,34.92,PayPal
2025-04-10,ORD5458,Brake Rotor,Braking system,Retail,3,53.14,48.7,208.12,PayPal
2025-04-11,ORD5459,Fuel Pump,Fuel System,Retail,1,121.19,0.0,121.19,Bank transfer
2025-04-12,ORD5460,Air Filter,Engine,Retail,3,26.35,0.0,79.05,Bank transfer
2025-04-13,ORD5461,Water Pump,Cooling,Retail,4,93.36,0.0,373.44,Bank transfer
2025-04-13,ORD5462,Clutch Kit,Transmission,Retail,1,448.16,42.04,490.2,PayPal
2025-04-13,ORD5463,Air Filter,Engine,Wholesale,16,27.5,48.24,488.24,Bank transfer
2025-04-14,ORD5464,Clutch Kit,Transmission,Retail,3,460.24,0.0,1380.72,Bank transfer
2025-04-15,ORD5465,Oil Filter,Engine,Retail,2,19.0,0.0,38.0,Bank transfer
2025-04-15,ORD5466,Shock Absorber,Suspension,Retail,4,123.95,0.0,495.8,Bank transfer
2025-04-15,ORD5467,Brake Pads,Braking system,Retail,1,27.83,0.0,27.83,Credit card
2025-04-15,ORD5468,Battery,Electrical,Retail,3,242.39,0.0,727.17,PayPal
2025-04-16,ORD5469,Spark Plugs,Ignition,Retail,3,7.08,0.0,21.24,Bank transfer
2025-04-16,ORD5470,Brake Pads,Braking system,Corporate,7,39.16,0.0,274.12,Credit card
2025-04-17,ORD5471,Radiator,Cooling,Retail,1,144.91,0.0,144.91,Bank transfer
2025-04-17,ORD5472,Air Filter,Engine,Wholesale,46,20.1,0.0,924.6,PayPal
2025-04-17,ORD5473,Shock Absorber,Suspension,Wholesale,46,63.96,15.72,2957.88,PayPal
2025-04-18,ORD5474,Engine Oil,Engine,Wholesale,43,48.01,0.0,2064.43,Credit card
2025-04-18,ORD5475,Spark Plugs,Ignition,Retail,3,13.16,0.0,39.48,Cash
2025-04-18,ORD5476,Control Arm,Suspension,Retail,5,172.44,0.0,862.2,PayPal
2025-04-18,ORD5477,Brake Rotor,Braking system,Retail,2,89.09,22.22,200.4,Credit card
2025-04-19,ORD5478,Fuel Pump,Fuel System,Retail,5,219.38,0.0,1096.9,PayPal
2025-04-20,ORD5479,Engine Oil,Engine,Wholesale,11,37.43,0.0,411.73,PayPal
2025-04-20,ORD5480,Spark Plugs,Ignition,Retail,3,13.06,0.0,39.18,PayPal
2025-04-20,ORD5481,Control Arm,Suspension,Retail,3,153.77,0.0,461.31,Bank transfer
2025-04-21,ORD5482,Control Arm,Suspension,Retail,3,174.69,0.0,524.07,Credit card
2025-04-22,ORD5483,Shock Absorber,Suspension,Retail,2,133.69,0.0,267.38,Bank transfer
2025-04-22,ORD5484,Fuel Pump,Fuel System,Retail,1,206.03,0.0,206.03,PayPal
2025-04-23,ORD5485,Fuel Pump,Fuel System,Corporate,16,102.39,0.0,1638.24,Bank transfer
2025-04-23,ORD5486,Shock Absorber,Suspension,Retail,1,115.02,0.0,115.02,Credit card
2025-04-24,ORD5487,Spark Plugs,Ignition,Retail,1,11.05,0.0,11.05,PayPal
2025-04-25,ORD5488,Radiator,Cooling,Retail,1,186.89,31.04,217.93,Cash
2025-04-25,ORD5489,Engine Oil,Engine,Retail,5,40.71,0.0,203.55,Bank transfer
2025-04-26,ORD5490,Brake Pads,Braking system,Retail,1,42.11,52.38,94.49,Bank transfer
2025-04-27,ORD5491,Water Pump,Cooling,Retail,2,112.08,65.79,289.95,Cash
2025-04-27,ORD5492,Air Filter,Engine,Retail,4,16.61,0.0,66.44,Bank transfer
2025-04-28,ORD5493,Engine Oil,Engine,Retail,4,59.55,0.0,238.2,Credit card
2025-04-28,ORD5494,Control Arm,Suspension,Retail,1,115.48,0.0,115.48,Cash
2025-04-29,ORD5495,Clutch Kit,Transmission,Retail,2,433.01,0.0,866.02,PayPal
2025-04-29,ORD5496,Brake Pads,Braking system,Retail,4,46.87,0.0,187.48,Cash
2025-04-30,ORD5497,Fuel Pump,Fuel System,Corporate,19,192.32,7.73,3661.81,Bank transfer
2025-04-30,ORD5498,Oil Filter,Engine,Retail,4,10.62,45.5,87.98,Bank transfer
2025-04-30,ORD5499,Water Pump,Cooling,Retail,1,47.91,0.0,47.91,PayPal
2025-05-01,ORD5500,Brake Rotor,Braking system,Retail,4,93.35,76.34,449.74,Cash
2025-05-01,ORD5501,Engine Oil,Engine,Wholesale,40,46.9,13.89,1889.89,Cash
2025-05-01,ORD5502,Shock Absorber,Suspension,Retail,3,131.59,0.0,394.77,Cash
2025-05-01,ORD5503,Radiator,Cooling,Retail,1,164.35,38.48,202.83,Credit card
2025-05-02,ORD5504,Engine Oil,Engine,Corporate,13,32.24,0.0,419.12,PayPal
2025-05-02,ORD5505,Radiator,Cooling,Retail,5,198.56,44.48,1037.28,Bank transfer
2025-05-02,ORD5506,Spark Plugs,Ignition,Retail,2,11.32,54.85,77.49,Cash
2025-05-03,ORD5507,Oil Filter,Engine,Wholesale,20,23.42,0.0,468.4,PayPal
2025-05-03,ORD5508,Oil Filter,Engine,Retail,3,13.4,0.0,40.2,Credit card
2025-05-03,ORD5509,Engine Oil,Engine,Retail,3,32.0,0.0,96.0,Bank transfer
2025-05-03,ORD5510,Water Pump,Cooling,Retail,1,55.78,0.0,55.78,Credit card
2025-05-04,ORD5511,Air Filter,Engine,Retail,3,16.65,50.42,100.37,Bank transfer
2025-05-04,ORD5512,Radiator,Cooling,Retail,4,130.37,0.0,521.48,Cash
2025-05-05,ORD5513,Battery,Electrical,Retail,5,219.61,0.0,1098.05,PayPal
2025-05-05,ORD5514,Air Filter,Engine,Wholesale,38,17.66,0.0,671.08,Cash
2025-05-05,ORD5515,Battery,Electrical,Wholesale,28,163.21,53.41,4623.29,Bank transfer
2025-05-06,ORD5516,Radiator,Cooling,Retail,1,197.77,0.0,197.77,PayPal
2025-05-06,ORD5517,Control Arm,Suspension,Retail,2,161.39,35.09,357.87,PayPal
2025-05-06,ORD5518,Battery,Electrical,Retail,4,147.88,21.62,613.14,Bank transfer
2025-05-07,ORD5519,Control Arm,Suspension,Retail,1,77.66,0.0,77.66,Bank transfer
2025-05-07,ORD5520,Shock Absorber,Suspension,Wholesale,39,70.27,0.0,2740.53,Cash
2025-05-08,ORD5521,Oil Filter,Engine,Corporate,18,15.39,61.61,338.63,Cash
2025-05-08,ORD5522,Control Arm,Suspension,Wholesale,41,103.46,0.0,4241.86,PayPal
2025-05-08,ORD5523,Control Arm,Suspension,Retail,3,77.49,0.0,232.47,Bank transfer
2025-05-09,ORD5524,Spark Plugs,Ignition,Wholesale,42,10.94,19.48,478.96,Bank transfer
2025-05-09,ORD5525,Spark Plugs,Ignition,Retail,5,9.86,0.0,49.3,Bank transfer
2025-05-09,ORD5526,Air Filter,Engine,Retail,3,15.88,0.0,47.64,Bank transfer
2025-05-10,ORD5527,Brake Pads,Braking system,Retail,2,37.33,64.85,139.51,PayPal
2025-05-10,ORD5528,Brake Rotor,Braking system,Retail,3,43.39,23.89,154.06,Credit card
2025-05-10,ORD5529,Oil Filter,Engine,Retail,4,12.51,34.02,84.06,Bank transfer
2025-05-11,ORD5530,Fuel Pump,Fuel System,Retail,2,211.86,0.0,423.72,PayPal
2025-05-11,ORD5531,Oil Filter,Engine,Corporate,13,10.96,19.9,162.38,Cash
2025-05-11,ORD5532,Control Arm,Suspension,Corporate,19,159.35,12.28,3039.93,PayPal
2025-05-12,ORD5533,Engine Oil,Engine,Retail,2,56.95,73.2,187.1,Cash
2025-05-13,ORD5534,Radiator,Cooling,Retail,5,91.83,0.0,459.15,PayPal
2025-05-13,ORD5535,Alternator,Electrical,Retail,5,309.59,12.92,1560.87,PayPal
2025-05-14,ORD5536,Battery,Electrical,Wholesale,19,204.22,75.64,3955.82,PayPal
2025-05-14,ORD5537,Fuel Pump,Fuel System,Retail,4,84.5,0.0,338.0,Bank transfer
2025-05-14,ORD5538,Engine Oil,Engine,Corporate,12,36.69,52.71,492.99,PayPal
2025-05-15,ORD5539,Air Filter,Engine,Retail,2,33.55,0.0,67.1,Bank transfer
2025-05-15,ORD5540,Control Arm,Suspension,Wholesale,26,133.09,0.0,3460.34,Credit card
2025-05-15,ORD5541,Spark Plugs,Ignition,Retail,1,5.78,0.0,5.78,Credit card
2025-05-15,ORD5542,Oil Filter,Engine,Retail,1,20.63,0.0,20.63,Credit card
2025-05-16,ORD5543,Engine Oil,Engine,Retail,4,48.22,22.59,215.47,PayPal
2025-05-16,ORD5544,Control Arm,Suspension,Retail,1,103.77,0.0,103.77,PayPal
2025-05-16,ORD5545,Water Pump,Cooling,Retail,5,61.92,0.0,309.6,Credit card
2025-05-17,ORD5546,Battery,Electrical,Wholesale,37,227.86,0.0,8430.82,Credit card
2025-05-17,ORD5547,Spark Plugs,Ignition,Retail,3,8.79,43.61,69.98,Credit card
2025-05-17,ORD5548,Brake Rotor,Braking system,Corporate,8,90.12,0.0,720.96,PayPal
2025-05-18,ORD5549,Air Filter,Engine,Retail,3,15.1,0.0,45.3,Cash
2025-05-19,ORD5550,Brake Pads,Braking system,Retail,4,50.11,0.0,200.44,Bank transfer
2025-05-19,ORD5551,Fuel Pump,Fuel System,Wholesale,44,176.14,0.0,7750.16,PayPal
2025-05-19,ORD5552,Air Filter,Engine,Wholesale,38,27.87,68.17,1127.23,Cash
2025-05-20,ORD5553,Alternator,Electrical,Retail,5,182.86,0.0,914.3,PayPal
2025-05-21,ORD5554,Clutch Kit,Transmission,Wholesale,43,385.04,0.0,16556.72,Cash
2025-05-22,ORD5555,Alternator,Electrical,Wholesale,29,184.35,15.89,5362.04,Credit card
2025-05-22,ORD5556,Battery,Electrical,Wholesale,36,141.58,41.93,5138.81,Cash
2025-05-22,ORD5557,Alternator,Electrical,Retail,1,267.3,0.0,267.3,Bank transfer
2025-05-22,ORD5558,Battery,Electrical,Wholesale,20,117.08,0.0,2341.6,PayPal
2025-05-23,ORD5559,Radiator,Cooling,Retail,4,195.46,0.0,781.84,Bank transfer
2025-05-23,ORD5560,Oil Filter,Engine,Retail,5,16.8,0.0,84.0,PayPal
2025-05-23,ORD5561,Brake Pads,Braking system,Retail,3,39.86,0.0,119.58,Credit card
2025-05-24,ORD5562,Shock Absorber,Suspension,Retail,3,98.79,0.0,296.37,Bank transfer
2025-05-24,ORD5563,Clutch Kit,Transmission,Retail,3,265.57,47.75,844.46,PayPal
2025-05-24,ORD5564,Control Arm,Suspension,Retail,5,88.61,0.0,443.05,PayPal
2025-05-24,ORD5565,Water Pump,Cooling,Retail,3,117.89,0.0,353.67,PayPal
2025-05-25,ORD5566,Oil Filter,Engine,Corporate,6,24.0,0.0,144.0,PayPal
2025-05-25,ORD5567,Clutch Kit,Transmission,Retail,5,404.76,8.24,2032.04,PayPal
2025-05-26,ORD5568,Control Arm,Suspension,Retail,4,80.56,0.0,322.24,Credit card
2025-05-26,ORD5569,Brake Rotor,Braking system,Corporate,13,52.06,32.55,709.33,PayPal
2025-05-26,ORD5570,Brake Rotor,Braking system,Wholesale,34,69.89,44.36,2420.62,PayPal
2025-05-26,ORD5571,Radiator,Cooling,Wholesale,47,166.19,0.0,7810.93,Credit card
2025-05-27,ORD5572,Air Filter,Engine,Corporate,6,19.44,0.0,116.64,Bank transfer
2025-05-28,ORD5573,Shock Absorber,Suspension,Retail,1,149.87,38.6,188.47,PayPal
2025-05-28,ORD5574,Oil Filter,Engine,Retail,1,13.69,65.24,78.93,PayPal
2025-05-28,ORD5575,Control Arm,Suspension,Retail,1,72.12,17.35,89.47,Cash
2025-05-28,ORD5576,Shock Absorber,Suspension,Corporate,17,134.49,49.36,2335.69,Cash
2025-05-29,ORD5577,Oil Filter,Engine,Retail,3,21.42,0.0,64.26,PayPal
2025-05-29,ORD5578,Fuel Pump,Fuel System,Retail,1,117.18,29.84,147.02,PayPal
2025-05-29,ORD5579,Control Arm,Suspension,Corporate,16,167.79,0.0,2684.64,Cash
2025-05-30,ORD5580,Shock Absorber,Suspension,Retail,3,119.58,72.43,431.17,Cash
2025-05-30,ORD5581,Alternator,Electrical,Wholesale,38,328.76,22.21,12515.09,Credit card
2025-05-31,ORD5582,Spark Plugs,Ignition,Retail,4,8.02,74.33,106.41,Credit card
2025-06-01,ORD5583,Shock Absorber,Suspension,Retail,5,95.06,18.96,494.26,Bank transfer
2025-06-01,ORD5584,Brake Pads,Braking system,Retail,4,30.4,0.0,121.6,Credit card
2025-06-02,ORD5585,Control Arm,Suspension,Retail,5,109.21,0.0,546.05,Bank transfer
2025-06-02,ORD5586,Radiator,Cooling,Retail,4,197.45,0.0,789.8,PayPal
2025-06-02,ORD5587,Fuel Pump,Fuel System,Retail,5,190.22,52.58,1003.68,Cash
2025-06-03,ORD5588,Clutch Kit,Transmission,Retail,4,442.07,76.24,1844.52,Credit card
2025-06-04,ORD5589,Radiator,Cooling,Retail,3,123.81,17.23,388.66,Credit card
2025-06-05,ORD5590,Brake Pads,Braking system,Wholesale,22,38.92,0.0,856.24,Cash
2025-06-05,ORD5591,Brake Rotor,Braking system,Retail,1,76.87,0.0,76.87,PayPal
2025-06-05,ORD5592,Clutch Kit,Transmission,Retail,3,271.75,0.0,815.25,Bank transfer
2025-06-06,ORD5593,Oil Filter,Engine,Retail,2,24.11,0.0,48.22,Credit card
2025-06-07,ORD5594,Fuel Pump,Fuel System,Retail,4,111.01,0.0,444.04,Bank transfer
2025-06-07,ORD5595,Engine Oil,Engine,Retail,3,32.6,0.0,97.8,Credit card
2025-06-07,ORD5596,Brake Pads,Braking system,Retail,3,48.57,77.52,223.23,Bank transfer
2025-06-08,ORD5597,Oil Filter,Engine,Retail,1,10.35,18.03,28.38,Cash
2025-06-08,ORD5598,Control Arm,Suspension,Retail,1,103.95,59.26,163.21,PayPal
2025-06-08,ORD5599,Brake Rotor,Braking system,Corporate,13,96.05,0.0,1248.65,Bank transfer
2025-06-08,ORD5600,Brake Pads,Braking system,Retail,1,43.42,0.0,43.42,PayPal
2025-06-09,ORD5601,Control Arm,Suspension,Retail,2,120.63,0.0,241.26,PayPal
2025-06-09,ORD5602,Alternator,Electrical,Retail,5,169.77,0.0,848.85,Cash
2025-06-09,ORD5603,Fuel Pump,Fuel System,Retail,3,100.03,0.0,300.09,Cash
2025-06-09,ORD5604,Fuel Pump,Fuel System,Retail,3,154.12,5.82,468.18,PayPal
2025-06-10,ORD5605,Air Filter,Engine,Retail,1,34.85,65.87,100.72,Cash
2025-06-10,ORD5606,Alternator,Electrical,Retail,2,238.9,0.0,477.8,Bank transfer
2025-06-10,ORD5607,Shock Absorber,Suspension,Retail,4,103.75,6.0,421.0,Credit card
2025-06-11,ORD5608,Water Pump,Cooling,Retail,2,41.84,5.93,89.61,Credit card
2025-06-11,ORD5609,Shock Absorber,Suspension,Wholesale,18,73.91,0.0,1330.38,Cash
2025-06-12,ORD5610,Brake Pads,Braking system,Wholesale,34,30.16,45.78,1071.22,Cash
2025-06-12,ORD5611,Water Pump,Cooling,Retail,1,76.96,0.0,76.96,Bank transfer
2025-06-13,ORD5612,Air Filter,Engine,Wholesale,14,22.29,0.0,312.06,Cash
2025-06-13,ORD5613,Oil Filter,Engine,Retail,3,19.53,0.0,58.59,Bank transfer
2025-06-13,ORD5614,Brake Rotor,Braking system,Retail,5,68.39,0.0,341.95,Credit card
2025-06-13,ORD5615,Brake Pads,Braking system,Retail,4,55.23,0.0,220.92,PayPal
2025-06-14,ORD5616,Control Arm,Suspension,Wholesale,36,100.8,0.0,3628.8,PayPal
2025-06-15,ORD5617,Oil Filter,Engine,Retail,4,11.84,0.0,47.36,Bank transfer
2025-06-15,ORD5618,Fuel Pump,Fuel System,Retail,1,137.74,0.0,137.74,Cash
2025-06-15,ORD5619,Water Pump,Cooling,Wholesale,38,50.41,0.0,1915.58,Credit card
2025-06-16,ORD5620,Brake Pads,Braking system,Wholesale,11,30.23,0.0,332.53,Bank transfer
2025-06-16,ORD5621,Brake Rotor,Braking system,Corporate,5,84.92,53.88,478.48,Bank transfer
2025-06-16,ORD5622,Engine Oil,Engine,Retail,3,35.6,70.2,177.0,PayPal
2025-06-17,ORD5623,Water Pump,Cooling,Wholesale,20,88.34,0.0,1766.8,Cash
2025-06-18,ORD5624,Shock Absorber,Suspension,Retail,4,127.89,0.0,511.56,PayPal
2025-06-19,ORD5625,Battery,Electrical,Wholesale,34,190.44,0.0,6474.96,Cash
2025-06-20,ORD5626,Clutch Kit,Transmission,Retail,3,249.92,0.0,749.76,Bank transfer
2025-06-20,ORD5627,Shock Absorber,Suspension,Wholesale,46,96.26,0.0,4427.96,Cash
2025-06-20,ORD5628,Water Pump,Cooling,Retail,4,114.04,69.98,526.14,Credit card
2025-06-21,ORD5629,Air Filter,Engine,Wholesale,49,28.3,0.0,1386.7,Credit card
2025-06-22,ORD5630,Engine Oil,Engine,Retail,2,37.3,14.85,89.45,Bank transfer
2025-06-22,ORD5631,Brake Rotor,Braking system,Retail,4,69.8,0.0,279.2,Credit card
2025-06-22,ORD5632,Brake Rotor,Braking system,Wholesale,38,68.44,31.52,2632.24,PayPal
2025-06-23,ORD5633,Battery,Electrical,Retail,5,235.6,0.0,1178.0,Bank transfer
2025-06-23,ORD5634,Brake Rotor,Braking system,Retail,3,83.66,0.0,250.98,Cash
2025-06-23,ORD5635,Radiator,Cooling,Wholesale,10,132.25,27.05,1349.55,PayPal
2025-06-24,ORD5636,Engine Oil,Engine,Retail,3,42.11,63.82,190.15,Bank transfer
2025-06-24,ORD5637,Brake Pads,Braking system,Wholesale,21,42.35,0.0,889.35,PayPal
2025-06-24,ORD5638,Water Pump,Cooling,Retail,4,97.57,78.59,468.87,Cash
2025-06-24,ORD5639,Oil Filter,Engine,Wholesale,14,22.87,0.0,320.18,Credit card
2025-06-25,ORD5640,Battery,Electrical,Retail,3,154.34,0.0,463.02,PayPal
2025-06-25,ORD5641,Radiator,Cooling,Retail,2,149.14,0.0,298.28,Credit card
2025-06-25,ORD5642,Fuel Pump,Fuel System,Retail,2,196.41,0.0,392.82,Cash
2025-06-26,ORD5643,Control Arm,Suspension,Corporate,16,111.12,0.0,1777.92,Cash
2025-06-27,ORD5644,Oil Filter,Engine,Wholesale,22,11.42,0.0,251.24,Bank transfer
2025-06-27,ORD5645,Spark Plugs,Ignition,Retail,1,7.79,23.19,30.98,PayPal
2025-06-27,ORD5646,Fuel Pump,Fuel System,Retail,4,113.12,77.9,530.38,Cash
2025-06-27,ORD5647,Clutch Kit,Transmission,Wholesale,35,297.56,46.11,10460.71,Cash
2025-06-28,ORD5648,Spark Plugs,Ignition,Wholesale,14,5.97,16.05,99.63,Bank transfer
2025-06-28,ORD5649,Brake Rotor,Braking system,Retail,2,54.67,0.0,109.34,Bank transfer
2025-06-29,ORD5650,Shock Absorber,Suspension,Retail,5,114.25,0.0,571.25,Bank transfer
2025-06-29,ORD5651,Alternator,Electrical,Retail,3,301.42,39.88,944.14,Cash
2025-06-30,ORD5652,Air Filter,Engine,Wholesale,34,17.18,58.17,642.29,Cash
2025-06-30,ORD5653,Air Filter,Engine,Retail,3,19.49,20.46,78.93,PayPal
2025-06-30,ORD5654,Shock Absorber,Suspension,Retail,1,108.72,59.45,168.17,PayPal
2025-07-01,ORD5655,Battery,Electrical,Retail,3,203.62,64.35,675.21,PayPal
2025-07-01,ORD5656,Brake Rotor,Braking system,Retail,3,54.24,0.0,162.72,Credit card
2025-07-01,ORD5657,Alternator,Electrical,Retail,1,336.25,60.61,396.86,Cash
2025-07-02,ORD5658,Water Pump,Cooling,Retail,2,86.16,22.88,195.2,Bank transfer
2025-07-02,ORD5659,Shock Absorber,Suspension,Retail,3,110.82,0.0,332.46,Credit card
2025-07-02,ORD5660,Alternator,Electrical,Wholesale,19,216.01,29.82,4134.01,Credit card
2025-07-03,ORD5661,Fuel Pump,Fuel System,Corporate,18,108.96,0.0,1961.28,PayPal
2025-07-03,ORD5662,Battery,Electrical,Retail,2,147.17,0.0,294.34,Credit card
2025-07-03,ORD5663,Radiator,Cooling,Wholesale,49,140.32,0.0,6875.68,Credit card
2025-07-03,ORD5664,Engine Oil,Engine,Corporate,10,51.73,0.0,517.3,Cash
2025-07-04,ORD5665,Alternator,Electrical,Wholesale,37,303.0,12.23,11223.23,Bank transfer
2025-07-05,ORD5666,Control Arm,Suspension,Retail,3,116.38,24.39,373.53,PayPal
2025-07-05,ORD5667,Battery,Electrical,Retail,4,225.19,0.0,900.76,Credit card
2025-07-05,ORD5668,Shock Absorber,Suspension,Retail,2,144.62,76.51,365.75,Credit card
2025-07-06,ORD5669,Brake Pads,Braking system,Wholesale,19,73.5,0.0,1396.5,Cash
2025-07-07,ORD5670,Clutch Kit,Transmission,Retail,2,323.63,7.19,654.45,Cash
2025-07-07,ORD5671,Alternator,Electrical,Wholesale,23,276.0,17.47,6365.47,Cash
2025-07-07,ORD5672,Alternator,Electrical,Retail,2,219.53,79.46,518.52,Cash
2025-07-08,ORD5673,Clutch Kit,Transmission,Retail,5,375.24,45.92,1922.12,Cash
2025-07-08,ORD5674,Battery,Electrical,Retail,5,170.37,0.0,851.85,PayPal
2025-07-08,ORD5675,Fuel Pump,Fuel System,Retail,1,162.38,0.0,162.38,PayPal
2025-07-09,ORD5676,Radiator,Cooling,Corporate,5,153.1,0.0,765.5,Credit card
2025-07-09,ORD5677,Engine Oil,Engine,Retail,5,31.42,0.0,157.1,PayPal
2025-07-10,ORD5678,Engine Oil,Engine,Retail,1,36.27,0.0,36.27,Bank transfer
2025-07-11,ORD5679,Engine Oil,Engine,Retail,5,58.97,0.0,294.85,Bank transfer
2025-07-11,ORD5680,Radiator,Cooling,Retail,2,154.29,0.0,308.58,Cash
2025-07-11,ORD5681,Fuel Pump,Fuel System,Retail,5,163.69,0.0,818.45,Cash
2025-07-11,ORD5682,Water Pump,Cooling,Retail,4,79.07,0.0,316.28,Bank transfer
2025-07-12,ORD5683,Radiator,Cooling,Corporate,14,147.11,50.34,2109.88,Credit card
2025-07-12,ORD5684,Water Pump,Cooling,Corporate,15,69.88,64.12,1112.32,Credit card
2025-07-13,ORD5685,Water Pump,Cooling,Corporate,19,53.73,0.0,1020.87,Cash
2025-07-13,ORD5686,Brake Pads,Braking system,Retail,1,46.79,10.12,56.91,Credit card
2025-07-13,ORD5687,Water Pump,Cooling,Retail,3,69.8,26.98,236.38,PayPal
2025-07-13,ORD5688,Brake Pads,Braking system,Retail,2,71.78,53.8,197.36,Bank transfer
2025-07-14,ORD5689,Shock Absorber,Suspension,Wholesale,35,147.49,25.68,5187.83,PayPal
2025-07-14,ORD5690,Engine Oil,Engine,Retail,3,58.03,0.0,174.09,Cash
2025-07-14,ORD5691,Control Arm,Suspension,Wholesale,45,155.91,0.0,7015.95,Bank transfer
2025-07-15,ORD5692,Battery,Electrical,Retail,3,225.4,0.0,676.2,Bank transfer
2025-07-15,ORD5693,Radiator,Cooling,Retail,2,138.71,8.91,286.33,Bank transfer
2025-07-16,ORD5694,Oil Filter,Engine,Retail,4,21.39,0.0,85.56,Credit card
2025-07-16,ORD5695,Oil Filter,Engine,Retail,4,18.06,0.0,72.24,Bank transfer
2025-07-16,ORD5696,Battery,Electrical,Retail,1,240.82,0.0,240.82,PayPal
2025-07-17,ORD5697,Clutch Kit,Transmission,Retail,4,283.55,0.0,1134.2,PayPal
2025-07-17,ORD5698,Clutch Kit,Transmission,Retail,1,205.96,8.82,214.78,Bank transfer
2025-07-17,ORD5699,Oil Filter,Engine,Wholesale,39,10.51,26.81,436.7,Bank transfer
2025-07-18,ORD5700,Battery,Electrical,Retail,3,157.96,0.0,473.88,Bank transfer
2025-07-18,ORD5701,Fuel Pump,Fuel System,Retail,1,187.17,0.0,187.17,Bank transfer
2025-07-18,ORD5702,Shock Absorber,Suspension,Retail,2,92.38,0.0,184.76,PayPal
2025-07-18,ORD5703,Spark Plugs,Ignition,Wholesale,24,7.7,25.61,210.41,Cash
2025-07-19,ORD5704,Clutch Kit,Transmission,Retail,4,343.12,17.29,1389.77,Cash
2025-07-19,ORD5705,Water Pump,Cooling,Wholesale,11,41.87,0.0,460.57,PayPal
2025-07-19,ORD5706,Water Pump,Cooling,Retail,3,92.43,48.08,325.37,PayPal
2025-07-20,ORD5707,Engine Oil,Engine,Corporate,6,39.81,0.0,238.86,PayPal
2025-07-20,ORD5708,Clutch Kit,Transmission,Wholesale,27,206.11,79.42,5644.39,Cash
2025-07-20,ORD5709,Oil Filter,Engine,Corporate,15,18.4,52.11,328.11,Bank transfer
2025-07-21,ORD5710,Oil Filter,Engine,Corporate,17,14.85,0.0,252.45,Cash
2025-07-22,ORD5711,Radiator,Cooling,Wholesale,12,130.48,78.46,1644.22,Cash
2025-07-22,ORD5712,Radiator,Cooling,Corporate,7,83.89,75.49,662.72,Credit card
2025-07-22,ORD5713,Air Filter,Engine,Retail,3,17.73,37.98,91.17,Credit card
2025-07-22,ORD5714,Engine Oil,Engine,Retail,3,38.97,0.0,116.91,Cash
2025-07-23,ORD5715,Battery,Electrical,Retail,1,178.24,67.75,245.99,Credit card
2025-07-23,ORD5716,Water Pump,Cooling,Retail,4,80.88,0.0,323.52,Cash
2025-07-24,ORD5717,Water Pump,Cooling,Corporate,19,76.89,0.0,1460.91,Bank transfer
2025-07-24,ORD5718,Oil Filter,Engine,Retail,2,21.45,32.24,75.14,PayPal
2025-07-24,ORD5719,Spark Plugs,Ignition,Retail,3,10.38,78.02,109.16,Bank transfer
2025-07-24,ORD5720,Oil Filter,Engine,Retail,4,15.26,70.91,131.95,Credit card
2025-07-25,ORD5721,Brake Rotor,Braking system,Retail,3,98.76,0.0,296.28,Credit card
2025-07-26,ORD5722,Fuel Pump,Fuel System,Wholesale,24,189.53,78.64,4627.36,Credit card
2025-07-26,ORD5723,Clutch Kit,Transmission,Retail,5,398.3,0.0,1991.5,Credit card
2025-07-26,ORD5724,Shock Absorber,Suspension,Retail,1,105.67,38.45,144.12,Cash
2025-07-27,ORD5725,Battery,Electrical,Corporate,6,210.65,0.0,1263.9,Bank transfer
2025-07-28,ORD5726,Brake Rotor,Braking system,Retail,3,41.77,65.26,190.57,Credit card
2025-07-29,ORD5727,Oil Filter,Engine,Retail,1,15.99,0.0,15.99,Cash
2025-07-30,ORD5728,Engine Oil,Engine,Retail,2,51.27,10.95,113.49,Cash
2025-07-30,ORD5729,Control Arm,Suspension,Retail,5,127.57,0.0,637.85,Credit card
2025-07-30,ORD5730,Battery,Electrical,Retail,1,197.17,51.7,248.87,Cash
2025-07-30,ORD5731,Brake Pads,Braking system,Retail,1,60.03,0.0,60.03,Bank transfer
2025-07-31,ORD5732,Engine Oil,Engine,Wholesale,47,36.05,12.97,1707.32,Bank transfer
2025-08-01,ORD5733,Spark Plugs,Ignition,Retail,5,9.94,0.0,49.7,Cash
2025-08-01,ORD5734,Water Pump,Cooling,Retail,2,55.15,72.15,182.45,Cash
2025-08-01,ORD5735,Engine Oil,Engine,Retail,4,53.6,69.57,283.97,Cash
2025-08-01,ORD5736,Shock Absorber,Suspension,Wholesale,37,146.36,16.41,5431.73,Bank transfer
2025-08-02,ORD5737,Brake Pads,Braking system,Retail,4,56.41,0.0,225.64,Bank transfer
2025-08-02,ORD5738,Alternator,Electrical,Wholesale,38,333.79,0.0,12684.02,Bank transfer
2025-08-02,ORD5739,Battery,Electrical,Retail,4,108.69,0.0,434.76,Cash
2025-08-02,ORD5740,Control Arm,Suspension,Retail,3,82.83,0.0,248.49,Credit card
2025-08-03,ORD5741,Clutch Kit,Transmission,Wholesale,10,233.27,0.0,2332.7,PayPal
2025-08-03,ORD5742,Spark Plugs,Ignition,Retail,1,11.73,0.0,11.73,Credit card
2025-08-03,ORD5743,Battery,Electrical,Retail,3,186.26,0.0,558.78,Cash
2025-08-04,ORD5744,Oil Filter,Engine,Retail,2,16.04,41.4,73.48,Cash
2025-08-04,ORD5745,Radiator,Cooling,Retail,2,95.75,0.0,191.5,PayPal
2025-08-05,ORD5746,Spark Plugs,Ignition,Retail,3,8.61,0.0,25.83,PayPal
2025-08-05,ORD5747,Brake Pads,Braking system,Retail,1,35.2,0.0,35.2,Cash
2025-08-05,ORD5748,Spark Plugs,Ignition,Wholesale,42,7.3,55.68,362.28,Credit card
2025-08-06,ORD5749,Oil Filter,Engine,Wholesale,30,17.63,0.0,528.9,Credit card
2025-08-07,ORD5750,Spark Plugs,Ignition,Retail,4,7.93,8.89,40.61,Bank transfer
2025-08-07,ORD5751,Clutch Kit,Transmission,Retail,2,398.44,0.0,796.88,Credit card
2025-08-07,ORD5752,Shock Absorber,Suspension,Retail,5,139.61,0.0,698.05,Bank transfer
2025-08-07,ORD5753,Brake Rotor,Braking system,Retail,1,41.23,0.0,41.23,Bank transfer
2025-08-08,ORD5754,Battery,Electrical,Retail,5,247.2,46.37,1282.37,Bank transfer
2025-08-08,ORD5755,Control Arm,Suspension,Retail,5,91.13,23.98,479.63,Credit card
2025-08-08,ORD5756,Oil Filter,Engine,Retail,3,23.63,0.0,70.89,PayPal
2025-08-09,ORD5757,Alternator,Electrical,Retail,2,219.35,0.0,438.7,PayPal
2025-08-09,ORD5758,Spark Plugs,Ignition,Retail,5,12.96,53.4,118.2,Credit card
2025-08-09,ORD5759,Radiator,Cooling,Retail,1,122.66,0.0,122.66,Cash
2025-08-09,ORD5760,Shock Absorber,Suspension,Retail,5,121.5,47.69,655.19,PayPal
2025-08-10,ORD5761,Alternator,Electrical,Retail,5,327.29,71.29,1707.74,Cash
2025-08-10,ORD5762,Water Pump,Cooling,Wholesale,10,46.28,75.22,538.02,Cash
2025-08-10,ORD5763,Control Arm,Suspension,Corporate,17,128.49,42.12,2226.45,Bank transfer
2025-08-11,ORD5764,Spark Plugs,Ignition,Wholesale,36,9.11,0.0,327.96,Bank transfer
2025-08-11,ORD5765,Spark Plugs,Ignition,Retail,5,14.91,0.0,74.55,Bank transfer
2025-08-12,ORD5766,Air Filter,Engine,Wholesale,46,20.07,0.0,923.22,Cash
2025-08-12,ORD5767,Radiator,Cooling,Retail,2,181.65,0.0,363.3,Cash
2025-08-13,ORD5768,Radiator,Cooling,Retail,3,141.65,0.0,424.95,Bank transfer
2025-08-13,ORD5769,Control Arm,Suspension,Retail,2,111.02,62.84,284.88,Credit card
2025-08-13,ORD5770,Fuel Pump,Fuel System,Retail,1,150.15,37.53,187.68,PayPal
2025-08-14,ORD5771,Brake Pads,Braking system,Corporate,18,49.43,0.0,889.74,PayPal
2025-08-14,ORD5772,Engine Oil,Engine,Retail,4,58.44,46.75,280.51,Cash
2025-08-15,ORD5773,Brake Pads,Braking system,Retail,2,53.66,0.0,107.32,Cash
2025-08-16,ORD5774,Brake Pads,Braking system,Corporate,18,65.68,0.0,1182.24,Bank transfer
2025-08-16,ORD5775,Oil Filter,Engine,Retail,5,11.2,0.0,56.0,Credit card
2025-08-17,ORD5776,Oil Filter,Engine,Retail,3,24.35,71.86,144.91,PayPal
2025-08-18,ORD5777,Alternator,Electrical,Retail,2,297.67,65.79,661.13,Cash
2025-08-19,ORD5778,Brake Pads,Braking system,Retail,1,74.12,0.0,74.12,Credit card
2025-08-20,ORD5779,Engine Oil,Engine,Retail,5,56.51,65.6,348.15,PayPal
2025-08-20,ORD5780,Engine Oil,Engine,Retail,1,58.28,0.0,58.28,PayPal
2025-08-20,ORD5781,Oil Filter,Engine,Retail,3,10.45,0.0,31.35,Cash
2025-08-20,ORD5782,Battery,Electrical,Retail,5,235.14,0.0,1175.7,Bank transfer
2025-08-21,ORD5783,Radiator,Cooling,Retail,5,197.36,12.3,999.1,Bank transfer
2025-08-21,ORD5784,Air Filter,Engine,Retail,1,22.07,0.0,22.07,Cash
2025-08-21,ORD5785,Spark Plugs,Ignition,Retail,2,13.3,0.0,26.6,PayPal
2025-08-22,ORD5786,Shock Absorber,Suspension,Retail,4,74.93,0.0,299.72,Credit card
2025-08-22,ORD5787,Clutch Kit,Transmission,Wholesale,29,328.15,77.31,9593.66,Bank transfer
2025-08-22,ORD5788,Air Filter,Engine,Corporate,18,15.15,0.0,272.7,Credit card
2025-08-22,ORD5789,Clutch Kit,Transmission,Retail,1,406.57,0.0,406.57,Bank transfer
2025-08-23,ORD5790,Fuel Pump,Fuel System,Corporate,13,206.04,15.12,2693.64,PayPal
2025-08-23,ORD5791,Brake Rotor,Braking system,Retail,1,77.06,0.0,77.06,Credit card
2025-08-24,ORD5792,Spark Plugs,Ignition,Corporate,13,13.47,0.0,175.11,Credit card
2025-08-25,ORD5793,Fuel Pump,Fuel System,Retail,2,166.47,0.0,332.94,Cash
2025-08-26,ORD5794,Air Filter,Engine,Retail,2,17.03,0.0,34.06,PayPal
2025-08-27,ORD5795,Control Arm,Suspension,Wholesale,29,97.49,0.0,2827.21,PayPal
2025-08-27,ORD5796,Fuel Pump,Fuel System,Wholesale,45,128.04,0.0,5761.8,PayPal
2025-08-27,ORD5797,Air Filter,Engine,Retail,1,32.37,0.0,32.37,PayPal
2025-08-28,ORD5798,Oil Filter,Engine,Retail,4,12.49,10.92,60.88,Credit card
2025-08-29,ORD5799,Battery,Electrical,Retail,4,112.08,0.0,448.32,Credit card
2025-08-29,ORD5800,Fuel Pump,Fuel System,Retail,2,133.34,0.0,266.68,Credit card
2025-08-30,ORD5801,Brake Rotor,Braking system,Retail,4,56.96,22.05,249.89,Cash
2025-08-30,ORD5802,Brake Rotor,Braking system,Retail,4,41.04,63.88,228.04,Credit card
2025-08-30,ORD5803,Spark Plugs,Ignition,Retail,3,8.48,0.0,25.44,Cash
2025-08-31,ORD5804,Control Arm,Suspension,Retail,5,102.78,73.67,587.57,Credit card
2025-09-01,ORD5805,Brake Pads,Braking system,Retail,5,29.71,5.35,153.9,Bank transfer
2025-09-02,ORD5806,Oil Filter,Engine,Retail,4,23.81,0.0,95.24,Bank transfer
2025-09-02,ORD5807,Water Pump,Cooling,Wholesale,22,76.38,55.66,1736.02,Cash
2025-09-02,ORD5808,Oil Filter,Engine,Wholesale,37,17.28,60.12,699.48,Credit card
2025-09-03,ORD5809,Air Filter,Engine,Retail,3,21.54,22.36,86.98,PayPal
2025-09-03,ORD5810,Engine Oil,Engine,Wholesale,30,34.28,0.0,1028.4,Bank transfer
2025-09-03,ORD5811,Oil Filter,Engine,Wholesale,19,17.4,60.88,391.48,Cash
2025-09-04,ORD5812,Fuel Pump,Fuel System,Retail,1,213.62,0.0,213.62,Credit card
2025-09-04,ORD5813,Air Filter,Engine,Retail,2,33.26,0.0,66.52,Cash
2025-09-04,ORD5814,Radiator,Cooling,Retail,4,154.12,0.0,616.48,Credit card
2025-09-04,ORD5815,Engine Oil,Engine,Retail,1,45.62,0.0,45.62,Bank transfer
2025-09-05,ORD5816,Brake Rotor,Braking system,Retail,3,59.85,0.0,179.55,PayPal
2025-09-05,ORD5817,Spark Plugs,Ignition,Retail,4,13.55,54.96,109.16,Credit card
2025-09-05,ORD5818,Water Pump,Cooling,Retail,2,119.23,44.01,282.47,Bank transfer
2025-09-06,ORD5819,Radiator,Cooling,Retail,2,115.91,36.44,268.26,Credit card
2025-09-06,ORD5820,Engine Oil,Engine,Retail,5,49.59,23.15,271.1,Bank transfer
2025-09-06,ORD5821,Fuel Pump,Fuel System,Corporate,15,219.8,0.0,3297.0,Credit card
2025-09-07,ORD5822,Control Arm,Suspension,Retail,4,165.15,5.07,665.67,Bank transfer
2025-09-07,ORD5823,Air Filter,Engine,Retail,3,19.71,0.0,59.13,Bank transfer
2025-09-08,ORD5824,Control Arm,Suspension,Retail,3,72.66,0.0,217.98,Credit card
2025-09-08,ORD5825,Air Filter,Engine,Retail,2,19.22,0.0,38.44,Cash
2025-09-09,ORD5826,Brake Rotor,Braking system,Retail,1,43.79,9.72,53.51,PayPal
2025-09-09,ORD5827,Air Filter,Engine,Retail,1,16.63,73.52,90.15,PayPal
2025-09-09,ORD5828,Engine Oil,Engine,Wholesale,42,35.25,0.0,1480.5,PayPal
2025-09-09,ORD5829,Fuel Pump,Fuel System,Corporate,18,210.07,22.65,3803.91,Cash
2025-09-10,ORD5830,Engine Oil,Engine,Retail,5,30.37,74.74,226.59,PayPal
2025-09-10,ORD5831,Control Arm,Suspension,Retail,3,75.89,0.0,227.67,Credit card
2025-09-11,ORD5832,Water Pump,Cooling,Retail,5,55.65,0.0,278.25,PayPal
2025-09-11,ORD5833,Oil Filter,Engine,Retail,1,21.76,65.55,87.31,Credit card
2025-09-12,ORD5834,Shock Absorber,Suspension,Retail,4,134.12,0.0,536.48,PayPal
2025-09-12,ORD5835,Oil Filter,Engine,Wholesale,36,21.48,46.28,819.56,Cash
2025-09-12,ORD5836,Alternator,Electrical,Wholesale,18,159.2,0.0,2865.6,PayPal
2025-09-12,ORD5837,Alternator,Electrical,Retail,5,242.21,0.0,1211.05,Bank transfer
2025-09-13,ORD5838,Brake Pads,Braking system,Retail,3,78.6,37.63,273.43,PayPal
2025-09-13,ORD5839,Battery,Electrical,Wholesale,39,125.25,0.0,4884.75,PayPal
2025-09-13,ORD5840,Control Arm,Suspension,Retail,1,163.64,0.0,163.64,Cash
2025-09-13,ORD5841,Engine Oil,Engine,Retail,3,48.95,76.88,223.73,Credit card
2025-09-14,ORD5842,Brake Rotor,Braking system,Retail,1,99.2,51.64,150.84,Cash
2025-09-14,ORD5843,Battery,Electrical,Retail,4,121.08,71.66,555.98,Bank transfer
2025-09-14,ORD5844,Shock Absorber,Suspension,Retail,2,124.23,0.0,248.46,PayPal
2025-09-14,ORD5845,Clutch Kit,Transmission,Retail,4,349.51,0.0,1398.04,Credit card
2025-09-15,ORD5846,Brake Pads,Braking system,Retail,4,57.69,22.72,253.48,Bank transfer
2025-09-15,ORD5847,Clutch Kit,Transmission,Retail,2,325.48,0.0,650.96,Bank transfer
2025-09-15,ORD5848,Battery,Electrical,Wholesale,25,247.44,46.46,6232.46,Credit card
2025-09-16,ORD5849,Oil Filter,Engine,Retail,1,21.16,0.0,21.16,Credit card
2025-09-16,ORD5850,Brake Rotor,Braking system,Retail,4,92.98,0.0,371.92,Bank transfer
2025-09-16,ORD5851,Alternator,Electrical,Retail,3,167.1,0.0,501.3,PayPal
2025-09-16,ORD5852,Fuel Pump,Fuel System,Retail,3,122.55,11.02,378.67,Credit card
2025-09-17,ORD5853,Spark Plugs,Ignition,Wholesale,48,8.62,0.0,413.76,Cash
2025-09-17,ORD5854,Water Pump,Cooling,Wholesale,33,77.63,0.0,2561.79,PayPal
2025-09-17,ORD5855,Battery,Electrical,Wholesale,49,124.68,38.31,6147.63,Bank transfer
2025-09-18,ORD5856,Fuel Pump,Fuel System,Wholesale,38,138.32,49.02,5305.18,Cash
2025-09-19,ORD5857,Clutch Kit,Transmission,Retail,2,387.34,71.77,846.45,Bank transfer
2025-09-20,ORD5858,Radiator,Cooling,Retail,5,164.61,70.4,893.45,Credit card
2025-09-20,ORD5859,Clutch Kit,Transmission,Retail,4,358.5,0.0,1434.0,Cash
2025-09-21,ORD5860,Engine Oil,Engine,Retail,5,31.4,0.0,157.0,Cash
2025-09-21,ORD5861,Alternator,Electrical,Retail,1,151.5,0.0,151.5,Credit card
2025-09-21,ORD5862,Oil Filter,Engine,Retail,2,20.46,0.0,40.92,Bank transfer
2025-09-22,ORD5863,Radiator,Cooling,Retail,2,177.15,54.52,408.82,Credit card
2025-09-22,ORD5864,Fuel Pump,Fuel System,Corporate,9,173.18,0.0,1558.62,PayPal
2025-09-22,ORD5865,Alternator,Electrical,Corporate,13,177.16,47.21,2350.29,Cash
2025-09-22,ORD5866,Engine Oil,Engine,Retail,4,31.2,61.07,185.87,PayPal
2025-09-23,ORD5867,Air Filter,Engine,Wholesale,28,20.97,0.0,587.16,Cash
2025-09-23,ORD5868,Shock Absorber,Suspension,Corporate,17,115.14,0.0,1957.38,Bank transfer
2025-09-23,ORD5869,Control Arm,Suspension,Wholesale,31,126.85,0.0,3932.35,Cash
2025-09-24,ORD5870,Clutch Kit,Transmission,Wholesale,41,444.43,0.0,18221.63,Bank transfer
2025-09-24,ORD5871,Water Pump,Cooling,Retail,5,88.65,36.55,479.8,Credit card
2025-09-25,ORD5872,Brake Rotor,Braking system,Retail,5,54.69,48.02,321.47,Credit card
2025-09-25,ORD5873,Control Arm,Suspension,Retail,1,162.94,27.74,190.68,Bank transfer
2025-09-25,ORD5874,Shock Absorber,Suspension,Wholesale,17,123.21,0.0,2094.57,Bank transfer
2025-09-25,ORD5875,Fuel Pump,Fuel System,Retail,5,167.81,24.53,863.58,Cash
2025-09-26,ORD5876,Clutch Kit,Transmission,Retail,1,399.41,73.3,472.71,Bank transfer
2025-09-27,ORD5877,Brake Pads,Braking system,Retail,5,24.32,0.0,121.6,Bank transfer
2025-09-27,ORD5878,Clutch Kit,Transmission,Retail,1,396.79,61.79,458.58,Cash
2025-09-28,ORD5879,Engine Oil,Engine,Retail,5,42.3,0.0,211.5,PayPal
2025-09-28,ORD5880,Brake Pads,Braking system,Wholesale,11,78.09,20.46,879.45,Bank transfer
2025-09-28,ORD5881,Radiator,Cooling,Retail,4,160.55,0.0,642.2,PayPal
2025-09-28,ORD5882,Alternator,Electrical,Corporate,7,295.42,0.0,2067.94,Bank transfer
2025-09-29,ORD5883,Brake Rotor,Braking system,Retail,3,65.03,72.78,267.87,PayPal
2025-09-30,ORD5884,Fuel Pump,Fuel System,Retail,1,193.82,0.0,193.82,Credit card
2025-09-30,ORD5885,Air Filter,Engine,Wholesale,46,28.31,68.18,1370.44,Credit card
2025-09-30,ORD5886,Radiator,Cooling,Retail,3,196.87,9.68,600.29,PayPal
2025-09-30,ORD5887,Air Filter,Engine,Retail,4,26.41,71.54,177.18,Credit card
2025-10-01,ORD5888,Control Arm,Suspension,Retail,1,173.62,23.96,197.58,Cash
2025-10-01,ORD5889,Oil Filter,Engine,Retail,3,17.69,30.64,83.71,Bank transfer
2025-10-01,ORD5890,Engine Oil,Engine,Retail,4,45.25,42.24,223.24,Cash
2025-10-02,ORD5891,Spark Plugs,Ignition,Retail,3,10.1,14.3,44.6,Credit card
2025-10-03,ORD5892,Alternator,Electrical,Corporate,5,293.4,72.55,1539.55,PayPal
2025-10-03,ORD5893,Oil Filter,Engine,Wholesale,15,16.17,0.0,242.55,PayPal
2025-10-03,ORD5894,Engine Oil,Engine,Retail,2,42.95,9.87,95.77,PayPal
2025-10-04,ORD5895,Air Filter,Engine,Corporate,13,22.6,45.08,338.88,Bank transfer
2025-10-04,ORD5896,Oil Filter,Engine,Wholesale,45,12.87,0.0,579.15,Credit card
2025-10-04,ORD5897,Spark Plugs,Ignition,Retail,4,10.29,0.0,41.16,PayPal
2025-10-05,ORD5898,Fuel Pump,Fuel System,Retail,1,121.11,39.84,160.95,PayPal
2025-10-05,ORD5899,Air Filter,Engine,Wholesale,25,27.94,0.0,698.5,Bank transfer
2025-10-05,ORD5900,Brake Rotor,Braking system,Corporate,10,98.87,0.0,988.7,Credit card
2025-10-06,ORD5901,Fuel Pump,Fuel System,Wholesale,21,180.99,0.0,3800.79,Credit card
2025-10-06,ORD5902,Engine Oil,Engine,Retail,4,57.13,0.0,228.52,PayPal
2025-10-06,ORD5903,Water Pump,Cooling,Retail,5,87.79,0.0,438.95,Cash
2025-10-06,ORD5904,Battery,Electrical,Corporate,5,175.91,0.0,879.55,Cash
2025-10-07,ORD5905,Air Filter,Engine,Retail,4,21.77,22.12,109.2,PayPal
2025-10-07,ORD5906,Brake Rotor,Braking system,Wholesale,10,95.34,33.33,986.73,Cash
2025-10-07,ORD5907,Alternator,Electrical,Retail,3,213.69,21.85,662.92,PayPal
2025-10-08,ORD5908,Oil Filter,Engine,Retail,2,17.74,0.0,35.48,Credit card
2025-10-08,ORD5909,Battery,Electrical,Retail,1,155.99,0.0,155.99,Cash
2025-10-08,ORD5910,Alternator,Electrical,Retail,1,160.84,0.0,160.84,Bank transfer
2025-10-09,ORD5911,Brake Pads,Braking system,Retail,2,22.22,0.0,44.44,Cash
2025-10-09,ORD5912,Alternator,Electrical,Retail,1,215.28,34.4,249.68,PayPal
2025-10-09,ORD5913,Fuel Pump,Fuel System,Retail,4,168.62,51.54,726.02,Credit card
2025-10-10,ORD5914,Brake Pads,Braking system,Retail,1,45.67,0.0,45.67,PayPal
2025-10-10,ORD5915,Spark Plugs,Ignition,Wholesale,28,7.77,17.2,234.76,Bank transfer
2025-10-11,ORD5916,Alternator,Electrical,Retail,5,229.38,0.0,1146.9,Cash
2025-10-11,ORD5917,Alternator,Electrical,Retail,2,299.07,0.0,598.14,Credit card
2025-10-11,ORD5918,Alternator,Electrical,Retail,5,248.94,0.0,1244.7,PayPal
2025-10-11,ORD5919,Oil Filter,Engine,Corporate,17,18.99,18.58,341.41,Credit card
2025-10-12,ORD5920,Spark Plugs,Ignition,Retail,2,9.38,0.0,18.76,Cash
2025-10-13,ORD5921,Fuel Pump,Fuel System,Wholesale,25,161.1,0.0,4027.5,Bank transfer
2025-10-13,ORD5922,Brake Pads,Braking system,Wholesale,31,77.25,52.01,2446.76,Credit card
2025-10-13,ORD5923,Clutch Kit,Transmission,Wholesale,31,371.24,0.0,11508.44,Cash
2025-10-13,ORD5924,Shock Absorber,Suspension,Retail,1,130.42,0.0,130.42,PayPal
2025-10-14,ORD5925,Fuel Pump,Fuel System,Retail,3,165.2,0.0,495.6,Credit card
2025-10-14,ORD5926,Engine Oil,Engine,Retail,5,36.22,36.7,217.8,PayPal
2025-10-14,ORD5927,Alternator,Electrical,Corporate,16,259.85,76.74,4234.34,Credit card
2025-10-15,ORD5928,Spark Plugs,Ignition,Retail,3,8.39,0.0,25.17,Cash
2025-10-15,ORD5929,Fuel Pump,Fuel System,Wholesale,43,121.68,0.0,5232.24,PayPal
2025-10-15,ORD5930,Shock Absorber,Suspension,Corporate,6,129.88,0.0,779.28,Bank transfer
2025-10-16,ORD5931,Oil Filter,Engine,Retail,5,10.58,0.0,52.9,Bank transfer
2025-10-17,ORD5932,Control Arm,Suspension,Retail,2,160.69,0.0,321.38,Cash
2025-10-18,ORD5933,Air Filter,Engine,Corporate,10,17.11,0.0,171.1,Credit card
2025-10-18,ORD5934,Brake Rotor,Braking system,Retail,1,67.13,0.0,67.13,Bank transfer
2025-10-19,ORD5935,Battery,Electrical,Wholesale,40,189.61,24.41,7608.81,PayPal
2025-10-19,ORD5936,Oil Filter,Engine,Retail,2,17.89,0.0,35.78,Cash
2025-10-19,ORD5937,Shock Absorber,Suspension,Retail,4,118.95,73.6,549.4,Cash
2025-10-19,ORD5938,Battery,Electrical,Retail,1,169.47,49.29,218.76,PayPal
2025-10-20,ORD5939,Alternator,Electrical,Retail,5,289.81,0.0,1449.05,PayPal
2025-10-20,ORD5940,Clutch Kit,Transmission,Wholesale,42,341.14,65.08,14392.96,Cash
2025-10-20,ORD5941,Radiator,Cooling,Retail,5,149.23,0.0,746.15,PayPal
2025-10-20,ORD5942,Water Pump,Cooling,Retail,2,74.66,0.0,149.32,Credit card
2025-10-21,ORD5943,Clutch Kit,Transmission,Retail,2,253.26,0.0,506.52,Credit card
2025-10-21,ORD5944,Spark Plugs,Ignition,Retail,1,11.78,0.0,11.78,Credit card
2025-10-21,ORD5945,Fuel Pump,Fuel System,Retail,3,95.63,10.66,297.55,Bank transfer
2025-10-22,ORD5946,Spark Plugs,Ignition,Retail,3,6.78,49.46,69.8,Cash
2025-10-23,ORD5947,Fuel Pump,Fuel System,Retail,2,127.11,51.42,305.64,Bank transfer
2025-10-24,ORD5948,Alternator,Electrical,Retail,3,324.61,14.65,988.48,Cash
2025-10-24,ORD5949,Battery,Electrical,Corporate,12,189.14,0.0,2269.68,Bank transfer
2025-10-25,ORD5950,Alternator,Electrical,Wholesale,25,226.37,26.77,5686.02,PayPal
2025-10-26,ORD5951,Brake Rotor,Braking system,Retail,3,74.15,58.27,280.72,Credit card
2025-10-26,ORD5952,Spark Plugs,Ignition,Retail,2,5.85,14.38,26.08,Credit card
2025-10-26,ORD5953,Spark Plugs,Ignition,Retail,1,9.03,25.4,34.43,Bank transfer
2025-10-26,ORD5954,Brake Pads,Braking system,Wholesale,13,40.02,57.73,577.99,Cash
2025-10-27,ORD5955,Brake Rotor,Braking system,Retail,4,89.8,24.14,383.34,Credit card
2025-10-27,ORD5956,Air Filter,Engine,Retail,4,29.28,0.0,117.12,Credit card
2025-10-28,ORD5957,Control Arm,Suspension,Retail,4,112.81,0.0,451.24,Credit card
2025-10-28,ORD5958,Water Pump,Cooling,Retail,3,45.24,41.76,177.48,Bank transfer
2025-10-28,ORD5959,Brake Pads,Braking system,Retail,1,35.02,0.0,35.02,Credit card
2025-10-28,ORD5960,Control Arm,Suspension,Retail,1,169.92,0.0,169.92,Credit card
2025-10-29,ORD5961,Control Arm,Suspension,Retail,4,75.53,0.0,302.12,PayPal
2025-10-29,ORD5962,Radiator,Cooling,Retail,5,129.46,79.4,726.7,PayPal
2025-10-29,ORD5963,Battery,Electrical,Retail,4,232.86,38.07,969.51,PayPal
2025-10-29,ORD5964,Air Filter,Engine,Retail,4,31.54,0.0,126.16,Bank transfer
2025-10-30,ORD5965,Clutch Kit,Transmission,Retail,5,417.62,0.0,2088.1,Bank transfer
2025-10-30,ORD5966,Spark Plugs,Ignition,Retail,1,14.3,9.94,24.24,Credit card
2025-10-31,ORD5967,Shock Absorber,Suspension,Retail,4,67.12,0.0,268.48,Cash
2025-10-31,ORD5968,Battery,Electrical,Retail,3,107.92,28.79,352.55,PayPal
2025-11-01,ORD5969,Engine Oil,Engine,Retail,3,56.92,0.0,170.76,Bank transfer
2025-11-02,ORD5970,Spark Plugs,Ignition,Wholesale,48,10.01,0.0,480.48,PayPal
2025-11-02,ORD5971,Oil Filter,Engine,Retail,5,15.44,0.0,77.2,Credit card
2025-11-02,ORD5972,Fuel Pump,Fuel System,Retail,2,153.13,75.63,381.89,Cash
2025-11-02,ORD5973,Brake Pads,Braking system,Retail,4,71.2,0.0,284.8,PayPal
2025-11-03,ORD5974,Brake Rotor,Braking system,Wholesale,26,64.16,7.35,1675.51,Credit card
2025-11-04,ORD5975,Alternator,Electrical,Retail,5,349.2,0.0,1746.0,Credit card
2025-11-05,ORD5976,Alternator,Electrical,Retail,5,229.04,0.0,1145.2,PayPal
2025-11-06,ORD5977,Battery,Electrical,Retail,2,174.1,0.0,348.2,Credit card
2025-11-06,ORD5978,Shock Absorber,Suspension,Retail,5,93.74,0.0,468.7,Cash
2025-11-06,ORD5979,Shock Absorber,Suspension,Retail,5,149.73,19.8,768.45,Bank transfer
2025-11-07,ORD5980,Clutch Kit,Transmission,Retail,5,249.3,46.4,1292.9,PayPal
2025-11-07,ORD5981,Alternator,Electrical,Wholesale,14,349.96,0.0,4899.44,Bank transfer
2025-11-07,ORD5982,Brake Pads,Braking system,Retail,2,49.45,21.76,120.66,Bank transfer
2025-11-08,ORD5983,Brake Pads,Braking system,Corporate,9,71.93,0.0,647.37,Cash
2025-11-08,ORD5984,Control Arm,Suspension,Wholesale,30,173.88,77.57,5293.97,Bank transfer
2025-11-09,ORD5985,Alternator,Electrical,Retail,3,316.66,0.0,949.98,PayPal
2025-11-09,ORD5986,Spark Plugs,Ignition,Retail,4,7.23,32.8,61.72,Credit card
2025-11-09,ORD5987,Water Pump,Cooling,Wholesale,23,81.84,5.66,1887.98,Credit card
2025-11-09,ORD5988,Shock Absorber,Suspension,Retail,1,130.32,0.0,130.32,PayPal
2025-11-10,ORD5989,Brake Pads,Braking system,Wholesale,20,59.34,79.34,1266.14,Credit card
2025-11-10,ORD5990,Clutch Kit,Transmission,Retail,4,254.29,26.77,1043.93,Bank transfer
2025-11-10,ORD5991,Fuel Pump,Fuel System,Retail,5,215.66,0.0,1078.3,Bank transfer
2025-11-11,ORD5992,Water Pump,Cooling,Retail,4,102.53,20.57,430.69,Cash
2025-11-11,ORD5993,Engine Oil,Engine,Corporate,19,40.21,40.65,804.64,PayPal
2025-11-11,ORD5994,Radiator,Cooling,Wholesale,25,117.73,0.0,2943.25,PayPal
2025-11-11,ORD5995,Spark Plugs,Ignition,Retail,3,12.38,77.78,114.92,PayPal
2025-11-12,ORD5996,Spark Plugs,Ignition,Retail,3,6.56,0.0,19.68,Credit card
2025-11-13,ORD5997,Fuel Pump,Fuel System,Corporate,19,213.27,0.0,4052.13,Cash
2025-11-13,ORD5998,Engine Oil,Engine,Retail,5,50.05,0.0,250.25,Cash
2025-11-13,ORD5999,Alternator,Electrical,Corporate,6,334.22,50.32,2055.64,PayPal
2025-11-13,ORD6000,Engine Oil,Engine,Retail,3,54.02,0.0,162.06,Credit card
2025-11-14,ORD6001,Battery,Electrical,Retail,1,176.21,0.0,176.21,Cash
2025-11-15,ORD6002,Brake Pads,Braking system,Wholesale,36,71.78,0.0,2584.08,Bank transfer
2025-11-15,ORD6003,Engine Oil,Engine,Retail,5,40.07,49.49,249.84,Bank transfer
2025-11-15,ORD6004,Water Pump,Cooling,Wholesale,26,55.79,12.22,1462.76,Credit card
2025-11-16,ORD6005,Spark Plugs,Ignition,Wholesale,43,7.68,0.0,330.24,Cash
2025-11-16,ORD6006,Engine Oil,Engine,Wholesale,38,53.79,31.08,2075.1,PayPal
2025-11-17,ORD6007,Control Arm,Suspension,Retail,4,89.89,69.2,428.76,PayPal
2025-11-18,ORD6008,Engine Oil,Engine,Wholesale,37,51.61,40.24,1949.81,PayPal
2025-11-18,ORD6009,Fuel Pump,Fuel System,Corporate,7,141.32,0.0,989.24,Credit card
2025-11-18,ORD6010,Air Filter,Engine,Retail,1,16.63,27.89,44.52,Bank transfer
2025-11-18,ORD6011,Alternator,Electrical,Wholesale,46,157.25,0.0,7233.5,Bank transfer
2025-11-19,ORD6012,Engine Oil,Engine,Retail,2,34.31,63.58,132.2,Credit card
2025-11-19,ORD6013,Spark Plugs,Ignition,Corporate,12,8.35,0.0,100.2,Credit card
2025-11-19,ORD6014,Shock Absorber,Suspension,Retail,5,83.32,0.0,416.6,Cash
2025-11-19,ORD6015,Engine Oil,Engine,Retail,1,56.64,0.0,56.64,Credit card
2025-11-20,ORD6016,Radiator,Cooling,Retail,1,129.43,0.0,129.43,Bank transfer
2025-11-20,ORD6017,Battery,Electrical,Retail,1,177.55,67.24,244.79,Bank transfer
2025-11-20,ORD6018,Brake Pads,Braking system,Wholesale,42,76.05,0.0,3194.1,Cash
2025-11-21,ORD6019,Spark Plugs,Ignition,Retail,2,11.01,0.0,22.02,Bank transfer
2025-11-21,ORD6020,Control Arm,Suspension,Retail,1,129.87,64.99,194.86,PayPal
2025-11-22,ORD6021,Control Arm,Suspension,Retail,4,170.54,0.0,682.16,Cash
2025-11-22,ORD6022,Engine Oil,Engine,Retail,4,36.01,5.25,149.29,Bank transfer
2025-11-23,ORD6023,Radiator,Cooling,Retail,5,147.39,0.0,736.95,Bank transfer
2025-11-23,ORD6024,Control Arm,Suspension,Retail,5,161.48,52.9,860.3,Bank transfer
2025-11-23,ORD6025,Spark Plugs,Ignition,Corporate,9,6.74,0.0,60.66,PayPal
2025-11-23,ORD6026,Control Arm,Suspension,Corporate,19,100.02,0.0,1900.38,Bank transfer
2025-11-24,ORD6027,Shock Absorber,Suspension,Retail,3,92.87,69.53,348.14,Bank transfer
2025-11-25,ORD6028,Brake Rotor,Braking system,Retail,1,71.77,8.33,80.1,PayPal
2025-11-25,ORD6029,Radiator,Cooling,Retail,3,167.79,55.76,559.13,Credit card
2025-11-25,ORD6030,Brake Rotor,Braking system,Retail,1,66.75,0.0,66.75,Bank transfer
2025-11-25,ORD6031,Clutch Kit,Transmission,Retail,2,393.93,0.0,787.86,Cash
2025-11-26,ORD6032,Battery,Electrical,Wholesale,17,155.11,10.23,2647.1,Credit card
2025-11-27,ORD6033,Spark Plugs,Ignition,Retail,4,12.69,0.0,50.76,Bank transfer
2025-11-28,ORD6034,Control Arm,Suspension,Retail,2,162.61,22.85,348.07,Cash
2025-11-28,ORD6035,Shock Absorber,Suspension,Wholesale,37,110.99,0.0,4106.63,Credit card
2025-11-29,ORD6036,Engine Oil,Engine,Retail,1,57.12,0.0,57.12,Cash
2025-11-30,ORD6037,Clutch Kit,Transmission,Wholesale,46,208.27,79.15,9659.57,Bank transfer
2025-11-30,ORD6038,Engine Oil,Engine,Retail,3,46.09,28.57,166.84,Cash
2025-11-30,ORD6039,Brake Pads,Braking system,Retail,3,29.38,74.26,162.4,Bank transfer
2025-11-30,ORD6040,Engine Oil,Engine,Retail,3,32.41,0.0,97.23,Cash
2025-12-01,ORD6041,Clutch Kit,Transmission,Retail,4,231.61,0.0,926.44,Credit card
2025-12-01,ORD6042,Battery,Electrical,Wholesale,29,209.38,0.0,6072.02,Credit card
2025-12-02,ORD6043,Clutch Kit,Transmission,Retail,5,361.65,63.4,1871.65,PayPal
2025-12-03,ORD6044,Radiator,Cooling,Retail,5,83.26,0.0,416.3,Credit card
2025-12-03,ORD6045,Brake Pads,Braking system,Retail,1,37.87,69.33,107.2,Credit card
2025-12-03,ORD6046,Alternator,Electrical,Wholesale,46,284.08,0.0,13067.68,Bank transfer
2025-12-03,ORD6047,Oil Filter,Engine,Retail,1,10.4,18.86,29.26,Credit card
2025-12-04,ORD6048,Air Filter,Engine,Retail,2,26.64,0.0,53.28,Cash
2025-12-04,ORD6049,Control Arm,Suspension,Retail,4,96.79,0.0,387.16,Bank transfer
2025-12-04,ORD6050,Spark Plugs,Ignition,Corporate,9,6.57,0.0,59.13,Credit card
2025-12-04,ORD6051,Alternator,Electrical,Retail,1,311.67,29.84,341.51,Bank transfer
2025-12-05,ORD6052,Shock Absorber,Suspension,Retail,4,133.33,0.0,533.32,Bank transfer
2025-12-05,ORD6053,Alternator,Electrical,Retail,5,237.37,0.0,1186.85,PayPal
2025-12-06,ORD6054,Alternator,Electrical,Retail,4,322.98,0.0,1291.92,Cash
2025-12-06,ORD6055,Shock Absorber,Suspension,Retail,4,105.44,0.0,421.76,PayPal
2025-12-07,ORD6056,Brake Rotor,Braking system,Retail,4,80.74,0.0,322.96,Bank transfer
2025-12-07,ORD6057,Engine Oil,Engine,Retail,3,33.79,60.82,162.19,Credit card
2025-12-08,ORD6058,Clutch Kit,Transmission,Wholesale,11,407.12,0.0,4478.32,Cash
2025-12-08,ORD6059,Alternator,Electrical,Retail,5,331.34,0.0,1656.7,Credit card
2025-12-09,ORD6060,Spark Plugs,Ignition,Retail,5,10.2,0.0,51.0,PayPal
2025-12-09,ORD6061,Fuel Pump,Fuel System,Retail,5,147.83,34.15,773.3,PayPal
2025-12-10,ORD6062,Oil Filter,Engine,Wholesale,47,10.97,46.28,561.87,Cash
2025-12-10,ORD6063,Fuel Pump,Fuel System,Wholesale,19,172.79,0.0,3283.01,Credit card
2025-12-10,ORD6064,Clutch Kit,Transmission,Retail,3,397.87,17.41,1211.02,Credit card
2025-12-10,ORD6065,Spark Plugs,Ignition,Wholesale,24,11.45,0.0,274.8,Bank transfer
2025-12-11,ORD6066,Shock Absorber,Suspension,Corporate,6,74.8,21.48,470.28,Cash
2025-12-11,ORD6067,Brake Pads,Braking system,Retail,5,38.8,0.0,194.0,Bank transfer
2025-12-11,ORD6068,Clutch Kit,Transmission,Wholesale,29,420.06,6.08,12187.82,Cash
2025-12-12,ORD6069,Air Filter,Engine,Retail,2,15.55,0.0,31.1,Bank transfer
2025-12-12,ORD6070,Fuel Pump,Fuel System,Retail,5,181.12,0.0,905.6,Bank transfer
2025-12-12,ORD6071,Clutch Kit,Transmission,Retail,3,364.65,0.0,1093.95,Bank transfer
2025-12-13,ORD6072,Engine Oil,Engine,Retail,4,40.98,54.68,218.6,Bank transfer
2025-12-14,ORD6073,Alternator,Electrical,Retail,3,154.48,79.38,542.82,Cash
2025-12-14,ORD6074,Water Pump,Cooling,Retail,4,61.06,53.82,298.06,Credit card
2025-12-15,ORD6075,Battery,Electrical,Retail,5,233.32,56.18,1222.78,Credit card
2025-12-15,ORD6076,Brake Rotor,Braking system,Retail,3,88.1,74.54,338.84,Bank transfer
2025-12-15,ORD6077,Alternator,Electrical,Retail,4,151.53,0.0,606.12,Credit card
2025-12-16,ORD6078,Spark Plugs,Ignition,Retail,2,14.28,39.42,67.98,Cash
2025-12-16,ORD6079,Brake Rotor,Braking system,Retail,5,89.81,30.32,479.37,Cash
2025-12-16,ORD6080,Control Arm,Suspension,Retail,3,134.53,0.0,403.59,Credit card
2025-12-16,ORD6081,Control Arm,Suspension,Retail,3,146.45,0.0,439.35,PayPal
2025-12-17,ORD6082,Engine Oil,Engine,Corporate,8,47.88,0.0,383.04,Bank transfer
2025-12-18,ORD6083,Alternator,Electrical,Retail,3,152.73,21.28,479.47,PayPal
2025-12-18,ORD6084,Battery,Electrical,Retail,2,204.89,16.03,425.81,Cash
2025-12-18,ORD6085,Clutch Kit,Transmission,Wholesale,22,354.54,0.0,7799.88,Cash
2025-12-18,ORD6086,Radiator,Cooling,Retail,2,122.37,0.0,244.74,Bank transfer
2025-12-19,ORD6087,Water Pump,Cooling,Retail,3,112.24,0.0,336.72,Bank transfer
2025-12-20,ORD6088,Control Arm,Suspension,Wholesale,21,175.26,0.0,3680.46,Credit card
2025-12-20,ORD6089,Oil Filter,Engine,Retail,4,20.61,0.0,82.44,Cash
2025-12-21,ORD6090,Shock Absorber,Suspension,Wholesale,21,92.61,0.0,1944.81,Credit card
2025-12-22,ORD6091,Clutch Kit,Transmission,Wholesale,23,355.24,0.0,8170.52,Cash
2025-12-22,ORD6092,Brake Pads,Braking system,Corporate,10,38.13,58.2,439.5,Credit card
2025-12-22,ORD6093,Shock Absorber,Suspension,Retail,4,143.23,0.0,572.92,Bank transfer
2025-12-22,ORD6094,Alternator,Electrical,Retail,5,278.14,0.0,1390.7,PayPal
2025-12-23,ORD6095,Brake Pads,Braking system,Retail,4,38.68,0.0,154.72,PayPal
2025-12-23,ORD6096,Brake Pads,Braking system,Retail,4,60.18,0.0,240.72,Cash
2025-12-23,ORD6097,Brake Pads,Braking system,Wholesale,31,64.18,0.0,1989.58,Bank transfer
2025-12-24,ORD6098,Clutch Kit,Transmission,Retail,1,370.05,0.0,370.05,Cash
2025-12-24,ORD6099,Water Pump,Cooling,Retail,2,99.89,0.0,199.78,Bank transfer
2025-12-24,ORD6100,Engine Oil,Engine,Retail,2,47.3,0.0,94.6,Credit card
2025-12-25,ORD6101,Clutch Kit,Transmission,Corporate,19,455.03,0.0,8645.57,Cash
2025-12-25,ORD6102,Alternator,Electrical,Corporate,9,260.14,9.59,2350.85,Credit card
2025-12-25,ORD6103,Shock Absorber,Suspension,Wholesale,25,133.19,9.36,3339.11,Cash
2025-12-26,ORD6104,Brake Rotor,Braking system,Wholesale,18,87.31,0.0,1571.58,PayPal
2025-12-26,ORD6105,Alternator,Electrical,Retail,4,221.16,0.0,884.64,PayPal
2025-12-26,ORD6106,Engine Oil,Engine,Corporate,17,55.58,27.15,972.01,Credit card
2025-12-27,ORD6107,Water Pump,Cooling,Wholesale,27,79.46,0.0,2145.42,PayPal
2025-12-27,ORD6108,Spark Plugs,Ignition,Corporate,19,10.88,0.0,206.72,Credit card
2025-12-28,ORD6109,Alternator,Electrical,Retail,3,337.01,70.55,1081.58,Credit card
2025-12-28,ORD6110,Brake Pads,Braking system,Retail,5,27.95,0.0,139.75,Cash
2025-12-28,ORD6111,Clutch Kit,Transmission,Retail,5,350.12,0.0,1750.6,Credit card
2025-12-29,ORD6112,Battery,Electrical,Retail,5,214.46,23.28,1095.58,Cash
2025-12-29,ORD6113,Spark Plugs,Ignition,Wholesale,20,12.47,21.58,270.98,Credit card
2025-12-30,ORD6114,Fuel Pump,Fuel System,Retail,2,83.45,40.87,207.77,Bank transfer
2025-12-30,ORD6115,Shock Absorber,Suspension,Retail,3,149.77,78.1,527.41,Bank transfer
2025-12-30,ORD6116,Engine Oil,Engine,Retail,5,56.87,0.0,284.35,Bank transfer
2025-12-30,ORD6117,Clutch Kit,Transmission,Retail,4,394.42,0.0,1577.68,PayPal
2025-12-31,ORD6118,Brake Pads,Braking system,Retail,1,70.84,0.0,70.84,Cash
2025-12-31,ORD6119,Engine Oil,Engine,Wholesale,23,48.67,72.01,1191.42,Cash
2025-12-31,ORD6120,Battery,Electrical,Retail,4,177.41,0.0,709.64,PayPal
2026-01-01,ORD6121,Shock Absorber,Suspension,Retail,2,93.24,0.0,186.48,Credit card
2026-01-01,ORD6122,Brake Rotor,Braking system,Retail,3,53.96,53.8,215.68,PayPal
2026-01-01,ORD6123,Battery,Electrical,Retail,3,112.37,52.71,389.82,Cash
2026-01-02,ORD6124,Alternator,Electrical,Retail,5,158.7,17.42,810.92,PayPal
2026-01-02,ORD6125,Clutch Kit,Transmission,Retail,3,244.71,60.6,794.73,Credit card
2026-01-02,ORD6126,Clutch Kit,Transmission,Retail,3,411.84,70.69,1306.21,Credit card
2026-01-03,ORD6127,Battery,Electrical,Retail,5,204.63,0.0,1023.15,Bank transfer
2026-01-03,ORD6128,Oil Filter,Engine,Retail,3,13.05,0.0,39.15,PayPal
2026-01-03,ORD6129,Radiator,Cooling,Retail,5,162.01,0.0,810.05,Credit card
2026-01-03,ORD6130,Clutch Kit,Transmission,Retail,2,399.26,76.94,875.46,Credit card
2026-01-04,ORD6131,Spark Plugs,Ignition,Wholesale,38,9.04,0.0,343.52,PayPal
2026-01-04,ORD6132,Water Pump,Cooling,Retail,2,51.48,53.79,156.75,Cash
2026-01-04,ORD6133,Spark Plugs,Ignition,Retail,3,14.65,59.53,103.48,Credit card
2026-01-05,ORD6134,Shock Absorber,Suspension,Retail,1,90.71,0.0,90.71,Bank transfer
2026-01-06,ORD6135,Fuel Pump,Fuel System,Retail,2,203.77,0.0,407.54,Bank transfer
2026-01-06,ORD6136,Shock Absorber,Suspension,Retail,5,110.88,11.5,565.9,Bank transfer
2026-01-06,ORD6137,Shock Absorber,Suspension,Retail,3,71.35,0.0,214.05,Bank transfer
2026-01-06,ORD6138,Air Filter,Engine,Retail,1,21.29,0.0,21.29,Bank transfer
2026-01-07,ORD6139,Engine Oil,Engine,Corporate,11,56.93,22.69,648.92,Bank transfer
2026-01-07,ORD6140,Fuel Pump,Fuel System,Wholesale,33,206.66,0.0,6819.78,PayPal
2026-01-07,ORD6141,Brake Rotor,Braking system,Retail,4,99.82,70.95,470.23,Cash
2026-01-08,ORD6142,Fuel Pump,Fuel System,Retail,1,90.34,8.09,98.43,PayPal
2026-01-08,ORD6143,Fuel Pump,Fuel System,Retail,5,125.67,29.19,657.54,Credit card
2026-01-08,ORD6144,Control Arm,Suspension,Corporate,6,71.68,77.35,507.43,Credit card
2026-01-08,ORD6145,Water Pump,Cooling,Wholesale,31,69.37,59.95,2210.42,Cash
2026-01-09,ORD6146,Air Filter,Engine,Retail,3,24.09,0.0,72.27,Cash
2026-01-09,ORD6147,Fuel Pump,Fuel System,Retail,4,201.55,22.25,828.45,Bank transfer
2026-01-09,ORD6148,Radiator,Cooling,Wholesale,11,162.27,0.0,1784.97,Bank transfer
2026-01-10,ORD6149,Engine Oil,Engine,Wholesale,27,36.31,0.0,980.37,PayPal
2026-01-10,ORD6150,Water Pump,Cooling,Corporate,13,83.86,0.0,1090.18,Cash
2026-01-10,ORD6151,Brake Rotor,Braking system,Retail,3,54.08,0.0,162.24,Cash
2026-01-11,ORD6152,Alternator,Electrical,Retail,2,302.78,0.0,605.56,Cash
2026-01-11,ORD6153,Brake Pads,Braking system,Retail,1,69.67,76.64,146.31,Cash
2026-01-12,ORD6154,Fuel Pump,Fuel System,Corporate,16,181.37,0.0,2901.92,Cash
2026-01-12,ORD6155,Alternator,Electrical,Retail,1,187.25,0.0,187.25,Bank transfer
2026-01-13,ORD6156,Control Arm,Suspension,Corporate,16,116.49,33.19,1897.03,Bank transfer
2026-01-13,ORD6157,Oil Filter,Engine,Retail,1,22.16,0.0,22.16,Credit card
2026-01-13,ORD6158,Oil Filter,Engine,Retail,1,21.68,68.06,89.74,Bank transfer
2026-01-14,ORD6159,Spark Plugs,Ignition,Retail,5,14.69,10.14,83.59,Bank transfer
2026-01-14,ORD6160,Control Arm,Suspension,Retail,1,163.78,0.0,163.78,Bank transfer
2026-01-14,ORD6161,Clutch Kit,Transmission,Wholesale,49,419.56,0.0,20558.44,Credit card
2026-01-15,ORD6162,Water Pump,Cooling,Wholesale,36,63.6,31.17,2320.77,PayPal
2026-01-15,ORD6163,Radiator,Cooling,Retail,4,133.22,0.0,532.88,Cash
2026-01-16,ORD6164,Brake Pads,Braking system,Retail,1,28.47,34.97,63.44,Bank transfer
2026-01-17,ORD6165,Fuel Pump,Fuel System,Retail,4,142.17,0.0,568.68,Cash
2026-01-17,ORD6166,Fuel Pump,Fuel System,Retail,2,130.4,0.0,260.8,Credit card
2026-01-18,ORD6167,Alternator,Electrical,Retail,5,237.48,0.0,1187.4,Credit card
2026-01-18,ORD6168,Alternator,Electrical,Retail,4,236.96,0.0,947.84,PayPal
2026-01-19,ORD6169,Brake Pads,Braking system,Corporate,8,46.62,0.0,372.96,Bank transfer
2026-01-19,ORD6170,Shock Absorber,Suspension,Retail,5,64.33,0.0,321.65,PayPal
2026-01-19,ORD6171,Control Arm,Suspension,Retail,4,113.19,0.0,452.76,Cash
2026-01-20,ORD6172,Clutch Kit,Transmission,Wholesale,13,390.77,0.0,5080.01,PayPal
2026-01-20,ORD6173,Brake Rotor,Braking system,Retail,1,82.58,0.0,82.58,Credit card
2026-01-21,ORD6174,Clutch Kit,Transmission,Retail,1,420.12,59.49,479.61,PayPal
2026-01-21,ORD6175,Clutch Kit,Transmission,Wholesale,22,220.33,32.88,4880.14,Bank transfer
2026-01-22,ORD6176,Air Filter,Engine,Retail,2,29.95,0.0,59.9,Cash
2026-01-23,ORD6177,Fuel Pump,Fuel System,Retail,1,148.73,29.2,177.93,Credit card
2026-01-23,ORD6178,Clutch Kit,Transmission,Retail,5,260.37,53.7,1355.55,Bank transfer
2026-01-23,ORD6179,Air Filter,Engine,Retail,2,28.3,31.82,88.42,Cash
2026-01-24,ORD6180,Battery,Electrical,Retail,1,109.88,0.0,109.88,Bank transfer
2026-01-24,ORD6181,Water Pump,Cooling,Wholesale,49,51.66,0.0,2531.34,Credit card
2026-01-24,ORD6182,Alternator,Electrical,Wholesale,46,185.63,22.38,8561.36,PayPal
2026-01-25,ORD6183,Water Pump,Cooling,Retail,2,63.32,0.0,126.64,Credit card
2026-01-26,ORD6184,Oil Filter,Engine,Corporate,19,22.26,0.0,422.94,Credit card
2026-01-27,ORD6185,Engine Oil,Engine,Retail,2,33.98,45.27,113.23,Bank transfer
2026-01-28,ORD6186,Alternator,Electrical,Retail,4,176.74,0.0,706.96,Credit card
2026-01-28,ORD6187,Air Filter,Engine,Retail,4,26.61,0.0,106.44,PayPal
2026-01-28,ORD6188,Shock Absorber,Suspension,Retail,2,87.27,26.96,201.5,PayPal
2026-01-28,ORD6189,Control Arm,Suspension,Retail,4,133.02,0.0,532.08,Cash
2026-01-29,ORD6190,Alternator,Electrical,Corporate,8,291.74,0.0,2333.92,Cash
2026-01-30,ORD6191,Brake Rotor,Braking system,Corporate,9,43.71,0.0,393.39,Bank transfer
2026-01-30,ORD6192,Oil Filter,Engine,Wholesale,17,16.12,53.63,327.67,PayPal
2026-01-31,ORD6193,Brake Rotor,Braking system,Wholesale,10,47.71,60.4,537.5,Bank transfer
2026-01-31,ORD6194,Alternator,Electrical,Retail,1,216.96,0.0,216.96,Bank transfer
2026-02-01,ORD6195,Brake Rotor,Braking system,Corporate,12,48.43,0.0,581.16,Credit card
2026-02-01,ORD6196,Alternator,Electrical,Retail,2,284.88,0.0,569.76,Bank transfer
2026-02-01,ORD6197,Battery,Electrical,Retail,3,157.83,30.43,503.92,Cash
2026-02-02,ORD6198,Clutch Kit,Transmission,Retail,5,466.18,0.0,2330.9,Cash
2026-02-02,ORD6199,Brake Rotor,Braking system,Retail,4,66.88,0.0,267.52,Cash
2026-02-02,ORD6200,Alternator,Electrical,Retail,4,281.18,43.87,1168.59,Credit card
2026-02-02,ORD6201,Radiator,Cooling,Retail,3,116.75,40.37,390.62,Cash
2026-02-03,ORD6202,Spark Plugs,Ignition,Corporate,10,6.26,35.71,98.31,Credit card
2026-02-03,ORD6203,Control Arm,Suspension,Retail,4,73.25,27.93,320.93,Cash
2026-02-03,ORD6204,Air Filter,Engine,Wholesale,37,34.37,76.05,1347.74,Cash
2026-02-03,ORD6205,Engine Oil,Engine,Retail,3,49.5,0.0,148.5,PayPal
2026-02-04,ORD6206,Engine Oil,Engine,Retail,2,58.2,0.0,116.4,Cash
2026-02-04,ORD6207,Water Pump,Cooling,Retail,4,78.84,65.97,381.33,Cash
2026-02-04,ORD6208,Clutch Kit,Transmission,Retail,5,483.67,6.15,2424.5,Bank transfer
2026-02-04,ORD6209,Battery,Electrical,Retail,4,101.49,25.04,431.0,Bank transfer
2026-02-05,ORD6210,Brake Rotor,Braking system,Wholesale,19,47.66,49.65,955.19,Bank transfer
2026-02-05,ORD6211,Alternator,Electrical,Retail,3,165.25,0.0,495.75,Cash
2026-02-05,ORD6212,Radiator,Cooling,Corporate,5,173.58,0.0,867.9,Bank transfer
2026-02-06,ORD6213,Control Arm,Suspension,Retail,2,99.65,0.0,199.3,Cash
2026-02-06,ORD6214,Radiator,Cooling,Retail,1,96.46,0.0,96.46,PayPal
2026-02-06,ORD6215,Battery,Electrical,Retail,3,230.76,53.22,745.5,PayPal
2026-02-07,ORD6216,Brake Pads,Braking system,Wholesale,39,57.35,0.0,2236.65,Cash
2026-02-07,ORD6217,Shock Absorber,Suspension,Retail,4,136.49,28.31,574.27,Cash
2026-02-07,ORD6218,Alternator,Electrical,Retail,3,319.69,0.0,959.07,Bank transfer
2026-02-08,ORD6219,Brake Rotor,Braking system,Retail,5,69.44,0.0,347.2,Credit card
2026-02-08,ORD6220,Battery,Electrical,Wholesale,32,202.0,42.87,6506.87,Bank transfer
2026-02-09,ORD6221,Brake Rotor,Braking system,Retail,2,40.06,40.32,120.44,PayPal
2026-02-10,ORD6222,Water Pump,Cooling,Retail,3,42.73,11.83,140.02,Credit card
2026-02-10,ORD6223,Control Arm,Suspension,Corporate,18,127.96,0.0,2303.28,Credit card
2026-02-10,ORD6224,Brake Rotor,Braking system,Retail,4,96.68,0.0,386.72,Credit card
2026-02-10,ORD6225,Battery,Electrical,Retail,4,199.8,0.0,799.2,Credit card
2026-02-11,ORD6226,Brake Rotor,Braking system,Retail,1,43.0,0.0,43.0,PayPal
2026-02-12,ORD6227,Water Pump,Cooling,Retail,3,76.39,0.0,229.17,PayPal
2026-02-12,ORD6228,Spark Plugs,Ignition,Retail,2,9.63,0.0,19.26,PayPal
2026-02-13,ORD6229,Water Pump,Cooling,Retail,4,85.38,54.65,396.17,PayPal
2026-02-14,ORD6230,Oil Filter,Engine,Wholesale,17,10.09,73.5,245.03,Cash
2026-02-15,ORD6231,Oil Filter,Engine,Wholesale,10,19.96,0.0,199.6,Bank transfer
2026-02-15,ORD6232,Oil Filter,Engine,Wholesale,34,22.42,74.21,836.49,Bank transfer
2026-02-16,ORD6233,Shock Absorber,Suspension,Wholesale,22,143.67,25.66,3186.4,Bank transfer
2026-02-16,ORD6234,Air Filter,Engine,Retail,5,21.58,0.0,107.9,Bank transfer
2026-02-16,ORD6235,Engine Oil,Engine,Wholesale,28,50.18,0.0,1405.04,Cash
2026-02-16,ORD6236,Brake Pads,Braking system,Retail,2,57.91,19.24,135.06,Cash
2026-02-17,ORD6237,Water Pump,Cooling,Retail,5,84.43,0.0,422.15,Bank transfer
2026-02-18,ORD6238,Brake Rotor,Braking system,Retail,4,97.7,0.0,390.8,Credit card
2026-02-18,ORD6239,Battery,Electrical,Retail,4,240.03,60.89,1021.01,Credit card
2026-02-18,ORD6240,Clutch Kit,Transmission,Retail,3,487.47,0.0,1462.41,Bank transfer
2026-02-18,ORD6241,Water Pump,Cooling,Retail,4,89.83,0.0,359.32,Bank transfer
2026-02-19,ORD6242,Brake Rotor,Braking system,Retail,3,67.48,0.0,202.44,Credit card
2026-02-19,ORD6243,Brake Rotor,Braking system,Retail,3,63.08,0.0,189.24,PayPal
2026-02-20,ORD6244,Brake Pads,Braking system,Retail,4,77.15,39.11,347.71,PayPal
2026-02-20,ORD6245,Brake Pads,Braking system,Wholesale,33,21.93,0.0,723.69,Bank transfer
2026-02-20,ORD6246,Spark Plugs,Ignition,Retail,1,5.89,0.0,5.89,PayPal
2026-02-21,ORD6247,Radiator,Cooling,Retail,5,148.58,30.35,773.25,Bank transfer
2026-02-21,ORD6248,Water Pump,Cooling,Corporate,7,62.04,0.0,434.28,Credit card
2026-02-21,ORD6249,Alternator,Electrical,Retail,3,257.39,0.0,772.17,Credit card
2026-02-22,ORD6250,Brake Pads,Braking system,Wholesale,14,52.83,67.96,807.58,Cash
2026-02-22,ORD6251,Battery,Electrical,Retail,2,228.97,0.0,457.94,Credit card
2026-02-22,ORD6252,Air Filter,Engine,Retail,5,32.41,14.32,176.37,Credit card
2026-02-22,ORD6253,Brake Rotor,Braking system,Retail,5,68.98,0.0,344.9,Credit card
2026-02-23,ORD6254,Spark Plugs,Ignition,Retail,4,14.71,0.0,58.84,Credit card
2026-02-23,ORD6255,Air Filter,Engine,Retail,5,20.09,17.04,117.49,Cash
2026-02-24,ORD6256,Radiator,Cooling,Retail,5,85.8,0.0,429.0,Bank transfer
2026-02-25,ORD6257,Radiator,Cooling,Retail,5,172.57,73.1,935.95,Cash
2026-02-25,ORD6258,Air Filter,Engine,Retail,5,32.02,0.0,160.1,Bank transfer
2026-02-25,ORD6259,Radiator,Cooling,Wholesale,27,88.6,0.0,2392.2,Credit card
2026-02-26,ORD6260,Control Arm,Suspension,Retail,5,73.29,0.0,366.45,Cash
2026-02-27,ORD6261,Control Arm,Suspension,Retail,3,110.56,68.0,399.68,Bank transfer
2026-02-27,ORD6262,Brake Pads,Braking system,Retail,2,27.84,0.0,55.68,Credit card
2026-02-27,ORD6263,Radiator,Cooling,Retail,1,141.19,35.92,177.11,PayPal
2026-02-27,ORD6264,Shock Absorber,Suspension,Retail,4,115.48,0.0,461.92,PayPal
2026-02-28,ORD6265,Radiator,Cooling,Wholesale,35,128.17,0.0,4485.95,Credit card
2026-02-28,ORD6266,Clutch Kit,Transmission,Retail,3,232.98,14.13,713.07,Cash
2026-03-01,ORD6267,Shock Absorber,Suspension,Wholesale,15,80.02,0.0,1200.3,Cash
2026-03-02,ORD6268,Engine Oil,Engine,Retail,1,46.45,0.0,46.45,Bank transfer
2026-03-03,ORD6269,Engine Oil,Engine,Wholesale,41,36.85,50.58,1561.43,PayPal
2026-03-03,ORD6270,Shock Absorber,Suspension,Corporate,7,68.84,0.0,481.88,PayPal
2026-03-03,ORD6271,Radiator,Cooling,Wholesale,45,113.55,0.0,5109.75,Bank transfer
2026-03-03,ORD6272,Engine Oil,Engine,Retail,5,43.34,70.02,286.72,PayPal
2026-03-04,ORD6273,Engine Oil,Engine,Retail,4,45.96,0.0,183.84,Bank transfer
2026-03-04,ORD6274,Clutch Kit,Transmission,Retail,4,388.99,0.0,1555.96,Credit card
2026-03-05,ORD6275,Spark Plugs,Ignition,Retail,2,7.27,0.0,14.54,Bank transfer
2026-03-05,ORD6276,Brake Rotor,Braking system,Wholesale,23,52.39,0.0,1204.97,Credit card
2026-03-06,ORD6277,Fuel Pump,Fuel System,Retail,4,134.45,0.0,537.8,Credit card
2026-03-06,ORD6278,Alternator,Electrical,Retail,2,225.82,0.0,451.64,PayPal
2026-03-06,ORD6279,Air Filter,Engine,Retail,1,31.11,56.74,87.85,Bank transfer
2026-03-06,ORD6280,Fuel Pump,Fuel System,Retail,3,80.93,23.23,266.02,PayPal
2026-03-07,ORD6281,Control Arm,Suspension,Retail,4,112.86,54.75,506.19,PayPal
2026-03-07,ORD6282,Spark Plugs,Ignition,Retail,1,6.5,34.47,40.97,Cash
2026-03-07,ORD6283,Water Pump,Cooling,Retail,5,113.99,55.19,625.14,Bank transfer
2026-03-07,ORD6284,Clutch Kit,Transmission,Wholesale,15,373.64,34.92,5639.52,Bank transfer
2026-03-08,ORD6285,Water Pump,Cooling,Retail,1,97.54,62.32,159.86,Credit card
2026-03-08,ORD6286,Water Pump,Cooling,Corporate,17,109.68,39.02,1903.58,Credit card
2026-03-08,ORD6287,Brake Rotor,Braking system,Retail,3,64.63,0.0,193.89,Credit card
2026-03-08,ORD6288,Control Arm,Suspension,Retail,5,95.01,0.0,475.05,PayPal
2026-03-09,ORD6289,Alternator,Electrical,Retail,3,166.96,0.0,500.88,Bank transfer
2026-03-09,ORD6290,Engine Oil,Engine,Retail,3,35.85,11.56,119.11,Credit card
2026-03-09,ORD6291,Spark Plugs,Ignition,Retail,4,12.95,67.19,118.99,Credit card
2026-03-10,ORD6292,Brake Pads,Braking system,Corporate,7,31.14,0.0,217.98,PayPal
2026-03-10,ORD6293,Alternator,Electrical,Retail,4,220.37,41.29,922.77,Bank transfer
2026-03-10,ORD6294,Battery,Electrical,Wholesale,38,235.43,0.0,8946.34,Bank transfer
2026-03-11,ORD6295,Engine Oil,Engine,Wholesale,23,53.09,0.0,1221.07,Credit card
2026-03-12,ORD6296,Brake Rotor,Braking system,Corporate,11,94.88,0.0,1043.68,Bank transfer
2026-03-12,ORD6297,Brake Pads,Braking system,Wholesale,39,25.18,20.8,1002.82,Cash
2026-03-12,ORD6298,Water Pump,Cooling,Retail,2,79.22,0.0,158.44,Cash
2026-03-13,ORD6299,Air Filter,Engine,Retail,1,15.52,63.95,79.47,Bank transfer
2026-03-13,ORD6300,Clutch Kit,Transmission,Wholesale,43,421.69,0.0,18132.67,Bank transfer
2026-03-13,ORD6301,Clutch Kit,Transmission,Retail,2,442.95,0.0,885.9,PayPal
2026-03-14,ORD6302,Alternator,Electrical,Corporate,14,207.57,0.0,2905.98,PayPal
2026-03-14,ORD6303,Engine Oil,Engine,Retail,2,58.19,55.29,171.67,Bank transfer
2026-03-14,ORD6304,Radiator,Cooling,Retail,3,120.9,70.48,433.18,Credit card
2026-03-14,ORD6305,Shock Absorber,Suspension,Retail,4,146.28,53.87,638.99,PayPal
2026-03-15,ORD6306,Battery,Electrical,Retail,1,178.68,0.0,178.68,Cash
2026-03-15,ORD6307,Spark Plugs,Ignition,Wholesale,41,11.3,76.65,539.95,Credit card
2026-03-16,ORD6308,Clutch Kit,Transmission,Retail,3,267.6,20.15,822.95,PayPal
2026-03-16,ORD6309,Oil Filter,Engine,Retail,5,18.37,54.3,146.15,Credit card
2026-03-16,ORD6310,Clutch Kit,Transmission,Retail,1,249.44,0.0,249.44,Bank transfer
2026-03-17,ORD6311,Battery,Electrical,Retail,2,195.71,0.0,391.42,Bank transfer
2026-03-17,ORD6312,Spark Plugs,Ignition,Retail,3,12.98,39.13,78.07,Credit card
2026-03-18,ORD6313,Shock Absorber,Suspension,Wholesale,10,90.84,0.0,908.4,Cash
2026-03-18,ORD6314,Spark Plugs,Ignition,Wholesale,21,7.47,45.09,201.96,Credit card
2026-03-18,ORD6315,Battery,Electrical,Retail,1,207.16,0.0,207.16,PayPal
2026-03-18,ORD6316,Shock Absorber,Suspension,Retail,4,138.11,13.29,565.73,Credit card
2026-03-19,ORD6317,Brake Pads,Braking system,Retail,4,68.87,0.0,275.48,Bank transfer
2026-03-20,ORD6318,Brake Pads,Braking system,Retail,5,66.53,0.0,332.65,PayPal
2026-03-20,ORD6319,Spark Plugs,Ignition,Retail,3,14.41,0.0,43.23,Credit card
2026-03-20,ORD6320,Air Filter,Engine,Retail,4,23.9,0.0,95.6,PayPal
2026-03-21,ORD6321,Brake Rotor,Braking system,Retail,3,80.84,73.31,315.83,Credit card
2026-03-21,ORD6322,Radiator,Cooling,Corporate,19,105.01,0.0,1995.19,PayPal
2026-03-22,ORD6323,Fuel Pump,Fuel System,Wholesale,36,158.27,0.0,5697.72,PayPal
2026-03-22,ORD6324,Air Filter,Engine,Retail,4,26.27,0.0,105.08,Bank transfer
2026-03-22,ORD6325,Brake Rotor,Braking system,Retail,5,89.02,62.82,507.92,Bank transfer
2026-03-22,ORD6326,Spark Plugs,Ignition,Retail,5,8.3,0.0,41.5,Bank transfer
2026-03-23,ORD6327,Clutch Kit,Transmission,Retail,1,498.38,0.0,498.38,PayPal
2026-03-23,ORD6328,Spark Plugs,Ignition,Retail,3,7.81,0.0,23.43,Bank transfer
2026-03-24,ORD6329,Shock Absorber,Suspension,Retail,3,66.88,0.0,200.64,Bank transfer
2026-03-24,ORD6330,Alternator,Electrical,Retail,5,178.47,0.0,892.35,Cash
2026-03-25,ORD6331,Air Filter,Engine,Retail,3,31.47,72.92,167.33,PayPal
2026-03-25,ORD6332,Water Pump,Cooling,Corporate,10,105.22,0.0,1052.2,PayPal
2026-03-25,ORD6333,Fuel Pump,Fuel System,Wholesale,10,142.74,42.31,1469.71,PayPal
2026-03-25,ORD6334,Engine Oil,Engine,Retail,4,39.91,0.0,159.64,Cash
2026-03-26,ORD6335,Control Arm,Suspension,Retail,1,100.09,0.0,100.09,Credit card
2026-03-26,ORD6336,Clutch Kit,Transmission,Retail,4,219.76,0.0,879.04,Bank transfer
2026-03-26,ORD6337,Oil Filter,Engine,Wholesale,46,14.06,0.0,646.76,Bank transfer
2026-03-27,ORD6338,Control Arm,Suspension,Retail,1,93.69,0.0,93.69,Bank transfer
2026-03-27,ORD6339,Brake Pads,Braking system,Retail,2,77.29,0.0,154.58,PayPal
2026-03-27,ORD6340,Air Filter,Engine,Wholesale,12,22.91,0.0,274.92,PayPal
2026-03-28,ORD6341,Brake Pads,Braking system,Retail,1,20.87,23.85,44.72,Credit card
2026-03-28,ORD6342,Fuel Pump,Fuel System,Retail,4,207.84,79.94,911.3,PayPal
2026-03-29,ORD6343,Spark Plugs,Ignition,Wholesale,17,6.19,0.0,105.23,Credit card
2026-03-29,ORD6344,Air Filter,Engine,Retail,3,16.11,12.87,61.2,Credit card
2026-03-29,ORD6345,Clutch Kit,Transmission,Retail,3,261.61,75.91,860.74,Cash
2026-03-30,ORD6346,Spark Plugs,Ignition,Retail,3,14.92,36.28,81.04,Credit card
2026-03-30,ORD6347,Battery,Electrical,Corporate,15,137.15,0.0,2057.25,Cash
2026-03-30,ORD6348,Clutch Kit,Transmission,Retail,4,396.84,0.0,1587.36,PayPal
2026-03-31,ORD6349,Alternator,Electrical,Retail,2,311.97,7.09,631.03,Cash
2026-03-31,ORD6350,Air Filter,Engine,Corporate,13,34.56,46.45,495.73,PayPal
2026-04-01,ORD6351,Battery,Electrical,Retail,4,127.19,0.0,508.76,PayPal
2026-04-01,ORD6352,Oil Filter,Engine,Retail,1,22.5,0.0,22.5,Credit card
2026-04-01,ORD6353,Brake Pads,Braking system,Corporate,17,55.03,36.49,972.0,Cash
2026-04-02,ORD6354,Brake Pads,Braking system,Retail,3,58.61,0.0,175.83,Cash
2026-04-02,ORD6355,Clutch Kit,Transmission,Wholesale,46,206.0,0.0,9476.0,Cash
2026-04-02,ORD6356,Shock Absorber,Suspension,Wholesale,17,88.67,0.0,1507.39,Cash
2026-04-02,ORD6357,Control Arm,Suspension,Retail,1,157.13,56.13,213.26,Credit card
2026-04-03,ORD6358,Radiator,Cooling,Wholesale,35,92.23,25.49,3253.54,Credit card
2026-04-03,ORD6359,Air Filter,Engine,Retail,3,31.46,0.0,94.38,PayPal
2026-04-03,ORD6360,Water Pump,Cooling,Retail,4,110.92,0.0,443.68,PayPal
2026-04-04,ORD6361,Clutch Kit,Transmission,Retail,4,314.99,15.93,1275.89,Cash
2026-04-04,ORD6362,Water Pump,Cooling,Retail,2,97.2,0.0,194.4,Bank transfer
2026-04-04,ORD6363,Oil Filter,Engine,Wholesale,37,24.55,31.51,939.86,Cash
2026-04-05,ORD6364,Alternator,Electrical,Wholesale,29,347.97,0.0,10091.13,Bank transfer
2026-04-05,ORD6365,Spark Plugs,Ignition,Retail,3,7.63,58.77,81.66,Credit card
2026-04-05,ORD6366,Oil Filter,Engine,Retail,2,20.45,10.59,51.49,Credit card
2026-04-05,ORD6367,Control Arm,Suspension,Retail,3,117.55,0.0,352.65,PayPal
2026-04-06,ORD6368,Brake Rotor,Braking system,Retail,2,82.39,0.0,164.78,PayPal
2026-04-06,ORD6369,Oil Filter,Engine,Retail,4,20.01,49.64,129.68,Credit card
2026-04-06,ORD6370,Fuel Pump,Fuel System,Corporate,12,149.65,0.0,1795.8,Bank transfer
2026-04-06,ORD6371,Control Arm,Suspension,Retail,3,85.99,0.0,257.97,PayPal
2026-04-07,ORD6372,Control Arm,Suspension,Retail,2,114.07,8.57,236.71,Bank transfer
2026-04-07,ORD6373,Battery,Electrical,Retail,1,211.12,0.0,211.12,PayPal
2026-04-07,ORD6374,Spark Plugs,Ignition,Wholesale,40,8.67,63.04,409.84,Credit card
2026-04-07,ORD6375,Alternator,Electrical,Retail,5,261.57,16.88,1324.73,Bank transfer
2026-04-08,ORD6376,Alternator,Electrical,Corporate,10,281.19,69.58,2881.48,Credit card
2026-04-08,ORD6377,Engine Oil,Engine,Wholesale,40,56.42,0.0,2256.8,Credit card
2026-04-08,ORD6378,Battery,Electrical,Retail,4,169.37,8.47,685.95,Credit card
2026-04-09,ORD6379,Shock Absorber,Suspension,Retail,2,73.59,0.0,147.18,Credit card
2026-04-10,ORD6380,Air Filter,Engine,Retail,2,25.1,67.55,117.75,Bank transfer
2026-04-10,ORD6381,Clutch Kit,Transmission,Wholesale,44,366.5,0.0,16126.0,Credit card
2026-04-11,ORD6382,Brake Pads,Braking system,Wholesale,38,30.46,0.0,1157.48,Bank transfer
2026-04-11,ORD6383,Oil Filter,Engine,Wholesale,47,11.92,29.25,589.49,Credit card
2026-04-12,ORD6384,Brake Rotor,Braking system,Retail,3,66.75,78.99,279.24,Bank transfer
2026-04-12,ORD6385,Brake Rotor,Braking system,Retail,1,79.78,0.0,79.78,Bank transfer
2026-04-12,ORD6386,Battery,Electrical,Retail,4,243.38,29.14,1002.66,PayPal
2026-04-13,ORD6387,Battery,Electrical,Retail,1,246.65,44.9,291.55,Credit card
2026-04-13,ORD6388,Air Filter,Engine,Retail,2,30.12,42.04,102.28,Credit card
2026-04-13,ORD6389,Alternator,Electrical,Corporate,16,306.77,0.0,4908.32,Bank transfer
2026-04-14,ORD6390,Brake Rotor,Braking system,Retail,4,68.57,0.0,274.28,Bank transfer
2026-04-14,ORD6391,Engine Oil,Engine,Retail,4,39.16,72.22,228.86,Bank transfer
2026-04-15,ORD6392,Brake Rotor,Braking system,Retail,1,87.24,0.0,87.24,Bank transfer
2026-04-15,ORD6393,Battery,Electrical,Retail,3,113.91,79.19,420.92,PayPal
2026-04-15,ORD6394,Battery,Electrical,Retail,2,156.74,70.43,383.91,PayPal
2026-04-15,ORD6395,Radiator,Cooling,Retail,5,179.35,0.0,896.75,Credit card
2026-04-16,ORD6396,Water Pump,Cooling,Retail,4,114.77,43.58,502.66,Cash
2026-04-16,ORD6397,Battery,Electrical,Retail,2,103.55,40.85,247.95,Credit card
2026-04-16,ORD6398,Spark Plugs,Ignition,Retail,3,14.37,46.82,89.93,PayPal
2026-04-17,ORD6399,Radiator,Cooling,Retail,5,180.19,0.0,900.95,PayPal
2026-04-17,ORD6400,Water Pump,Cooling,Retail,4,48.32,0.0,193.28,Bank transfer
2026-04-17,ORD6401,Control Arm,Suspension,Retail,3,149.69,0.0,449.07,Bank transfer
2026-04-18,ORD6402,Alternator,Electrical,Wholesale,32,191.51,0.0,6128.32,Credit card
2026-04-19,ORD6403,Water Pump,Cooling,Retail,4,84.97,0.0,339.88,Bank transfer
2026-04-20,ORD6404,Radiator,Cooling,Retail,1,127.64,48.91,176.55,PayPal
2026-04-20,ORD6405,Water Pump,Cooling,Corporate,11,71.28,0.0,784.08,Credit card
2026-04-20,ORD6406,Radiator,Cooling,Retail,1,167.9,0.0,167.9,Cash
2026-04-20,ORD6407,Shock Absorber,Suspension,Retail,1,103.61,0.0,103.61,Cash
2026-04-21,ORD6408,Brake Rotor,Braking system,Wholesale,33,51.98,79.55,1794.89,Credit card
2026-04-21,ORD6409,Engine Oil,Engine,Wholesale,32,55.03,25.45,1786.41,Bank transfer
2026-04-22,ORD6410,Control Arm,Suspension,Corporate,17,140.13,73.7,2455.91,Cash
2026-04-22,ORD6411,Engine Oil,Engine,Wholesale,21,40.91,44.47,903.58,Bank transfer
2026-04-22,ORD6412,Engine Oil,Engine,Retail,4,59.0,40.88,276.88,PayPal
2026-04-23,ORD6413,Shock Absorber,Suspension,Retail,3,76.22,30.24,258.9,Credit card
2026-04-24,ORD6414,Water Pump,Cooling,Retail,2,66.48,21.97,154.93,Bank transfer
2026-04-24,ORD6415,Oil Filter,Engine,Retail,3,11.19,0.0,33.57,Cash
2026-04-24,ORD6416,Alternator,Electrical,Retail,2,317.57,0.0,635.14,Bank transfer
2026-04-24,ORD6417,Brake Rotor,Braking system,Retail,5,54.87,0.0,274.35,Cash
2026-04-25,ORD6418,Brake Rotor,Braking system,Wholesale,29,52.38,5.38,1524.4,Credit card
2026-04-25,ORD6419,Brake Rotor,Braking system,Corporate,13,58.55,0.0,761.15,Bank transfer
2026-04-25,ORD6420,Engine Oil,Engine,Corporate,10,49.53,0.0,495.3,PayPal
2026-04-26,ORD6421,Brake Pads,Braking system,Retail,1,38.5,0.0,38.5,Cash
2026-04-26,ORD6422,Control Arm,Suspension,Wholesale,18,168.62,0.0,3035.16,PayPal
2026-04-26,ORD6423,Alternator,Electrical,Retail,2,229.89,0.0,459.78,Cash
2026-04-26,ORD6424,Air Filter,Engine,Retail,5,25.28,65.94,192.34,Cash
2026-04-27,ORD6425,Battery,Electrical,Corporate,8,238.89,23.81,1934.93,Bank transfer
2026-04-27,ORD6426,Air Filter,Engine,Retail,2,19.68,0.0,39.36,Bank transfer
2026-04-27,ORD6427,Clutch Kit,Transmission,Retail,1,433.18,11.66,444.84,Bank transfer
2026-04-27,ORD6428,Brake Pads,Braking system,Corporate,7,33.37,0.0,233.59,Bank transfer
2026-04-28,ORD6429,Shock Absorber,Suspension,Retail,5,83.13,0.0,415.65,PayPal
2026-04-28,ORD6430,Brake Pads,Braking system,Corporate,15,25.91,58.96,447.61,PayPal
2026-04-28,ORD6431,Battery,Electrical,Corporate,9,247.0,28.41,2251.41,Bank transfer
2026-04-28,ORD6432,Fuel Pump,Fuel System,Retail,5,130.36,0.0,651.8,Credit card
2026-04-29,ORD6433,Water Pump,Cooling,Wholesale,13,117.0,0.0,1521.0,Cash
2026-04-30,ORD6434,Brake Pads,Braking system,Retail,5,32.63,0.0,163.15,Cash
2026-05-01,ORD6435,Water Pump,Cooling,Retail,2,89.39,0.0,178.78,PayPal
2026-05-01,ORD6436,Alternator,Electrical,Wholesale,28,334.17,0.0,9356.76,Bank transfer
2026-05-01,ORD6437,Alternator,Electrical,Retail,3,253.44,0.0,760.32,Bank transfer
2026-05-02,ORD6438,Radiator,Cooling,Retail,1,161.23,22.37,183.6,PayPal
2026-05-03,ORD6439,Battery,Electrical,Retail,5,219.22,44.12,1140.22,Cash
2026-05-03,ORD6440,Clutch Kit,Transmission,Corporate,14,443.28,0.0,6205.92,Cash
2026-05-03,ORD6441,Control Arm,Suspension,Retail,2,161.03,0.0,322.06,Credit card
2026-05-03,ORD6442,Spark Plugs,Ignition,Wholesale,16,14.6,0.0,233.6,PayPal
2026-05-04,ORD6443,Alternator,Electrical,Retail,5,284.09,14.02,1434.47,Credit card
2026-05-05,ORD6444,Brake Pads,Braking system,Retail,2,35.13,68.31,138.57,Bank transfer
2026-05-05,ORD6445,Water Pump,Cooling,Retail,4,103.85,0.0,415.4,PayPal
2026-05-06,ORD6446,Oil Filter,Engine,Retail,1,21.54,63.2,84.74,Credit card
2026-05-06,ORD6447,Oil Filter,Engine,Retail,4,10.41,53.38,95.02,Cash
2026-05-07,ORD6448,Shock Absorber,Suspension,Retail,1,97.59,66.27,163.86,PayPal
2026-05-07,ORD6449,Radiator,Cooling,Retail,5,91.65,0.0,458.25,Credit card
2026-05-07,ORD6450,Clutch Kit,Transmission,Wholesale,28,354.63,61.54,9991.18,PayPal
2026-05-08,ORD6451,Battery,Electrical,Corporate,10,142.15,23.83,1445.33,PayPal
2026-05-08,ORD6452,Alternator,Electrical,Retail,4,326.5,26.66,1332.66,Bank transfer
2026-05-08,ORD6453,Control Arm,Suspension,Corporate,15,99.56,0.0,1493.4,PayPal
2026-05-09,ORD6454,Water Pump,Cooling,Retail,5,56.07,0.0,280.35,Cash
