date,order_number,product_name,category,customer_type,quantity,unit_price,total_amount,payment_method
2020-01-18,ORD000001,Spark Plugs,Electrical system,Wholesale,36,26.4,950.4,Check
2020-02-16,ORD000002,Spark Plugs,Electrical system,Wholesale,19,30.4,577.6,Credit card
2020-03-29,ORD000003,Spark Plugs,Electrical system,Wholesale,27,29.85,805.95,Cash
2020-04-28,ORD000004,Spark Plugs,Electrical system,Retail,34,25.32,860.88,Check
2020-05-26,ORD000005,Spark Plugs,Electrical system,Wholesale,37,44.98,1664.26,Cash
2020-06-24,ORD000006,Spark Plugs,Electrical system,Wholesale,27,27.1,731.7,Credit card
2020-07-04,ORD000007,Spark Plugs,Electrical system,Retail,21,43.67,917.07,Credit card
2020-08-05,ORD000008,Spark Plugs,Electrical system,Retail,42,27.43,1152.06,Cash
2020-09-30,ORD000009,Spark Plugs,Electrical system,Retail,36,35.26,1269.36,Cash
2020-10-14,ORD000010,Spark Plugs,Electrical system,Wholesale,27,41.56,1122.12,Credit card
2020-11-14,ORD000011,Spark Plugs,Electrical system,Retail,40,40.9,1636.0,Check
2020-12-01,ORD000012,Spark Plugs,Electrical system,Retail,44,26.44,1163.36,Transfer
2021-01-07,ORD000013,Spark Plugs,Electrical system,Wholesale,39,27.67,1079.13,Cash
2021-02-03,ORD000014,Spark Plugs,Electrical system,Retail,41,25.9,1061.9,Check
2021-03-26,ORD000015,Spark Plugs,Electrical system,Wholesale,41,26.97,1105.77,Transfer
2021-04-13,ORD000016,Spark Plugs,Electrical system,Retail,37,26.47,979.39,Transfer
2021-05-04,ORD000017,Spark Plugs,Electrical system,Retail,37,40.3,1491.1,Check
2021-06-13,ORD000018,Spark Plugs,Electrical system,Wholesale,40,38.34,1533.6,Credit card
2021-07-30,ORD000019,Spark Plugs,Electrical system,Wholesale,53,34.36,1821.08,Cash
2021-08-27,ORD000020,Spark Plugs,Electrical system,Retail,56,34.02,1905.12,Check
2021-09-28,ORD000021,Spark Plugs,Electrical system,Retail,41,39.9,1635.9,Credit card
2021-10-21,ORD000022,Spark Plugs,Electrical system,Retail,47,29.62,1392.14,Check
2021-11-12,ORD000023,Spark Plugs,Electrical system,Retail,20,25.69,513.8,Cash
2021-12-09,ORD000024,Spark Plugs,Electrical system,Wholesale,33,25.8,851.4,Credit card
2022-01-06,ORD000025,Spark Plugs,Electrical system,Retail,34,32.21,1095.14,Check
2022-02-19,ORD000026,Spark Plugs,Electrical system,Wholesale,26,43.73,1136.98,Credit card
2022-03-30,ORD000027,Spark Plugs,Electrical system,Retail,40,36.22,1448.8,Check
2022-04-22,ORD000028,Spark Plugs,Electrical system,Wholesale,37,38.21,1413.77,Credit card
2022-05-30,ORD000029,Spark Plugs,Electrical system,Wholesale,32,26.24,839.68,Transfer
2022-06-03,ORD000030,Spark Plugs,Electrical system,Wholesale,75,42.89,3216.75,Check
2022-07-06,ORD000031,Spark Plugs,Electrical system,Retail,28,34.01,952.28,Credit card
2022-08-27,ORD000032,Spark Plugs,Electrical system,Wholesale,41,27.22,1116.02,Check
2022-09-28,ORD000033,Spark Plugs,Electrical system,Retail,49,37.81,1852.69,Credit card
2022-10-02,ORD000034,Spark Plugs,Electrical system,Wholesale,42,36.51,1533.42,Credit card
2022-11-08,ORD000035,Spark Plugs,Electrical system,Retail,29,26.24,760.96,Cash
2022-12-06,ORD000036,Spark Plugs,Electrical system,Retail,26,34.93,908.18,Check
2023-01-10,ORD000037,Spark Plugs,Electrical system,Wholesale,58,29.48,1709.84,Transfer
2023-02-22,ORD000038,Spark Plugs,Electrical system,Retail,41,38.04,1559.64,Credit card
2023-03-25,ORD000039,Spark Plugs,Electrical system,Wholesale,46,33.43,1537.78,Credit card
2023-04-17,ORD000040,Spark Plugs,Electrical system,Wholesale,32,30.86,987.52,Check
2023-05-13,ORD000041,Spark Plugs,Electrical system,Wholesale,48,34.67,1664.16,Credit card
2023-06-24,ORD000042,Spark Plugs,Electrical system,Retail,43,31.48,1353.64,Credit card
2023-07-29,ORD000043,Spark Plugs,Electrical system,Retail,39,26.55,1035.45,Check
2023-08-28,ORD000044,Spark Plugs,Electrical system,Retail,17,39.84,677.28,Check
2023-09-30,ORD000045,Spark Plugs,Electrical system,Wholesale,48,43.3,2078.4,Cash
2023-10-16,ORD000046,Spark Plugs,Electrical system,Wholesale,41,40.9,1676.9,Cash
2023-11-26,ORD000047,Spark Plugs,Electrical system,Wholesale,22,30.33,667.26,Check
2023-12-08,ORD000048,Spark Plugs,Electrical system,Wholesale,33,42.97,1418.01,Check
2024-01-16,ORD000049,Spark Plugs,Electrical system,Retail,34,30.0,1020.0,Transfer
2024-02-21,ORD000050,Spark Plugs,Electrical system,Retail,24,38.65,927.6,Credit card
2024-03-01,ORD000051,Spark Plugs,Electrical system,Retail,45,29.91,1345.95,Transfer
2024-04-19,ORD000052,Spark Plugs,Electrical system,Wholesale,29,36.88,1069.52,Check
2024-05-01,ORD000053,Spark Plugs,Electrical system,Wholesale,39,26.91,1049.49,Transfer
2024-06-20,ORD000054,Spark Plugs,Electrical system,Wholesale,27,34.7,936.9,Transfer
2024-07-14,ORD000055,Spark Plugs,Electrical system,Wholesale,35,31.62,1106.7,Check
2024-08-04,ORD000056,Spark Plugs,Electrical system,Retail,22,39.45,867.9,Check
2024-09-01,ORD000057,Spark Plugs,Electrical system,Retail,30,31.95,958.5,Check
2024-10-31,ORD000058,Spark Plugs,Electrical system,Wholesale,55,38.06,2093.3,Check
2024-11-20,ORD000059,Spark Plugs,Electrical system,Retail,46,32.76,1506.96,Check
2024-12-17,ORD000060,Spark Plugs,Electrical system,Retail,33,28.77,949.41,Cash
2020-01-22,ORD000061,Brake Pads,Braking system,Wholesale,71,14.7,1043.7,Credit card
2020-02-13,ORD000062,Brake Pads,Braking system,Retail,50,26.52,1326.0,Check
2020-03-12,ORD000063,Brake Pads,Braking system,Retail,69,33.21,2291.49,Cash
2020-04-15,ORD000064,Brake Pads,Braking system,Wholesale,67,34.17,2289.39,Credit card
2020-05-24,ORD000065,Brake Pads,Braking system,Retail,63,33.23,2093.49,Transfer
2020-06-14,ORD000066,Brake Pads,Braking system,Retail,85,12.93,1099.05,Cash
2020-07-19,ORD000067,Brake Pads,Braking system,Wholesale,64,29.78,1905.92,Credit card
2020-08-10,ORD000068,Brake Pads,Braking system,Wholesale,61,21.12,1288.32,Transfer
2020-09-11,ORD000069,Brake Pads,Braking system,Retail,46,30.71,1412.66,Cash
2020-10-16,ORD000070,Brake Pads,Braking system,Wholesale,61,33.58,2048.38,Transfer
2020-11-02,ORD000071,Brake Pads,Braking system,Wholesale,65,31.34,2037.1,Credit card
2020-12-08,ORD000072,Brake Pads,Braking system,Wholesale,66,22.14,1461.24,Cash
2021-01-18,ORD000073,Brake Pads,Braking system,Retail,63,31.93,2011.59,Cash
2021-02-17,ORD000074,Brake Pads,Braking system,Retail,51,29.26,1492.26,Cash
2021-03-08,ORD000075,Brake Pads,Braking system,Retail,55,28.53,1569.15,Credit card
2021-04-25,ORD000076,Brake Pads,Braking system,Wholesale,76,32.9,2500.4,Cash
2021-05-25,ORD000077,Brake Pads,Braking system,Retail,59,19.25,1135.75,Transfer
2021-06-05,ORD000078,Brake Pads,Braking system,Wholesale,52,13.84,719.68,Cash
2021-07-02,ORD000079,Brake Pads,Braking system,Wholesale,43,13.78,592.54,Cash
2021-08-27,ORD000080,Brake Pads,Braking system,Wholesale,63,28.46,1792.98,Check
2021-09-19,ORD000081,Brake Pads,Braking system,Wholesale,56,33.33,1866.48,Check
2021-10-29,ORD000082,Brake Pads,Braking system,Retail,59,27.12,1600.08,Cash
2021-11-07,ORD000083,Brake Pads,Braking system,Retail,73,16.05,1171.65,Check
2021-12-17,ORD000084,Brake Pads,Braking system,Retail,54,29.64,1600.56,Check
2022-01-15,ORD000085,Brake Pads,Braking system,Retail,47,25.55,1200.85,Transfer
2022-02-04,ORD000086,Brake Pads,Braking system,Retail,63,28.4,1789.2,Check
2022-03-25,ORD000087,Brake Pads,Braking system,Wholesale,47,32.01,1504.47,Cash
2022-04-13,ORD000088,Brake Pads,Braking system,Wholesale,65,27.54,1790.1,Check
2022-05-30,ORD000089,Brake Pads,Braking system,Wholesale,72,25.47,1833.84,Cash
2022-06-11,ORD000090,Brake Pads,Braking system,Wholesale,51,16.11,821.61,Transfer
2022-07-15,ORD000091,Brake Pads,Braking system,Wholesale,83,22.92,1902.36,Cash
2022-08-21,ORD000092,Brake Pads,Braking system,Wholesale,58,33.86,1963.88,Cash
2022-09-12,ORD000093,Brake Pads,Braking system,Wholesale,69,26.32,1816.08,Credit card
2022-10-19,ORD000094,Brake Pads,Braking system,Wholesale,66,17.49,1154.34,Cash
2022-11-06,ORD000095,Brake Pads,Braking system,Retail,55,19.84,1091.2,Transfer
2022-12-12,ORD000096,Brake Pads,Braking system,Wholesale,65,32.48,2111.2,Credit card
2023-01-11,ORD000097,Brake Pads,Braking system,Retail,87,31.34,2726.58,Check
2023-02-04,ORD000098,Brake Pads,Braking system,Wholesale,58,30.64,1777.12,Cash
2023-03-26,ORD000099,Brake Pads,Braking system,Wholesale,67,14.85,994.95,Check
2023-04-08,ORD000100,Brake Pads,Braking system,Wholesale,63,32.1,2022.3,Cash
2023-05-25,ORD000101,Brake Pads,Braking system,Wholesale,76,31.25,2375.0,Transfer
2023-06-10,ORD000102,Brake Pads,Braking system,Wholesale,56,23.68,1326.08,Transfer
2023-07-11,ORD000103,Brake Pads,Braking system,Retail,57,26.02,1483.14,Cash
2023-08-01,ORD000104,Brake Pads,Braking system,Retail,74,33.26,2461.24,Transfer
2023-09-17,ORD000105,Brake Pads,Braking system,Retail,76,13.52,1027.52,Credit card
2023-10-19,ORD000106,Brake Pads,Braking system,Wholesale,49,26.41,1294.09,Transfer
2023-11-05,ORD000107,Brake Pads,Braking system,Retail,55,27.27,1499.85,Cash
2023-12-28,ORD000108,Brake Pads,Braking system,Wholesale,65,13.53,879.45,Transfer
2024-01-10,ORD000109,Brake Pads,Braking system,Retail,77,31.39,2417.03,Cash
2024-02-13,ORD000110,Brake Pads,Braking system,Retail,74,14.29,1057.46,Cash
2024-03-02,ORD000111,Brake Pads,Braking system,Wholesale,75,21.88,1641.0,Cash
2024-04-19,ORD000112,Brake Pads,Braking system,Retail,88,27.5,2420.0,Credit card
2024-05-22,ORD000113,Brake Pads,Braking system,Wholesale,52,34.4,1788.8,Cash
2024-06-03,ORD000114,Brake Pads,Braking system,Wholesale,45,17.95,807.75,Credit card
2024-07-27,ORD000115,Brake Pads,Braking system,Wholesale,68,15.18,1032.24,Transfer
2024-08-01,ORD000116,Brake Pads,Braking system,Retail,71,20.98,1489.58,Transfer
2024-09-30,ORD000117,Brake Pads,Braking system,Retail,61,30.18,1840.98,Check
2024-10-20,ORD000118,Brake Pads,Braking system,Wholesale,56,14.05,786.8,Credit card
2024-11-01,ORD000119,Brake Pads,Braking system,Wholesale,50,18.67,933.5,Cash
2024-12-15,ORD000120,Brake Pads,Braking system,Wholesale,76,21.52,1635.52,Credit card
2020-01-24,ORD000121,Oil Filter,Engine system,Wholesale,53,14.26,755.78,Check
2020-02-10,ORD000122,Oil Filter,Engine system,Retail,82,12.3,1008.6,Credit card
2020-03-09,ORD000123,Oil Filter,Engine system,Retail,85,8.6,731.0,Cash
2020-04-11,ORD000124,Oil Filter,Engine system,Wholesale,93,10.91,1014.63,Credit card
2020-05-08,ORD000125,Oil Filter,Engine system,Wholesale,72,18.66,1343.52,Cash
2020-06-18,ORD000126,Oil Filter,Engine system,Retail,62,15.7,973.4,Transfer
2020-07-11,ORD000127,Oil Filter,Engine system,Wholesale,76,17.93,1362.68,Credit card
2020-08-27,ORD000128,Oil Filter,Engine system,Retail,78,10.95,854.1,Check
2020-09-08,ORD000129,Oil Filter,Engine system,Retail,66,16.51,1089.66,Transfer
2020-10-15,ORD000130,Oil Filter,Engine system,Retail,77,9.11,701.47,Transfer
2020-11-27,ORD000131,Oil Filter,Engine system,Wholesale,58,11.58,671.64,Credit card
2020-12-28,ORD000132,Oil Filter,Engine system,Wholesale,66,8.34,550.44,Cash
2021-01-11,ORD000133,Oil Filter,Engine system,Wholesale,64,13.71,877.44,Check
2021-02-09,ORD000134,Oil Filter,Engine system,Wholesale,70,19.89,1392.3,Transfer
2021-03-10,ORD000135,Oil Filter,Engine system,Retail,91,14.54,1323.14,Transfer
2021-04-12,ORD000136,Oil Filter,Engine system,Retail,84,14.39,1208.76,Check
2021-05-03,ORD000137,Oil Filter,Engine system,Wholesale,82,18.78,1539.96,Cash
2021-06-07,ORD000138,Oil Filter,Engine system,Retail,72,12.55,903.6,Check
2021-07-22,ORD000139,Oil Filter,Engine system,Retail,97,13.77,1335.69,Credit card
2021-08-29,ORD000140,Oil Filter,Engine system,Retail,62,9.3,576.6,Transfer
2021-09-13,ORD000141,Oil Filter,Engine system,Retail,80,19.06,1524.8,Cash
2021-10-02,ORD000142,Oil Filter,Engine system,Retail,75,15.68,1176.0,Transfer
2021-11-30,ORD000143,Oil Filter,Engine system,Wholesale,79,9.51,751.29,Check
2021-12-26,ORD000144,Oil Filter,Engine system,Wholesale,69,15.32,1057.08,Transfer
2022-01-28,ORD000145,Oil Filter,Engine system,Retail,82,11.54,946.28,Check
2022-02-10,ORD000146,Oil Filter,Engine system,Wholesale,55,12.64,695.2,Cash
2022-03-06,ORD000147,Oil Filter,Engine system,Wholesale,87,12.21,1062.27,Check
2022-04-30,ORD000148,Oil Filter,Engine system,Wholesale,76,13.62,1035.12,Check
2022-05-23,ORD000149,Oil Filter,Engine system,Wholesale,73,8.72,636.56,Check
2022-06-19,ORD000150,Oil Filter,Engine system,Retail,52,10.05,522.6,Credit card
2022-07-01,ORD000151,Oil Filter,Engine system,Retail,63,11.57,728.91,Credit card
2022-08-16,ORD000152,Oil Filter,Engine system,Retail,68,11.34,771.12,Credit card
2022-09-28,ORD000153,Oil Filter,Engine system,Retail,59,12.65,746.35,Credit card
2022-10-29,ORD000154,Oil Filter,Engine system,Retail,65,15.4,1001.0,Check
2022-11-19,ORD000155,Oil Filter,Engine system,Wholesale,44,13.22,581.68,Credit card
2022-12-01,ORD000156,Oil Filter,Engine system,Wholesale,77,18.8,1447.6,Transfer
2023-01-23,ORD000157,Oil Filter,Engine system,Wholesale,62,17.72,1098.64,Credit card
2023-02-01,ORD000158,Oil Filter,Engine system,Wholesale,59,16.97,1001.23,Credit card
2023-03-23,ORD000159,Oil Filter,Engine system,Wholesale,69,8.63,595.47,Cash
2023-04-13,ORD000160,Oil Filter,Engine system,Retail,53,13.07,692.71,Credit card
2023-05-25,ORD000161,Oil Filter,Engine system,Retail,69,18.08,1247.52,Credit card
2023-06-24,ORD000162,Oil Filter,Engine system,Wholesale,74,19.7,1457.8,Cash
2023-07-05,ORD000163,Oil Filter,Engine system,Wholesale,101,11.19,1130.19,Cash
2023-08-17,ORD000164,Oil Filter,Engine system,Retail,82,9.1,746.2,Transfer
2023-09-07,ORD000165,Oil Filter,Engine system,Retail,78,18.2,1419.6,Cash
2023-10-01,ORD000166,Oil Filter,Engine system,Wholesale,93,12.24,1138.32,Credit card
2023-11-15,ORD000167,Oil Filter,Engine system,Wholesale,76,19.11,1452.36,Cash
2023-12-11,ORD000168,Oil Filter,Engine system,Wholesale,74,13.48,997.52,Check
2024-01-22,ORD000169,Oil Filter,Engine system,Retail,59,19.92,1175.28,Cash
2024-02-29,ORD000170,Oil Filter,Engine system,Retail,61,16.61,1013.21,Check
2024-03-04,ORD000171,Oil Filter,Engine system,Wholesale,60,11.79,707.4,Credit card
2024-04-13,ORD000172,Oil Filter,Engine system,Retail,79,15.35,1212.65,Cash
2024-05-03,ORD000173,Oil Filter,Engine system,Wholesale,70,18.49,1294.3,Credit card
2024-06-14,ORD000174,Oil Filter,Engine system,Retail,73,18.02,1315.46,Transfer
2024-07-19,ORD000175,Oil Filter,Engine system,Retail,40,8.94,357.6,Cash
2024-08-13,ORD000176,Oil Filter,Engine system,Wholesale,74,11.89,879.86,Cash
2024-09-29,ORD000177,Oil Filter,Engine system,Wholesale,71,19.65,1395.15,Cash
2024-10-20,ORD000178,Oil Filter,Engine system,Retail,80,17.64,1411.2,Transfer
2024-11-27,ORD000179,Oil Filter,Engine system,Wholesale,89,9.29,826.81,Transfer
2024-12-26,ORD000180,Oil Filter,Engine system,Retail,81,12.09,979.29,Cash
2020-01-24,ORD000181,Air Filter,Engine system,Wholesale,25,12.8,320.0,Check
2020-02-20,ORD000182,Air Filter,Engine system,Wholesale,31,20.48,634.88,Check
2020-03-04,ORD000183,Air Filter,Engine system,Wholesale,32,12.76,408.32,Transfer
2020-04-16,ORD000184,Air Filter,Engine system,Retail,33,11.06,364.98,Cash
2020-05-12,ORD000185,Air Filter,Engine system,Wholesale,36,18.93,681.48,Credit card
2020-06-10,ORD000186,Air Filter,Engine system,Wholesale,25,11.88,297.0,Cash
2020-07-17,ORD000187,Air Filter,Engine system,Retail,29,21.65,627.85,Transfer
2020-08-23,ORD000188,Air Filter,Engine system,Retail,39,21.14,824.46,Check
2020-09-19,ORD000189,Air Filter,Engine system,Wholesale,28,19.88,556.64,Credit card
2020-10-03,ORD000190,Air Filter,Engine system,Retail,36,16.23,584.28,Transfer
2020-11-11,ORD000191,Air Filter,Engine system,Wholesale,38,18.3,695.4,Cash
2020-12-13,ORD000192,Air Filter,Engine system,Retail,33,15.66,516.78,Credit card
2021-01-06,ORD000193,Air Filter,Engine system,Retail,38,17.64,670.32,Check
2021-02-23,ORD000194,Air Filter,Engine system,Retail,16,13.3,212.8,Transfer
2021-03-02,ORD000195,Air Filter,Engine system,Retail,40,11.98,479.2,Credit card
2021-04-19,ORD000196,Air Filter,Engine system,Retail,43,19.66,845.38,Check
2021-05-02,ORD000197,Air Filter,Engine system,Retail,40,20.49,819.6,Cash
2021-06-27,ORD000198,Air Filter,Engine system,Wholesale,40,21.89,875.6,Check
2021-07-10,ORD000199,Air Filter,Engine system,Retail,22,10.7,235.4,Transfer
2021-08-31,ORD000200,Air Filter,Engine system,Retail,27,19.84,535.68,Credit card
2021-09-13,ORD000201,Air Filter,Engine system,Retail,37,17.95,664.15,Transfer
2021-10-12,ORD000202,Air Filter,Engine system,Wholesale,33,15.42,508.86,Check
2021-11-05,ORD000203,Air Filter,Engine system,Retail,30,13.25,397.5,Cash
2021-12-28,ORD000204,Air Filter,Engine system,Retail,31,14.43,447.33,Check
2022-01-12,ORD000205,Air Filter,Engine system,Retail,33,18.22,601.26,Cash
2022-02-03,ORD000206,Air Filter,Engine system,Retail,43,17.05,733.15,Cash
2022-03-07,ORD000207,Air Filter,Engine system,Retail,21,19.96,419.16,Check
2022-04-11,ORD000208,Air Filter,Engine system,Retail,29,19.96,578.84,Credit card
2022-05-15,ORD000209,Air Filter,Engine system,Wholesale,51,20.33,1036.83,Cash
2022-06-01,ORD000210,Air Filter,Engine system,Wholesale,44,13.56,596.64,Cash
2022-07-25,ORD000211,Air Filter,Engine system,Retail,42,19.89,835.38,Transfer
2022-08-11,ORD000212,Air Filter,Engine system,Retail,18,16.86,303.48,Transfer
2022-09-30,ORD000213,Air Filter,Engine system,Retail,37,15.12,559.44,Cash
2022-10-05,ORD000214,Air Filter,Engine system,Retail,42,17.99,755.58,Credit card
2022-11-18,ORD000215,Air Filter,Engine system,Wholesale,23,21.06,484.38,Transfer
2022-12-01,ORD000216,Air Filter,Engine system,Wholesale,29,11.72,339.88,Credit card
2023-01-20,ORD000217,Air Filter,Engine system,Wholesale,36,21.52,774.72,Cash
2023-02-10,ORD000218,Air Filter,Engine system,Wholesale,34,14.35,487.9,Cash
2023-03-24,ORD000219,Air Filter,Engine system,Retail,23,16.58,381.34,Check
2023-04-22,ORD000220,Air Filter,Engine system,Wholesale,40,15.89,635.6,Credit card
2023-05-16,ORD000221,Air Filter,Engine system,Wholesale,33,11.2,369.6,Credit card
2023-06-01,ORD000222,Air Filter,Engine system,Retail,40,17.47,698.8,Cash
2023-07-19,ORD000223,Air Filter,Engine system,Retail,30,15.54,466.2,Transfer
2023-08-21,ORD000224,Air Filter,Engine system,Retail,30,19.86,595.8,Check
2023-09-23,ORD000225,Air Filter,Engine system,Wholesale,24,17.2,412.8,Transfer
2023-10-16,ORD000226,Air Filter,Engine system,Wholesale,32,17.98,575.36,Check
2023-11-29,ORD000227,Air Filter,Engine system,Wholesale,27,14.45,390.15,Cash
2023-12-25,ORD000228,Air Filter,Engine system,Retail,44,15.69,690.36,Transfer
2024-01-22,ORD000229,Air Filter,Engine system,Wholesale,30,13.81,414.3,Cash
2024-02-25,ORD000230,Air Filter,Engine system,Retail,42,20.61,865.62,Check
2024-03-05,ORD000231,Air Filter,Engine system,Retail,36,19.84,714.24,Credit card
2024-04-30,ORD000232,Air Filter,Engine system,Wholesale,2,11.99,23.98,Cash
2024-05-07,ORD000233,Air Filter,Engine system,Retail,30,13.12,393.6,Transfer
2024-06-04,ORD000234,Air Filter,Engine system,Wholesale,7,20.35,142.45,Transfer
2024-07-13,ORD000235,Air Filter,Engine system,Wholesale,32,12.25,392.0,Transfer
2024-08-18,ORD000236,Air Filter,Engine system,Wholesale,37,14.09,521.33,Credit card
2024-09-06,ORD000237,Air Filter,Engine system,Wholesale,31,13.36,414.16,Cash
2024-10-14,ORD000238,Air Filter,Engine system,Retail,40,17.79,711.6,Credit card
2024-11-17,ORD000239,Air Filter,Engine system,Wholesale,31,13.18,408.58,Credit card
2024-12-17,ORD000240,Air Filter,Engine system,Retail,26,20.28,527.28,Credit card
2020-01-13,ORD000241,Shock Absorbers,Suspension & traction,Retail,63,36.2,2280.6,Cash
2020-02-06,ORD000242,Shock Absorbers,Suspension & traction,Wholesale,81,64.02,5185.62,Cash
2020-03-09,ORD000243,Shock Absorbers,Suspension & traction,Retail,85,63.36,5385.6,Cash
2020-04-21,ORD000244,Shock Absorbers,Suspension & traction,Wholesale,63,31.17,1963.71,Credit card
2020-05-05,ORD000245,Shock Absorbers,Suspension & traction,Wholesale,79,35.51,2805.29,Credit card
2020-06-02,ORD000246,Shock Absorbers,Suspension & traction,Wholesale,86,67.9,5839.4,Transfer
2020-07-06,ORD000247,Shock Absorbers,Suspension & traction,Wholesale,67,65.83,4410.61,Transfer
2020-08-20,ORD000248,Shock Absorbers,Suspension & traction,Wholesale,79,64.36,5084.44,Cash
2020-09-05,ORD000249,Shock Absorbers,Suspension & traction,Retail,94,52.72,4955.68,Check
2020-10-08,ORD000250,Shock Absorbers,Suspension & traction,Wholesale,69,61.1,4215.9,Credit card
2020-11-23,ORD000251,Shock Absorbers,Suspension & traction,Wholesale,80,47.69,3815.2,Credit card
2020-12-24,ORD000252,Shock Absorbers,Suspension & traction,Wholesale,64,49.1,3142.4,Transfer
2021-01-25,ORD000253,Shock Absorbers,Suspension & traction,Wholesale,85,45.6,3876.0,Cash
2021-02-28,ORD000254,Shock Absorbers,Suspension & traction,Wholesale,88,36.23,3188.24,Credit card
2021-03-08,ORD000255,Shock Absorbers,Suspension & traction,Wholesale,66,58.6,3867.6,Cash
2021-04-04,ORD000256,Shock Absorbers,Suspension & traction,Wholesale,101,66.73,6739.73,Check
2021-05-17,ORD000257,Shock Absorbers,Suspension & traction,Retail,67,40.43,2708.81,Transfer
2021-06-05,ORD000258,Shock Absorbers,Suspension & traction,Wholesale,87,43.2,3758.4,Check
2021-07-31,ORD000259,Shock Absorbers,Suspension & traction,Wholesale,53,35.42,1877.26,Cash
2021-08-01,ORD000260,Shock Absorbers,Suspension & traction,Wholesale,68,57.01,3876.68,Cash
2021-09-08,ORD000261,Shock Absorbers,Suspension & traction,Wholesale,73,55.55,4055.15,Check
2021-10-01,ORD000262,Shock Absorbers,Suspension & traction,Retail,79,54.96,4341.84,Check
2021-11-15,ORD000263,Shock Absorbers,Suspension & traction,Retail,63,39.66,2498.58,Cash
2021-12-28,ORD000264,Shock Absorbers,Suspension & traction,Wholesale,73,66.29,4839.17,Credit card
2022-01-30,ORD000265,Shock Absorbers,Suspension & traction,Wholesale,92,30.71,2825.32,Cash
2022-02-25,ORD000266,Shock Absorbers,Suspension & traction,Retail,58,37.05,2148.9,Transfer
2022-03-25,ORD000267,Shock Absorbers,Suspension & traction,Wholesale,77,60.04,4623.08,Check
2022-04-24,ORD000268,Shock Absorbers,Suspension & traction,Wholesale,45,40.15,1806.75,Transfer
2022-05-14,ORD000269,Shock Absorbers,Suspension & traction,Wholesale,94,49.29,4633.26,Check
2022-06-14,ORD000270,Shock Absorbers,Suspension & traction,Retail,71,34.91,2478.61,Check
2022-07-10,ORD000271,Shock Absorbers,Suspension & traction,Retail,88,40.06,3525.28,Transfer
2022-08-13,ORD000272,Shock Absorbers,Suspension & traction,Retail,84,38.69,3249.96,Transfer
2022-09-27,ORD000273,Shock Absorbers,Suspension & traction,Wholesale,77,31.0,2387.0,Check
2022-10-17,ORD000274,Shock Absorbers,Suspension & traction,Retail,90,67.13,6041.7,Transfer
2022-11-03,ORD000275,Shock Absorbers,Suspension & traction,Retail,65,46.14,2999.1,Check
2022-12-05,ORD000276,Shock Absorbers,Suspension & traction,Wholesale,65,59.15,3844.75,Cash
2023-01-04,ORD000277,Shock Absorbers,Suspension & traction,Retail,77,41.69,3210.13,Cash
2023-02-17,ORD000278,Shock Absorbers,Suspension & traction,Retail,52,68.23,3547.96,Transfer
2023-03-29,ORD000279,Shock Absorbers,Suspension & traction,Wholesale,60,47.39,2843.4,Cash
2023-04-27,ORD000280,Shock Absorbers,Suspension & traction,Retail,95,65.29,6202.55,Cash
2023-05-06,ORD000281,Shock Absorbers,Suspension & traction,Retail,68,59.85,4069.8,Credit card
2023-06-13,ORD000282,Shock Absorbers,Suspension & traction,Wholesale,72,55.92,4026.24,Check
2023-07-08,ORD000283,Shock Absorbers,Suspension & traction,Wholesale,79,68.78,5433.62,Cash
2023-08-30,ORD000284,Shock Absorbers,Suspension & traction,Wholesale,56,32.37,1812.72,Credit card
2023-09-15,ORD000285,Shock Absorbers,Suspension & traction,Retail,77,64.6,4974.2,Check
2023-10-13,ORD000286,Shock Absorbers,Suspension & traction,Wholesale,68,59.9,4073.2,Cash
2023-11-22,ORD000287,Shock Absorbers,Suspension & traction,Wholesale,85,56.94,4839.9,Check
2023-12-25,ORD000288,Shock Absorbers,Suspension & traction,Retail,84,65.27,5482.68,Credit card
2024-01-23,ORD000289,Shock Absorbers,Suspension & traction,Wholesale,71,47.47,3370.37,Transfer
2024-02-28,ORD000290,Shock Absorbers,Suspension & traction,Retail,65,42.2,2743.0,Cash
2024-03-08,ORD000291,Shock Absorbers,Suspension & traction,Wholesale,65,40.03,2601.95,Transfer
2024-04-20,ORD000292,Shock Absorbers,Suspension & traction,Retail,72,53.37,3842.64,Credit card
2024-05-13,ORD000293,Shock Absorbers,Suspension & traction,Retail,55,30.87,1697.85,Cash
2024-06-21,ORD000294,Shock Absorbers,Suspension & traction,Retail,91,49.08,4466.28,Transfer
2024-07-03,ORD000295,Shock Absorbers,Suspension & traction,Wholesale,70,46.74,3271.8,Transfer
2024-08-10,ORD000296,Shock Absorbers,Suspension & traction,Retail,57,57.21,3260.97,Credit card
2024-09-25,ORD000297,Shock Absorbers,Suspension & traction,Retail,74,36.85,2726.9,Check
2024-10-30,ORD000298,Shock Absorbers,Suspension & traction,Retail,69,66.76,4606.44,Cash
2024-11-08,ORD000299,Shock Absorbers,Suspension & traction,Retail,72,61.07,4397.04,Check
2024-12-05,ORD000300,Shock Absorbers,Suspension & traction,Retail,72,56.6,4075.2,Credit card
2020-01-24,ORD000301,Brake Fluid,Braking system,Wholesale,22,10.67,234.74,Cash
2020-02-05,ORD000302,Brake Fluid,Braking system,Wholesale,36,9.77,351.72,Transfer
2020-03-17,ORD000303,Brake Fluid,Braking system,Wholesale,33,8.59,283.47,Credit card
2020-04-21,ORD000304,Brake Fluid,Braking system,Wholesale,29,9.55,276.95,Cash
2020-05-17,ORD000305,Brake Fluid,Braking system,Wholesale,26,11.8,306.8,Cash
2020-06-21,ORD000306,Brake Fluid,Braking system,Wholesale,18,8.34,150.12,Credit card
2020-07-12,ORD000307,Brake Fluid,Braking system,Wholesale,42,11.14,467.88,Cash
2020-08-08,ORD000308,Brake Fluid,Braking system,Retail,46,11.49,528.54,Credit card
2020-09-17,ORD000309,Brake Fluid,Braking system,Retail,41,8.11,332.51,Check
2020-10-17,ORD000310,Brake Fluid,Braking system,Wholesale,35,13.39,468.65,Cash
2020-11-28,ORD000311,Brake Fluid,Braking system,Wholesale,33,13.71,452.43,Check
2020-12-01,ORD000312,Brake Fluid,Braking system,Retail,39,12.13,473.07,Cash
2021-01-27,ORD000313,Brake Fluid,Braking system,Wholesale,30,9.39,281.7,Cash
2021-02-18,ORD000314,Brake Fluid,Braking system,Wholesale,25,8.31,207.75,Check
2021-03-13,ORD000315,Brake Fluid,Braking system,Wholesale,26,8.87,230.62,Credit card
2021-04-10,ORD000316,Brake Fluid,Braking system,Wholesale,31,14.59,452.29,Cash
2021-05-23,ORD000317,Brake Fluid,Braking system,Wholesale,30,10.88,326.4,Check
2021-06-23,ORD000318,Brake Fluid,Braking system,Wholesale,39,8.04,313.56,Check
2021-07-31,ORD000319,Brake Fluid,Braking system,Retail,31,13.89,430.59,Credit card
2021-08-03,ORD000320,Brake Fluid,Braking system,Wholesale,32,10.75,344.0,Transfer
2021-09-13,ORD000321,Brake Fluid,Braking system,Retail,25,14.25,356.25,Cash
2021-10-06,ORD000322,Brake Fluid,Braking system,Wholesale,34,11.35,385.9,Transfer
2021-11-03,ORD000323,Brake Fluid,Braking system,Wholesale,31,8.78,272.18,Transfer
2021-12-30,ORD000324,Brake Fluid,Braking system,Retail,40,9.77,390.8,Check
2022-01-28,ORD000325,Brake Fluid,Braking system,Wholesale,34,13.64,463.76,Credit card
2022-02-03,ORD000326,Brake Fluid,Braking system,Retail,24,13.83,331.92,Cash
2022-03-17,ORD000327,Brake Fluid,Braking system,Retail,38,14.5,551.0,Cash
2022-04-18,ORD000328,Brake Fluid,Braking system,Retail,31,10.24,317.44,Transfer
2022-05-29,ORD000329,Brake Fluid,Braking system,Wholesale,21,12.49,262.29,Credit card
2022-06-24,ORD000330,Brake Fluid,Braking system,Wholesale,24,14.94,358.56,Cash
2022-07-24,ORD000331,Brake Fluid,Braking system,Wholesale,34,9.52,323.68,Check
2022-08-29,ORD000332,Brake Fluid,Braking system,Wholesale,31,12.26,380.06,Credit card
2022-09-10,ORD000333,Brake Fluid,Braking system,Retail,35,13.52,473.2,Credit card
2022-10-05,ORD000334,Brake Fluid,Braking system,Retail,40,9.88,395.2,Cash
2022-11-16,ORD000335,Brake Fluid,Braking system,Retail,35,12.26,429.1,Transfer
2022-12-03,ORD000336,Brake Fluid,Braking system,Wholesale,32,10.51,336.32,Cash
2023-01-06,ORD000337,Brake Fluid,Braking system,Retail,28,12.47,349.16,Credit card
2023-02-04,ORD000338,Brake Fluid,Braking system,Wholesale,38,11.07,420.66,Transfer
2023-03-26,ORD000339,Brake Fluid,Braking system,Retail,28,8.68,243.04,Transfer
2023-04-20,ORD000340,Brake Fluid,Braking system,Retail,29,12.56,364.24,Check
2023-05-01,ORD000341,Brake Fluid,Braking system,Wholesale,34,12.61,428.74,Cash
2023-06-03,ORD000342,Brake Fluid,Braking system,Retail,33,14.95,493.35,Credit card
2023-07-25,ORD000343,Brake Fluid,Braking system,Retail,30,12.22,366.6,Check
2023-08-06,ORD000344,Brake Fluid,Braking system,Wholesale,29,11.06,320.74,Cash
2023-09-28,ORD000345,Brake Fluid,Braking system,Retail,41,9.39,384.99,Credit card
2023-10-24,ORD000346,Brake Fluid,Braking system,Wholesale,34,13.03,443.02,Cash
2023-11-24,ORD000347,Brake Fluid,Braking system,Wholesale,31,13.72,425.32,Check
2023-12-25,ORD000348,Brake Fluid,Braking system,Retail,31,13.7,424.7,Credit card
2024-01-08,ORD000349,Brake Fluid,Braking system,Retail,30,9.4,282.0,Check
2024-02-04,ORD000350,Brake Fluid,Braking system,Wholesale,34,14.06,478.04,Credit card
2024-03-19,ORD000351,Brake Fluid,Braking system,Wholesale,33,14.69,484.77,Transfer
2024-04-03,ORD000352,Brake Fluid,Braking system,Wholesale,35,13.52,473.2,Cash
2024-05-11,ORD000353,Brake Fluid,Braking system,Retail,27,8.21,221.67,Transfer
2024-06-09,ORD000354,Brake Fluid,Braking system,Wholesale,34,13.77,468.18,Cash
2024-07-29,ORD000355,Brake Fluid,Braking system,Wholesale,34,12.08,410.72,Credit card
2024-08-11,ORD000356,Brake Fluid,Braking system,Wholesale,28,14.77,413.56,Credit card
2024-09-14,ORD000357,Brake Fluid,Braking system,Retail,34,9.53,324.02,Credit card
2024-10-07,ORD000358,Brake Fluid,Braking system,Wholesale,30,10.53,315.9,Credit card
2024-11-18,ORD000359,Brake Fluid,Braking system,Wholesale,39,12.17,474.63,Cash
2024-12-14,ORD000360,Brake Fluid,Braking system,Retail,23,13.49,310.27,Transfer
2020-01-14,ORD000361,Coolant,Engine system,Wholesale,34,9.24,314.16,Check
2020-02-08,ORD000362,Coolant,Engine system,Wholesale,46,10.94,503.24,Credit card
2020-03-15,ORD000363,Coolant,Engine system,Retail,37,12.68,469.16,Credit card
2020-04-09,ORD000364,Coolant,Engine system,Retail,50,11.68,584.0,Check
2020-05-30,ORD000365,Coolant,Engine system,Wholesale,58,7.15,414.7,Check
2020-06-06,ORD000366,Coolant,Engine system,Retail,24,10.03,240.72,Check
2020-07-30,ORD000367,Coolant,Engine system,Wholesale,41,8.85,362.85,Credit card
2020-08-16,ORD000368,Coolant,Engine system,Retail,45,6.47,291.15,Check
2020-09-17,ORD000369,Coolant,Engine system,Retail,35,11.79,412.65,Transfer
2020-10-17,ORD000370,Coolant,Engine system,Retail,58,9.92,575.36,Check
2020-11-29,ORD000371,Coolant,Engine system,Retail,52,8.9,462.8,Credit card
2020-12-17,ORD000372,Coolant,Engine system,Retail,29,8.55,247.95,Check
2021-01-19,ORD000373,Coolant,Engine system,Wholesale,31,10.37,321.47,Transfer
2021-02-03,ORD000374,Coolant,Engine system,Wholesale,39,7.83,305.37,Cash
2021-03-28,ORD000375,Coolant,Engine system,Wholesale,52,7.05,366.6,Credit card
2021-04-25,ORD000376,Coolant,Engine system,Retail,48,10.35,496.8,Cash
2021-05-16,ORD000377,Coolant,Engine system,Wholesale,20,12.16,243.2,Check
2021-06-20,ORD000378,Coolant,Engine system,Wholesale,58,6.32,366.56,Cash
2021-07-06,ORD000379,Coolant,Engine system,Retail,50,6.01,300.5,Credit card
2021-08-06,ORD000380,Coolant,Engine system,Retail,41,7.91,324.31,Check
2021-09-17,ORD000381,Coolant,Engine system,Retail,53,10.23,542.19,Credit card
2021-10-27,ORD000382,Coolant,Engine system,Retail,62,10.36,642.32,Check
2021-11-17,ORD000383,Coolant,Engine system,Retail,42,7.21,302.82,Check
2021-12-13,ORD000384,Coolant,Engine system,Wholesale,59,12.77,753.43,Transfer
2022-01-06,ORD000385,Coolant,Engine system,Retail,66,6.79,448.14,Transfer
2022-02-01,ORD000386,Coolant,Engine system,Wholesale,21,13.85,290.85,Check
2022-03-23,ORD000387,Coolant,Engine system,Retail,43,9.61,413.23,Credit card
2022-04-06,ORD000388,Coolant,Engine system,Wholesale,51,10.0,510.0,Credit card
2022-05-28,ORD000389,Coolant,Engine system,Wholesale,55,11.86,652.3,Credit card
2022-06-15,ORD000390,Coolant,Engine system,Retail,45,10.79,485.55,Credit card
2022-07-19,ORD000391,Coolant,Engine system,Wholesale,61,10.15,619.15,Credit card
2022-08-19,ORD000392,Coolant,Engine system,Retail,59,11.28,665.52,Cash
2022-09-12,ORD000393,Coolant,Engine system,Retail,41,11.48,470.68,Credit card
2022-10-10,ORD000394,Coolant,Engine system,Wholesale,33,13.62,449.46,Credit card
2022-11-26,ORD000395,Coolant,Engine system,Retail,29,6.79,196.91,Credit card
2022-12-04,ORD000396,Coolant,Engine system,Retail,37,8.21,303.77,Transfer
2023-01-31,ORD000397,Coolant,Engine system,Retail,34,10.58,359.72,Cash
2023-02-19,ORD000398,Coolant,Engine system,Retail,29,8.42,244.18,Credit card
2023-03-14,ORD000399,Coolant,Engine system,Retail,49,9.74,477.26,Check
2023-04-08,ORD000400,Coolant,Engine system,Retail,45,8.9,400.5,Transfer
2023-05-21,ORD000401,Coolant,Engine system,Retail,25,8.88,222.0,Transfer
2023-06-09,ORD000402,Coolant,Engine system,Retail,43,10.34,444.62,Transfer
2023-07-03,ORD000403,Coolant,Engine system,Wholesale,39,6.64,258.96,Transfer
2023-08-19,ORD000404,Coolant,Engine system,Retail,59,11.66,687.94,Cash
2023-09-16,ORD000405,Coolant,Engine system,Retail,46,11.49,528.54,Check
2023-10-14,ORD000406,Coolant,Engine system,Retail,29,12.25,355.25,Transfer
2023-11-22,ORD000407,Coolant,Engine system,Wholesale,18,13.06,235.08,Credit card
2023-12-08,ORD000408,Coolant,Engine system,Wholesale,44,7.12,313.28,Credit card
2024-01-10,ORD000409,Coolant,Engine system,Wholesale,41,11.58,474.78,Credit card
2024-02-24,ORD000410,Coolant,Engine system,Retail,62,10.61,657.82,Cash
2024-03-02,ORD000411,Coolant,Engine system,Wholesale,73,9.56,697.88,Cash
2024-04-20,ORD000412,Coolant,Engine system,Retail,38,12.79,486.02,Transfer
2024-05-05,ORD000413,Coolant,Engine system,Retail,45,11.86,533.7,Transfer
2024-06-08,ORD000414,Coolant,Engine system,Retail,41,6.62,271.42,Cash
2024-07-03,ORD000415,Coolant,Engine system,Wholesale,46,6.55,301.3,Credit card
2024-08-11,ORD000416,Coolant,Engine system,Retail,22,10.24,225.28,Credit card
2024-09-17,ORD000417,Coolant,Engine system,Retail,55,13.4,737.0,Transfer
2024-10-19,ORD000418,Coolant,Engine system,Wholesale,44,10.67,469.48,Credit card
2024-11-25,ORD000419,Coolant,Engine system,Wholesale,49,13.49,661.01,Credit card
2024-12-13,ORD000420,Coolant,Engine system,Wholesale,26,6.57,170.82,Check
2020-01-06,ORD000421,Battery,Electrical system,Retail,13,50.28,653.64,Check
2020-02-25,ORD000422,Battery,Electrical system,Wholesale,3,88.3,264.9,Credit card
2020-03-01,ORD000423,Battery,Electrical system,Retail,0,79.31,0.0,Credit card
2020-04-08,ORD000424,Battery,Electrical system,Wholesale,12,80.79,969.48,Cash
2020-05-01,ORD000425,Battery,Electrical system,Wholesale,0,40.5,0.0,Transfer
2020-06-01,ORD000426,Battery,Electrical system,Wholesale,0,86.31,0.0,Cash
2020-07-01,ORD000427,Battery,Electrical system,Retail,0,69.5,0.0,Transfer
2020-08-01,ORD000428,Battery,Electrical system,Retail,0,79.28,0.0,Transfer
2020-09-01,ORD000429,Battery,Electrical system,Wholesale,0,56.58,0.0,Check
2020-10-15,ORD000430,Battery,Electrical system,Wholesale,8,49.51,396.08,Transfer
2020-11-27,ORD000431,Battery,Electrical system,Wholesale,11,50.29,553.19,Cash
2020-12-03,ORD000432,Battery,Electrical system,Retail,10,47.83,478.3,Cash
2021-01-23,ORD000433,Battery,Electrical system,Retail,1,66.33,66.33,Check
2021-02-28,ORD000434,Battery,Electrical system,Wholesale,9,87.6,788.4,Credit card
2021-03-01,ORD000435,Battery,Electrical system,Retail,0,51.49,0.0,Cash
2021-04-01,ORD000436,Battery,Electrical system,Retail,0,57.99,0.0,Check
2021-05-18,ORD000437,Battery,Electrical system,Wholesale,3,82.04,246.12,Cash
2021-06-01,ORD000438,Battery,Electrical system,Retail,0,89.72,0.0,Cash
2021-07-01,ORD000439,Battery,Electrical system,Wholesale,0,72.12,0.0,Credit card
2021-08-01,ORD000440,Battery,Electrical system,Wholesale,0,77.43,0.0,Check
2021-09-28,ORD000441,Battery,Electrical system,Wholesale,1,45.5,45.5,Check
2021-10-31,ORD000442,Battery,Electrical system,Retail,1,47.52,47.52,Cash
2021-11-01,ORD000443,Battery,Electrical system,Retail,0,88.42,0.0,Cash
2021-12-01,ORD000444,Battery,Electrical system,Retail,0,62.65,0.0,Credit card
2022-01-23,ORD000445,Battery,Electrical system,Retail,2,56.67,113.34,Check
2022-02-01,ORD000446,Battery,Electrical system,Retail,0,61.26,0.0,Credit card
2022-03-09,ORD000447,Battery,Electrical system,Wholesale,5,50.16,250.8,Cash
2022-04-01,ORD000448,Battery,Electrical system,Retail,0,50.13,0.0,Credit card
2022-05-01,ORD000449,Battery,Electrical system,Retail,0,44.02,0.0,Cash
2022-06-09,ORD000450,Battery,Electrical system,Retail,1,75.62,75.62,Check
2022-07-04,ORD000451,Battery,Electrical system,Wholesale,7,85.9,601.3,Transfer
2022-08-26,ORD000452,Battery,Electrical system,Retail,4,83.82,335.28,Credit card
2022-09-01,ORD000453,Battery,Electrical system,Wholesale,0,54.26,0.0,Credit card
2022-10-23,ORD000454,Battery,Electrical system,Wholesale,15,57.91,868.65,Check
2022-11-26,ORD000455,Battery,Electrical system,Wholesale,7,54.27,379.89,Cash
2022-12-05,ORD000456,Battery,Electrical system,Retail,13,81.49,1059.37,Transfer
2023-01-01,ORD000457,Battery,Electrical system,Retail,0,70.16,0.0,Transfer
2023-02-28,ORD000458,Battery,Electrical system,Wholesale,12,51.0,612.0,Cash
2023-03-01,ORD000459,Battery,Electrical system,Wholesale,0,66.56,0.0,Cash
2023-04-01,ORD000460,Battery,Electrical system,Retail,0,43.72,0.0,Check
2023-05-01,ORD000461,Battery,Electrical system,Wholesale,0,81.1,0.0,Cash
2023-06-01,ORD000462,Battery,Electrical system,Wholesale,0,66.48,0.0,Cash
2023-07-01,ORD000463,Battery,Electrical system,Retail,0,83.93,0.0,Transfer
2023-08-27,ORD000464,Battery,Electrical system,Wholesale,14,52.96,741.44,Cash
2023-09-30,ORD000465,Battery,Electrical system,Wholesale,23,66.15,1521.45,Cash
2023-10-01,ORD000466,Battery,Electrical system,Retail,0,52.39,0.0,Cash
2023-11-12,ORD000467,Battery,Electrical system,Wholesale,5,71.62,358.1,Check
2023-12-13,ORD000468,Battery,Electrical system,Wholesale,4,50.2,200.8,Transfer
2024-01-01,ORD000469,Battery,Electrical system,Wholesale,0,53.43,0.0,Transfer
2024-02-01,ORD000470,Battery,Electrical system,Wholesale,0,77.79,0.0,Cash
2024-03-14,ORD000471,Battery,Electrical system,Retail,8,44.45,355.6,Credit card
2024-04-30,ORD000472,Battery,Electrical system,Wholesale,2,80.15,160.3,Credit card
2024-05-29,ORD000473,Battery,Electrical system,Wholesale,2,49.23,98.46,Transfer
2024-06-01,ORD000474,Battery,Electrical system,Retail,0,73.01,0.0,Check
2024-07-31,ORD000475,Battery,Electrical system,Wholesale,6,73.98,443.88,Credit card
2024-08-01,ORD000476,Battery,Electrical system,Wholesale,0,67.2,0.0,Cash
2024-09-10,ORD000477,Battery,Electrical system,Retail,4,71.01,284.04,Cash
2024-10-01,ORD000478,Battery,Electrical system,Retail,0,83.36,0.0,Cash
2024-11-01,ORD000479,Battery,Electrical system,Retail,0,58.53,0.0,Credit card
2024-12-01,ORD000480,Battery,Electrical system,Wholesale,0,88.28,0.0,Check
2020-01-04,ORD000481,Alternator,Electrical system,Retail,23,53.33,1226.59,Check
2020-02-01,ORD000482,Alternator,Electrical system,Retail,0,60.99,0.0,Check
2020-03-28,ORD000483,Alternator,Electrical system,Retail,15,83.72,1255.8,Check
2020-04-27,ORD000484,Alternator,Electrical system,Retail,2,108.6,217.2,Credit card
2020-05-24,ORD000485,Alternator,Electrical system,Wholesale,16,61.55,984.8,Cash
2020-06-22,ORD000486,Alternator,Electrical system,Retail,8,80.04,640.32,Credit card
2020-07-01,ORD000487,Alternator,Electrical system,Retail,0,82.62,0.0,Credit card
2020-08-01,ORD000488,Alternator,Electrical system,Wholesale,0,65.79,0.0,Transfer
2020-09-19,ORD000489,Alternator,Electrical system,Wholesale,13,104.74,1361.62,Transfer
2020-10-01,ORD000490,Alternator,Electrical system,Retail,0,75.43,0.0,Cash
2020-11-01,ORD000491,Alternator,Electrical system,Retail,0,81.19,0.0,Transfer
2020-12-28,ORD000492,Alternator,Electrical system,Retail,18,117.21,2109.78,Credit card
2021-01-01,ORD000493,Alternator,Electrical system,Retail,0,54.82,0.0,Credit card
2021-02-01,ORD000494,Alternator,Electrical system,Retail,0,97.47,0.0,Transfer
2021-03-01,ORD000495,Alternator,Electrical system,Retail,0,111.71,0.0,Transfer
2021-04-21,ORD000496,Alternator,Electrical system,Retail,9,55.47,499.23,Credit card
2021-05-01,ORD000497,Alternator,Electrical system,Retail,0,116.82,0.0,Cash
2021-06-03,ORD000498,Alternator,Electrical system,Retail,26,56.57,1470.82,Credit card
2021-07-04,ORD000499,Alternator,Electrical system,Retail,12,103.19,1238.28,Cash
2021-08-25,ORD000500,Alternator,Electrical system,Wholesale,18,61.75,1111.5,Cash
2021-09-10,ORD000501,Alternator,Electrical system,Retail,17,71.4,1213.8,Credit card
2021-10-01,ORD000502,Alternator,Electrical system,Wholesale,0,87.59,0.0,Check
2021-11-04,ORD000503,Alternator,Electrical system,Retail,23,63.84,1468.32,Transfer
2021-12-01,ORD000504,Alternator,Electrical system,Wholesale,0,63.4,0.0,Transfer
2022-01-29,ORD000505,Alternator,Electrical system,Wholesale,22,80.11,1762.42,Check
2022-02-16,ORD000506,Alternator,Electrical system,Retail,1,107.72,107.72,Cash
2022-03-12,ORD000507,Alternator,Electrical system,Retail,1,80.19,80.19,Check
2022-04-01,ORD000508,Alternator,Electrical system,Wholesale,0,94.21,0.0,Cash
2022-05-01,ORD000509,Alternator,Electrical system,Retail,0,94.93,0.0,Cash
2022-06-01,ORD000510,Alternator,Electrical system,Wholesale,0,95.56,0.0,Cash
2022-07-23,ORD000511,Alternator,Electrical system,Retail,19,113.34,2153.46,Cash
2022-08-01,ORD000512,Alternator,Electrical system,Retail,0,80.66,0.0,Credit card
2022-09-01,ORD000513,Alternator,Electrical system,Retail,0,76.27,0.0,Cash
2022-10-01,ORD000514,Alternator,Electrical system,Retail,0,59.97,0.0,Cash
2022-11-01,ORD000515,Alternator,Electrical system,Retail,19,52.15,990.85,Cash
2022-12-28,ORD000516,Alternator,Electrical system,Wholesale,11,54.08,594.88,Transfer
2023-01-01,ORD000517,Alternator,Electrical system,Retail,0,111.92,0.0,Transfer
2023-02-01,ORD000518,Alternator,Electrical system,Retail,0,117.7,0.0,Check
2023-03-01,ORD000519,Alternator,Electrical system,Retail,0,51.14,0.0,Transfer
2023-04-08,ORD000520,Alternator,Electrical system,Retail,16,50.03,800.48,Transfer
2023-05-01,ORD000521,Alternator,Electrical system,Wholesale,0,90.56,0.0,Credit card
2023-06-23,ORD000522,Alternator,Electrical system,Wholesale,25,73.96,1849.0,Transfer
2023-07-08,ORD000523,Alternator,Electrical system,Retail,17,112.06,1905.02,Credit card
2023-08-03,ORD000524,Alternator,Electrical system,Wholesale,7,97.81,684.67,Check
2023-09-10,ORD000525,Alternator,Electrical system,Retail,24,114.12,2738.88,Cash
2023-10-06,ORD000526,Alternator,Electrical system,Wholesale,20,51.96,1039.2,Credit card
2023-11-27,ORD000527,Alternator,Electrical system,Retail,16,57.0,912.0,Check
2023-12-09,ORD000528,Alternator,Electrical system,Wholesale,24,113.87,2732.88,Cash
2024-01-01,ORD000529,Alternator,Electrical system,Wholesale,0,96.46,0.0,Check
2024-02-08,ORD000530,Alternator,Electrical system,Wholesale,18,95.96,1727.28,Cash
2024-03-01,ORD000531,Alternator,Electrical system,Wholesale,0,116.9,0.0,Transfer
2024-04-12,ORD000532,Alternator,Electrical system,Retail,12,74.66,895.92,Check
2024-05-01,ORD000533,Alternator,Electrical system,Retail,0,106.18,0.0,Credit card
2024-06-01,ORD000534,Alternator,Electrical system,Wholesale,0,96.84,0.0,Transfer
2024-07-23,ORD000535,Alternator,Electrical system,Retail,20,113.07,2261.4,Check
2024-08-01,ORD000536,Alternator,Electrical system,Wholesale,0,82.83,0.0,Credit card
2024-09-01,ORD000537,Alternator,Electrical system,Retail,0,58.29,0.0,Check
2024-10-01,ORD000538,Alternator,Electrical system,Wholesale,0,77.26,0.0,Credit card
2024-11-01,ORD000539,Alternator,Electrical system,Wholesale,0,66.39,0.0,Cash
2024-12-18,ORD000540,Alternator,Electrical system,Wholesale,6,82.03,492.18,Credit card
2020-01-01,ORD000541,Starter Motor,Electrical system,Wholesale,0,79.32,0.0,Credit card
2020-02-09,ORD000542,Starter Motor,Electrical system,Wholesale,8,149.97,1199.76,Credit card
2020-03-09,ORD000543,Starter Motor,Electrical system,Wholesale,6,128.97,773.82,Credit card
2020-04-22,ORD000544,Starter Motor,Electrical system,Wholesale,19,137.12,2605.28,Cash
2020-05-15,ORD000545,Starter Motor,Electrical system,Retail,14,68.37,957.18,Transfer
2020-06-25,ORD000546,Starter Motor,Electrical system,Wholesale,4,61.11,244.44,Credit card
2020-07-01,ORD000547,Starter Motor,Electrical system,Wholesale,0,112.38,0.0,Transfer
2020-08-01,ORD000548,Starter Motor,Electrical system,Wholesale,0,127.26,0.0,Cash
2020-09-01,ORD000549,Starter Motor,Electrical system,Wholesale,0,74.07,0.0,Check
2020-10-06,ORD000550,Starter Motor,Electrical system,Wholesale,9,114.99,1034.91,Transfer
2020-11-16,ORD000551,Starter Motor,Electrical system,Retail,6,139.45,836.7,Check
2020-12-01,ORD000552,Starter Motor,Electrical system,Wholesale,0,105.06,0.0,Credit card
2021-01-10,ORD000553,Starter Motor,Electrical system,Retail,8,97.64,781.12,Credit card
2021-02-14,ORD000554,Starter Motor,Electrical system,Wholesale,11,70.94,780.34,Cash
2021-03-01,ORD000555,Starter Motor,Electrical system,Retail,0,120.93,0.0,Transfer
2021-04-01,ORD000556,Starter Motor,Electrical system,Retail,0,132.25,0.0,Transfer
2021-05-01,ORD000557,Starter Motor,Electrical system,Wholesale,0,62.58,0.0,Transfer
2021-06-01,ORD000558,Starter Motor,Electrical system,Wholesale,0,108.07,0.0,Cash
2021-07-01,ORD000559,Starter Motor,Electrical system,Wholesale,0,82.38,0.0,Check
2021-08-01,ORD000560,Starter Motor,Electrical system,Retail,0,131.14,0.0,Transfer
2021-09-01,ORD000561,Starter Motor,Electrical system,Wholesale,0,102.52,0.0,Transfer
2021-10-09,ORD000562,Starter Motor,Electrical system,Wholesale,11,103.63,1139.93,Cash
2021-11-01,ORD000563,Starter Motor,Electrical system,Retail,0,63.13,0.0,Cash
2021-12-01,ORD000564,Starter Motor,Electrical system,Retail,0,87.85,0.0,Check
2022-01-14,ORD000565,Starter Motor,Electrical system,Wholesale,11,61.76,679.36,Cash
2022-02-08,ORD000566,Starter Motor,Electrical system,Retail,14,83.7,1171.8,Transfer
2022-03-01,ORD000567,Starter Motor,Electrical system,Retail,0,97.32,0.0,Transfer
2022-04-14,ORD000568,Starter Motor,Electrical system,Retail,16,115.53,1848.48,Credit card
2022-05-25,ORD000569,Starter Motor,Electrical system,Retail,11,65.4,719.4,Check
2022-06-01,ORD000570,Starter Motor,Electrical system,Retail,0,140.2,0.0,Credit card
2022-07-12,ORD000571,Starter Motor,Electrical system,Wholesale,1,81.7,81.7,Check
2022-08-17,ORD000572,Starter Motor,Electrical system,Wholesale,12,121.23,1454.76,Check
2022-09-01,ORD000573,Starter Motor,Electrical system,Wholesale,0,89.48,0.0,Credit card
2022-10-15,ORD000574,Starter Motor,Electrical system,Wholesale,17,95.64,1625.88,Transfer
2022-11-03,ORD000575,Starter Motor,Electrical system,Wholesale,6,128.97,773.82,Cash
2022-12-01,ORD000576,Starter Motor,Electrical system,Retail,0,72.92,0.0,Transfer
2023-01-01,ORD000577,Starter Motor,Electrical system,Wholesale,0,81.74,0.0,Transfer
2023-02-01,ORD000578,Starter Motor,Electrical system,Retail,0,149.31,0.0,Cash
2023-03-31,ORD000579,Starter Motor,Electrical system,Wholesale,5,131.76,658.8,Cash
2023-04-01,ORD000580,Starter Motor,Electrical system,Retail,0,108.83,0.0,Check
2023-05-01,ORD000581,Starter Motor,Electrical system,Retail,0,103.1,0.0,Credit card
2023-06-01,ORD000582,Starter Motor,Electrical system,Wholesale,0,89.88,0.0,Check
2023-07-31,ORD000583,Starter Motor,Electrical system,Retail,8,76.28,610.24,Transfer
2023-08-01,ORD000584,Starter Motor,Electrical system,Wholesale,0,96.65,0.0,Cash
2023-09-01,ORD000585,Starter Motor,Electrical system,Wholesale,0,96.57,0.0,Credit card
2023-10-01,ORD000586,Starter Motor,Electrical system,Retail,0,122.7,0.0,Transfer
2023-11-01,ORD000587,Starter Motor,Electrical system,Wholesale,0,123.27,0.0,Cash
2023-12-01,ORD000588,Starter Motor,Electrical system,Wholesale,0,63.41,0.0,Transfer
2024-01-01,ORD000589,Starter Motor,Electrical system,Wholesale,0,108.01,0.0,Cash
2024-02-01,ORD000590,Starter Motor,Electrical system,Wholesale,0,97.93,0.0,Transfer
2024-03-01,ORD000591,Starter Motor,Electrical system,Retail,0,119.8,0.0,Transfer
2024-04-01,ORD000592,Starter Motor,Electrical system,Wholesale,0,136.61,0.0,Cash
2024-05-01,ORD000593,Starter Motor,Electrical system,Retail,0,103.63,0.0,Credit card
2024-06-25,ORD000594,Starter Motor,Electrical system,Retail,8,77.71,621.68,Cash
2024-07-01,ORD000595,Starter Motor,Electrical system,Retail,0,85.26,0.0,Credit card
2024-08-15,ORD000596,Starter Motor,Electrical system,Retail,16,120.49,1927.84,Cash
2024-09-01,ORD000597,Starter Motor,Electrical system,Retail,0,92.32,0.0,Transfer
2024-10-01,ORD000598,Starter Motor,Electrical system,Wholesale,0,131.37,0.0,Credit card
2024-11-19,ORD000599,Starter Motor,Electrical system,Retail,10,112.81,1128.1,Transfer
2024-12-01,ORD000600,Starter Motor,Electrical system,Retail,0,141.02,0.0,Check
2020-01-01,ORD000601,Wiper Blades,Windshield system,Retail,0,7.34,0.0,Credit card
2020-02-01,ORD000602,Wiper Blades,Windshield system,Retail,0,5.03,0.0,Credit card
2020-03-01,ORD000603,Wiper Blades,Windshield system,Wholesale,0,6.38,0.0,Transfer
2020-04-01,ORD000604,Wiper Blades,Windshield system,Retail,0,7.29,0.0,Credit card
2020-05-01,ORD000605,Wiper Blades,Windshield system,Wholesale,0,8.35,0.0,Cash
2020-06-01,ORD000606,Wiper Blades,Windshield system,Wholesale,0,11.07,0.0,Cash
2020-07-10,ORD000607,Wiper Blades,Windshield system,Wholesale,9,11.54,103.86,Cash
2020-08-01,ORD000608,Wiper Blades,Windshield system,Retail,0,5.5,0.0,Credit card
2020-09-01,ORD000609,Wiper Blades,Windshield system,Wholesale,0,5.3,0.0,Cash
2020-10-01,ORD000610,Wiper Blades,Windshield system,Wholesale,0,8.61,0.0,Check
2020-11-27,ORD000611,Wiper Blades,Windshield system,Retail,5,10.15,50.75,Transfer
2020-12-08,ORD000612,Wiper Blades,Windshield system,Retail,6,10.09,60.54,Cash
2021-01-01,ORD000613,Wiper Blades,Windshield system,Wholesale,0,9.25,0.0,Credit card
2021-02-12,ORD000614,Wiper Blades,Windshield system,Wholesale,1,6.66,6.66,Check
2021-03-03,ORD000615,Wiper Blades,Windshield system,Retail,8,6.24,49.92,Credit card
2021-04-01,ORD000616,Wiper Blades,Windshield system,Retail,0,7.82,0.0,Cash
2021-05-20,ORD000617,Wiper Blades,Windshield system,Wholesale,15,11.59,173.85,Credit card
2021-06-01,ORD000618,Wiper Blades,Windshield system,Retail,0,6.15,0.0,Transfer
2021-07-28,ORD000619,Wiper Blades,Windshield system,Retail,6,11.63,69.78,Check
2021-08-24,ORD000620,Wiper Blades,Windshield system,Retail,16,8.85,141.6,Cash
2021-09-01,ORD000621,Wiper Blades,Windshield system,Wholesale,0,7.85,0.0,Cash
2021-10-01,ORD000622,Wiper Blades,Windshield system,Wholesale,0,5.63,0.0,Credit card
2021-11-01,ORD000623,Wiper Blades,Windshield system,Retail,0,8.85,0.0,Transfer
2021-12-01,ORD000624,Wiper Blades,Windshield system,Wholesale,0,7.86,0.0,Cash
2022-01-08,ORD000625,Wiper Blades,Windshield system,Retail,1,7.01,7.01,Check
2022-02-01,ORD000626,Wiper Blades,Windshield system,Retail,0,5.94,0.0,Check
2022-03-13,ORD000627,Wiper Blades,Windshield system,Retail,8,6.02,48.16,Transfer
2022-04-01,ORD000628,Wiper Blades,Windshield system,Wholesale,0,7.04,0.0,Credit card
2022-05-01,ORD000629,Wiper Blades,Windshield system,Retail,0,7.53,0.0,Transfer
2022-06-01,ORD000630,Wiper Blades,Windshield system,Retail,0,11.34,0.0,Credit card
2022-07-01,ORD000631,Wiper Blades,Windshield system,Retail,0,6.29,0.0,Check
2022-08-26,ORD000632,Wiper Blades,Windshield system,Retail,12,6.04,72.48,Cash
2022-09-29,ORD000633,Wiper Blades,Windshield system,Wholesale,21,11.21,235.41,Cash
2022-10-01,ORD000634,Wiper Blades,Windshield system,Wholesale,0,9.52,0.0,Credit card
2022-11-01,ORD000635,Wiper Blades,Windshield system,Wholesale,0,8.18,0.0,Credit card
2022-12-01,ORD000636,Wiper Blades,Windshield system,Wholesale,0,7.54,0.0,Credit card
2023-01-01,ORD000637,Wiper Blades,Windshield system,Wholesale,0,11.51,0.0,Transfer
2023-02-26,ORD000638,Wiper Blades,Windshield system,Wholesale,14,10.45,146.3,Transfer
2023-03-29,ORD000639,Wiper Blades,Windshield system,Wholesale,1,10.63,10.63,Transfer
2023-04-04,ORD000640,Wiper Blades,Windshield system,Retail,13,7.47,97.11,Check
2023-05-01,ORD000641,Wiper Blades,Windshield system,Wholesale,0,7.76,0.0,Transfer
2023-06-29,ORD000642,Wiper Blades,Windshield system,Wholesale,4,7.46,29.84,Check
2023-07-01,ORD000643,Wiper Blades,Windshield system,Retail,0,5.98,0.0,Check
2023-08-01,ORD000644,Wiper Blades,Windshield system,Retail,0,7.15,0.0,Credit card
2023-09-07,ORD000645,Wiper Blades,Windshield system,Retail,10,9.65,96.5,Credit card
2023-10-30,ORD000646,Wiper Blades,Windshield system,Wholesale,1,7.05,7.05,Credit card
2023-11-01,ORD000647,Wiper Blades,Windshield system,Retail,0,11.67,0.0,Transfer
2023-12-21,ORD000648,Wiper Blades,Windshield system,Retail,7,8.33,58.31,Credit card
2024-01-01,ORD000649,Wiper Blades,Windshield system,Retail,0,8.93,0.0,Credit card
2024-02-07,ORD000650,Wiper Blades,Windshield system,Wholesale,5,8.11,40.55,Transfer
2024-03-01,ORD000651,Wiper Blades,Windshield system,Wholesale,0,10.25,0.0,Check
2024-04-28,ORD000652,Wiper Blades,Windshield system,Retail,8,11.12,88.96,Cash
2024-05-01,ORD000653,Wiper Blades,Windshield system,Retail,0,6.8,0.0,Transfer
2024-06-17,ORD000654,Wiper Blades,Windshield system,Retail,17,10.25,174.25,Check
2024-07-03,ORD000655,Wiper Blades,Windshield system,Retail,6,10.81,64.86,Check
2024-08-01,ORD000656,Wiper Blades,Windshield system,Wholesale,0,6.99,0.0,Cash
2024-09-01,ORD000657,Wiper Blades,Windshield system,Wholesale,0,9.69,0.0,Credit card
2024-10-01,ORD000658,Wiper Blades,Windshield system,Wholesale,0,5.58,0.0,Cash
2024-11-01,ORD000659,Wiper Blades,Windshield system,Wholesale,0,9.18,0.0,Credit card
2024-12-27,ORD000660,Wiper Blades,Windshield system,Retail,12,11.54,138.48,Transfer
2020-01-01,ORD000661,Engine Belt,Engine system,Retail,0,14.59,0.0,Transfer
2020-02-29,ORD000662,Engine Belt,Engine system,Retail,21,17.98,377.58,Cash
2020-03-01,ORD000663,Engine Belt,Engine system,Wholesale,0,18.49,0.0,Credit card
2020-04-01,ORD000664,Engine Belt,Engine system,Wholesale,0,13.27,0.0,Cash
2020-05-01,ORD000665,Engine Belt,Engine system,Wholesale,0,21.15,0.0,Transfer
2020-06-01,ORD000666,Engine Belt,Engine system,Retail,0,18.29,0.0,Check
2020-07-07,ORD000667,Engine Belt,Engine system,Retail,28,19.31,540.68,Transfer
2020-08-06,ORD000668,Engine Belt,Engine system,Wholesale,16,15.5,248.0,Cash
2020-09-01,ORD000669,Engine Belt,Engine system,Retail,0,23.66,0.0,Check
2020-10-20,ORD000670,Engine Belt,Engine system,Retail,31,20.64,639.84,Transfer
2020-11-01,ORD000671,Engine Belt,Engine system,Retail,0,19.93,0.0,Check
2020-12-01,ORD000672,Engine Belt,Engine system,Retail,0,17.26,0.0,Credit card
2021-01-01,ORD000673,Engine Belt,Engine system,Retail,0,14.22,0.0,Check
2021-02-01,ORD000674,Engine Belt,Engine system,Retail,0,14.94,0.0,Check
2021-03-01,ORD000675,Engine Belt,Engine system,Retail,0,26.37,0.0,Credit card
2021-04-01,ORD000676,Engine Belt,Engine system,Retail,0,16.77,0.0,Transfer
2021-05-01,ORD000677,Engine Belt,Engine system,Wholesale,0,26.13,0.0,Check
2021-06-01,ORD000678,Engine Belt,Engine system,Wholesale,0,23.72,0.0,Transfer
2021-07-18,ORD000679,Engine Belt,Engine system,Retail,15,20.36,305.4,Credit card
2021-08-01,ORD000680,Engine Belt,Engine system,Retail,0,25.49,0.0,Cash
2021-09-23,ORD000681,Engine Belt,Engine system,Wholesale,40,25.82,1032.8,Credit card
2021-10-02,ORD000682,Engine Belt,Engine system,Retail,20,17.87,357.4,Credit card
2021-11-01,ORD000683,Engine Belt,Engine system,Retail,0,26.69,0.0,Credit card
2021-12-01,ORD000684,Engine Belt,Engine system,Wholesale,0,22.31,0.0,Check
2022-01-01,ORD000685,Engine Belt,Engine system,Wholesale,0,23.33,0.0,Check
2022-02-01,ORD000686,Engine Belt,Engine system,Wholesale,0,19.93,0.0,Check
2022-03-01,ORD000687,Engine Belt,Engine system,Wholesale,0,25.66,0.0,Cash
2022-04-27,ORD000688,Engine Belt,Engine system,Retail,23,20.02,460.46,Credit card
2022-05-11,ORD000689,Engine Belt,Engine system,Wholesale,37,24.42,903.54,Credit card
2022-06-01,ORD000690,Engine Belt,Engine system,Retail,0,25.74,0.0,Credit card
2022-07-12,ORD000691,Engine Belt,Engine system,Retail,19,13.27,252.13,Transfer
2022-08-01,ORD000692,Engine Belt,Engine system,Retail,0,12.87,0.0,Transfer
2022-09-01,ORD000693,Engine Belt,Engine system,Retail,0,20.64,0.0,Credit card
2022-10-01,ORD000694,Engine Belt,Engine system,Wholesale,0,22.19,0.0,Credit card
2022-11-01,ORD000695,Engine Belt,Engine system,Retail,0,13.3,0.0,Check
2022-12-01,ORD000696,Engine Belt,Engine system,Retail,0,16.38,0.0,Credit card
2023-01-10,ORD000697,Engine Belt,Engine system,Retail,25,14.83,370.75,Cash
2023-02-08,ORD000698,Engine Belt,Engine system,Retail,9,15.45,139.05,Check
2023-03-28,ORD000699,Engine Belt,Engine system,Retail,29,17.38,504.02,Credit card
2023-04-19,ORD000700,Engine Belt,Engine system,Retail,1,13.17,13.17,Transfer
2023-05-01,ORD000701,Engine Belt,Engine system,Retail,0,14.51,0.0,Credit card
2023-06-01,ORD000702,Engine Belt,Engine system,Retail,0,24.11,0.0,Transfer
2023-07-01,ORD000703,Engine Belt,Engine system,Wholesale,0,12.36,0.0,Check
2023-08-01,ORD000704,Engine Belt,Engine system,Wholesale,0,20.3,0.0,Transfer
2023-09-01,ORD000705,Engine Belt,Engine system,Retail,0,15.33,0.0,Credit card
2023-10-01,ORD000706,Engine Belt,Engine system,Wholesale,0,21.76,0.0,Credit card
2023-11-17,ORD000707,Engine Belt,Engine system,Wholesale,14,25.0,350.0,Check
2023-12-01,ORD000708,Engine Belt,Engine system,Retail,0,24.81,0.0,Credit card
2024-01-01,ORD000709,Engine Belt,Engine system,Wholesale,20,16.81,336.2,Check
2024-02-01,ORD000710,Engine Belt,Engine system,Retail,0,29.2,0.0,Cash
2024-03-01,ORD000711,Engine Belt,Engine system,Retail,0,12.69,0.0,Transfer
2024-04-01,ORD000712,Engine Belt,Engine system,Wholesale,0,20.43,0.0,Cash
2024-05-05,ORD000713,Engine Belt,Engine system,Retail,23,27.28,627.44,Credit card
2024-06-09,ORD000714,Engine Belt,Engine system,Wholesale,15,18.98,284.7,Credit card
2024-07-01,ORD000715,Engine Belt,Engine system,Retail,0,25.37,0.0,Credit card
2024-08-01,ORD000716,Engine Belt,Engine system,Retail,0,26.15,0.0,Cash
2024-09-23,ORD000717,Engine Belt,Engine system,Retail,16,17.64,282.24,Transfer
2024-10-01,ORD000718,Engine Belt,Engine system,Retail,0,14.16,0.0,Check
2024-11-01,ORD000719,Engine Belt,Engine system,Wholesale,0,14.58,0.0,Check
2024-12-24,ORD000720,Engine Belt,Engine system,Retail,18,12.79,230.22,Check
2020-01-01,ORD000721,Fuel Pump,Fuel system,Retail,0,56.52,0.0,Credit card
2020-02-23,ORD000722,Fuel Pump,Fuel system,Wholesale,4,75.37,301.48,Credit card
2020-03-16,ORD000723,Fuel Pump,Fuel system,Wholesale,1,93.53,93.53,Cash
2020-04-15,ORD000724,Fuel Pump,Fuel system,Wholesale,1,56.65,56.65,Check
2020-05-01,ORD000725,Fuel Pump,Fuel system,Wholesale,11,90.98,1000.78,Credit card
2020-06-08,ORD000726,Fuel Pump,Fuel system,Wholesale,1,92.94,92.94,Cash
2020-07-01,ORD000727,Fuel Pump,Fuel system,Retail,0,99.58,0.0,Check
2020-08-01,ORD000728,Fuel Pump,Fuel system,Retail,0,93.25,0.0,Transfer
2020-09-01,ORD000729,Fuel Pump,Fuel system,Wholesale,0,73.76,0.0,Credit card
2020-10-22,ORD000730,Fuel Pump,Fuel system,Wholesale,1,68.54,68.54,Transfer
2020-11-27,ORD000731,Fuel Pump,Fuel system,Retail,3,54.79,164.37,Transfer
2020-12-01,ORD000732,Fuel Pump,Fuel system,Retail,2,92.15,184.3,Credit card
2021-01-01,ORD000733,Fuel Pump,Fuel system,Retail,0,58.46,0.0,Check
2021-02-01,ORD000734,Fuel Pump,Fuel system,Wholesale,0,95.11,0.0,Cash
2021-03-09,ORD000735,Fuel Pump,Fuel system,Retail,20,93.5,1870.0,Cash
2021-04-01,ORD000736,Fuel Pump,Fuel system,Wholesale,0,97.46,0.0,Cash
2021-05-24,ORD000737,Fuel Pump,Fuel system,Retail,16,73.48,1175.68,Transfer
2021-06-19,ORD000738,Fuel Pump,Fuel system,Retail,9,87.75,789.75,Check
2021-07-01,ORD000739,Fuel Pump,Fuel system,Wholesale,0,80.19,0.0,Cash
2021-08-01,ORD000740,Fuel Pump,Fuel system,Retail,0,68.9,0.0,Check
2021-09-26,ORD000741,Fuel Pump,Fuel system,Wholesale,11,86.98,956.78,Cash
2021-10-01,ORD000742,Fuel Pump,Fuel system,Retail,0,94.91,0.0,Credit card
2021-11-13,ORD000743,Fuel Pump,Fuel system,Wholesale,9,77.04,693.36,Transfer
2021-12-24,ORD000744,Fuel Pump,Fuel system,Retail,8,99.86,798.88,Transfer
2022-01-01,ORD000745,Fuel Pump,Fuel system,Wholesale,0,70.65,0.0,Cash
2022-02-01,ORD000746,Fuel Pump,Fuel system,Retail,0,59.55,0.0,Transfer
2022-03-04,ORD000747,Fuel Pump,Fuel system,Retail,3,49.38,148.14,Check
2022-04-01,ORD000748,Fuel Pump,Fuel system,Wholesale,0,76.15,0.0,Transfer
2022-05-01,ORD000749,Fuel Pump,Fuel system,Wholesale,0,45.11,0.0,Credit card
2022-06-12,ORD000750,Fuel Pump,Fuel system,Retail,1,70.01,70.01,Transfer
2022-07-15,ORD000751,Fuel Pump,Fuel system,Wholesale,1,47.3,47.3,Check
2022-08-01,ORD000752,Fuel Pump,Fuel system,Wholesale,0,50.33,0.0,Transfer
2022-09-10,ORD000753,Fuel Pump,Fuel system,Wholesale,9,91.2,820.8,Transfer
2022-10-01,ORD000754,Fuel Pump,Fuel system,Wholesale,0,53.41,0.0,Check
2022-11-14,ORD000755,Fuel Pump,Fuel system,Wholesale,10,80.2,802.0,Check
2022-12-06,ORD000756,Fuel Pump,Fuel system,Retail,12,76.24,914.88,Check
2023-01-27,ORD000757,Fuel Pump,Fuel system,Retail,16,76.74,1227.84,Transfer
2023-02-18,ORD000758,Fuel Pump,Fuel system,Retail,1,67.58,67.58,Cash
2023-03-24,ORD000759,Fuel Pump,Fuel system,Retail,3,86.1,258.3,Cash
2023-04-01,ORD000760,Fuel Pump,Fuel system,Wholesale,0,95.24,0.0,Cash
2023-05-01,ORD000761,Fuel Pump,Fuel system,Retail,0,46.0,0.0,Check
2023-06-08,ORD000762,Fuel Pump,Fuel system,Wholesale,12,79.72,956.64,Cash
2023-07-05,ORD000763,Fuel Pump,Fuel system,Wholesale,1,61.38,61.38,Credit card
2023-08-10,ORD000764,Fuel Pump,Fuel system,Retail,11,79.41,873.51,Credit card
2023-09-01,ORD000765,Fuel Pump,Fuel system,Retail,0,53.96,0.0,Transfer
2023-10-01,ORD000766,Fuel Pump,Fuel system,Wholesale,0,58.29,0.0,Credit card
2023-11-01,ORD000767,Fuel Pump,Fuel system,Wholesale,0,71.62,0.0,Transfer
2023-12-01,ORD000768,Fuel Pump,Fuel system,Wholesale,0,99.12,0.0,Credit card
2024-01-01,ORD000769,Fuel Pump,Fuel system,Retail,0,86.24,0.0,Check
2024-02-24,ORD000770,Fuel Pump,Fuel system,Retail,9,65.66,590.94,Check
2024-03-01,ORD000771,Fuel Pump,Fuel system,Retail,0,68.87,0.0,Cash
2024-04-01,ORD000772,Fuel Pump,Fuel system,Retail,0,76.06,0.0,Check
2024-05-01,ORD000773,Fuel Pump,Fuel system,Retail,0,95.68,0.0,Cash
2024-06-01,ORD000774,Fuel Pump,Fuel system,Wholesale,0,67.4,0.0,Check
2024-07-06,ORD000775,Fuel Pump,Fuel system,Retail,5,45.03,225.15,Credit card
2024-08-01,ORD000776,Fuel Pump,Fuel system,Retail,0,86.8,0.0,Credit card
2024-09-01,ORD000777,Fuel Pump,Fuel system,Wholesale,0,94.19,0.0,Credit card
2024-10-29,ORD000778,Fuel Pump,Fuel system,Retail,7,95.98,671.86,Check
2024-11-01,ORD000779,Fuel Pump,Fuel system,Retail,0,46.38,0.0,Credit card
2024-12-01,ORD000780,Fuel Pump,Fuel system,Retail,2,62.21,124.42,Credit card
2020-01-06,ORD000781,Throttle Body,Fuel system,Wholesale,39,57.52,2243.28,Transfer
2020-02-15,ORD000782,Throttle Body,Fuel system,Retail,36,59.18,2130.48,Cash
2020-03-08,ORD000783,Throttle Body,Fuel system,Retail,44,44.19,1944.36,Transfer
2020-04-23,ORD000784,Throttle Body,Fuel system,Wholesale,37,75.21,2782.77,Credit card
2020-05-03,ORD000785,Throttle Body,Fuel system,Retail,12,57.81,693.72,Transfer
2020-06-06,ORD000786,Throttle Body,Fuel system,Retail,38,47.01,1786.38,Cash
2020-07-27,ORD000787,Throttle Body,Fuel system,Retail,20,62.61,1252.2,Transfer
2020-08-14,ORD000788,Throttle Body,Fuel system,Retail,33,35.28,1164.24,Transfer
2020-09-10,ORD000789,Throttle Body,Fuel system,Wholesale,33,63.15,2083.95,Credit card
2020-10-02,ORD000790,Throttle Body,Fuel system,Wholesale,44,50.14,2206.16,Transfer
2020-11-06,ORD000791,Throttle Body,Fuel system,Wholesale,32,56.84,1818.88,Transfer
2020-12-24,ORD000792,Throttle Body,Fuel system,Wholesale,22,39.53,869.66,Cash
2021-01-06,ORD000793,Throttle Body,Fuel system,Wholesale,34,41.93,1425.62,Credit card
2021-02-06,ORD000794,Throttle Body,Fuel system,Retail,32,56.4,1804.8,Credit card
2021-03-08,ORD000795,Throttle Body,Fuel system,Retail,55,46.57,2561.35,Transfer
2021-04-29,ORD000796,Throttle Body,Fuel system,Wholesale,42,79.57,3341.94,Check
2021-05-31,ORD000797,Throttle Body,Fuel system,Wholesale,37,74.77,2766.49,Transfer
2021-06-30,ORD000798,Throttle Body,Fuel system,Retail,30,71.53,2145.9,Cash
2021-07-09,ORD000799,Throttle Body,Fuel system,Retail,40,56.79,2271.6,Cash
2021-08-30,ORD000800,Throttle Body,Fuel system,Retail,36,74.77,2691.72,Transfer
2021-09-30,ORD000801,Throttle Body,Fuel system,Wholesale,33,71.36,2354.88,Cash
2021-10-27,ORD000802,Throttle Body,Fuel system,Wholesale,29,45.46,1318.34,Credit card
2021-11-26,ORD000803,Throttle Body,Fuel system,Wholesale,42,46.01,1932.42,Check
2021-12-27,ORD000804,Throttle Body,Fuel system,Wholesale,35,36.4,1274.0,Cash
2022-01-23,ORD000805,Throttle Body,Fuel system,Wholesale,37,40.18,1486.66,Check
2022-02-15,ORD000806,Throttle Body,Fuel system,Wholesale,43,61.56,2647.08,Cash
2022-03-10,ORD000807,Throttle Body,Fuel system,Retail,40,42.19,1687.6,Cash
2022-04-15,ORD000808,Throttle Body,Fuel system,Wholesale,39,48.98,1910.22,Cash
2022-05-01,ORD000809,Throttle Body,Fuel system,Wholesale,16,62.93,1006.88,Credit card
2022-06-01,ORD000810,Throttle Body,Fuel system,Wholesale,19,72.82,1383.58,Transfer
2022-07-03,ORD000811,Throttle Body,Fuel system,Retail,41,71.19,2918.79,Cash
2022-08-10,ORD000812,Throttle Body,Fuel system,Retail,40,75.45,3018.0,Credit card
2022-09-10,ORD000813,Throttle Body,Fuel system,Wholesale,48,44.28,2125.44,Credit card
2022-10-18,ORD000814,Throttle Body,Fuel system,Retail,36,39.39,1418.04,Credit card
2022-11-07,ORD000815,Throttle Body,Fuel system,Retail,29,37.05,1074.45,Check
2022-12-19,ORD000816,Throttle Body,Fuel system,Wholesale,34,48.48,1648.32,Transfer
2023-01-21,ORD000817,Throttle Body,Fuel system,Retail,34,65.54,2228.36,Check
2023-02-09,ORD000818,Throttle Body,Fuel system,Wholesale,32,41.9,1340.8,Check
2023-03-29,ORD000819,Throttle Body,Fuel system,Retail,40,77.88,3115.2,Cash
2023-04-24,ORD000820,Throttle Body,Fuel system,Retail,33,68.53,2261.49,Transfer
2023-05-26,ORD000821,Throttle Body,Fuel system,Wholesale,29,65.75,1906.75,Check
2023-06-18,ORD000822,Throttle Body,Fuel system,Retail,36,75.67,2724.12,Credit card
2023-07-29,ORD000823,Throttle Body,Fuel system,Retail,45,56.86,2558.7,Check
2023-08-08,ORD000824,Throttle Body,Fuel system,Retail,42,76.56,3215.52,Check
2023-09-17,ORD000825,Throttle Body,Fuel system,Wholesale,45,78.3,3523.5,Credit card
2023-10-04,ORD000826,Throttle Body,Fuel system,Retail,36,65.89,2372.04,Cash
2023-11-29,ORD000827,Throttle Body,Fuel system,Wholesale,35,62.92,2202.2,Cash
2023-12-14,ORD000828,Throttle Body,Fuel system,Wholesale,37,55.65,2059.05,Check
2024-01-08,ORD000829,Throttle Body,Fuel system,Retail,32,54.5,1744.0,Credit card
2024-02-03,ORD000830,Throttle Body,Fuel system,Wholesale,43,77.63,3338.09,Cash
2024-03-25,ORD000831,Throttle Body,Fuel system,Retail,56,42.34,2371.04,Credit card
2024-04-19,ORD000832,Throttle Body,Fuel system,Wholesale,38,70.36,2673.68,Credit card
2024-05-10,ORD000833,Throttle Body,Fuel system,Retail,39,35.97,1402.83,Check
2024-06-20,ORD000834,Throttle Body,Fuel system,Retail,43,38.26,1645.18,Credit card
2024-07-17,ORD000835,Throttle Body,Fuel system,Retail,49,69.94,3427.06,Check
2024-08-22,ORD000836,Throttle Body,Fuel system,Wholesale,41,60.19,2467.79,Transfer
2024-09-08,ORD000837,Throttle Body,Fuel system,Wholesale,57,39.86,2272.02,Transfer
2024-10-01,ORD000838,Throttle Body,Fuel system,Retail,29,79.1,2293.9,Transfer
2024-11-12,ORD000839,Throttle Body,Fuel system,Retail,36,77.66,2795.76,Check
2024-12-15,ORD000840,Throttle Body,Fuel system,Retail,22,42.87,943.14,Check
2020-01-01,ORD000841,Radiator,Cooling system,Retail,0,99.89,0.0,Check
2020-02-01,ORD000842,Radiator,Cooling system,Wholesale,0,86.6,0.0,Transfer
2020-03-01,ORD000843,Radiator,Cooling system,Wholesale,0,75.41,0.0,Transfer
2020-04-01,ORD000844,Radiator,Cooling system,Retail,0,67.99,0.0,Transfer
2020-05-01,ORD000845,Radiator,Cooling system,Wholesale,0,81.39,0.0,Check
2020-06-01,ORD000846,Radiator,Cooling system,Wholesale,0,55.34,0.0,Check
2020-07-01,ORD000847,Radiator,Cooling system,Wholesale,0,66.14,0.0,Credit card
2020-08-01,ORD000848,Radiator,Cooling system,Wholesale,0,40.22,0.0,Credit card
2020-09-01,ORD000849,Radiator,Cooling system,Retail,0,67.06,0.0,Transfer
2020-10-01,ORD000850,Radiator,Cooling system,Retail,0,66.13,0.0,Transfer
2020-11-14,ORD000851,Radiator,Cooling system,Retail,18,93.21,1677.78,Check
2020-12-01,ORD000852,Radiator,Cooling system,Retail,0,78.27,0.0,Cash
2021-01-01,ORD000853,Radiator,Cooling system,Retail,0,55.05,0.0,Transfer
2021-02-01,ORD000854,Radiator,Cooling system,Retail,0,40.63,0.0,Transfer
2021-03-01,ORD000855,Radiator,Cooling system,Retail,0,55.07,0.0,Cash
2021-04-30,ORD000856,Radiator,Cooling system,Wholesale,24,95.38,2289.12,Cash
2021-05-19,ORD000857,Radiator,Cooling system,Retail,21,79.81,1676.01,Credit card
2021-06-30,ORD000858,Radiator,Cooling system,Wholesale,16,44.67,714.72,Check
2021-07-01,ORD000859,Radiator,Cooling system,Retail,0,92.37,0.0,Cash
2021-08-01,ORD000860,Radiator,Cooling system,Wholesale,0,87.26,0.0,Credit card
2021-09-01,ORD000861,Radiator,Cooling system,Retail,0,77.95,0.0,Transfer
2021-10-01,ORD000862,Radiator,Cooling system,Wholesale,0,61.38,0.0,Cash
2021-11-01,ORD000863,Radiator,Cooling system,Wholesale,0,69.75,0.0,Transfer
2021-12-19,ORD000864,Radiator,Cooling system,Wholesale,8,74.77,598.16,Transfer
2022-01-31,ORD000865,Radiator,Cooling system,Wholesale,33,56.82,1875.06,Transfer
2022-02-01,ORD000866,Radiator,Cooling system,Retail,8,87.06,696.48,Check
2022-03-08,ORD000867,Radiator,Cooling system,Wholesale,17,71.39,1213.63,Transfer
2022-04-01,ORD000868,Radiator,Cooling system,Retail,0,67.27,0.0,Cash
2022-05-01,ORD000869,Radiator,Cooling system,Retail,0,97.67,0.0,Cash
2022-06-01,ORD000870,Radiator,Cooling system,Retail,0,66.54,0.0,Transfer
2022-07-01,ORD000871,Radiator,Cooling system,Wholesale,0,73.96,0.0,Cash
2022-08-01,ORD000872,Radiator,Cooling system,Retail,0,67.41,0.0,Cash
2022-09-28,ORD000873,Radiator,Cooling system,Wholesale,9,99.28,893.52,Check
2022-10-01,ORD000874,Radiator,Cooling system,Retail,0,46.87,0.0,Transfer
2022-11-03,ORD000875,Radiator,Cooling system,Retail,19,52.75,1002.25,Cash
2022-12-01,ORD000876,Radiator,Cooling system,Wholesale,0,62.72,0.0,Cash
2023-01-01,ORD000877,Radiator,Cooling system,Wholesale,0,49.07,0.0,Transfer
2023-02-23,ORD000878,Radiator,Cooling system,Retail,26,84.87,2206.62,Transfer
2023-03-01,ORD000879,Radiator,Cooling system,Retail,0,41.59,0.0,Credit card
2023-04-11,ORD000880,Radiator,Cooling system,Retail,22,94.06,2069.32,Check
2023-05-01,ORD000881,Radiator,Cooling system,Retail,0,71.41,0.0,Check
2023-06-01,ORD000882,Radiator,Cooling system,Wholesale,0,67.13,0.0,Check
2023-07-01,ORD000883,Radiator,Cooling system,Retail,0,48.24,0.0,Check
2023-08-01,ORD000884,Radiator,Cooling system,Retail,0,90.72,0.0,Credit card
2023-09-11,ORD000885,Radiator,Cooling system,Wholesale,9,69.91,629.19,Credit card
2023-10-09,ORD000886,Radiator,Cooling system,Wholesale,14,53.49,748.86,Transfer
2023-11-06,ORD000887,Radiator,Cooling system,Wholesale,12,43.04,516.48,Cash
2023-12-12,ORD000888,Radiator,Cooling system,Wholesale,13,63.97,831.61,Check
2024-01-01,ORD000889,Radiator,Cooling system,Wholesale,0,44.05,0.0,Cash
2024-02-01,ORD000890,Radiator,Cooling system,Retail,0,54.6,0.0,Credit card
2024-03-26,ORD000891,Radiator,Cooling system,Retail,5,82.17,410.85,Cash
2024-04-01,ORD000892,Radiator,Cooling system,Wholesale,0,71.87,0.0,Check
2024-05-15,ORD000893,Radiator,Cooling system,Retail,14,88.56,1239.84,Credit card
2024-06-01,ORD000894,Radiator,Cooling system,Retail,0,79.43,0.0,Cash
2024-07-01,ORD000895,Radiator,Cooling system,Wholesale,0,69.13,0.0,Credit card
2024-08-18,ORD000896,Radiator,Cooling system,Retail,31,97.34,3017.54,Transfer
2024-09-24,ORD000897,Radiator,Cooling system,Wholesale,35,88.07,3082.45,Credit card
2024-10-01,ORD000898,Radiator,Cooling system,Retail,0,65.83,0.0,Check
2024-11-01,ORD000899,Radiator,Cooling system,Wholesale,0,60.51,0.0,Check
2024-12-08,ORD000900,Radiator,Cooling system,Wholesale,7,79.27,554.89,Transfer
2020-01-06,ORD000901,Water Pump,Cooling system,Wholesale,50,58.65,2932.5,Credit card
2020-02-25,ORD000902,Water Pump,Cooling system,Wholesale,44,52.83,2324.52,Credit card
2020-03-10,ORD000903,Water Pump,Cooling system,Wholesale,30,64.53,1935.9,Credit card
2020-04-28,ORD000904,Water Pump,Cooling system,Retail,49,81.49,3993.01,Cash
2020-05-09,ORD000905,Water Pump,Cooling system,Retail,58,60.56,3512.48,Transfer
2020-06-08,ORD000906,Water Pump,Cooling system,Retail,42,80.09,3363.78,Credit card
2020-07-15,ORD000907,Water Pump,Cooling system,Retail,50,58.66,2933.0,Transfer
2020-08-06,ORD000908,Water Pump,Cooling system,Retail,48,50.03,2401.44,Check
2020-09-06,ORD000909,Water Pump,Cooling system,Retail,45,63.56,2860.2,Transfer
2020-10-05,ORD000910,Water Pump,Cooling system,Retail,38,79.67,3027.46,Credit card
2020-11-05,ORD000911,Water Pump,Cooling system,Wholesale,29,43.65,1265.85,Cash
2020-12-27,ORD000912,Water Pump,Cooling system,Wholesale,45,57.59,2591.55,Cash
2021-01-01,ORD000913,Water Pump,Cooling system,Retail,50,74.14,3707.0,Check
2021-02-17,ORD000914,Water Pump,Cooling system,Wholesale,41,39.57,1622.37,Cash
2021-03-18,ORD000915,Water Pump,Cooling system,Wholesale,50,63.89,3194.5,Check
2021-04-24,ORD000916,Water Pump,Cooling system,Wholesale,37,57.94,2143.78,Check
2021-05-15,ORD000917,Water Pump,Cooling system,Wholesale,52,49.49,2573.48,Transfer
2021-06-30,ORD000918,Water Pump,Cooling system,Retail,48,83.17,3992.16,Transfer
2021-07-16,ORD000919,Water Pump,Cooling system,Retail,53,56.88,3014.64,Transfer
2021-08-11,ORD000920,Water Pump,Cooling system,Retail,60,39.3,2358.0,Check
2021-09-28,ORD000921,Water Pump,Cooling system,Retail,36,43.8,1576.8,Cash
2021-10-25,ORD000922,Water Pump,Cooling system,Wholesale,39,62.12,2422.68,Credit card
2021-11-11,ORD000923,Water Pump,Cooling system,Wholesale,47,35.23,1655.81,Transfer
2021-12-31,ORD000924,Water Pump,Cooling system,Retail,44,72.8,3203.2,Check
2022-01-14,ORD000925,Water Pump,Cooling system,Wholesale,48,70.12,3365.76,Check
2022-02-03,ORD000926,Water Pump,Cooling system,Wholesale,54,65.65,3545.1,Credit card
2022-03-16,ORD000927,Water Pump,Cooling system,Wholesale,52,53.66,2790.32,Transfer
2022-04-16,ORD000928,Water Pump,Cooling system,Retail,51,43.2,2203.2,Cash
2022-05-30,ORD000929,Water Pump,Cooling system,Retail,30,38.63,1158.9,Transfer
2022-06-15,ORD000930,Water Pump,Cooling system,Wholesale,21,77.59,1629.39,Check
2022-07-27,ORD000931,Water Pump,Cooling system,Wholesale,47,59.4,2791.8,Cash
2022-08-28,ORD000932,Water Pump,Cooling system,Retail,57,55.88,3185.16,Check
2022-09-14,ORD000933,Water Pump,Cooling system,Wholesale,54,70.07,3783.78,Cash
2022-10-23,ORD000934,Water Pump,Cooling system,Retail,47,77.42,3638.74,Credit card
2022-11-05,ORD000935,Water Pump,Cooling system,Retail,47,70.83,3329.01,Cash
2022-12-30,ORD000936,Water Pump,Cooling system,Wholesale,33,53.64,1770.12,Check
2023-01-01,ORD000937,Water Pump,Cooling system,Retail,42,58.8,2469.6,Credit card
2023-02-08,ORD000938,Water Pump,Cooling system,Retail,57,53.36,3041.52,Credit card
2023-03-20,ORD000939,Water Pump,Cooling system,Wholesale,51,58.22,2969.22,Check
2023-04-03,ORD000940,Water Pump,Cooling system,Retail,38,65.64,2494.32,Credit card
2023-05-04,ORD000941,Water Pump,Cooling system,Retail,38,55.09,2093.42,Check
2023-06-02,ORD000942,Water Pump,Cooling system,Retail,39,50.77,1980.03,Cash
2023-07-23,ORD000943,Water Pump,Cooling system,Wholesale,45,53.38,2402.1,Transfer
2023-08-05,ORD000944,Water Pump,Cooling system,Retail,62,56.68,3514.16,Check
2023-09-13,ORD000945,Water Pump,Cooling system,Retail,38,63.66,2419.08,Transfer
2023-10-21,ORD000946,Water Pump,Cooling system,Retail,42,57.59,2418.78,Cash
2023-11-18,ORD000947,Water Pump,Cooling system,Retail,35,49.06,1717.1,Credit card
2023-12-12,ORD000948,Water Pump,Cooling system,Wholesale,50,68.93,3446.5,Transfer
2024-01-17,ORD000949,Water Pump,Cooling system,Retail,36,69.57,2504.52,Check
2024-02-01,ORD000950,Water Pump,Cooling system,Retail,53,65.55,3474.15,Check
2024-03-14,ORD000951,Water Pump,Cooling system,Retail,43,71.6,3078.8,Transfer
2024-04-29,ORD000952,Water Pump,Cooling system,Wholesale,42,79.16,3324.72,Check
2024-05-08,ORD000953,Water Pump,Cooling system,Wholesale,42,35.24,1480.08,Credit card
2024-06-09,ORD000954,Water Pump,Cooling system,Retail,48,80.74,3875.52,Check
2024-07-20,ORD000955,Water Pump,Cooling system,Wholesale,49,84.4,4135.6,Cash
2024-08-01,ORD000956,Water Pump,Cooling system,Retail,46,69.08,3177.68,Credit card
2024-09-14,ORD000957,Water Pump,Cooling system,Retail,41,45.85,1879.85,Check
2024-10-19,ORD000958,Water Pump,Cooling system,Retail,52,38.31,1992.12,Check
2024-11-18,ORD000959,Water Pump,Cooling system,Wholesale,54,77.35,4176.9,Cash
2024-12-14,ORD000960,Water Pump,Cooling system,Wholesale,49,81.83,4009.67,Transfer
2020-01-18,ORD000961,Thermostat,Cooling system,Wholesale,77,9.47,729.19,Check
2020-02-22,ORD000962,Thermostat,Cooling system,Wholesale,84,9.9,831.6,Credit card
2020-03-26,ORD000963,Thermostat,Cooling system,Wholesale,68,9.67,657.56,Transfer
2020-04-23,ORD000964,Thermostat,Cooling system,Retail,91,13.46,1224.86,Cash
2020-05-04,ORD000965,Thermostat,Cooling system,Retail,91,14.68,1335.88,Credit card
2020-06-27,ORD000966,Thermostat,Cooling system,Retail,105,13.83,1452.15,Cash
2020-07-01,ORD000967,Thermostat,Cooling system,Wholesale,99,12.08,1195.92,Cash
2020-08-21,ORD000968,Thermostat,Cooling system,Wholesale,83,8.81,731.23,Credit card
2020-09-11,ORD000969,Thermostat,Cooling system,Retail,68,12.57,854.76,Check
2020-10-19,ORD000970,Thermostat,Cooling system,Wholesale,63,12.42,782.46,Transfer
2020-11-04,ORD000971,Thermostat,Cooling system,Retail,80,16.22,1297.6,Cash
2020-12-10,ORD000972,Thermostat,Cooling system,Retail,80,17.55,1404.0,Credit card
2021-01-25,ORD000973,Thermostat,Cooling system,Wholesale,88,10.69,940.72,Check
2021-02-27,ORD000974,Thermostat,Cooling system,Retail,92,17.07,1570.44,Credit card
2021-03-14,ORD000975,Thermostat,Cooling system,Wholesale,88,12.29,1081.52,Cash
2021-04-24,ORD000976,Thermostat,Cooling system,Wholesale,90,11.88,1069.2,Cash
2021-05-07,ORD000977,Thermostat,Cooling system,Retail,83,15.22,1263.26,Check
2021-06-18,ORD000978,Thermostat,Cooling system,Retail,88,14.13,1243.44,Cash
2021-07-02,ORD000979,Thermostat,Cooling system,Wholesale,87,14.42,1254.54,Check
2021-08-08,ORD000980,Thermostat,Cooling system,Retail,72,13.3,957.6,Credit card
2021-09-08,ORD000981,Thermostat,Cooling system,Wholesale,82,17.42,1428.44,Transfer
2021-10-31,ORD000982,Thermostat,Cooling system,Wholesale,91,14.37,1307.67,Cash
2021-11-27,ORD000983,Thermostat,Cooling system,Wholesale,100,16.35,1635.0,Transfer
2021-12-06,ORD000984,Thermostat,Cooling system,Retail,77,16.54,1273.58,Cash
2022-01-06,ORD000985,Thermostat,Cooling system,Retail,80,14.19,1135.2,Credit card
2022-02-26,ORD000986,Thermostat,Cooling system,Wholesale,94,9.53,895.82,Check
2022-03-17,ORD000987,Thermostat,Cooling system,Retail,89,13.03,1159.67,Cash
2022-04-06,ORD000988,Thermostat,Cooling system,Retail,78,15.02,1171.56,Credit card
2022-05-09,ORD000989,Thermostat,Cooling system,Wholesale,81,16.49,1335.69,Transfer
2022-06-10,ORD000990,Thermostat,Cooling system,Wholesale,83,15.81,1312.23,Check
2022-07-20,ORD000991,Thermostat,Cooling system,Retail,89,11.55,1027.95,Cash
2022-08-17,ORD000992,Thermostat,Cooling system,Wholesale,73,9.04,659.92,Credit card
2022-09-01,ORD000993,Thermostat,Cooling system,Wholesale,83,13.43,1114.69,Transfer
2022-10-29,ORD000994,Thermostat,Cooling system,Retail,81,11.83,958.23,Check
2022-11-22,ORD000995,Thermostat,Cooling system,Retail,84,10.84,910.56,Credit card
2022-12-20,ORD000996,Thermostat,Cooling system,Wholesale,97,12.7,1231.9,Cash
2023-01-19,ORD000997,Thermostat,Cooling system,Wholesale,80,14.15,1132.0,Credit card
2023-02-04,ORD000998,Thermostat,Cooling system,Retail,106,14.37,1523.22,Check
2023-03-08,ORD000999,Thermostat,Cooling system,Retail,70,13.18,922.6,Cash
2023-04-01,ORD001000,Thermostat,Cooling system,Retail,72,17.21,1239.12,Credit card
2023-05-15,ORD001001,Thermostat,Cooling system,Retail,84,8.78,737.52,Check
2023-06-21,ORD001002,Thermostat,Cooling system,Retail,77,13.63,1049.51,Check
2023-07-31,ORD001003,Thermostat,Cooling system,Wholesale,67,17.41,1166.47,Credit card
2023-08-26,ORD001004,Thermostat,Cooling system,Wholesale,83,10.4,863.2,Cash
2023-09-17,ORD001005,Thermostat,Cooling system,Wholesale,86,17.21,1480.06,Cash
2023-10-13,ORD001006,Thermostat,Cooling system,Wholesale,97,14.86,1441.42,Credit card
2023-11-03,ORD001007,Thermostat,Cooling system,Retail,80,13.54,1083.2,Cash
2023-12-29,ORD001008,Thermostat,Cooling system,Wholesale,82,8.52,698.64,Transfer
2024-01-31,ORD001009,Thermostat,Cooling system,Retail,101,16.7,1686.7,Check
2024-02-10,ORD001010,Thermostat,Cooling system,Retail,73,9.97,727.81,Check
2024-03-28,ORD001011,Thermostat,Cooling system,Wholesale,77,9.13,703.01,Credit card
2024-04-08,ORD001012,Thermostat,Cooling system,Retail,74,16.37,1211.38,Credit card
2024-05-18,ORD001013,Thermostat,Cooling system,Wholesale,66,13.39,883.74,Credit card
2024-06-02,ORD001014,Thermostat,Cooling system,Retail,73,17.81,1300.13,Check
2024-07-05,ORD001015,Thermostat,Cooling system,Retail,67,11.15,747.05,Check
2024-08-31,ORD001016,Thermostat,Cooling system,Retail,64,12.58,805.12,Transfer
2024-09-09,ORD001017,Thermostat,Cooling system,Wholesale,90,10.99,989.1,Transfer
2024-10-22,ORD001018,Thermostat,Cooling system,Wholesale,67,10.06,674.02,Transfer
2024-11-20,ORD001019,Thermostat,Cooling system,Wholesale,89,14.98,1333.22,Credit card
2024-12-23,ORD001020,Thermostat,Cooling system,Retail,66,11.15,735.9,Credit card
2020-01-23,ORD001021,Door Lock,Body & hardware,Retail,30,17.41,522.3,Check
2020-02-07,ORD001022,Door Lock,Body & hardware,Retail,40,26.45,1058.0,Check
2020-03-22,ORD001023,Door Lock,Body & hardware,Retail,35,18.96,663.6,Check
2020-04-18,ORD001024,Door Lock,Body & hardware,Wholesale,30,25.61,768.3,Credit card
2020-05-22,ORD001025,Door Lock,Body & hardware,Retail,25,33.13,828.25,Transfer
2020-06-03,ORD001026,Door Lock,Body & hardware,Retail,27,36.14,975.78,Credit card
2020-07-18,ORD001027,Door Lock,Body & hardware,Retail,35,22.86,800.1,Check
2020-08-16,ORD001028,Door Lock,Body & hardware,Retail,23,35.1,807.3,Check
2020-09-11,ORD001029,Door Lock,Body & hardware,Wholesale,35,30.37,1062.95,Cash
2020-10-16,ORD001030,Door Lock,Body & hardware,Retail,40,23.73,949.2,Check
2020-11-02,ORD001031,Door Lock,Body & hardware,Retail,18,39.4,709.2,Credit card
2020-12-16,ORD001032,Door Lock,Body & hardware,Retail,28,31.01,868.28,Credit card
2021-01-19,ORD001033,Door Lock,Body & hardware,Retail,28,18.1,506.8,Transfer
2021-02-25,ORD001034,Door Lock,Body & hardware,Retail,39,19.31,753.09,Transfer
2021-03-19,ORD001035,Door Lock,Body & hardware,Wholesale,29,31.43,911.47,Transfer
2021-04-04,ORD001036,Door Lock,Body & hardware,Retail,33,24.5,808.5,Transfer
2021-05-09,ORD001037,Door Lock,Body & hardware,Wholesale,32,30.99,991.68,Transfer
2021-06-22,ORD001038,Door Lock,Body & hardware,Retail,42,36.08,1515.36,Check
2021-07-01,ORD001039,Door Lock,Body & hardware,Wholesale,39,31.87,1242.93,Transfer
2021-08-18,ORD001040,Door Lock,Body & hardware,Retail,33,20.26,668.58,Check
2021-09-18,ORD001041,Door Lock,Body & hardware,Retail,25,18.59,464.75,Check
2021-10-07,ORD001042,Door Lock,Body & hardware,Retail,32,26.33,842.56,Cash
2021-11-13,ORD001043,Door Lock,Body & hardware,Wholesale,20,22.88,457.6,Transfer
2021-12-28,ORD001044,Door Lock,Body & hardware,Wholesale,38,30.6,1162.8,Transfer
2022-01-14,ORD001045,Door Lock,Body & hardware,Wholesale,42,33.16,1392.72,Check
2022-02-27,ORD001046,Door Lock,Body & hardware,Retail,38,35.57,1351.66,Credit card
2022-03-11,ORD001047,Door Lock,Body & hardware,Wholesale,17,27.12,461.04,Check
2022-04-21,ORD001048,Door Lock,Body & hardware,Wholesale,35,25.16,880.6,Transfer
2022-05-13,ORD001049,Door Lock,Body & hardware,Wholesale,30,19.78,593.4,Cash
2022-06-03,ORD001050,Door Lock,Body & hardware,Wholesale,28,23.47,657.16,Cash
2022-07-05,ORD001051,Door Lock,Body & hardware,Wholesale,25,27.45,686.25,Cash
2022-08-07,ORD001052,Door Lock,Body & hardware,Retail,40,16.43,657.2,Transfer
2022-09-08,ORD001053,Door Lock,Body & hardware,Wholesale,37,36.13,1336.81,Transfer
2022-10-19,ORD001054,Door Lock,Body & hardware,Wholesale,35,37.96,1328.6,Transfer
2022-11-21,ORD001055,Door Lock,Body & hardware,Wholesale,36,17.78,640.08,Check
2022-12-28,ORD001056,Door Lock,Body & hardware,Wholesale,20,25.05,501.0,Cash
2023-01-02,ORD001057,Door Lock,Body & hardware,Retail,19,20.88,396.72,Check
2023-02-21,ORD001058,Door Lock,Body & hardware,Wholesale,20,21.2,424.0,Check
2023-03-11,ORD001059,Door Lock,Body & hardware,Wholesale,33,30.74,1014.42,Check
2023-04-22,ORD001060,Door Lock,Body & hardware,Wholesale,38,35.92,1364.96,Transfer
2023-05-09,ORD001061,Door Lock,Body & hardware,Wholesale,41,25.19,1032.79,Check
2023-06-16,ORD001062,Door Lock,Body & hardware,Wholesale,43,35.33,1519.19,Check
2023-07-29,ORD001063,Door Lock,Body & hardware,Wholesale,32,34.1,1091.2,Transfer
2023-08-03,ORD001064,Door Lock,Body & hardware,Retail,34,22.3,758.2,Cash
2023-09-03,ORD001065,Door Lock,Body & hardware,Retail,33,35.27,1163.91,Check
2023-10-21,ORD001066,Door Lock,Body & hardware,Wholesale,24,37.32,895.68,Check
2023-11-02,ORD001067,Door Lock,Body & hardware,Retail,35,34.56,1209.6,Check
2023-12-18,ORD001068,Door Lock,Body & hardware,Wholesale,29,27.7,803.3,Cash
2024-01-19,ORD001069,Door Lock,Body & hardware,Retail,24,24.55,589.2,Credit card
2024-02-20,ORD001070,Door Lock,Body & hardware,Retail,24,33.84,812.16,Transfer
2024-03-10,ORD001071,Door Lock,Body & hardware,Wholesale,37,34.93,1292.41,Check
2024-04-28,ORD001072,Door Lock,Body & hardware,Wholesale,14,21.32,298.48,Check
2024-05-05,ORD001073,Door Lock,Body & hardware,Wholesale,29,29.19,846.51,Check
2024-06-17,ORD001074,Door Lock,Body & hardware,Retail,9,30.41,273.69,Check
2024-07-11,ORD001075,Door Lock,Body & hardware,Wholesale,36,31.45,1132.2,Check
2024-08-02,ORD001076,Door Lock,Body & hardware,Wholesale,42,35.95,1509.9,Cash
2024-09-29,ORD001077,Door Lock,Body & hardware,Retail,36,16.31,587.16,Check
2024-10-08,ORD001078,Door Lock,Body & hardware,Retail,28,28.28,791.84,Check
2024-11-21,ORD001079,Door Lock,Body & hardware,Retail,38,24.55,932.9,Credit card
2024-12-13,ORD001080,Door Lock,Body & hardware,Retail,40,35.67,1426.8,Cash
2020-01-27,ORD001081,Window Regulator,Frame & body,Wholesale,15,48.64,729.6,Cash
2020-02-25,ORD001082,Window Regulator,Frame & body,Retail,19,47.36,899.84,Credit card
2020-03-01,ORD001083,Window Regulator,Frame & body,Wholesale,0,25.13,0.0,Transfer
2020-04-01,ORD001084,Window Regulator,Frame & body,Retail,0,37.68,0.0,Cash
2020-05-21,ORD001085,Window Regulator,Frame & body,Retail,2,34.44,68.88,Credit card
2020-06-14,ORD001086,Window Regulator,Frame & body,Wholesale,13,25.36,329.68,Cash
2020-07-01,ORD001087,Window Regulator,Frame & body,Wholesale,0,26.91,0.0,Cash
2020-08-25,ORD001088,Window Regulator,Frame & body,Retail,17,40.08,681.36,Cash
2020-09-25,ORD001089,Window Regulator,Frame & body,Wholesale,23,32.7,752.1,Transfer
2020-10-01,ORD001090,Window Regulator,Frame & body,Wholesale,0,43.45,0.0,Check
2020-11-01,ORD001091,Window Regulator,Frame & body,Retail,0,26.51,0.0,Credit card
2020-12-01,ORD001092,Window Regulator,Frame & body,Wholesale,0,36.16,0.0,Cash
2021-01-09,ORD001093,Window Regulator,Frame & body,Retail,17,44.81,761.77,Transfer
2021-02-03,ORD001094,Window Regulator,Frame & body,Retail,22,27.08,595.76,Transfer
2021-03-22,ORD001095,Window Regulator,Frame & body,Retail,31,25.84,801.04,Transfer
2021-04-01,ORD001096,Window Regulator,Frame & body,Wholesale,0,22.6,0.0,Credit card
2021-05-31,ORD001097,Window Regulator,Frame & body,Wholesale,25,48.0,1200.0,Credit card
2021-06-26,ORD001098,Window Regulator,Frame & body,Wholesale,11,48.8,536.8,Check
2021-07-27,ORD001099,Window Regulator,Frame & body,Retail,27,45.19,1220.13,Credit card
2021-08-01,ORD001100,Window Regulator,Frame & body,Wholesale,0,41.09,0.0,Cash
2021-09-01,ORD001101,Window Regulator,Frame & body,Wholesale,0,31.48,0.0,Cash
2021-10-01,ORD001102,Window Regulator,Frame & body,Retail,0,22.21,0.0,Credit card
2021-11-01,ORD001103,Window Regulator,Frame & body,Wholesale,0,38.35,0.0,Check
2021-12-01,ORD001104,Window Regulator,Frame & body,Wholesale,0,48.14,0.0,Transfer
2022-01-01,ORD001105,Window Regulator,Frame & body,Wholesale,0,30.81,0.0,Cash
2022-02-01,ORD001106,Window Regulator,Frame & body,Wholesale,0,37.86,0.0,Transfer
2022-03-15,ORD001107,Window Regulator,Frame & body,Wholesale,10,41.41,414.1,Transfer
2022-04-01,ORD001108,Window Regulator,Frame & body,Retail,0,30.95,0.0,Transfer
2022-05-01,ORD001109,Window Regulator,Frame & body,Wholesale,0,25.62,0.0,Cash
2022-06-01,ORD001110,Window Regulator,Frame & body,Wholesale,0,23.93,0.0,Credit card
2022-07-01,ORD001111,Window Regulator,Frame & body,Wholesale,0,23.67,0.0,Cash
2022-08-01,ORD001112,Window Regulator,Frame & body,Wholesale,0,31.83,0.0,Cash
2022-09-01,ORD001113,Window Regulator,Frame & body,Wholesale,0,46.58,0.0,Credit card
2022-10-01,ORD001114,Window Regulator,Frame & body,Retail,0,43.45,0.0,Credit card
2022-11-01,ORD001115,Window Regulator,Frame & body,Retail,0,33.2,0.0,Cash
2022-12-01,ORD001116,Window Regulator,Frame & body,Retail,0,24.33,0.0,Check
2023-01-01,ORD001117,Window Regulator,Frame & body,Retail,0,47.78,0.0,Transfer
2023-02-01,ORD001118,Window Regulator,Frame & body,Retail,0,40.54,0.0,Transfer
2023-03-14,ORD001119,Window Regulator,Frame & body,Wholesale,26,27.21,707.46,Cash
2023-04-01,ORD001120,Window Regulator,Frame & body,Wholesale,0,28.57,0.0,Credit card
2023-05-01,ORD001121,Window Regulator,Frame & body,Wholesale,0,38.54,0.0,Credit card
2023-06-10,ORD001122,Window Regulator,Frame & body,Wholesale,20,49.78,995.6,Cash
2023-07-15,ORD001123,Window Regulator,Frame & body,Retail,24,26.21,629.04,Credit card
2023-08-26,ORD001124,Window Regulator,Frame & body,Retail,1,33.85,33.85,Cash
2023-09-01,ORD001125,Window Regulator,Frame & body,Retail,0,42.62,0.0,Transfer
2023-10-01,ORD001126,Window Regulator,Frame & body,Retail,0,40.92,0.0,Transfer
2023-11-01,ORD001127,Window Regulator,Frame & body,Retail,0,44.55,0.0,Cash
2023-12-01,ORD001128,Window Regulator,Frame & body,Retail,0,38.18,0.0,Cash
2024-01-20,ORD001129,Window Regulator,Frame & body,Wholesale,12,21.47,257.64,Cash
2024-02-01,ORD001130,Window Regulator,Frame & body,Wholesale,0,44.37,0.0,Cash
2024-03-22,ORD001131,Window Regulator,Frame & body,Retail,43,22.81,980.83,Credit card
2024-04-01,ORD001132,Window Regulator,Frame & body,Retail,0,44.92,0.0,Cash
2024-05-15,ORD001133,Window Regulator,Frame & body,Retail,7,49.97,349.79,Transfer
2024-06-06,ORD001134,Window Regulator,Frame & body,Wholesale,22,29.39,646.58,Check
2024-07-01,ORD001135,Window Regulator,Frame & body,Retail,0,35.2,0.0,Transfer
2024-08-28,ORD001136,Window Regulator,Frame & body,Wholesale,13,48.89,635.57,Cash
2024-09-01,ORD001137,Window Regulator,Frame & body,Retail,0,30.43,0.0,Credit card
2024-10-01,ORD001138,Window Regulator,Frame & body,Wholesale,0,21.19,0.0,Credit card
2024-11-01,ORD001139,Window Regulator,Frame & body,Retail,0,26.25,0.0,Check
2024-12-01,ORD001140,Window Regulator,Frame & body,Wholesale,0,41.0,0.0,Check
2020-01-22,ORD001141,Headlight,Lighting system,Wholesale,61,55.07,3359.27,Cash
2020-02-22,ORD001142,Headlight,Lighting system,Wholesale,49,33.31,1632.19,Credit card
2020-03-22,ORD001143,Headlight,Lighting system,Wholesale,57,30.85,1758.45,Transfer
2020-04-14,ORD001144,Headlight,Lighting system,Retail,59,25.22,1487.98,Check
2020-05-28,ORD001145,Headlight,Lighting system,Wholesale,72,25.76,1854.72,Transfer
2020-06-20,ORD001146,Headlight,Lighting system,Retail,60,42.42,2545.2,Check
2020-07-07,ORD001147,Headlight,Lighting system,Wholesale,65,26.1,1696.5,Credit card
2020-08-11,ORD001148,Headlight,Lighting system,Retail,47,33.02,1551.94,Credit card
2020-09-24,ORD001149,Headlight,Lighting system,Wholesale,56,28.01,1568.56,Credit card
2020-10-17,ORD001150,Headlight,Lighting system,Retail,49,58.26,2854.74,Cash
2020-11-26,ORD001151,Headlight,Lighting system,Wholesale,35,33.25,1163.75,Check
2020-12-25,ORD001152,Headlight,Lighting system,Wholesale,31,36.66,1136.46,Transfer
2021-01-31,ORD001153,Headlight,Lighting system,Retail,66,54.84,3619.44,Transfer
2021-02-21,ORD001154,Headlight,Lighting system,Retail,52,43.0,2236.0,Cash
2021-03-31,ORD001155,Headlight,Lighting system,Wholesale,55,51.85,2851.75,Transfer
2021-04-23,ORD001156,Headlight,Lighting system,Retail,59,40.9,2413.1,Credit card
2021-05-28,ORD001157,Headlight,Lighting system,Retail,50,40.45,2022.5,Credit card
2021-06-02,ORD001158,Headlight,Lighting system,Retail,52,39.84,2071.68,Cash
2021-07-16,ORD001159,Headlight,Lighting system,Retail,50,57.36,2868.0,Cash
2021-08-22,ORD001160,Headlight,Lighting system,Wholesale,71,55.08,3910.68,Credit card
2021-09-26,ORD001161,Headlight,Lighting system,Wholesale,55,47.59,2617.45,Credit card
2021-10-11,ORD001162,Headlight,Lighting system,Retail,45,51.61,2322.45,Credit card
2021-11-03,ORD001163,Headlight,Lighting system,Wholesale,52,48.86,2540.72,Credit card
2021-12-23,ORD001164,Headlight,Lighting system,Retail,47,34.81,1636.07,Cash
2022-01-27,ORD001165,Headlight,Lighting system,Wholesale,59,31.43,1854.37,Transfer
2022-02-22,ORD001166,Headlight,Lighting system,Wholesale,55,43.86,2412.3,Credit card
2022-03-18,ORD001167,Headlight,Lighting system,Retail,50,57.98,2899.0,Cash
2022-04-25,ORD001168,Headlight,Lighting system,Retail,62,29.26,1814.12,Cash
2022-05-10,ORD001169,Headlight,Lighting system,Wholesale,51,52.86,2695.86,Cash
2022-06-30,ORD001170,Headlight,Lighting system,Retail,48,39.28,1885.44,Credit card
2022-07-14,ORD001171,Headlight,Lighting system,Retail,48,33.56,1610.88,Check
2022-08-14,ORD001172,Headlight,Lighting system,Wholesale,41,30.23,1239.43,Credit card
2022-09-05,ORD001173,Headlight,Lighting system,Wholesale,60,48.2,2892.0,Cash
2022-10-29,ORD001174,Headlight,Lighting system,Retail,40,52.57,2102.8,Credit card
2022-11-04,ORD001175,Headlight,Lighting system,Wholesale,54,45.34,2448.36,Credit card
2022-12-16,ORD001176,Headlight,Lighting system,Retail,60,59.11,3546.6,Credit card
2023-01-16,ORD001177,Headlight,Lighting system,Retail,42,47.55,1997.1,Check
2023-02-27,ORD001178,Headlight,Lighting system,Wholesale,29,55.92,1621.68,Cash
2023-03-23,ORD001179,Headlight,Lighting system,Wholesale,40,36.21,1448.4,Check
2023-04-15,ORD001180,Headlight,Lighting system,Retail,40,47.14,1885.6,Check
2023-05-31,ORD001181,Headlight,Lighting system,Retail,31,27.01,837.31,Cash
2023-06-24,ORD001182,Headlight,Lighting system,Wholesale,57,31.48,1794.36,Transfer
2023-07-08,ORD001183,Headlight,Lighting system,Wholesale,37,57.31,2120.47,Credit card
2023-08-19,ORD001184,Headlight,Lighting system,Retail,47,45.14,2121.58,Cash
2023-09-30,ORD001185,Headlight,Lighting system,Wholesale,43,49.59,2132.37,Credit card
2023-10-08,ORD001186,Headlight,Lighting system,Retail,43,47.65,2048.95,Credit card
2023-11-29,ORD001187,Headlight,Lighting system,Retail,59,46.82,2762.38,Check
2023-12-28,ORD001188,Headlight,Lighting system,Retail,50,32.84,1642.0,Check
2024-01-15,ORD001189,Headlight,Lighting system,Wholesale,59,52.17,3078.03,Credit card
2024-02-11,ORD001190,Headlight,Lighting system,Retail,71,48.47,3441.37,Transfer
2024-03-22,ORD001191,Headlight,Lighting system,Wholesale,55,41.47,2280.85,Transfer
2024-04-10,ORD001192,Headlight,Lighting system,Wholesale,49,40.15,1967.35,Transfer
2024-05-04,ORD001193,Headlight,Lighting system,Wholesale,42,49.91,2096.22,Check
2024-06-12,ORD001194,Headlight,Lighting system,Retail,61,54.35,3315.35,Cash
2024-07-28,ORD001195,Headlight,Lighting system,Retail,50,33.23,1661.5,Transfer
2024-08-08,ORD001196,Headlight,Lighting system,Retail,49,35.94,1761.06,Transfer
2024-09-29,ORD001197,Headlight,Lighting system,Wholesale,46,57.76,2656.96,Check
2024-10-26,ORD001198,Headlight,Lighting system,Wholesale,46,31.61,1454.06,Cash
2024-11-14,ORD001199,Headlight,Lighting system,Wholesale,47,53.12,2496.64,Check
2024-12-01,ORD001200,Headlight,Lighting system,Wholesale,39,38.56,1503.84,Check
2020-01-24,ORD001201,Tail Light,Lighting system,Wholesale,47,16.62,781.14,Cash
2020-02-27,ORD001202,Tail Light,Lighting system,Wholesale,49,12.64,619.36,Transfer
2020-03-09,ORD001203,Tail Light,Lighting system,Wholesale,26,26.94,700.44,Credit card
2020-04-06,ORD001204,Tail Light,Lighting system,Retail,55,13.24,728.2,Cash
2020-05-22,ORD001205,Tail Light,Lighting system,Retail,57,25.68,1463.76,Cash
2020-06-19,ORD001206,Tail Light,Lighting system,Retail,49,20.34,996.66,Cash
2020-07-27,ORD001207,Tail Light,Lighting system,Wholesale,56,23.18,1298.08,Credit card
2020-08-15,ORD001208,Tail Light,Lighting system,Retail,47,21.97,1032.59,Cash
2020-09-26,ORD001209,Tail Light,Lighting system,Retail,46,24.41,1122.86,Transfer
2020-10-30,ORD001210,Tail Light,Lighting system,Retail,44,15.62,687.28,Cash
2020-11-27,ORD001211,Tail Light,Lighting system,Retail,56,16.63,931.28,Cash
2020-12-05,ORD001212,Tail Light,Lighting system,Retail,29,28.27,819.83,Cash
2021-01-02,ORD001213,Tail Light,Lighting system,Wholesale,39,21.34,832.26,Check
2021-02-27,ORD001214,Tail Light,Lighting system,Retail,55,25.74,1415.7,Check
2021-03-02,ORD001215,Tail Light,Lighting system,Retail,33,27.38,903.54,Check
2021-04-19,ORD001216,Tail Light,Lighting system,Retail,28,29.72,832.16,Cash
2021-05-15,ORD001217,Tail Light,Lighting system,Wholesale,69,21.62,1491.78,Check
2021-06-02,ORD001218,Tail Light,Lighting system,Retail,28,25.82,722.96,Credit card
2021-07-28,ORD001219,Tail Light,Lighting system,Retail,22,23.91,526.02,Credit card
2021-08-08,ORD001220,Tail Light,Lighting system,Wholesale,39,28.27,1102.53,Cash
2021-09-29,ORD001221,Tail Light,Lighting system,Wholesale,58,20.9,1212.2,Check
2021-10-23,ORD001222,Tail Light,Lighting system,Retail,53,20.17,1069.01,Cash
2021-11-17,ORD001223,Tail Light,Lighting system,Wholesale,50,29.91,1495.5,Cash
2021-12-12,ORD001224,Tail Light,Lighting system,Wholesale,80,18.53,1482.4,Cash
2022-01-10,ORD001225,Tail Light,Lighting system,Retail,33,12.78,421.74,Cash
2022-02-17,ORD001226,Tail Light,Lighting system,Retail,51,24.97,1273.47,Cash
2022-03-19,ORD001227,Tail Light,Lighting system,Wholesale,66,28.58,1886.28,Check
2022-04-26,ORD001228,Tail Light,Lighting system,Wholesale,49,18.16,889.84,Transfer
2022-05-12,ORD001229,Tail Light,Lighting system,Wholesale,66,15.17,1001.22,Cash
2022-06-15,ORD001230,Tail Light,Lighting system,Wholesale,47,12.17,571.99,Cash
2022-07-09,ORD001231,Tail Light,Lighting system,Retail,36,21.62,778.32,Transfer
2022-08-06,ORD001232,Tail Light,Lighting system,Wholesale,50,19.28,964.0,Cash
2022-09-25,ORD001233,Tail Light,Lighting system,Wholesale,64,29.21,1869.44,Credit card
2022-10-28,ORD001234,Tail Light,Lighting system,Wholesale,49,19.12,936.88,Cash
2022-11-23,ORD001235,Tail Light,Lighting system,Wholesale,34,14.2,482.8,Credit card
2022-12-23,ORD001236,Tail Light,Lighting system,Retail,42,13.93,585.06,Transfer
2023-01-05,ORD001237,Tail Light,Lighting system,Retail,48,22.82,1095.36,Check
2023-02-18,ORD001238,Tail Light,Lighting system,Retail,58,19.64,1139.12,Cash
2023-03-15,ORD001239,Tail Light,Lighting system,Retail,46,12.93,594.78,Transfer
2023-04-27,ORD001240,Tail Light,Lighting system,Retail,55,26.04,1432.2,Credit card
2023-05-24,ORD001241,Tail Light,Lighting system,Retail,49,12.61,617.89,Cash
2023-06-15,ORD001242,Tail Light,Lighting system,Wholesale,25,19.94,498.5,Cash
2023-07-09,ORD001243,Tail Light,Lighting system,Wholesale,59,26.72,1576.48,Check
2023-08-18,ORD001244,Tail Light,Lighting system,Retail,58,22.13,1283.54,Credit card
2023-09-15,ORD001245,Tail Light,Lighting system,Retail,47,15.46,726.62,Transfer
2023-10-27,ORD001246,Tail Light,Lighting system,Retail,43,13.57,583.51,Cash
2023-11-24,ORD001247,Tail Light,Lighting system,Retail,42,16.03,673.26,Check
2023-12-28,ORD001248,Tail Light,Lighting system,Wholesale,62,13.93,863.66,Check
2024-01-17,ORD001249,Tail Light,Lighting system,Retail,31,26.12,809.72,Check
2024-02-20,ORD001250,Tail Light,Lighting system,Retail,75,29.49,2211.75,Transfer
2024-03-06,ORD001251,Tail Light,Lighting system,Wholesale,38,13.32,506.16,Transfer
2024-04-19,ORD001252,Tail Light,Lighting system,Retail,24,25.52,612.48,Cash
2024-05-31,ORD001253,Tail Light,Lighting system,Retail,47,28.98,1362.06,Cash
2024-06-30,ORD001254,Tail Light,Lighting system,Retail,41,20.1,824.1,Credit card
2024-07-31,ORD001255,Tail Light,Lighting system,Retail,47,24.99,1174.53,Check
2024-08-10,ORD001256,Tail Light,Lighting system,Wholesale,25,16.27,406.75,Check
2024-09-13,ORD001257,Tail Light,Lighting system,Wholesale,54,20.43,1103.22,Credit card
2024-10-31,ORD001258,Tail Light,Lighting system,Wholesale,36,26.58,956.88,Transfer
2024-11-16,ORD001259,Tail Light,Lighting system,Retail,49,20.59,1008.91,Transfer
2024-12-17,ORD001260,Tail Light,Lighting system,Wholesale,52,28.17,1464.84,Check
2020-01-01,ORD001261,Side Mirror,Frame & body,Wholesale,0,39.06,0.0,Cash
2020-02-09,ORD001262,Side Mirror,Frame & body,Retail,30,26.5,795.0,Credit card
2020-03-02,ORD001263,Side Mirror,Frame & body,Retail,20,41.26,825.2,Check
2020-04-01,ORD001264,Side Mirror,Frame & body,Retail,0,33.35,0.0,Cash
2020-05-19,ORD001265,Side Mirror,Frame & body,Retail,17,28.76,488.92,Check
2020-06-10,ORD001266,Side Mirror,Frame & body,Wholesale,30,34.33,1029.9,Check
2020-07-01,ORD001267,Side Mirror,Frame & body,Wholesale,0,56.36,0.0,Transfer
2020-08-01,ORD001268,Side Mirror,Frame & body,Wholesale,0,43.77,0.0,Cash
2020-09-08,ORD001269,Side Mirror,Frame & body,Wholesale,29,52.56,1524.24,Check
2020-10-30,ORD001270,Side Mirror,Frame & body,Wholesale,18,57.62,1037.16,Check
2020-11-16,ORD001271,Side Mirror,Frame & body,Wholesale,23,54.27,1248.21,Cash
2020-12-01,ORD001272,Side Mirror,Frame & body,Wholesale,0,29.19,0.0,Transfer
2021-01-01,ORD001273,Side Mirror,Frame & body,Retail,0,47.57,0.0,Cash
2021-02-24,ORD001274,Side Mirror,Frame & body,Wholesale,29,34.93,1012.97,Credit card
2021-03-01,ORD001275,Side Mirror,Frame & body,Retail,0,49.83,0.0,Transfer
2021-04-17,ORD001276,Side Mirror,Frame & body,Retail,28,42.68,1195.04,Transfer
2021-05-17,ORD001277,Side Mirror,Frame & body,Wholesale,16,49.9,798.4,Cash
2021-06-01,ORD001278,Side Mirror,Frame & body,Wholesale,0,52.98,0.0,Cash
2021-07-01,ORD001279,Side Mirror,Frame & body,Wholesale,0,49.26,0.0,Credit card
2021-08-01,ORD001280,Side Mirror,Frame & body,Retail,0,57.59,0.0,Credit card
2021-09-01,ORD001281,Side Mirror,Frame & body,Retail,0,57.39,0.0,Cash
2021-10-01,ORD001282,Side Mirror,Frame & body,Wholesale,0,37.95,0.0,Cash
2021-11-01,ORD001283,Side Mirror,Frame & body,Wholesale,0,32.27,0.0,Check
2021-12-12,ORD001284,Side Mirror,Frame & body,Retail,18,29.81,536.58,Credit card
2022-01-23,ORD001285,Side Mirror,Frame & body,Wholesale,20,53.71,1074.2,Cash
2022-02-08,ORD001286,Side Mirror,Frame & body,Wholesale,25,37.88,947.0,Credit card
2022-03-01,ORD001287,Side Mirror,Frame & body,Retail,9,30.82,277.38,Cash
2022-04-16,ORD001288,Side Mirror,Frame & body,Retail,19,53.81,1022.39,Check
2022-05-01,ORD001289,Side Mirror,Frame & body,Wholesale,0,37.9,0.0,Transfer
2022-06-20,ORD001290,Side Mirror,Frame & body,Wholesale,26,38.47,1000.22,Check
2022-07-01,ORD001291,Side Mirror,Frame & body,Wholesale,0,29.93,0.0,Credit card
2022-08-03,ORD001292,Side Mirror,Frame & body,Wholesale,29,33.74,978.46,Check
2022-09-01,ORD001293,Side Mirror,Frame & body,Retail,0,43.18,0.0,Check
2022-10-28,ORD001294,Side Mirror,Frame & body,Retail,3,44.14,132.42,Credit card
2022-11-01,ORD001295,Side Mirror,Frame & body,Retail,0,25.05,0.0,Cash
2022-12-28,ORD001296,Side Mirror,Frame & body,Retail,22,55.05,1211.1,Cash
2023-01-20,ORD001297,Side Mirror,Frame & body,Wholesale,20,31.36,627.2,Transfer
2023-02-01,ORD001298,Side Mirror,Frame & body,Retail,0,34.23,0.0,Cash
2023-03-30,ORD001299,Side Mirror,Frame & body,Retail,23,57.37,1319.51,Transfer
2023-04-01,ORD001300,Side Mirror,Frame & body,Retail,0,36.33,0.0,Cash
2023-05-01,ORD001301,Side Mirror,Frame & body,Retail,0,53.87,0.0,Transfer
2023-06-05,ORD001302,Side Mirror,Frame & body,Retail,19,41.06,780.14,Transfer
2023-07-01,ORD001303,Side Mirror,Frame & body,Retail,0,57.85,0.0,Transfer
2023-08-01,ORD001304,Side Mirror,Frame & body,Retail,0,41.87,0.0,Check
2023-09-26,ORD001305,Side Mirror,Frame & body,Retail,16,52.85,845.6,Cash
2023-10-01,ORD001306,Side Mirror,Frame & body,Wholesale,0,48.92,0.0,Cash
2023-11-30,ORD001307,Side Mirror,Frame & body,Retail,36,42.68,1536.48,Check
2023-12-01,ORD001308,Side Mirror,Frame & body,Wholesale,0,54.25,0.0,Check
2024-01-01,ORD001309,Side Mirror,Frame & body,Wholesale,0,49.22,0.0,Cash
2024-02-01,ORD001310,Side Mirror,Frame & body,Retail,0,28.03,0.0,Credit card
2024-03-01,ORD001311,Side Mirror,Frame & body,Retail,0,50.96,0.0,Check
2024-04-01,ORD001312,Side Mirror,Frame & body,Retail,0,37.69,0.0,Credit card
2024-05-15,ORD001313,Side Mirror,Frame & body,Wholesale,22,59.28,1304.16,Check
2024-06-29,ORD001314,Side Mirror,Frame & body,Wholesale,18,49.44,889.92,Cash
2024-07-17,ORD001315,Side Mirror,Frame & body,Wholesale,30,47.2,1416.0,Transfer
2024-08-17,ORD001316,Side Mirror,Frame & body,Wholesale,10,51.31,513.1,Transfer
2024-09-01,ORD001317,Side Mirror,Frame & body,Wholesale,0,58.96,0.0,Credit card
2024-10-26,ORD001318,Side Mirror,Frame & body,Wholesale,33,58.52,1931.16,Cash
2024-11-01,ORD001319,Side Mirror,Frame & body,Wholesale,0,27.49,0.0,Check
2024-12-01,ORD001320,Side Mirror,Frame & body,Retail,0,35.48,0.0,Cash
2020-01-18,ORD001321,Door Handle,Body & hardware,Retail,59,18.3,1079.7,Transfer
2020-02-18,ORD001322,Door Handle,Body & hardware,Wholesale,91,17.54,1596.14,Credit card
2020-03-16,ORD001323,Door Handle,Body & hardware,Wholesale,94,18.73,1760.62,Cash
2020-04-26,ORD001324,Door Handle,Body & hardware,Retail,64,12.28,785.92,Credit card
2020-05-03,ORD001325,Door Handle,Body & hardware,Wholesale,79,21.08,1665.32,Transfer
2020-06-18,ORD001326,Door Handle,Body & hardware,Retail,65,14.13,918.45,Cash
2020-07-24,ORD001327,Door Handle,Body & hardware,Wholesale,133,16.12,2143.96,Check
2020-08-06,ORD001328,Door Handle,Body & hardware,Wholesale,94,17.25,1621.5,Check
2020-09-24,ORD001329,Door Handle,Body & hardware,Retail,63,24.87,1566.81,Cash
2020-10-29,ORD001330,Door Handle,Body & hardware,Wholesale,77,24.14,1858.78,Cash
2020-11-21,ORD001331,Door Handle,Body & hardware,Retail,84,18.71,1571.64,Cash
2020-12-04,ORD001332,Door Handle,Body & hardware,Wholesale,84,18.94,1590.96,Transfer
2021-01-13,ORD001333,Door Handle,Body & hardware,Wholesale,67,23.46,1571.82,Cash
2021-02-22,ORD001334,Door Handle,Body & hardware,Wholesale,66,23.67,1562.22,Credit card
2021-03-01,ORD001335,Door Handle,Body & hardware,Retail,92,23.95,2203.4,Credit card
2021-04-27,ORD001336,Door Handle,Body & hardware,Retail,108,22.43,2422.44,Cash
2021-05-29,ORD001337,Door Handle,Body & hardware,Wholesale,37,15.82,585.34,Transfer
2021-06-23,ORD001338,Door Handle,Body & hardware,Retail,77,10.12,779.24,Credit card
2021-07-05,ORD001339,Door Handle,Body & hardware,Retail,69,21.78,1502.82,Cash
2021-08-06,ORD001340,Door Handle,Body & hardware,Retail,90,17.53,1577.7,Cash
2021-09-01,ORD001341,Door Handle,Body & hardware,Retail,91,19.28,1754.48,Check
2021-10-14,ORD001342,Door Handle,Body & hardware,Wholesale,47,22.99,1080.53,Transfer
2021-11-10,ORD001343,Door Handle,Body & hardware,Wholesale,78,13.86,1081.08,Cash
2021-12-12,ORD001344,Door Handle,Body & hardware,Retail,78,14.77,1152.06,Credit card
2022-01-09,ORD001345,Door Handle,Body & hardware,Wholesale,69,10.94,754.86,Cash
2022-02-05,ORD001346,Door Handle,Body & hardware,Retail,47,10.25,481.75,Credit card
2022-03-15,ORD001347,Door Handle,Body & hardware,Retail,50,18.94,947.0,Check
2022-04-22,ORD001348,Door Handle,Body & hardware,Wholesale,77,15.18,1168.86,Transfer
2022-05-20,ORD001349,Door Handle,Body & hardware,Wholesale,87,11.91,1036.17,Transfer
2022-06-26,ORD001350,Door Handle,Body & hardware,Retail,33,12.59,415.47,Transfer
2022-07-23,ORD001351,Door Handle,Body & hardware,Wholesale,48,21.0,1008.0,Transfer
2022-08-01,ORD001352,Door Handle,Body & hardware,Retail,97,12.85,1246.45,Check
2022-09-18,ORD001353,Door Handle,Body & hardware,Retail,77,20.78,1600.06,Transfer
2022-10-02,ORD001354,Door Handle,Body & hardware,Wholesale,44,20.47,900.68,Credit card
2022-11-10,ORD001355,Door Handle,Body & hardware,Retail,88,23.03,2026.64,Credit card
2022-12-05,ORD001356,Door Handle,Body & hardware,Retail,89,14.12,1256.68,Transfer
2023-01-19,ORD001357,Door Handle,Body & hardware,Wholesale,114,17.02,1940.28,Transfer
2023-02-04,ORD001358,Door Handle,Body & hardware,Wholesale,68,14.94,1015.92,Credit card
2023-03-18,ORD001359,Door Handle,Body & hardware,Retail,105,16.92,1776.6,Transfer
2023-04-14,ORD001360,Door Handle,Body & hardware,Wholesale,72,22.1,1591.2,Transfer
2023-05-13,ORD001361,Door Handle,Body & hardware,Wholesale,64,23.35,1494.4,Check
2023-06-30,ORD001362,Door Handle,Body & hardware,Wholesale,59,20.24,1194.16,Check
2023-07-17,ORD001363,Door Handle,Body & hardware,Retail,84,17.73,1489.32,Cash
2023-08-19,ORD001364,Door Handle,Body & hardware,Wholesale,54,10.42,562.68,Cash
2023-09-18,ORD001365,Door Handle,Body & hardware,Retail,63,11.88,748.44,Check
2023-10-14,ORD001366,Door Handle,Body & hardware,Wholesale,59,24.22,1428.98,Cash
2023-11-15,ORD001367,Door Handle,Body & hardware,Wholesale,63,14.04,884.52,Cash
2023-12-22,ORD001368,Door Handle,Body & hardware,Retail,70,12.86,900.2,Credit card
2024-01-16,ORD001369,Door Handle,Body & hardware,Retail,37,16.84,623.08,Cash
2024-02-24,ORD001370,Door Handle,Body & hardware,Wholesale,39,11.7,456.3,Cash
2024-03-26,ORD001371,Door Handle,Body & hardware,Wholesale,79,22.98,1815.42,Check
2024-04-25,ORD001372,Door Handle,Body & hardware,Retail,71,12.32,874.72,Credit card
2024-05-12,ORD001373,Door Handle,Body & hardware,Retail,78,11.25,877.5,Transfer
2024-06-25,ORD001374,Door Handle,Body & hardware,Retail,59,13.37,788.83,Check
2024-07-01,ORD001375,Door Handle,Body & hardware,Retail,66,23.29,1537.14,Cash
2024-08-26,ORD001376,Door Handle,Body & hardware,Wholesale,76,24.96,1896.96,Check
2024-09-06,ORD001377,Door Handle,Body & hardware,Wholesale,47,22.31,1048.57,Credit card
2024-10-03,ORD001378,Door Handle,Body & hardware,Retail,100,21.29,2129.0,Transfer
2024-11-27,ORD001379,Door Handle,Body & hardware,Retail,45,22.13,995.85,Transfer
2024-12-20,ORD001380,Door Handle,Body & hardware,Retail,33,15.0,495.0,Cash
2020-01-01,ORD001381,Seat Upholstery,Interior,Wholesale,0,43.54,0.0,Cash
2020-02-01,ORD001382,Seat Upholstery,Interior,Wholesale,0,49.0,0.0,Check
2020-03-01,ORD001383,Seat Upholstery,Interior,Wholesale,0,78.33,0.0,Cash
2020-04-01,ORD001384,Seat Upholstery,Interior,Wholesale,0,77.66,0.0,Transfer
2020-05-01,ORD001385,Seat Upholstery,Interior,Wholesale,0,48.88,0.0,Credit card
2020-06-01,ORD001386,Seat Upholstery,Interior,Wholesale,0,36.93,0.0,Credit card
2020-07-01,ORD001387,Seat Upholstery,Interior,Wholesale,0,61.39,0.0,Cash
2020-08-23,ORD001388,Seat Upholstery,Interior,Retail,21,45.9,963.9,Cash
2020-09-01,ORD001389,Seat Upholstery,Interior,Wholesale,0,47.99,0.0,Check
2020-10-02,ORD001390,Seat Upholstery,Interior,Wholesale,13,36.91,479.83,Cash
2020-11-01,ORD001391,Seat Upholstery,Interior,Wholesale,0,58.3,0.0,Transfer
2020-12-01,ORD001392,Seat Upholstery,Interior,Wholesale,0,65.65,0.0,Check
2021-01-01,ORD001393,Seat Upholstery,Interior,Wholesale,0,56.16,0.0,Cash
2021-02-16,ORD001394,Seat Upholstery,Interior,Retail,4,35.47,141.88,Transfer
2021-03-17,ORD001395,Seat Upholstery,Interior,Wholesale,8,60.62,484.96,Cash
2021-04-01,ORD001396,Seat Upholstery,Interior,Wholesale,0,30.37,0.0,Check
2021-05-23,ORD001397,Seat Upholstery,Interior,Retail,28,75.16,2104.48,Transfer
2021-06-01,ORD001398,Seat Upholstery,Interior,Wholesale,0,42.3,0.0,Cash
2021-07-03,ORD001399,Seat Upholstery,Interior,Wholesale,27,79.46,2145.42,Check
2021-08-01,ORD001400,Seat Upholstery,Interior,Wholesale,0,30.02,0.0,Cash
2021-09-01,ORD001401,Seat Upholstery,Interior,Wholesale,0,46.56,0.0,Transfer
2021-10-01,ORD001402,Seat Upholstery,Interior,Retail,0,39.61,0.0,Credit card
2021-11-01,ORD001403,Seat Upholstery,Interior,Wholesale,0,32.55,0.0,Cash
2021-12-01,ORD001404,Seat Upholstery,Interior,Retail,28,47.06,1317.68,Credit card
2022-01-01,ORD001405,Seat Upholstery,Interior,Retail,0,41.3,0.0,Credit card
2022-02-24,ORD001406,Seat Upholstery,Interior,Retail,27,40.35,1089.45,Cash
2022-03-01,ORD001407,Seat Upholstery,Interior,Wholesale,0,53.06,0.0,Transfer
2022-04-07,ORD001408,Seat Upholstery,Interior,Retail,21,48.4,1016.4,Check
2022-05-01,ORD001409,Seat Upholstery,Interior,Wholesale,0,71.17,0.0,Credit card
2022-06-28,ORD001410,Seat Upholstery,Interior,Wholesale,13,31.41,408.33,Transfer
2022-07-26,ORD001411,Seat Upholstery,Interior,Retail,4,47.12,188.48,Check
2022-08-01,ORD001412,Seat Upholstery,Interior,Retail,0,71.05,0.0,Cash
2022-09-01,ORD001413,Seat Upholstery,Interior,Retail,0,60.75,0.0,Transfer
2022-10-01,ORD001414,Seat Upholstery,Interior,Wholesale,0,55.29,0.0,Credit card
2022-11-01,ORD001415,Seat Upholstery,Interior,Wholesale,0,49.97,0.0,Cash
2022-12-01,ORD001416,Seat Upholstery,Interior,Wholesale,0,66.99,0.0,Cash
2023-01-06,ORD001417,Seat Upholstery,Interior,Retail,10,34.73,347.3,Cash
2023-02-01,ORD001418,Seat Upholstery,Interior,Retail,0,50.39,0.0,Credit card
2023-03-01,ORD001419,Seat Upholstery,Interior,Wholesale,0,50.14,0.0,Transfer
2023-04-01,ORD001420,Seat Upholstery,Interior,Retail,0,43.37,0.0,Transfer
2023-05-01,ORD001421,Seat Upholstery,Interior,Retail,0,41.22,0.0,Credit card
2023-06-27,ORD001422,Seat Upholstery,Interior,Retail,19,48.68,924.92,Cash
2023-07-01,ORD001423,Seat Upholstery,Interior,Wholesale,0,57.71,0.0,Cash
2023-08-29,ORD001424,Seat Upholstery,Interior,Retail,4,36.73,146.92,Credit card
2023-09-06,ORD001425,Seat Upholstery,Interior,Wholesale,4,47.94,191.76,Check
2023-10-01,ORD001426,Seat Upholstery,Interior,Retail,0,70.38,0.0,Check
2023-11-13,ORD001427,Seat Upholstery,Interior,Retail,11,77.23,849.53,Credit card
2023-12-21,ORD001428,Seat Upholstery,Interior,Retail,4,42.63,170.52,Check
2024-01-01,ORD001429,Seat Upholstery,Interior,Wholesale,0,40.09,0.0,Cash
2024-02-01,ORD001430,Seat Upholstery,Interior,Retail,0,42.51,0.0,Transfer
2024-03-01,ORD001431,Seat Upholstery,Interior,Retail,0,65.99,0.0,Transfer
2024-04-04,ORD001432,Seat Upholstery,Interior,Retail,11,42.26,464.86,Check
2024-05-06,ORD001433,Seat Upholstery,Interior,Wholesale,13,62.11,807.43,Check
2024-06-01,ORD001434,Seat Upholstery,Interior,Wholesale,0,72.25,0.0,Transfer
2024-07-01,ORD001435,Seat Upholstery,Interior,Retail,0,64.07,0.0,Credit card
2024-08-01,ORD001436,Seat Upholstery,Interior,Retail,0,79.0,0.0,Check
2024-09-01,ORD001437,Seat Upholstery,Interior,Retail,0,45.12,0.0,Check
2024-10-01,ORD001438,Seat Upholstery,Interior,Retail,0,43.57,0.0,Credit card
2024-11-01,ORD001439,Seat Upholstery,Interior,Wholesale,0,55.53,0.0,Cash
2024-12-07,ORD001440,Seat Upholstery,Interior,Retail,8,42.32,338.56,Cash
2020-01-26,ORD001441,Steering Tie Rod,Steering system,Wholesale,62,48.85,3028.7,Credit card
2020-02-18,ORD001442,Steering Tie Rod,Steering system,Retail,60,37.92,2275.2,Check
2020-03-01,ORD001443,Steering Tie Rod,Steering system,Retail,71,24.57,1744.47,Check
2020-04-05,ORD001444,Steering Tie Rod,Steering system,Retail,64,26.74,1711.36,Cash
2020-05-13,ORD001445,Steering Tie Rod,Steering system,Wholesale,55,41.9,2304.5,Transfer
2020-06-29,ORD001446,Steering Tie Rod,Steering system,Wholesale,66,33.97,2242.02,Check
2020-07-12,ORD001447,Steering Tie Rod,Steering system,Wholesale,60,35.97,2158.2,Credit card
2020-08-16,ORD001448,Steering Tie Rod,Steering system,Retail,56,40.33,2258.48,Transfer
2020-09-03,ORD001449,Steering Tie Rod,Steering system,Retail,48,49.75,2388.0,Check
2020-10-26,ORD001450,Steering Tie Rod,Steering system,Wholesale,63,33.55,2113.65,Check
2020-11-11,ORD001451,Steering Tie Rod,Steering system,Wholesale,48,34.39,1650.72,Check
2020-12-15,ORD001452,Steering Tie Rod,Steering system,Retail,47,30.39,1428.33,Credit card
2021-01-28,ORD001453,Steering Tie Rod,Steering system,Wholesale,50,25.11,1255.5,Cash
2021-02-08,ORD001454,Steering Tie Rod,Steering system,Retail,55,43.53,2394.15,Transfer
2021-03-31,ORD001455,Steering Tie Rod,Steering system,Retail,52,44.15,2295.8,Credit card
2021-04-23,ORD001456,Steering Tie Rod,Steering system,Retail,40,30.23,1209.2,Credit card
2021-05-13,ORD001457,Steering Tie Rod,Steering system,Wholesale,63,22.8,1436.4,Check
2021-06-23,ORD001458,Steering Tie Rod,Steering system,Retail,50,47.84,2392.0,Credit card
2021-07-07,ORD001459,Steering Tie Rod,Steering system,Retail,47,33.49,1574.03,Check
2021-08-23,ORD001460,Steering Tie Rod,Steering system,Wholesale,54,27.85,1503.9,Check
2021-09-08,ORD001461,Steering Tie Rod,Steering system,Retail,69,41.97,2895.93,Cash
2021-10-27,ORD001462,Steering Tie Rod,Steering system,Retail,51,33.5,1708.5,Cash
2021-11-13,ORD001463,Steering Tie Rod,Steering system,Retail,53,22.26,1179.78,Cash
2021-12-03,ORD001464,Steering Tie Rod,Steering system,Wholesale,46,23.58,1084.68,Transfer
2022-01-29,ORD001465,Steering Tie Rod,Steering system,Retail,55,44.17,2429.35,Cash
2022-02-21,ORD001466,Steering Tie Rod,Steering system,Wholesale,68,39.24,2668.32,Transfer
2022-03-29,ORD001467,Steering Tie Rod,Steering system,Retail,50,28.67,1433.5,Transfer
2022-04-06,ORD001468,Steering Tie Rod,Steering system,Retail,57,39.9,2274.3,Check
2022-05-03,ORD001469,Steering Tie Rod,Steering system,Wholesale,46,21.95,1009.7,Cash
2022-06-12,ORD001470,Steering Tie Rod,Steering system,Retail,60,45.44,2726.4,Check
2022-07-26,ORD001471,Steering Tie Rod,Steering system,Retail,56,32.07,1795.92,Transfer
2022-08-29,ORD001472,Steering Tie Rod,Steering system,Wholesale,59,40.63,2397.17,Credit card
2022-09-14,ORD001473,Steering Tie Rod,Steering system,Retail,35,23.17,810.95,Transfer
2022-10-22,ORD001474,Steering Tie Rod,Steering system,Retail,44,45.28,1992.32,Check
2022-11-02,ORD001475,Steering Tie Rod,Steering system,Retail,45,28.67,1290.15,Check
2022-12-17,ORD001476,Steering Tie Rod,Steering system,Wholesale,70,41.1,2877.0,Credit card
2023-01-05,ORD001477,Steering Tie Rod,Steering system,Wholesale,62,23.19,1437.78,Check
2023-02-11,ORD001478,Steering Tie Rod,Steering system,Retail,64,44.72,2862.08,Transfer
2023-03-13,ORD001479,Steering Tie Rod,Steering system,Retail,51,38.07,1941.57,Credit card
2023-04-01,ORD001480,Steering Tie Rod,Steering system,Retail,36,36.98,1331.28,Cash
2023-05-19,ORD001481,Steering Tie Rod,Steering system,Wholesale,56,39.02,2185.12,Check
2023-06-15,ORD001482,Steering Tie Rod,Steering system,Wholesale,59,42.5,2507.5,Cash
2023-07-26,ORD001483,Steering Tie Rod,Steering system,Wholesale,61,32.46,1980.06,Transfer
2023-08-21,ORD001484,Steering Tie Rod,Steering system,Wholesale,50,46.03,2301.5,Cash
2023-09-04,ORD001485,Steering Tie Rod,Steering system,Retail,75,46.79,3509.25,Transfer
2023-10-17,ORD001486,Steering Tie Rod,Steering system,Wholesale,63,24.08,1517.04,Cash
2023-11-22,ORD001487,Steering Tie Rod,Steering system,Retail,62,39.19,2429.78,Cash
2023-12-03,ORD001488,Steering Tie Rod,Steering system,Wholesale,48,31.52,1512.96,Check
2024-01-22,ORD001489,Steering Tie Rod,Steering system,Retail,43,32.67,1404.81,Transfer
2024-02-09,ORD001490,Steering Tie Rod,Steering system,Wholesale,47,39.04,1834.88,Check
2024-03-27,ORD001491,Steering Tie Rod,Steering system,Wholesale,65,27.73,1802.45,Cash
2024-04-11,ORD001492,Steering Tie Rod,Steering system,Retail,42,22.31,937.02,Check
2024-05-16,ORD001493,Steering Tie Rod,Steering system,Wholesale,43,31.31,1346.33,Cash
2024-06-26,ORD001494,Steering Tie Rod,Steering system,Retail,52,27.73,1441.96,Transfer
2024-07-25,ORD001495,Steering Tie Rod,Steering system,Retail,51,26.66,1359.66,Cash
2024-08-13,ORD001496,Steering Tie Rod,Steering system,Retail,39,35.02,1365.78,Check
2024-09-04,ORD001497,Steering Tie Rod,Steering system,Retail,64,44.92,2874.88,Credit card
2024-10-06,ORD001498,Steering Tie Rod,Steering system,Retail,64,36.45,2332.8,Check
2024-11-09,ORD001499,Steering Tie Rod,Steering system,Retail,68,45.09,3066.12,Cash
2024-12-26,ORD001500,Steering Tie Rod,Steering system,Retail,64,40.51,2592.64,Cash
2020-01-08,ORD001501,Brake Rotor,Braking system,Retail,29,35.55,1030.95,Credit card
2020-02-03,ORD001502,Brake Rotor,Braking system,Wholesale,45,26.2,1179.0,Transfer
2020-03-04,ORD001503,Brake Rotor,Braking system,Retail,35,35.67,1248.45,Credit card
2020-04-19,ORD001504,Brake Rotor,Braking system,Wholesale,42,30.02,1260.84,Cash
2020-05-09,ORD001505,Brake Rotor,Braking system,Retail,24,29.92,718.08,Cash
2020-06-07,ORD001506,Brake Rotor,Braking system,Retail,34,37.67,1280.78,Credit card
2020-07-09,ORD001507,Brake Rotor,Braking system,Wholesale,37,56.51,2090.87,Cash
2020-08-18,ORD001508,Brake Rotor,Braking system,Wholesale,8,25.37,202.96,Check
2020-09-07,ORD001509,Brake Rotor,Braking system,Wholesale,14,46.55,651.7,Credit card
2020-10-23,ORD001510,Brake Rotor,Braking system,Wholesale,65,39.83,2588.95,Transfer
2020-11-16,ORD001511,Brake Rotor,Braking system,Wholesale,3,47.1,141.3,Credit card
2020-12-03,ORD001512,Brake Rotor,Braking system,Wholesale,16,29.21,467.36,Transfer
2021-01-07,ORD001513,Brake Rotor,Braking system,Wholesale,44,38.45,1691.8,Credit card
2021-02-23,ORD001514,Brake Rotor,Braking system,Retail,67,31.05,2080.35,Transfer
2021-03-03,ORD001515,Brake Rotor,Braking system,Retail,30,48.48,1454.4,Check
2021-04-03,ORD001516,Brake Rotor,Braking system,Wholesale,29,35.18,1020.22,Check
2021-05-05,ORD001517,Brake Rotor,Braking system,Wholesale,25,41.56,1039.0,Cash
2021-06-04,ORD001518,Brake Rotor,Braking system,Retail,39,42.71,1665.69,Credit card
2021-07-23,ORD001519,Brake Rotor,Braking system,Retail,41,46.78,1917.98,Check
2021-08-07,ORD001520,Brake Rotor,Braking system,Retail,33,51.38,1695.54,Credit card
2021-09-21,ORD001521,Brake Rotor,Braking system,Wholesale,31,42.99,1332.69,Cash
2021-10-09,ORD001522,Brake Rotor,Braking system,Wholesale,21,47.77,1003.17,Credit card
2021-11-19,ORD001523,Brake Rotor,Braking system,Retail,50,44.22,2211.0,Credit card
2021-12-29,ORD001524,Brake Rotor,Braking system,Retail,52,50.81,2642.12,Check
2022-01-28,ORD001525,Brake Rotor,Braking system,Wholesale,27,29.08,785.16,Credit card
2022-02-16,ORD001526,Brake Rotor,Braking system,Retail,30,55.14,1654.2,Credit card
2022-03-06,ORD001527,Brake Rotor,Braking system,Wholesale,45,38.43,1729.35,Credit card
2022-04-02,ORD001528,Brake Rotor,Braking system,Wholesale,33,55.36,1826.88,Check
2022-05-03,ORD001529,Brake Rotor,Braking system,Wholesale,59,25.67,1514.53,Transfer
2022-06-02,ORD001530,Brake Rotor,Braking system,Wholesale,45,29.69,1336.05,Transfer
2022-07-05,ORD001531,Brake Rotor,Braking system,Wholesale,59,34.76,2050.84,Transfer
2022-08-10,ORD001532,Brake Rotor,Braking system,Retail,39,29.65,1156.35,Credit card
2022-09-24,ORD001533,Brake Rotor,Braking system,Retail,47,58.4,2744.8,Transfer
2022-10-25,ORD001534,Brake Rotor,Braking system,Retail,69,58.07,4006.83,Transfer
2022-11-06,ORD001535,Brake Rotor,Braking system,Retail,39,50.98,1988.22,Check
2022-12-05,ORD001536,Brake Rotor,Braking system,Retail,28,35.07,981.96,Cash
2023-01-11,ORD001537,Brake Rotor,Braking system,Retail,51,42.21,2152.71,Credit card
2023-02-25,ORD001538,Brake Rotor,Braking system,Retail,38,46.79,1778.02,Credit card
2023-03-26,ORD001539,Brake Rotor,Braking system,Retail,47,31.49,1480.03,Credit card
2023-04-15,ORD001540,Brake Rotor,Braking system,Retail,43,29.56,1271.08,Cash
2023-05-06,ORD001541,Brake Rotor,Braking system,Retail,15,28.15,422.25,Transfer
2023-06-09,ORD001542,Brake Rotor,Braking system,Retail,57,52.86,3013.02,Cash
2023-07-31,ORD001543,Brake Rotor,Braking system,Wholesale,44,57.71,2539.24,Cash
2023-08-07,ORD001544,Brake Rotor,Braking system,Wholesale,47,41.94,1971.18,Transfer
2023-09-25,ORD001545,Brake Rotor,Braking system,Retail,17,27.23,462.91,Cash
2023-10-31,ORD001546,Brake Rotor,Braking system,Retail,52,25.96,1349.92,Check
2023-11-29,ORD001547,Brake Rotor,Braking system,Retail,43,58.7,2524.1,Transfer
2023-12-05,ORD001548,Brake Rotor,Braking system,Retail,26,43.67,1135.42,Credit card
2024-01-08,ORD001549,Brake Rotor,Braking system,Retail,36,58.08,2090.88,Check
2024-02-14,ORD001550,Brake Rotor,Braking system,Wholesale,57,37.39,2131.23,Cash
2024-03-04,ORD001551,Brake Rotor,Braking system,Wholesale,62,29.82,1848.84,Check
2024-04-16,ORD001552,Brake Rotor,Braking system,Wholesale,24,36.95,886.8,Cash
2024-05-20,ORD001553,Brake Rotor,Braking system,Wholesale,49,31.73,1554.77,Check
2024-06-24,ORD001554,Brake Rotor,Braking system,Retail,36,54.2,1951.2,Transfer
2024-07-29,ORD001555,Brake Rotor,Braking system,Retail,78,42.91,3346.98,Transfer
2024-08-09,ORD001556,Brake Rotor,Braking system,Wholesale,45,50.66,2279.7,Transfer
2024-09-20,ORD001557,Brake Rotor,Braking system,Wholesale,58,48.28,2800.24,Transfer
2024-10-21,ORD001558,Brake Rotor,Braking system,Retail,31,57.92,1795.52,Check
2024-11-04,ORD001559,Brake Rotor,Braking system,Wholesale,29,29.63,859.27,Cash
2024-12-04,ORD001560,Brake Rotor,Braking system,Wholesale,45,50.26,2261.7,Cash
2020-01-01,ORD001561,Transmission Fluid,Transmission,Retail,0,33.72,0.0,Transfer
2020-02-15,ORD001562,Transmission Fluid,Transmission,Retail,14,23.21,324.94,Credit card
2020-03-27,ORD001563,Transmission Fluid,Transmission,Retail,8,34.24,273.92,Cash
2020-04-01,ORD001564,Transmission Fluid,Transmission,Wholesale,0,20.62,0.0,Check
2020-05-01,ORD001565,Transmission Fluid,Transmission,Retail,0,31.1,0.0,Transfer
2020-06-26,ORD001566,Transmission Fluid,Transmission,Wholesale,4,19.8,79.2,Cash
2020-07-02,ORD001567,Transmission Fluid,Transmission,Wholesale,13,18.18,236.34,Cash
2020-08-01,ORD001568,Transmission Fluid,Transmission,Retail,0,32.85,0.0,Transfer
2020-09-01,ORD001569,Transmission Fluid,Transmission,Wholesale,0,23.56,0.0,Check
2020-10-09,ORD001570,Transmission Fluid,Transmission,Retail,19,27.71,526.49,Check
2020-11-01,ORD001571,Transmission Fluid,Transmission,Wholesale,0,32.32,0.0,Cash
2020-12-01,ORD001572,Transmission Fluid,Transmission,Wholesale,0,34.72,0.0,Credit card
2021-01-01,ORD001573,Transmission Fluid,Transmission,Retail,0,25.78,0.0,Check
2021-02-01,ORD001574,Transmission Fluid,Transmission,Wholesale,0,29.95,0.0,Check
2021-03-10,ORD001575,Transmission Fluid,Transmission,Retail,7,19.04,133.28,Credit card
2021-04-21,ORD001576,Transmission Fluid,Transmission,Wholesale,14,19.11,267.54,Transfer
2021-05-01,ORD001577,Transmission Fluid,Transmission,Retail,0,30.43,0.0,Check
2021-06-01,ORD001578,Transmission Fluid,Transmission,Retail,0,20.87,0.0,Transfer
2021-07-01,ORD001579,Transmission Fluid,Transmission,Retail,0,28.44,0.0,Cash
2021-08-25,ORD001580,Transmission Fluid,Transmission,Retail,13,25.64,333.32,Cash
2021-09-01,ORD001581,Transmission Fluid,Transmission,Retail,0,34.16,0.0,Cash
2021-10-01,ORD001582,Transmission Fluid,Transmission,Retail,0,17.41,0.0,Check
2021-11-01,ORD001583,Transmission Fluid,Transmission,Wholesale,0,26.42,0.0,Cash
2021-12-01,ORD001584,Transmission Fluid,Transmission,Wholesale,0,25.85,0.0,Credit card
2022-01-22,ORD001585,Transmission Fluid,Transmission,Wholesale,11,21.76,239.36,Cash
2022-02-23,ORD001586,Transmission Fluid,Transmission,Retail,4,28.99,115.96,Check
2022-03-09,ORD001587,Transmission Fluid,Transmission,Retail,6,17.43,104.58,Check
2022-04-12,ORD001588,Transmission Fluid,Transmission,Wholesale,1,26.5,26.5,Check
2022-05-01,ORD001589,Transmission Fluid,Transmission,Retail,0,25.0,0.0,Check
2022-06-01,ORD001590,Transmission Fluid,Transmission,Wholesale,0,28.76,0.0,Credit card
2022-07-30,ORD001591,Transmission Fluid,Transmission,Wholesale,14,31.41,439.74,Cash
2022-08-01,ORD001592,Transmission Fluid,Transmission,Retail,0,18.81,0.0,Cash
2022-09-01,ORD001593,Transmission Fluid,Transmission,Retail,0,17.87,0.0,Cash
2022-10-01,ORD001594,Transmission Fluid,Transmission,Wholesale,0,25.66,0.0,Cash
2022-11-09,ORD001595,Transmission Fluid,Transmission,Retail,1,20.62,20.62,Check
2022-12-11,ORD001596,Transmission Fluid,Transmission,Wholesale,5,15.5,77.5,Transfer
2023-01-01,ORD001597,Transmission Fluid,Transmission,Retail,0,32.55,0.0,Credit card
2023-02-27,ORD001598,Transmission Fluid,Transmission,Retail,17,15.25,259.25,Credit card
2023-03-01,ORD001599,Transmission Fluid,Transmission,Retail,0,18.92,0.0,Transfer
2023-04-01,ORD001600,Transmission Fluid,Transmission,Wholesale,0,21.78,0.0,Cash
2023-05-01,ORD001601,Transmission Fluid,Transmission,Wholesale,0,24.78,0.0,Check
2023-06-01,ORD001602,Transmission Fluid,Transmission,Wholesale,0,27.33,0.0,Credit card
2023-07-24,ORD001603,Transmission Fluid,Transmission,Wholesale,10,18.33,183.3,Transfer
2023-08-01,ORD001604,Transmission Fluid,Transmission,Retail,0,28.91,0.0,Transfer
2023-09-19,ORD001605,Transmission Fluid,Transmission,Retail,17,23.28,395.76,Transfer
2023-10-18,ORD001606,Transmission Fluid,Transmission,Retail,9,34.69,312.21,Check
2023-11-01,ORD001607,Transmission Fluid,Transmission,Wholesale,0,22.89,0.0,Cash
2023-12-09,ORD001608,Transmission Fluid,Transmission,Wholesale,10,27.88,278.8,Check
2024-01-01,ORD001609,Transmission Fluid,Transmission,Retail,0,25.32,0.0,Check
2024-02-11,ORD001610,Transmission Fluid,Transmission,Wholesale,15,24.59,368.85,Cash
2024-03-01,ORD001611,Transmission Fluid,Transmission,Retail,0,29.37,0.0,Credit card
2024-04-01,ORD001612,Transmission Fluid,Transmission,Retail,0,32.8,0.0,Transfer
2024-05-01,ORD001613,Transmission Fluid,Transmission,Retail,0,34.31,0.0,Transfer
2024-06-01,ORD001614,Transmission Fluid,Transmission,Wholesale,0,20.74,0.0,Check
2024-07-01,ORD001615,Transmission Fluid,Transmission,Wholesale,0,22.65,0.0,Credit card
2024-08-25,ORD001616,Transmission Fluid,Transmission,Wholesale,5,31.58,157.9,Check
2024-09-01,ORD001617,Transmission Fluid,Transmission,Wholesale,0,21.92,0.0,Cash
2024-10-01,ORD001618,Transmission Fluid,Transmission,Wholesale,0,22.3,0.0,Cash
2024-11-01,ORD001619,Transmission Fluid,Transmission,Retail,0,23.24,0.0,Check
2024-12-01,ORD001620,Transmission Fluid,Transmission,Retail,0,32.5,0.0,Check
2020-01-25,ORD001621,Suspension Spring,Suspension & traction,Retail,28,60.94,1706.32,Credit card
2020-02-15,ORD001622,Suspension Spring,Suspension & traction,Wholesale,32,92.32,2954.24,Transfer
2020-03-05,ORD001623,Suspension Spring,Suspension & traction,Wholesale,27,61.76,1667.52,Check
2020-04-02,ORD001624,Suspension Spring,Suspension & traction,Retail,18,50.24,904.32,Credit card
2020-05-04,ORD001625,Suspension Spring,Suspension & traction,Wholesale,39,96.74,3772.86,Check
2020-06-27,ORD001626,Suspension Spring,Suspension & traction,Wholesale,21,49.47,1038.87,Transfer
2020-07-29,ORD001627,Suspension Spring,Suspension & traction,Wholesale,23,94.93,2183.39,Credit card
2020-08-03,ORD001628,Suspension Spring,Suspension & traction,Wholesale,35,59.07,2067.45,Transfer
2020-09-12,ORD001629,Suspension Spring,Suspension & traction,Retail,29,68.77,1994.33,Check
2020-10-20,ORD001630,Suspension Spring,Suspension & traction,Retail,16,40.94,655.04,Cash
2020-11-03,ORD001631,Suspension Spring,Suspension & traction,Wholesale,30,75.61,2268.3,Credit card
2020-12-16,ORD001632,Suspension Spring,Suspension & traction,Retail,8,93.4,747.2,Transfer
2021-01-13,ORD001633,Suspension Spring,Suspension & traction,Wholesale,34,72.72,2472.48,Credit card
2021-02-26,ORD001634,Suspension Spring,Suspension & traction,Retail,30,49.98,1499.4,Check
2021-03-15,ORD001635,Suspension Spring,Suspension & traction,Retail,22,43.03,946.66,Transfer
2021-04-26,ORD001636,Suspension Spring,Suspension & traction,Retail,20,52.74,1054.8,Cash
2021-05-17,ORD001637,Suspension Spring,Suspension & traction,Wholesale,41,83.42,3420.22,Transfer
2021-06-15,ORD001638,Suspension Spring,Suspension & traction,Retail,38,83.58,3176.04,Transfer
2021-07-26,ORD001639,Suspension Spring,Suspension & traction,Wholesale,48,45.29,2173.92,Check
2021-08-14,ORD001640,Suspension Spring,Suspension & traction,Retail,46,93.18,4286.28,Transfer
2021-09-24,ORD001641,Suspension Spring,Suspension & traction,Retail,25,90.07,2251.75,Transfer
2021-10-04,ORD001642,Suspension Spring,Suspension & traction,Wholesale,31,51.31,1590.61,Credit card
2021-11-01,ORD001643,Suspension Spring,Suspension & traction,Wholesale,25,82.43,2060.75,Check
2021-12-31,ORD001644,Suspension Spring,Suspension & traction,Wholesale,26,67.48,1754.48,Cash
2022-01-26,ORD001645,Suspension Spring,Suspension & traction,Wholesale,47,51.64,2427.08,Credit card
2022-02-23,ORD001646,Suspension Spring,Suspension & traction,Retail,42,68.53,2878.26,Cash
2022-03-16,ORD001647,Suspension Spring,Suspension & traction,Retail,22,52.45,1153.9,Transfer
2022-04-04,ORD001648,Suspension Spring,Suspension & traction,Wholesale,58,96.26,5583.08,Credit card
2022-05-02,ORD001649,Suspension Spring,Suspension & traction,Retail,13,92.94,1208.22,Cash
2022-06-20,ORD001650,Suspension Spring,Suspension & traction,Retail,8,52.1,416.8,Credit card
2022-07-13,ORD001651,Suspension Spring,Suspension & traction,Wholesale,24,56.55,1357.2,Cash
2022-08-03,ORD001652,Suspension Spring,Suspension & traction,Wholesale,23,65.45,1505.35,Transfer
2022-09-01,ORD001653,Suspension Spring,Suspension & traction,Retail,45,66.5,2992.5,Cash
2022-10-10,ORD001654,Suspension Spring,Suspension & traction,Wholesale,47,81.08,3810.76,Cash
2022-11-18,ORD001655,Suspension Spring,Suspension & traction,Wholesale,29,91.12,2642.48,Check
2022-12-16,ORD001656,Suspension Spring,Suspension & traction,Wholesale,26,74.06,1925.56,Check
2023-01-24,ORD001657,Suspension Spring,Suspension & traction,Retail,26,80.86,2102.36,Check
2023-02-26,ORD001658,Suspension Spring,Suspension & traction,Wholesale,33,55.95,1846.35,Cash
2023-03-21,ORD001659,Suspension Spring,Suspension & traction,Retail,41,64.36,2638.76,Transfer
2023-04-08,ORD001660,Suspension Spring,Suspension & traction,Wholesale,23,71.05,1634.15,Check
2023-05-07,ORD001661,Suspension Spring,Suspension & traction,Wholesale,14,74.08,1037.12,Credit card
2023-06-14,ORD001662,Suspension Spring,Suspension & traction,Wholesale,11,96.99,1066.89,Check
2023-07-09,ORD001663,Suspension Spring,Suspension & traction,Retail,16,66.79,1068.64,Check
2023-08-15,ORD001664,Suspension Spring,Suspension & traction,Retail,20,99.04,1980.8,Transfer
2023-09-26,ORD001665,Suspension Spring,Suspension & traction,Retail,40,65.77,2630.8,Cash
2023-10-26,ORD001666,Suspension Spring,Suspension & traction,Retail,35,77.81,2723.35,Cash
2023-11-17,ORD001667,Suspension Spring,Suspension & traction,Retail,31,91.49,2836.19,Cash
2023-12-28,ORD001668,Suspension Spring,Suspension & traction,Retail,31,44.44,1377.64,Transfer
2024-01-13,ORD001669,Suspension Spring,Suspension & traction,Retail,34,82.19,2794.46,Credit card
2024-02-13,ORD001670,Suspension Spring,Suspension & traction,Retail,33,88.57,2922.81,Credit card
2024-03-11,ORD001671,Suspension Spring,Suspension & traction,Wholesale,35,43.0,1505.0,Transfer
2024-04-13,ORD001672,Suspension Spring,Suspension & traction,Wholesale,25,95.18,2379.5,Cash
2024-05-09,ORD001673,Suspension Spring,Suspension & traction,Wholesale,29,45.17,1309.93,Transfer
2024-06-26,ORD001674,Suspension Spring,Suspension & traction,Retail,17,97.06,1650.02,Credit card
2024-07-25,ORD001675,Suspension Spring,Suspension & traction,Wholesale,47,47.49,2232.03,Credit card
2024-08-15,ORD001676,Suspension Spring,Suspension & traction,Wholesale,10,65.17,651.7,Credit card
2024-09-21,ORD001677,Suspension Spring,Suspension & traction,Retail,51,86.95,4434.45,Cash
2024-10-14,ORD001678,Suspension Spring,Suspension & traction,Wholesale,69,91.15,6289.35,Transfer
2024-11-18,ORD001679,Suspension Spring,Suspension & traction,Wholesale,60,60.73,3643.8,Credit card
2024-12-27,ORD001680,Suspension Spring,Suspension & traction,Retail,33,84.23,2779.59,Cash
2020-01-31,ORD001681,Ball Joint,Suspension & traction,Wholesale,61,19.1,1165.1,Credit card
2020-02-14,ORD001682,Ball Joint,Suspension & traction,Wholesale,64,28.32,1812.48,Credit card
2020-03-28,ORD001683,Ball Joint,Suspension & traction,Retail,71,34.74,2466.54,Check
2020-04-10,ORD001684,Ball Joint,Suspension & traction,Wholesale,63,23.92,1506.96,Check
2020-05-05,ORD001685,Ball Joint,Suspension & traction,Wholesale,48,25.16,1207.68,Cash
2020-06-06,ORD001686,Ball Joint,Suspension & traction,Wholesale,72,16.52,1189.44,Credit card
2020-07-02,ORD001687,Ball Joint,Suspension & traction,Retail,70,22.67,1586.9,Cash
2020-08-09,ORD001688,Ball Joint,Suspension & traction,Wholesale,66,25.28,1668.48,Credit card
2020-09-23,ORD001689,Ball Joint,Suspension & traction,Wholesale,58,15.94,924.52,Cash
2020-10-25,ORD001690,Ball Joint,Suspension & traction,Wholesale,74,17.64,1305.36,Cash
2020-11-25,ORD001691,Ball Joint,Suspension & traction,Wholesale,50,35.47,1773.5,Transfer
2020-12-09,ORD001692,Ball Joint,Suspension & traction,Retail,76,37.09,2818.84,Transfer
2021-01-21,ORD001693,Ball Joint,Suspension & traction,Retail,63,15.25,960.75,Cash
2021-02-11,ORD001694,Ball Joint,Suspension & traction,Retail,52,37.67,1958.84,Transfer
2021-03-13,ORD001695,Ball Joint,Suspension & traction,Wholesale,87,37.67,3277.29,Check
2021-04-05,ORD001696,Ball Joint,Suspension & traction,Retail,50,33.07,1653.5,Cash
2021-05-06,ORD001697,Ball Joint,Suspension & traction,Retail,32,16.13,516.16,Transfer
2021-06-05,ORD001698,Ball Joint,Suspension & traction,Retail,75,17.09,1281.75,Cash
2021-07-22,ORD001699,Ball Joint,Suspension & traction,Wholesale,35,15.17,530.95,Check
2021-08-28,ORD001700,Ball Joint,Suspension & traction,Retail,101,28.77,2905.77,Check
2021-09-26,ORD001701,Ball Joint,Suspension & traction,Retail,51,32.82,1673.82,Credit card
2021-10-02,ORD001702,Ball Joint,Suspension & traction,Retail,30,37.56,1126.8,Transfer
2021-11-04,ORD001703,Ball Joint,Suspension & traction,Retail,44,37.01,1628.44,Check
2021-12-27,ORD001704,Ball Joint,Suspension & traction,Retail,64,23.18,1483.52,Check
2022-01-15,ORD001705,Ball Joint,Suspension & traction,Wholesale,88,30.02,2641.76,Cash
2022-02-14,ORD001706,Ball Joint,Suspension & traction,Wholesale,58,35.22,2042.76,Credit card
2022-03-03,ORD001707,Ball Joint,Suspension & traction,Retail,69,21.33,1471.77,Cash
2022-04-21,ORD001708,Ball Joint,Suspension & traction,Wholesale,52,17.77,924.04,Cash
2022-05-14,ORD001709,Ball Joint,Suspension & traction,Wholesale,87,20.74,1804.38,Check
2022-06-07,ORD001710,Ball Joint,Suspension & traction,Wholesale,31,25.62,794.22,Cash
2022-07-07,ORD001711,Ball Joint,Suspension & traction,Retail,31,19.0,589.0,Cash
2022-08-11,ORD001712,Ball Joint,Suspension & traction,Retail,93,26.16,2432.88,Credit card
2022-09-14,ORD001713,Ball Joint,Suspension & traction,Retail,27,16.02,432.54,Credit card
2022-10-29,ORD001714,Ball Joint,Suspension & traction,Wholesale,32,22.47,719.04,Cash
2022-11-10,ORD001715,Ball Joint,Suspension & traction,Wholesale,117,28.79,3368.43,Credit card
2022-12-13,ORD001716,Ball Joint,Suspension & traction,Wholesale,64,31.67,2026.88,Check
2023-01-26,ORD001717,Ball Joint,Suspension & traction,Wholesale,105,24.47,2569.35,Check
2023-02-24,ORD001718,Ball Joint,Suspension & traction,Retail,53,28.89,1531.17,Transfer
2023-03-19,ORD001719,Ball Joint,Suspension & traction,Wholesale,100,17.04,1704.0,Transfer
2023-04-26,ORD001720,Ball Joint,Suspension & traction,Retail,41,30.84,1264.44,Credit card
2023-05-21,ORD001721,Ball Joint,Suspension & traction,Retail,65,35.6,2314.0,Credit card
2023-06-07,ORD001722,Ball Joint,Suspension & traction,Retail,93,23.87,2219.91,Credit card
2023-07-08,ORD001723,Ball Joint,Suspension & traction,Retail,37,20.84,771.08,Credit card
2023-08-19,ORD001724,Ball Joint,Suspension & traction,Wholesale,51,30.96,1578.96,Cash
2023-09-22,ORD001725,Ball Joint,Suspension & traction,Wholesale,49,27.93,1368.57,Cash
2023-10-14,ORD001726,Ball Joint,Suspension & traction,Retail,74,37.35,2763.9,Transfer
2023-11-09,ORD001727,Ball Joint,Suspension & traction,Retail,71,30.61,2173.31,Cash
2023-12-08,ORD001728,Ball Joint,Suspension & traction,Retail,88,20.45,1799.6,Check
2024-01-12,ORD001729,Ball Joint,Suspension & traction,Retail,62,18.6,1153.2,Cash
2024-02-03,ORD001730,Ball Joint,Suspension & traction,Retail,61,21.87,1334.07,Cash
2024-03-04,ORD001731,Ball Joint,Suspension & traction,Wholesale,80,21.32,1705.6,Transfer
2024-04-10,ORD001732,Ball Joint,Suspension & traction,Wholesale,60,32.8,1968.0,Credit card
2024-05-17,ORD001733,Ball Joint,Suspension & traction,Wholesale,56,38.97,2182.32,Check
2024-06-15,ORD001734,Ball Joint,Suspension & traction,Retail,80,15.13,1210.4,Credit card
2024-07-23,ORD001735,Ball Joint,Suspension & traction,Wholesale,73,37.15,2711.95,Credit card
2024-08-23,ORD001736,Ball Joint,Suspension & traction,Wholesale,34,27.84,946.56,Check
2024-09-13,ORD001737,Ball Joint,Suspension & traction,Retail,66,32.29,2131.14,Credit card
2024-10-14,ORD001738,Ball Joint,Suspension & traction,Wholesale,61,27.93,1703.73,Credit card
2024-11-17,ORD001739,Ball Joint,Suspension & traction,Wholesale,87,32.64,2839.68,Transfer
2024-12-06,ORD001740,Ball Joint,Suspension & traction,Retail,68,29.42,2000.56,Cash
2020-01-24,ORD001741,CV Joint,Drivetrain,Wholesale,59,63.61,3752.99,Transfer
2020-02-25,ORD001742,CV Joint,Drivetrain,Retail,59,67.89,4005.51,Transfer
2020-03-07,ORD001743,CV Joint,Drivetrain,Wholesale,47,65.27,3067.69,Credit card
2020-04-29,ORD001744,CV Joint,Drivetrain,Wholesale,47,59.91,2815.77,Cash
2020-05-08,ORD001745,CV Joint,Drivetrain,Wholesale,55,67.99,3739.45,Transfer
2020-06-18,ORD001746,CV Joint,Drivetrain,Retail,67,59.8,4006.6,Credit card
2020-07-03,ORD001747,CV Joint,Drivetrain,Wholesale,55,67.14,3692.7,Credit card
2020-08-02,ORD001748,CV Joint,Drivetrain,Wholesale,44,70.41,3098.04,Check
2020-09-18,ORD001749,CV Joint,Drivetrain,Wholesale,59,65.95,3891.05,Cash
2020-10-11,ORD001750,CV Joint,Drivetrain,Wholesale,59,36.86,2174.74,Transfer
2020-11-05,ORD001751,CV Joint,Drivetrain,Wholesale,41,53.1,2177.1,Check
2020-12-21,ORD001752,CV Joint,Drivetrain,Retail,43,55.2,2373.6,Cash
2021-01-31,ORD001753,CV Joint,Drivetrain,Wholesale,46,72.7,3344.2,Credit card
2021-02-04,ORD001754,CV Joint,Drivetrain,Retail,52,55.92,2907.84,Credit card
2021-03-15,ORD001755,CV Joint,Drivetrain,Retail,63,56.31,3547.53,Cash
2021-04-16,ORD001756,CV Joint,Drivetrain,Retail,49,55.99,2743.51,Transfer
2021-05-04,ORD001757,CV Joint,Drivetrain,Wholesale,48,47.36,2273.28,Check
2021-06-06,ORD001758,CV Joint,Drivetrain,Retail,51,51.78,2640.78,Check
2021-07-15,ORD001759,CV Joint,Drivetrain,Wholesale,50,30.95,1547.5,Credit card
2021-08-02,ORD001760,CV Joint,Drivetrain,Wholesale,41,68.14,2793.74,Credit card
2021-09-22,ORD001761,CV Joint,Drivetrain,Retail,55,39.36,2164.8,Credit card
2021-10-15,ORD001762,CV Joint,Drivetrain,Retail,60,43.46,2607.6,Credit card
2021-11-16,ORD001763,CV Joint,Drivetrain,Wholesale,51,73.15,3730.65,Cash
2021-12-26,ORD001764,CV Joint,Drivetrain,Retail,61,34.65,2113.65,Transfer
2022-01-10,ORD001765,CV Joint,Drivetrain,Wholesale,53,35.1,1860.3,Check
2022-02-09,ORD001766,CV Joint,Drivetrain,Wholesale,73,38.77,2830.21,Check
2022-03-31,ORD001767,CV Joint,Drivetrain,Retail,50,43.62,2181.0,Credit card
2022-04-17,ORD001768,CV Joint,Drivetrain,Wholesale,57,38.03,2167.71,Transfer
2022-05-16,ORD001769,CV Joint,Drivetrain,Retail,47,36.21,1701.87,Cash
2022-06-21,ORD001770,CV Joint,Drivetrain,Wholesale,67,44.28,2966.76,Transfer
2022-07-26,ORD001771,CV Joint,Drivetrain,Wholesale,47,72.44,3404.68,Check
2022-08-03,ORD001772,CV Joint,Drivetrain,Wholesale,62,37.25,2309.5,Cash
2022-09-21,ORD001773,CV Joint,Drivetrain,Wholesale,40,69.06,2762.4,Cash
2022-10-20,ORD001774,CV Joint,Drivetrain,Wholesale,56,33.3,1864.8,Transfer
2022-11-22,ORD001775,CV Joint,Drivetrain,Retail,68,48.75,3315.0,Transfer
2022-12-04,ORD001776,CV Joint,Drivetrain,Wholesale,47,65.49,3078.03,Credit card
2023-01-28,ORD001777,CV Joint,Drivetrain,Wholesale,46,58.06,2670.76,Check
2023-02-15,ORD001778,CV Joint,Drivetrain,Retail,59,50.56,2983.04,Transfer
2023-03-30,ORD001779,CV Joint,Drivetrain,Wholesale,46,59.02,2714.92,Transfer
2023-04-02,ORD001780,CV Joint,Drivetrain,Wholesale,52,56.19,2921.88,Transfer
2023-05-17,ORD001781,CV Joint,Drivetrain,Retail,56,50.29,2816.24,Cash
2023-06-15,ORD001782,CV Joint,Drivetrain,Wholesale,53,53.06,2812.18,Credit card
2023-07-29,ORD001783,CV Joint,Drivetrain,Wholesale,56,71.49,4003.44,Transfer
2023-08-07,ORD001784,CV Joint,Drivetrain,Wholesale,54,58.21,3143.34,Check
2023-09-09,ORD001785,CV Joint,Drivetrain,Wholesale,49,69.47,3404.03,Check
2023-10-27,ORD001786,CV Joint,Drivetrain,Wholesale,61,57.02,3478.22,Check
2023-11-24,ORD001787,CV Joint,Drivetrain,Wholesale,64,50.05,3203.2,Check
2023-12-22,ORD001788,CV Joint,Drivetrain,Wholesale,53,61.38,3253.14,Transfer
2024-01-03,ORD001789,CV Joint,Drivetrain,Retail,43,31.78,1366.54,Transfer
2024-02-16,ORD001790,CV Joint,Drivetrain,Retail,62,57.93,3591.66,Credit card
2024-03-06,ORD001791,CV Joint,Drivetrain,Retail,54,43.7,2359.8,Check
2024-04-02,ORD001792,CV Joint,Drivetrain,Retail,49,63.17,3095.33,Cash
2024-05-12,ORD001793,CV Joint,Drivetrain,Wholesale,41,51.39,2106.99,Cash
2024-06-02,ORD001794,CV Joint,Drivetrain,Retail,53,33.57,1779.21,Credit card
2024-07-10,ORD001795,CV Joint,Drivetrain,Wholesale,55,46.81,2574.55,Credit card
2024-08-23,ORD001796,CV Joint,Drivetrain,Wholesale,40,40.73,1629.2,Credit card
2024-09-11,ORD001797,CV Joint,Drivetrain,Retail,59,43.18,2547.62,Check
2024-10-29,ORD001798,CV Joint,Drivetrain,Wholesale,53,63.28,3353.84,Cash
2024-11-12,ORD001799,CV Joint,Drivetrain,Wholesale,53,45.38,2405.14,Cash
2024-12-01,ORD001800,CV Joint,Drivetrain,Retail,63,50.38,3173.94,Cash
