reportDate,productName,category,quantity,unitPrice,otherExpenses,totalAmount,customerName,paymentMethod,status,orderNumber,notes
2021-01-01,Alternator,Electrical system,0,9327.9,0.0,0.0,Retail Client,Bank Transfer,Completed,ORD001433,Automated migration
2021-01-01,Battery,Electrical system,0,6062.63,0.0,0.0,Retail Client,Check,Completed,ORD001344,Automated migration
2021-01-01,Catalytic Converter,Exhaust system,27,23674.19,30204.45,639203.13,Retail Client,GCash,Completed,ORD001652,Automated migration
2021-01-01,ECU Module,Electrical system,0,27071.69,0.0,0.0,Wholesale Client,Maya,Completed,ORD001792,Automated migration
2021-01-02,Brake Pads,Braking system,15,1061.3,472.95,15919.5,Retail Client,Cash,Completed,ORD000560,Automated migration
2021-01-02,Catalytic Converter,Exhaust system,26,17628.96,19633.91,458352.96,Wholesale Client,Bank Transfer,Completed,ORD001650,Automated migration
2021-01-03,Catalytic Converter,Exhaust system,14,23578.05,11077.27,330092.7,Retail Client,GCash,Completed,ORD001654,Automated migration
2021-01-04,Catalytic Converter,Exhaust system,25,12201.83,13254.87,305045.75,Wholesale Client,Maya,Completed,ORD001651,Automated migration
2021-01-04,Oil Filter,Engine system,21,206.16,133.11,4329.36,Retail Client,Maya,Completed,ORD000005,Automated migration
2021-01-07,Oil Filter,Engine system,21,145.21,146.83,3049.41,Wholesale Client,GCash,Completed,ORD000003,Automated migration
2021-01-08,Catalytic Converter,Exhaust system,40,21824.14,18360.24,872965.6,Wholesale Client,Bank Transfer,Completed,ORD001657,Automated migration
2021-01-10,Shock Absorber,Suspension & traction,28,3154.36,1981.55,88322.08,Retail Client,Cash,Completed,ORD000886,Automated migration
2021-01-11,Air Filter,Engine system,29,231.86,362.3,6723.94,Retail Client,Check,Completed,ORD000333,Automated migration
2021-01-13,Oil Filter,Engine system,31,172.07,155.34,5334.17,Retail Client,Cash,Completed,ORD000001,Automated migration
2021-01-13,Starter Motor,Electrical system,15,7814.78,4242.23,117221.7,Retail Client,Check,Completed,ORD001551,Automated migration
2021-01-14,Starter Motor,Electrical system,31,7226.17,7268.43,224011.27,Wholesale Client,Bank Transfer,Completed,ORD001552,Automated migration
2021-01-15,Air Filter,Engine system,26,247.4,224.8,6432.4,Wholesale Client,GCash,Completed,ORD000331,Automated migration
2021-01-15,Brake Pads,Braking system,35,1139.79,1910.5,39892.65,Retail Client,Maya,Completed,ORD000562,Automated migration
2021-01-15,Catalytic Converter,Exhaust system,30,19986.96,12417.7,599608.8,Retail Client,Bank Transfer,Completed,ORD001649,Automated migration
2021-01-15,Shock Absorber,Suspension & traction,34,4023.19,5488.47,136788.46,Wholesale Client,GCash,Completed,ORD000888,Automated migration
2021-01-15,Wheel Bearing,Drivetrain,27,2886.61,3849.69,77938.47,Retail Client,Cash,Completed,ORD001162,Automated migration
2021-01-21,Air Filter,Engine system,7,275.49,95.16,1928.43,Wholesale Client,Cash,Completed,ORD000330,Automated migration
2021-01-21,Brake Pads,Braking system,28,980.29,1349.15,27448.12,Wholesale Client,Bank Transfer,Completed,ORD000564,Automated migration
2021-01-21,Catalytic Converter,Exhaust system,45,21799.62,21188.57,980982.9,Retail Client,Cash,Completed,ORD001656,Automated migration
2021-01-22,Wheel Bearing,Drivetrain,38,1725.68,2169.08,65575.84,Retail Client,Bank Transfer,Completed,ORD001163,Automated migration
2021-01-23,Catalytic Converter,Exhaust system,21,21287.04,12473.05,447027.84,Retail Client,Cash,Completed,ORD001653,Automated migration
2021-01-23,Catalytic Converter,Exhaust system,35,14833.76,21792.49,519181.6,Wholesale Client,Cash,Completed,ORD001655,Automated migration
2021-01-26,Air Filter,Engine system,38,337.77,669.99,12835.26,Retail Client,Maya,Completed,ORD000332,Automated migration
2021-01-27,Brake Pads,Braking system,20,1011.63,598.13,20232.6,Wholesale Client,Maya,Completed,ORD000561,Automated migration
2021-01-27,Shock Absorber,Suspension & traction,26,3537.33,3665.75,91970.58,Retail Client,Cash,Completed,ORD000887,Automated migration
2021-01-27,Shock Absorber,Suspension & traction,14,4177.11,1555.36,58479.54,Retail Client,Cash,Completed,ORD000889,Automated migration
2021-01-30,Brake Pads,Braking system,20,1180.51,897.75,23610.2,Retail Client,Check,Completed,ORD000563,Automated migration
2021-01-31,Oil Filter,Engine system,22,242.6,202.98,5337.2,Retail Client,Maya,Completed,ORD000002,Automated migration
2021-01-31,Oil Filter,Engine system,34,179.59,348.64,6106.06,Wholesale Client,Cash,Completed,ORD000004,Automated migration
2021-01-31,Wheel Bearing,Drivetrain,26,2158.64,2196.06,56124.64,Retail Client,Bank Transfer,Completed,ORD001164,Automated migration
2021-02-01,Battery,Electrical system,0,7067.75,0.0,0.0,Retail Client,Check,Completed,ORD001345,Automated migration
2021-02-01,Brake Pads,Braking system,32,1153.13,893.45,36900.16,Retail Client,Bank Transfer,Completed,ORD000568,Automated migration
2021-02-01,Starter Motor,Electrical system,0,7284.64,0.0,0.0,Wholesale Client,Cash,Completed,ORD001553,Automated migration
2021-02-02,Air Filter,Engine system,44,294.6,387.39,12962.4,Retail Client,Check,Completed,ORD000335,Automated migration
2021-02-02,Brake Pads,Braking system,30,1492.72,1266.0,44781.6,Wholesale Client,Maya,Completed,ORD000566,Automated migration
2021-02-02,ECU Module,Electrical system,22,17325.92,17373.95,381170.24,Wholesale Client,Bank Transfer,Completed,ORD001798,Automated migration
2021-02-02,ECU Module,Electrical system,34,27378.53,34325.02,930870.02,Wholesale Client,Bank Transfer,Completed,ORD001807,Automated migration
2021-02-02,Wheel Bearing,Drivetrain,15,1876.07,1025.72,28141.05,Wholesale Client,Cash,Completed,ORD001165,Automated migration
2021-02-04,Shock Absorber,Suspension & traction,40,3574.85,3399.5,142994.0,Retail Client,GCash,Completed,ORD000892,Automated migration
2021-02-05,Oil Filter,Engine system,20,148.58,163.88,2971.6,Retail Client,Maya,Completed,ORD000010,Automated migration
2021-02-06,ECU Module,Electrical system,14,17718.42,10380.03,248057.88,Wholesale Client,GCash,Completed,ORD001799,Automated migration
2021-02-10,ECU Module,Electrical system,29,21148.14,13540.29,613296.06,Wholesale Client,Check,Completed,ORD001795,Automated migration
2021-02-10,ECU Module,Electrical system,22,19816.17,18012.26,435955.74,Wholesale Client,GCash,Completed,ORD001797,Automated migration
2021-02-10,ECU Module,Electrical system,37,17006.58,22881.81,629243.46,Retail Client,GCash,Completed,ORD001800,Automated migration
2021-02-11,ECU Module,Electrical system,38,22053.97,18841.26,838050.86,Retail Client,Bank Transfer,Completed,ORD001794,Automated migration
2021-02-11,ECU Module,Electrical system,29,25274.21,24785.5,732952.09,Retail Client,GCash,Completed,ORD001796,Automated migration
2021-02-11,Shock Absorber,Suspension & traction,28,3692.88,3614.8,103400.64,Retail Client,Maya,Completed,ORD000891,Automated migration
2021-02-11,Shock Absorber,Suspension & traction,12,4090.09,1273.9,49081.08,Wholesale Client,Check,Completed,ORD000893,Automated migration
2021-02-12,Shock Absorber,Suspension & traction,33,3601.43,5795.6,118847.19,Wholesale Client,Check,Completed,ORD000895,Automated migration
2021-02-14,Brake Pads,Braking system,18,963.7,827.19,17346.6,Wholesale Client,GCash,Completed,ORD000569,Automated migration
2021-02-14,ECU Module,Electrical system,23,20887.08,19297.72,480402.84,Wholesale Client,Maya,Completed,ORD001803,Automated migration
2021-02-14,Oil Filter,Engine system,17,203.12,139.61,3453.04,Wholesale Client,Cash,Completed,ORD000008,Automated migration
2021-02-15,Alternator,Electrical system,32,12407.51,12871.31,397040.32,Retail Client,Cash,Completed,ORD001434,Automated migration
2021-02-15,Shock Absorber,Suspension & traction,31,3508.45,4320.63,108761.95,Retail Client,Bank Transfer,Completed,ORD000890,Automated migration
2021-02-17,Brake Pads,Braking system,19,1272.64,909.02,24180.16,Wholesale Client,Check,Completed,ORD000567,Automated migration
2021-02-17,ECU Module,Electrical system,36,19496.32,15380.23,701867.52,Retail Client,Cash,Completed,ORD001801,Automated migration
2021-02-17,Shock Absorber,Suspension & traction,50,2875.62,5114.4,143781.0,Wholesale Client,Check,Completed,ORD000896,Automated migration
2021-02-18,Catalytic Converter,Exhaust system,4,15681.86,2816.92,62727.44,Wholesale Client,GCash,Completed,ORD001658,Automated migration
2021-02-18,ECU Module,Electrical system,48,21032.0,34130.0,1009536.0,Retail Client,Bank Transfer,Completed,ORD001804,Automated migration
2021-02-20,ECU Module,Electrical system,39,14716.49,12401.89,573943.11,Retail Client,Cash,Completed,ORD001808,Automated migration
2021-02-20,Oil Filter,Engine system,35,171.27,297.57,5994.45,Wholesale Client,Maya,Completed,ORD000007,Automated migration
2021-02-21,ECU Module,Electrical system,28,23244.33,16972.73,650841.24,Wholesale Client,Check,Completed,ORD001802,Automated migration
2021-02-21,Oil Filter,Engine system,34,253.82,283.62,8629.88,Retail Client,Cash,Completed,ORD000009,Automated migration
2021-02-22,ECU Module,Electrical system,30,27705.56,20752.53,831166.8,Retail Client,Maya,Completed,ORD001806,Automated migration
2021-02-23,Brake Pads,Braking system,38,1469.78,1719.93,55851.64,Wholesale Client,Cash,Completed,ORD000565,Automated migration
2021-02-24,Air Filter,Engine system,36,330.93,551.9,11913.48,Wholesale Client,Bank Transfer,Completed,ORD000336,Automated migration
2021-02-25,ECU Module,Electrical system,23,20463.83,16773.07,470668.09,Wholesale Client,Cash,Completed,ORD001805,Automated migration
2021-02-26,ECU Module,Electrical system,37,14551.58,14097.63,538408.46,Wholesale Client,Cash,Completed,ORD001793,Automated migration
2021-02-27,Air Filter,Engine system,9,252.51,149.76,2272.59,Wholesale Client,Check,Completed,ORD000334,Automated migration
2021-02-27,Oil Filter,Engine system,21,210.8,246.55,4426.8,Retail Client,Maya,Completed,ORD000006,Automated migration
2021-02-27,Shock Absorber,Suspension & traction,1,3017.81,181.04,3017.81,Retail Client,Check,Completed,ORD000894,Automated migration
2021-02-28,Alternator,Electrical system,28,11815.63,9029.97,330837.64,Wholesale Client,GCash,Completed,ORD001435,Automated migration
2021-03-01,Air Filter,Engine system,21,248.15,196.99,5211.15,Retail Client,GCash,Completed,ORD000337,Automated migration
2021-03-01,Alternator,Electrical system,0,8558.01,0.0,0.0,Wholesale Client,Cash,Completed,ORD001436,Automated migration
2021-03-01,Battery,Electrical system,0,6643.06,0.0,0.0,Retail Client,Cash,Completed,ORD001346,Automated migration
2021-03-01,ECU Module,Electrical system,33,18937.3,13053.84,624930.9,Wholesale Client,Bank Transfer,Completed,ORD001814,Automated migration
2021-03-01,ECU Module,Electrical system,19,25183.37,10544.36,478484.03,Retail Client,Maya,Completed,ORD001816,Automated migration
2021-03-01,ECU Module,Electrical system,16,24856.6,13519.28,397705.6,Wholesale Client,GCash,Completed,ORD001819,Automated migration
2021-03-02,Catalytic Converter,Exhaust system,29,23819.91,32679.52,690777.39,Retail Client,Bank Transfer,Completed,ORD001662,Automated migration
2021-03-02,Shock Absorber,Suspension & traction,36,2737.14,3592.53,98537.04,Retail Client,GCash,Completed,ORD000898,Automated migration
2021-03-02,Wheel Bearing,Drivetrain,20,2220.02,1580.86,44400.4,Wholesale Client,GCash,Completed,ORD001166,Automated migration
2021-03-03,Oil Filter,Engine system,33,149.61,156.25,4937.13,Wholesale Client,Bank Transfer,Completed,ORD000011,Automated migration
2021-03-05,ECU Module,Electrical system,31,22867.23,28184.24,708884.13,Retail Client,Bank Transfer,Completed,ORD001809,Automated migration
2021-03-05,Shock Absorber,Suspension & traction,35,3238.45,5108.99,113345.75,Retail Client,GCash,Completed,ORD000901,Automated migration
2021-03-06,Catalytic Converter,Exhaust system,39,17106.56,20991.27,667155.84,Retail Client,Check,Completed,ORD001665,Automated migration
2021-03-08,ECU Module,Electrical system,21,16596.36,15103.63,348523.56,Wholesale Client,GCash,Completed,ORD001813,Automated migration
2021-03-08,Shock Absorber,Suspension & traction,25,3269.37,4041.01,81734.25,Retail Client,Cash,Completed,ORD000900,Automated migration
2021-03-09,Oil Filter,Engine system,40,258.49,312.82,10339.6,Wholesale Client,Check,Completed,ORD000012,Automated migration
2021-03-10,Shock Absorber,Suspension & traction,6,2791.86,634.85,16751.16,Retail Client,Bank Transfer,Completed,ORD000902,Automated migration
2021-03-11,Brake Pads,Braking system,28,1141.94,958.05,31974.32,Wholesale Client,Cash,Completed,ORD000572,Automated migration
2021-03-11,ECU Module,Electrical system,34,17957.36,26768.14,610550.24,Wholesale Client,Maya,Completed,ORD001812,Automated migration
2021-03-13,Oil Filter,Engine system,11,206.83,120.61,2275.13,Wholesale Client,Bank Transfer,Completed,ORD000013,Automated migration
2021-03-13,Starter Motor,Electrical system,21,10513.89,8651.98,220791.69,Wholesale Client,Bank Transfer,Completed,ORD001554,Automated migration
2021-03-15,Catalytic Converter,Exhaust system,26,20956.83,23961.28,544877.58,Retail Client,Cash,Completed,ORD001666,Automated migration
2021-03-15,ECU Module,Electrical system,25,22166.99,17689.84,554174.75,Retail Client,Check,Completed,ORD001818,Automated migration
2021-03-15,ECU Module,Electrical system,54,28265.22,72449.04,1526321.88,Retail Client,Bank Transfer,Completed,ORD001820,Automated migration
2021-03-16,Shock Absorber,Suspension & traction,33,3545.2,4249.72,116991.6,Wholesale Client,Bank Transfer,Completed,ORD000897,Automated migration
2021-03-17,Oil Filter,Engine system,19,210.18,128.22,3993.42,Wholesale Client,Check,Completed,ORD000014,Automated migration
2021-03-18,Oil Filter,Engine system,24,219.93,251.02,5278.32,Retail Client,Maya,Completed,ORD000015,Automated migration
2021-03-18,Shock Absorber,Suspension & traction,30,4013.5,5320.71,120405.0,Retail Client,Check,Completed,ORD000903,Automated migration
2021-03-18,Shock Absorber,Suspension & traction,18,3151.6,1701.14,56728.8,Wholesale Client,Check,Completed,ORD000904,Automated migration
2021-03-20,Shock Absorber,Suspension & traction,35,2500.16,4032.66,87505.6,Wholesale Client,Maya,Completed,ORD000899,Automated migration
2021-03-22,ECU Module,Electrical system,13,18322.16,11281.4,238188.08,Retail Client,GCash,Completed,ORD001815,Automated migration
2021-03-22,ECU Module,Electrical system,31,26378.91,23174.92,817746.21,Retail Client,Cash,Completed,ORD001817,Automated migration
2021-03-23,Brake Pads,Braking system,49,1570.92,3833.01,76975.08,Retail Client,Bank Transfer,Completed,ORD000571,Automated migration
2021-03-24,Brake Pads,Braking system,21,1258.84,669.0,26435.64,Retail Client,Check,Completed,ORD000570,Automated migration
2021-03-25,ECU Module,Electrical system,54,16505.07,23251.85,891273.78,Wholesale Client,GCash,Completed,ORD001811,Automated migration
2021-03-26,Air Filter,Engine system,12,287.7,136.02,3452.4,Wholesale Client,Bank Transfer,Completed,ORD000338,Automated migration
2021-03-27,Air Filter,Engine system,51,265.08,677.2,13519.08,Wholesale Client,GCash,Completed,ORD000339,Automated migration
2021-03-27,Catalytic Converter,Exhaust system,38,15360.51,23170.29,583699.38,Retail Client,Check,Completed,ORD001661,Automated migration
2021-03-27,Catalytic Converter,Exhaust system,14,12794.33,4445.91,179120.62,Wholesale Client,GCash,Completed,ORD001664,Automated migration
2021-03-28,Catalytic Converter,Exhaust system,25,14308.99,11924.04,357724.75,Wholesale Client,Bank Transfer,Completed,ORD001663,Automated migration
2021-03-28,ECU Module,Electrical system,29,25454.23,28414.94,738172.67,Retail Client,GCash,Completed,ORD001821,Automated migration
2021-03-28,Starter Motor,Electrical system,23,6861.53,3598.24,157815.19,Wholesale Client,Maya,Completed,ORD001555,Automated migration
2021-03-29,Brake Pads,Braking system,4,1033.02,228.21,4132.08,Retail Client,Maya,Completed,ORD000573,Automated migration
2021-03-29,Catalytic Converter,Exhaust system,37,23480.35,38364.15,868772.95,Wholesale Client,Check,Completed,ORD001659,Automated migration
2021-03-29,ECU Module,Electrical system,33,27499.72,31950.81,907490.76,Retail Client,GCash,Completed,ORD001810,Automated migration
2021-03-31,Brake Pads,Braking system,26,1368.51,1773.51,35581.26,Retail Client,Maya,Completed,ORD000574,Automated migration
2021-03-31,Catalytic Converter,Exhaust system,33,13116.22,14104.66,432835.26,Wholesale Client,Maya,Completed,ORD001660,Automated migration
2021-04-01,Battery,Electrical system,0,6468.71,0.0,0.0,Wholesale Client,Bank Transfer,Completed,ORD001347,Automated migration
2021-04-01,ECU Module,Electrical system,0,25289.18,0.0,0.0,Retail Client,Check,Completed,ORD001822,Automated migration
2021-04-01,Shock Absorber,Suspension & traction,11,3345.65,1481.3,36802.15,Retail Client,Cash,Completed,ORD000915,Automated migration
2021-04-02,Catalytic Converter,Exhaust system,31,14871.65,11561.51,461021.15,Retail Client,Cash,Completed,ORD001671,Automated migration
2021-04-03,Shock Absorber,Suspension & traction,28,3300.5,4313.56,92414.0,Wholesale Client,Cash,Completed,ORD000914,Automated migration
2021-04-05,Brake Pads,Braking system,27,1174.86,1076.56,31721.22,Wholesale Client,Maya,Completed,ORD000580,Automated migration
2021-04-05,Wheel Bearing,Drivetrain,29,2822.51,2067.96,81852.79,Retail Client,Cash,Completed,ORD001167,Automated migration
2021-04-06,Oil Filter,Engine system,28,234.64,160.55,6569.92,Wholesale Client,Cash,Completed,ORD000017,Automated migration
2021-04-06,Shock Absorber,Suspension & traction,23,4021.98,3427.12,92505.54,Wholesale Client,Cash,Completed,ORD000912,Automated migration
2021-04-07,Shock Absorber,Suspension & traction,50,4091.69,7358.75,204584.5,Retail Client,Check,Completed,ORD000909,Automated migration
2021-04-07,Starter Motor,Electrical system,25,11066.71,11552.3,276667.75,Wholesale Client,Maya,Completed,ORD001557,Automated migration
2021-04-08,Catalytic Converter,Exhaust system,42,17384.26,34132.84,730138.92,Wholesale Client,GCash,Completed,ORD001669,Automated migration
2021-04-08,Oil Filter,Engine system,28,198.65,160.06,5562.2,Retail Client,Bank Transfer,Completed,ORD000016,Automated migration
2021-04-08,Shock Absorber,Suspension & traction,32,3339.15,4523.02,106852.8,Retail Client,Cash,Completed,ORD000907,Automated migration
2021-04-09,Oil Filter,Engine system,21,188.08,132.11,3949.68,Wholesale Client,Check,Completed,ORD000020,Automated migration
2021-04-10,Air Filter,Engine system,22,301.8,352.88,6639.6,Wholesale Client,Maya,Completed,ORD000344,Automated migration
2021-04-12,Brake Pads,Braking system,39,1296.07,2301.84,50546.73,Retail Client,GCash,Completed,ORD000578,Automated migration
2021-04-12,Catalytic Converter,Exhaust system,36,18718.4,24437.42,673862.4,Wholesale Client,Maya,Completed,ORD001668,Automated migration
2021-04-12,Oil Filter,Engine system,25,238.88,281.6,5972.0,Wholesale Client,GCash,Completed,ORD000018,Automated migration
2021-04-13,Oil Filter,Engine system,32,237.57,252.76,7602.24,Retail Client,Bank Transfer,Completed,ORD000019,Automated migration
2021-04-14,Air Filter,Engine system,28,350.8,363.83,9822.4,Retail Client,GCash,Completed,ORD000341,Automated migration
2021-04-14,Shock Absorber,Suspension & traction,53,3547.91,8416.89,188039.23,Wholesale Client,Check,Completed,ORD000905,Automated migration
2021-04-16,Air Filter,Engine system,26,329.64,327.79,8570.64,Retail Client,GCash,Completed,ORD000343,Automated migration
2021-04-16,Starter Motor,Electrical system,28,11111.12,9596.76,311111.36,Wholesale Client,GCash,Completed,ORD001556,Automated migration
2021-04-18,Brake Pads,Braking system,21,1269.13,949.73,26651.73,Wholesale Client,Maya,Completed,ORD000577,Automated migration
2021-04-18,Catalytic Converter,Exhaust system,11,21368.07,10569.7,235048.77,Wholesale Client,Cash,Completed,ORD001667,Automated migration
2021-04-18,Shock Absorber,Suspension & traction,18,3774.15,2089.11,67934.7,Retail Client,Maya,Completed,ORD000910,Automated migration
2021-04-19,Alternator,Electrical system,48,9566.49,11604.71,459191.52,Retail Client,Check,Completed,ORD001438,Automated migration
2021-04-20,Brake Pads,Braking system,16,1471.26,997.98,23540.16,Retail Client,Cash,Completed,ORD000575,Automated migration
2021-04-20,Shock Absorber,Suspension & traction,27,3369.89,4109.02,90987.03,Retail Client,GCash,Completed,ORD000908,Automated migration
2021-04-21,Air Filter,Engine system,20,332.3,202.55,6646.0,Retail Client,Cash,Completed,ORD000340,Automated migration
2021-04-21,Shock Absorber,Suspension & traction,48,4128.39,5416.54,198162.72,Retail Client,Check,Completed,ORD000913,Automated migration
2021-04-22,Air Filter,Engine system,12,339.92,139.12,4079.04,Wholesale Client,Maya,Completed,ORD000342,Automated migration
2021-04-22,Shock Absorber,Suspension & traction,36,2407.28,2680.69,86662.08,Wholesale Client,Check,Completed,ORD000911,Automated migration
2021-04-25,Catalytic Converter,Exhaust system,20,12086.2,8127.43,241724.0,Retail Client,Maya,Completed,ORD001670,Automated migration
2021-04-25,Catalytic Converter,Exhaust system,32,13550.79,18455.65,433625.28,Retail Client,Bank Transfer,Completed,ORD001673,Automated migration
2021-04-25,Shock Absorber,Suspension & traction,16,2998.19,1927.54,47971.04,Wholesale Client,Maya,Completed,ORD000906,Automated migration
2021-04-26,Catalytic Converter,Exhaust system,23,19121.96,17027.7,439805.08,Retail Client,GCash,Completed,ORD001672,Automated migration
2021-04-28,Alternator,Electrical system,21,6890.15,4462.46,144693.15,Wholesale Client,Check,Completed,ORD001437,Automated migration
2021-04-29,Brake Pads,Braking system,34,995.03,1566.7,33831.02,Wholesale Client,Bank Transfer,Completed,ORD000576,Automated migration
2021-04-30,Brake Pads,Braking system,28,1324.84,1289.1,37095.52,Wholesale Client,Maya,Completed,ORD000579,Automated migration
2021-05-01,Air Filter,Engine system,10,311.94,199.07,3119.4,Wholesale Client,Cash,Completed,ORD000345,Automated migration
2021-05-01,Battery,Electrical system,0,4802.35,0.0,0.0,Retail Client,Check,Completed,ORD001348,Automated migration
2021-05-01,Catalytic Converter,Exhaust system,0,12038.64,0.0,0.0,Retail Client,Maya,Completed,ORD001674,Automated migration
2021-05-01,ECU Module,Electrical system,0,28496.97,0.0,0.0,Wholesale Client,Bank Transfer,Completed,ORD001823,Automated migration
2021-05-01,Starter Motor,Electrical system,0,8720.45,0.0,0.0,Retail Client,GCash,Completed,ORD001558,Automated migration
2021-05-02,Brake Pads,Braking system,33,1227.38,1684.36,40503.54,Wholesale Client,Check,Completed,ORD000585,Automated migration
2021-05-02,Shock Absorber,Suspension & traction,28,2663.42,1667.82,74575.76,Wholesale Client,Bank Transfer,Completed,ORD000916,Automated migration
2021-05-03,Alternator,Electrical system,8,11646.83,2387.69,93174.64,Wholesale Client,Maya,Completed,ORD001439,Automated migration
2021-05-04,Shock Absorber,Suspension & traction,24,2455.11,2717.92,58922.64,Retail Client,Cash,Completed,ORD000918,Automated migration
2021-05-04,Wheel Bearing,Drivetrain,26,2115.68,1514.41,55007.68,Retail Client,Bank Transfer,Completed,ORD001173,Automated migration
2021-05-05,Brake Pads,Braking system,29,1129.02,1502.24,32741.58,Wholesale Client,GCash,Completed,ORD000581,Automated migration
2021-05-07,Air Filter,Engine system,21,256.2,193.41,5380.2,Wholesale Client,Cash,Completed,ORD000349,Automated migration
2021-05-09,Shock Absorber,Suspension & traction,23,3351.62,3060.09,77087.26,Wholesale Client,Cash,Completed,ORD000917,Automated migration
2021-05-10,Wheel Bearing,Drivetrain,21,1743.3,1542.66,36609.3,Wholesale Client,GCash,Completed,ORD001172,Automated migration
2021-05-11,Alternator,Electrical system,21,12152.78,9053.31,255208.38,Retail Client,Bank Transfer,Completed,ORD001441,Automated migration
2021-05-11,Oil Filter,Engine system,23,161.71,138.69,3719.33,Retail Client,GCash,Completed,ORD000024,Automated migration
2021-05-11,Wheel Bearing,Drivetrain,30,2282.9,1830.05,68487.0,Wholesale Client,Bank Transfer,Completed,ORD001168,Automated migration
2021-05-13,Brake Pads,Braking system,9,1071.27,250.17,9641.43,Wholesale Client,Maya,Completed,ORD000583,Automated migration
2021-05-13,Brake Pads,Braking system,21,1513.29,971.68,31779.09,Retail Client,GCash,Completed,ORD000584,Automated migration
2021-05-14,Oil Filter,Engine system,30,182.08,244.02,5462.4,Wholesale Client,GCash,Completed,ORD000021,Automated migration
2021-05-15,Brake Pads,Braking system,39,1595.24,3035.37,62214.36,Retail Client,Check,Completed,ORD000582,Automated migration
2021-05-16,Wheel Bearing,Drivetrain,32,2520.78,3766.09,80664.96,Retail Client,Maya,Completed,ORD001170,Automated migration
2021-05-17,Brake Pads,Braking system,22,1471.2,1427.83,32366.4,Wholesale Client,Maya,Completed,ORD000586,Automated migration
2021-05-17,Oil Filter,Engine system,14,168.87,139.09,2364.18,Retail Client,GCash,Completed,ORD000022,Automated migration
2021-05-17,Oil Filter,Engine system,29,243.1,308.9,7049.9,Retail Client,Maya,Completed,ORD000025,Automated migration
2021-05-17,Wheel Bearing,Drivetrain,23,1726.83,1127.27,39717.09,Wholesale Client,Cash,Completed,ORD001169,Automated migration
2021-05-18,Alternator,Electrical system,47,10171.47,22618.88,478059.09,Retail Client,Maya,Completed,ORD001440,Automated migration
2021-05-19,Wheel Bearing,Drivetrain,7,1754.27,539.71,12279.89,Retail Client,Check,Completed,ORD001171,Automated migration
2021-05-21,Air Filter,Engine system,25,235.23,255.48,5880.75,Retail Client,Cash,Completed,ORD000348,Automated migration
2021-05-25,Air Filter,Engine system,33,235.32,211.34,7765.56,Wholesale Client,Check,Completed,ORD000347,Automated migration
2021-05-27,Air Filter,Engine system,26,331.47,318.43,8618.22,Retail Client,Maya,Completed,ORD000346,Automated migration
2021-05-27,Oil Filter,Engine system,39,232.97,348.98,9085.83,Wholesale Client,Cash,Completed,ORD000023,Automated migration
2021-05-30,Wheel Bearing,Drivetrain,36,2880.41,4810.33,103694.76,Wholesale Client,Cash,Completed,ORD001174,Automated migration
2021-06-01,Battery,Electrical system,0,7326.07,0.0,0.0,Retail Client,Bank Transfer,Completed,ORD001349,Automated migration
2021-06-01,Catalytic Converter,Exhaust system,0,21452.13,0.0,0.0,Retail Client,Maya,Completed,ORD001675,Automated migration
2021-06-01,ECU Module,Electrical system,0,22919.88,0.0,0.0,Retail Client,Cash,Completed,ORD001824,Automated migration
2021-06-01,Starter Motor,Electrical system,0,6214.6,0.0,0.0,Retail Client,Check,Completed,ORD001559,Automated migration
2021-06-05,Air Filter,Engine system,20,300.35,221.14,6007.0,Wholesale Client,Check,Completed,ORD000354,Automated migration
2021-06-05,Alternator,Electrical system,43,9028.77,8301.16,388237.11,Wholesale Client,Maya,Completed,ORD001442,Automated migration
2021-06-06,Brake Pads,Braking system,22,1047.5,1010.63,23045.0,Retail Client,Check,Completed,ORD000588,Automated migration
2021-06-06,Brake Pads,Braking system,7,1283.7,447.49,8985.9,Retail Client,Bank Transfer,Completed,ORD000592,Automated migration
2021-06-06,Oil Filter,Engine system,51,144.96,233.01,7392.96,Retail Client,Maya,Completed,ORD000030,Automated migration
2021-06-07,Shock Absorber,Suspension & traction,34,2474.91,3889.65,84146.94,Wholesale Client,Maya,Completed,ORD000920,Automated migration
2021-06-07,Shock Absorber,Suspension & traction,42,3180.14,3862.38,133565.88,Retail Client,Cash,Completed,ORD000924,Automated migration
2021-06-09,Shock Absorber,Suspension & traction,23,3434.59,3763.14,78995.57,Wholesale Client,Check,Completed,ORD000925,Automated migration
2021-06-11,Brake Pads,Braking system,29,1150.08,1457.9,33352.32,Wholesale Client,Bank Transfer,Completed,ORD000587,Automated migration
2021-06-13,Alternator,Electrical system,24,8607.02,9160.18,206568.48,Wholesale Client,Maya,Completed,ORD001443,Automated migration
2021-06-13,Brake Pads,Braking system,31,1387.16,922.83,43001.96,Wholesale Client,Bank Transfer,Completed,ORD000590,Automated migration
2021-06-13,Shock Absorber,Suspension & traction,32,2591.05,4079.9,82913.6,Retail Client,Check,Completed,ORD000922,Automated migration
2021-06-15,Shock Absorber,Suspension & traction,28,3028.01,3585.36,84784.28,Wholesale Client,Bank Transfer,Completed,ORD000921,Automated migration
2021-06-15,Shock Absorber,Suspension & traction,29,3761.2,3205.83,109074.8,Wholesale Client,Cash,Completed,ORD000928,Automated migration
2021-06-16,Oil Filter,Engine system,34,183.62,309.96,6243.08,Retail Client,Bank Transfer,Completed,ORD000031,Automated migration
2021-06-17,Oil Filter,Engine system,9,153.37,81.66,1380.33,Retail Client,Check,Completed,ORD000028,Automated migration
2021-06-17,Wheel Bearing,Drivetrain,16,2394.21,1808.62,38307.36,Wholesale Client,GCash,Completed,ORD001175,Automated migration
2021-06-18,Oil Filter,Engine system,18,153.31,109.99,2759.58,Wholesale Client,Cash,Completed,ORD000029,Automated migration
2021-06-18,Shock Absorber,Suspension & traction,23,2825.27,2711.14,64981.21,Retail Client,Maya,Completed,ORD000923,Automated migration
2021-06-19,Shock Absorber,Suspension & traction,32,3781.66,4420.26,121013.12,Retail Client,Bank Transfer,Completed,ORD000929,Automated migration
2021-06-24,Shock Absorber,Suspension & traction,36,4088.79,3393.02,147196.44,Retail Client,Check,Completed,ORD000926,Automated migration
2021-06-25,Air Filter,Engine system,26,315.92,254.92,8213.92,Wholesale Client,Check,Completed,ORD000351,Automated migration
2021-06-25,Air Filter,Engine system,36,246.95,209.07,8890.2,Wholesale Client,GCash,Completed,ORD000353,Automated migration
2021-06-25,Brake Pads,Braking system,18,1504.13,949.55,27074.34,Retail Client,Check,Completed,ORD000591,Automated migration
2021-06-27,Brake Pads,Braking system,46,968.06,1342.27,44530.76,Wholesale Client,Cash,Completed,ORD000589,Automated migration
2021-06-27,Oil Filter,Engine system,24,199.52,213.52,4788.48,Retail Client,Check,Completed,ORD000027,Automated migration
2021-06-29,Oil Filter,Engine system,16,238.66,157.18,3818.56,Wholesale Client,Bank Transfer,Completed,ORD000026,Automated migration
2021-06-29,Shock Absorber,Suspension & traction,27,2734.9,2180.18,73842.3,Retail Client,Maya,Completed,ORD000919,Automated migration
2021-06-29,Shock Absorber,Suspension & traction,33,2909.01,4104.13,95997.33,Retail Client,Check,Completed,ORD000927,Automated migration
2021-06-30,Air Filter,Engine system,21,261.42,152.8,5489.82,Retail Client,GCash,Completed,ORD000350,Automated migration
2021-06-30,Air Filter,Engine system,31,266.3,426.02,8255.3,Retail Client,Check,Completed,ORD000352,Automated migration
2021-07-01,Alternator,Electrical system,0,10309.3,0.0,0.0,Wholesale Client,Check,Completed,ORD001444,Automated migration
2021-07-01,Battery,Electrical system,0,5726.9,0.0,0.0,Wholesale Client,Cash,Completed,ORD001350,Automated migration
2021-07-01,ECU Module,Electrical system,0,22718.31,0.0,0.0,Retail Client,Maya,Completed,ORD001825,Automated migration
2021-07-03,Starter Motor,Electrical system,26,11276.71,13740.86,293194.46,Wholesale Client,Check,Completed,ORD001561,Automated migration
2021-07-05,Shock Absorber,Suspension & traction,31,2531.97,2026.95,78491.07,Wholesale Client,Bank Transfer,Completed,ORD000930,Automated migration
2021-07-07,Wheel Bearing,Drivetrain,12,2427.85,691.07,29134.2,Wholesale Client,Maya,Completed,ORD001176,Automated migration
2021-07-08,Brake Pads,Braking system,23,1284.63,828.54,29546.49,Wholesale Client,Check,Completed,ORD000593,Automated migration
2021-07-08,Oil Filter,Engine system,25,148.86,211.35,3721.5,Wholesale Client,Bank Transfer,Completed,ORD000035,Automated migration
2021-07-12,Brake Pads,Braking system,30,1593.44,1054.4,47803.2,Retail Client,GCash,Completed,ORD000597,Automated migration
2021-07-12,Oil Filter,Engine system,22,210.22,220.8,4624.84,Retail Client,Cash,Completed,ORD000033,Automated migration
2021-07-13,Catalytic Converter,Exhaust system,16,14027.76,11222.59,224444.16,Retail Client,Maya,Completed,ORD001676,Automated migration
2021-07-14,Shock Absorber,Suspension & traction,17,3804.23,2974.09,64671.91,Retail Client,Bank Transfer,Completed,ORD000931,Automated migration
2021-07-15,Oil Filter,Engine system,23,202.86,214.15,4665.78,Retail Client,Maya,Completed,ORD000032,Automated migration
2021-07-16,Brake Pads,Braking system,18,1353.44,566.6,24361.92,Wholesale Client,Maya,Completed,ORD000594,Automated migration
2021-07-19,Air Filter,Engine system,33,301.69,496.42,9955.77,Retail Client,Cash,Completed,ORD000357,Automated migration
2021-07-19,Starter Motor,Electrical system,18,8940.42,6159.22,160927.56,Retail Client,Maya,Completed,ORD001560,Automated migration
2021-07-23,Oil Filter,Engine system,49,167.61,238.17,8212.89,Retail Client,Bank Transfer,Completed,ORD000036,Automated migration
2021-07-25,Brake Pads,Braking system,15,1017.55,377.08,15263.25,Retail Client,Maya,Completed,ORD000595,Automated migration
2021-07-25,Oil Filter,Engine system,2,200.34,50.5,400.68,Retail Client,Check,Completed,ORD000034,Automated migration
2021-07-26,Brake Pads,Braking system,27,955.12,1079.02,25788.24,Retail Client,Maya,Completed,ORD000596,Automated migration
2021-07-28,Wheel Bearing,Drivetrain,32,2708.05,3918.58,86657.6,Retail Client,Bank Transfer,Completed,ORD001177,Automated migration
2021-07-29,Air Filter,Engine system,49,300.56,707.99,14727.44,Wholesale Client,GCash,Completed,ORD000356,Automated migration
2021-07-29,Shock Absorber,Suspension & traction,34,3132.94,3994.26,106519.96,Wholesale Client,Cash,Completed,ORD000932,Automated migration
2021-07-30,Air Filter,Engine system,11,236.28,140.41,2599.08,Wholesale Client,GCash,Completed,ORD000355,Automated migration
2021-08-01,Alternator,Electrical system,0,10242.39,0.0,0.0,Retail Client,Cash,Completed,ORD001445,Automated migration
2021-08-01,Battery,Electrical system,0,6025.44,0.0,0.0,Retail Client,Maya,Completed,ORD001351,Automated migration
2021-08-01,Catalytic Converter,Exhaust system,0,18034.3,0.0,0.0,Retail Client,Check,Completed,ORD001677,Automated migration
2021-08-01,ECU Module,Electrical system,0,18376.6,0.0,0.0,Wholesale Client,Cash,Completed,ORD001826,Automated migration
2021-08-01,Starter Motor,Electrical system,0,7043.37,0.0,0.0,Wholesale Client,Cash,Completed,ORD001562,Automated migration
2021-08-02,Brake Pads,Braking system,30,1598.75,2267.68,47962.5,Retail Client,Cash,Completed,ORD000603,Automated migration
2021-08-02,Shock Absorber,Suspension & traction,26,3460.06,3031.4,89961.56,Wholesale Client,Cash,Completed,ORD000934,Automated migration
2021-08-09,Brake Pads,Braking system,30,1227.46,1453.46,36823.8,Retail Client,Check,Completed,ORD000599,Automated migration
2021-08-10,Oil Filter,Engine system,31,145.42,217.76,4508.02,Retail Client,Bank Transfer,Completed,ORD000037,Automated migration
2021-08-10,Oil Filter,Engine system,58,232.48,549.94,13483.84,Wholesale Client,Maya,Completed,ORD000038,Automated migration
2021-08-13,Brake Pads,Braking system,24,1397.22,1418.59,33533.28,Retail Client,GCash,Completed,ORD000598,Automated migration
2021-08-14,Oil Filter,Engine system,9,180.31,74.8,1622.79,Retail Client,Maya,Completed,ORD000041,Automated migration
2021-08-17,Brake Pads,Braking system,7,1577.09,419.29,11039.63,Retail Client,GCash,Completed,ORD000602,Automated migration
2021-08-19,Air Filter,Engine system,40,251.45,276.89,10058.0,Retail Client,Cash,Completed,ORD000358,Automated migration
2021-08-19,Brake Pads,Braking system,25,1298.1,1067.7,32452.5,Wholesale Client,Cash,Completed,ORD000600,Automated migration
2021-08-21,Brake Pads,Braking system,30,1103.69,1192.64,33110.7,Retail Client,GCash,Completed,ORD000601,Automated migration
2021-08-21,Wheel Bearing,Drivetrain,20,1894.05,1546.22,37881.0,Wholesale Client,Bank Transfer,Completed,ORD001178,Automated migration
2021-08-23,Air Filter,Engine system,22,250.94,303.18,5520.68,Retail Client,Cash,Completed,ORD000359,Automated migration
2021-08-23,Oil Filter,Engine system,20,254.06,228.23,5081.2,Retail Client,Maya,Completed,ORD000039,Automated migration
2021-08-24,Air Filter,Engine system,27,265.89,347.68,7179.03,Retail Client,Check,Completed,ORD000360,Automated migration
2021-08-24,Oil Filter,Engine system,17,231.9,178.22,3942.3,Retail Client,GCash,Completed,ORD000040,Automated migration
2021-08-26,Shock Absorber,Suspension & traction,12,3860.5,1848.84,46326.0,Retail Client,Cash,Completed,ORD000933,Automated migration
2021-09-01,Catalytic Converter,Exhaust system,0,17166.12,0.0,0.0,Retail Client,Cash,Completed,ORD001678,Automated migration
2021-09-01,ECU Module,Electrical system,0,22035.55,0.0,0.0,Wholesale Client,GCash,Completed,ORD001827,Automated migration
2021-09-02,Oil Filter,Engine system,26,252.37,232.6,6561.62,Wholesale Client,Bank Transfer,Completed,ORD000043,Automated migration
2021-09-03,Battery,Electrical system,26,5188.69,4641.65,134905.94,Wholesale Client,Cash,Completed,ORD001353,Automated migration
2021-09-03,Oil Filter,Engine system,18,211.32,104.1,3803.76,Wholesale Client,GCash,Completed,ORD000042,Automated migration
2021-09-04,Shock Absorber,Suspension & traction,15,3157.35,1183.5,47360.25,Retail Client,Cash,Completed,ORD000936,Automated migration
2021-09-06,Brake Pads,Braking system,10,1174.97,353.65,11749.7,Wholesale Client,GCash,Completed,ORD000608,Automated migration
2021-09-09,Oil Filter,Engine system,13,182.64,150.66,2374.32,Wholesale Client,Bank Transfer,Completed,ORD000045,Automated migration
2021-09-10,Alternator,Electrical system,30,7383.16,6667.92,221494.8,Retail Client,Check,Completed,ORD001447,Automated migration
2021-09-10,Brake Pads,Braking system,31,954.51,1048.3,29589.81,Wholesale Client,Maya,Completed,ORD000604,Automated migration
2021-09-12,Air Filter,Engine system,37,287.02,312.59,10619.74,Retail Client,GCash,Completed,ORD000361,Automated migration
2021-09-13,Air Filter,Engine system,22,236.17,220.03,5195.74,Retail Client,Check,Completed,ORD000362,Automated migration
2021-09-15,Shock Absorber,Suspension & traction,14,4049.74,1632.46,56696.36,Retail Client,Check,Completed,ORD000935,Automated migration
2021-09-16,Brake Pads,Braking system,36,1016.64,1003.93,36599.04,Retail Client,Maya,Completed,ORD000609,Automated migration
2021-09-16,Oil Filter,Engine system,60,233.05,527.16,13983.0,Retail Client,Maya,Completed,ORD000046,Automated migration
2021-09-19,Alternator,Electrical system,35,10731.19,7597.68,375591.65,Wholesale Client,Bank Transfer,Completed,ORD001446,Automated migration
2021-09-19,Shock Absorber,Suspension & traction,47,2865.36,2760.07,134671.92,Retail Client,Bank Transfer,Completed,ORD000937,Automated migration
2021-09-19,Starter Motor,Electrical system,14,7102.13,2685.16,99429.82,Retail Client,Bank Transfer,Completed,ORD001563,Automated migration
2021-09-22,Brake Pads,Braking system,17,1060.25,406.82,18024.25,Wholesale Client,Maya,Completed,ORD000606,Automated migration
2021-09-23,Air Filter,Engine system,14,286.85,132.02,4015.9,Retail Client,GCash,Completed,ORD000364,Automated migration
2021-09-24,Oil Filter,Engine system,14,161.67,90.84,2263.38,Retail Client,Cash,Completed,ORD000044,Automated migration
2021-09-24,Shock Absorber,Suspension & traction,25,3799.72,4208.61,94993.0,Wholesale Client,GCash,Completed,ORD000938,Automated migration
2021-09-25,Battery,Electrical system,34,5967.33,7575.6,202889.22,Retail Client,Cash,Completed,ORD001352,Automated migration
2021-09-25,Brake Pads,Braking system,28,1470.52,1492.98,41174.56,Retail Client,Cash,Completed,ORD000607,Automated migration
2021-09-25,Oil Filter,Engine system,27,174.45,174.8,4710.15,Retail Client,Maya,Completed,ORD000047,Automated migration
2021-09-25,Wheel Bearing,Drivetrain,18,2326.84,2050.19,41883.12,Wholesale Client,Check,Completed,ORD001179,Automated migration
2021-09-26,Brake Pads,Braking system,36,1491.54,1762.72,53695.44,Wholesale Client,Cash,Completed,ORD000605,Automated migration
2021-09-26,Oil Filter,Engine system,38,147.79,162.48,5616.02,Wholesale Client,Maya,Completed,ORD000048,Automated migration
2021-09-26,Starter Motor,Electrical system,27,7517.83,7846.91,202981.41,Retail Client,Cash,Completed,ORD001564,Automated migration
2021-09-29,Air Filter,Engine system,17,345.91,181.55,5880.47,Wholesale Client,Check,Completed,ORD000365,Automated migration
2021-09-30,Air Filter,Engine system,28,260.02,249.14,7280.56,Wholesale Client,GCash,Completed,ORD000363,Automated migration
2021-10-01,Battery,Electrical system,0,5256.55,0.0,0.0,Retail Client,Maya,Completed,ORD001354,Automated migration
2021-10-01,Catalytic Converter,Exhaust system,0,23940.53,0.0,0.0,Wholesale Client,Cash,Completed,ORD001679,Automated migration
2021-10-01,ECU Module,Electrical system,21,20222.18,14801.85,424665.78,Retail Client,Cash,Completed,ORD001836,Automated migration
2021-10-03,Brake Pads,Braking system,22,1558.33,1456.82,34283.26,Wholesale Client,Bank Transfer,Completed,ORD000614,Automated migration
2021-10-04,Brake Pads,Braking system,34,1566.54,2696.72,53262.36,Retail Client,GCash,Completed,ORD000612,Automated migration
2021-10-04,Oil Filter,Engine system,11,151.6,80.81,1667.6,Wholesale Client,Cash,Completed,ORD000053,Automated migration
2021-10-05,ECU Module,Electrical system,40,23679.68,26782.68,947187.2,Wholesale Client,Maya,Completed,ORD001829,Automated migration
2021-10-05,ECU Module,Electrical system,22,26037.2,18262.18,572818.4,Wholesale Client,Maya,Completed,ORD001832,Automated migration
2021-10-06,Starter Motor,Electrical system,29,8206.43,7796.1,237986.47,Retail Client,Cash,Completed,ORD001566,Automated migration
2021-10-06,Wheel Bearing,Drivetrain,27,1909.8,1694.62,51564.6,Retail Client,Check,Completed,ORD001180,Automated migration
2021-10-08,ECU Module,Electrical system,42,16029.49,31832.41,673238.58,Wholesale Client,Check,Completed,ORD001837,Automated migration
2021-10-09,ECU Module,Electrical system,22,16529.4,15104.04,363646.8,Wholesale Client,Bank Transfer,Completed,ORD001834,Automated migration
2021-10-10,Alternator,Electrical system,33,10674.57,13509.26,352260.81,Retail Client,Check,Completed,ORD001448,Automated migration
2021-10-10,Alternator,Electrical system,15,6833.61,3029.84,102504.15,Retail Client,GCash,Completed,ORD001450,Automated migration
2021-10-12,Air Filter,Engine system,34,359.18,594.7,12212.12,Wholesale Client,Maya,Completed,ORD000368,Automated migration
2021-10-12,ECU Module,Electrical system,35,24373.56,41545.76,853074.6,Retail Client,GCash,Completed,ORD001831,Automated migration
2021-10-13,Brake Pads,Braking system,25,1240.05,1420.4,31001.25,Retail Client,Cash,Completed,ORD000611,Automated migration
2021-10-13,Shock Absorber,Suspension & traction,32,2457.84,1615.06,78650.88,Wholesale Client,Check,Completed,ORD000940,Automated migration
2021-10-14,Wheel Bearing,Drivetrain,27,1916.12,2055.02,51735.24,Retail Client,Cash,Completed,ORD001182,Automated migration
2021-10-16,Air Filter,Engine system,37,323.09,284.86,11954.33,Wholesale Client,Maya,Completed,ORD000366,Automated migration
2021-10-16,Shock Absorber,Suspension & traction,6,3043.46,537.02,18260.76,Retail Client,Cash,Completed,ORD000939,Automated migration
2021-10-18,Oil Filter,Engine system,1,170.46,46.45,170.46,Wholesale Client,Check,Completed,ORD000054,Automated migration
2021-10-18,Shock Absorber,Suspension & traction,25,3330.5,3193.89,83262.5,Wholesale Client,GCash,Completed,ORD000943,Automated migration
2021-10-19,Air Filter,Engine system,10,251.72,125.67,2517.2,Wholesale Client,Maya,Completed,ORD000367,Automated migration
2021-10-19,ECU Module,Electrical system,50,22317.23,26171.18,1115861.5,Retail Client,Cash,Completed,ORD001835,Automated migration
2021-10-20,Alternator,Electrical system,22,12271.3,8529.33,269968.6,Wholesale Client,Check,Completed,ORD001449,Automated migration
2021-10-20,ECU Module,Electrical system,30,23630.5,23926.95,708915.0,Retail Client,Bank Transfer,Completed,ORD001833,Automated migration
2021-10-20,Oil Filter,Engine system,21,164.59,148.51,3456.39,Wholesale Client,Maya,Completed,ORD000049,Automated migration
2021-10-23,Brake Pads,Braking system,12,1179.19,368.61,14150.28,Retail Client,Bank Transfer,Completed,ORD000615,Automated migration
2021-10-23,ECU Module,Electrical system,38,27339.65,33858.5,1038906.7,Retail Client,Cash,Completed,ORD001830,Automated migration
2021-10-23,Oil Filter,Engine system,49,225.3,504.33,11039.7,Wholesale Client,Bank Transfer,Completed,ORD000050,Automated migration
2021-10-24,ECU Module,Electrical system,38,26053.44,21943.81,990030.72,Wholesale Client,GCash,Completed,ORD001838,Automated migration
2021-10-24,ECU Module,Electrical system,20,16358.63,7355.63,327172.6,Wholesale Client,Cash,Completed,ORD001840,Automated migration
2021-10-24,Oil Filter,Engine system,51,189.96,329.89,9687.96,Retail Client,Maya,Completed,ORD000051,Automated migration
2021-10-24,Oil Filter,Engine system,26,250.19,345.83,6504.94,Wholesale Client,Maya,Completed,ORD000052,Automated migration
2021-10-24,Shock Absorber,Suspension & traction,23,3977.82,3703.3,91489.86,Retail Client,Bank Transfer,Completed,ORD000941,Automated migration
2021-10-25,Brake Pads,Braking system,25,1131.94,1181.18,28298.5,Retail Client,Bank Transfer,Completed,ORD000610,Automated migration
2021-10-25,ECU Module,Electrical system,34,15291.27,16064.32,519903.18,Retail Client,Bank Transfer,Completed,ORD001828,Automated migration
2021-10-25,Shock Absorber,Suspension & traction,41,3037.35,4739.75,124531.35,Wholesale Client,Cash,Completed,ORD000942,Automated migration
2021-10-28,Brake Pads,Braking system,26,1023.62,579.15,26614.12,Wholesale Client,Maya,Completed,ORD000613,Automated migration
2021-10-28,ECU Module,Electrical system,22,19842.22,17095.9,436528.84,Retail Client,Bank Transfer,Completed,ORD001839,Automated migration
2021-10-30,ECU Module,Electrical system,23,20698.15,22610.16,476057.45,Wholesale Client,Maya,Completed,ORD001841,Automated migration
2021-10-30,Starter Motor,Electrical system,18,6549.68,4564.21,117894.24,Wholesale Client,Bank Transfer,Completed,ORD001565,Automated migration
2021-10-31,Wheel Bearing,Drivetrain,24,2013.12,2257.56,48314.88,Retail Client,Cash,Completed,ORD001181,Automated migration
2021-11-01,Air Filter,Engine system,20,263.28,241.79,5265.6,Retail Client,Bank Transfer,Completed,ORD000369,Automated migration
2021-11-01,Alternator,Electrical system,0,12052.61,0.0,0.0,Wholesale Client,Check,Completed,ORD001451,Automated migration
2021-11-01,ECU Module,Electrical system,27,16974.48,21595.14,458310.96,Retail Client,Cash,Completed,ORD001842,Automated migration
2021-11-02,Brake Pads,Braking system,22,1264.49,649.4,27818.78,Wholesale Client,Maya,Completed,ORD000619,Automated migration
2021-11-02,Shock Absorber,Suspension & traction,21,3189.39,2460.66,66977.19,Wholesale Client,Cash,Completed,ORD000946,Automated migration
2021-11-04,Battery,Electrical system,14,4643.65,1614.7,65011.1,Wholesale Client,Bank Transfer,Completed,ORD001356,Automated migration
2021-11-04,Catalytic Converter,Exhaust system,18,12059.7,4449.37,217074.6,Retail Client,GCash,Completed,ORD001680,Automated migration
2021-11-04,ECU Module,Electrical system,32,23096.71,24178.89,739094.72,Retail Client,GCash,Completed,ORD001848,Automated migration
2021-11-04,ECU Module,Electrical system,14,19168.89,7776.39,268364.46,Wholesale Client,Cash,Completed,ORD001857,Automated migration
2021-11-06,Battery,Electrical system,50,6041.51,10482.14,302075.5,Retail Client,Check,Completed,ORD001355,Automated migration
2021-11-06,Oil Filter,Engine system,39,140.66,252.95,5485.74,Wholesale Client,Maya,Completed,ORD000059,Automated migration
2021-11-07,ECU Module,Electrical system,31,24045.32,15917.78,745404.92,Wholesale Client,Maya,Completed,ORD001850,Automated migration
2021-11-07,ECU Module,Electrical system,26,15501.92,9597.13,403049.92,Retail Client,Maya,Completed,ORD001856,Automated migration
2021-11-07,Oil Filter,Engine system,44,200.51,371.47,8822.44,Wholesale Client,Check,Completed,ORD000055,Automated migration
2021-11-07,Shock Absorber,Suspension & traction,28,2581.84,2215.95,72291.52,Retail Client,Check,Completed,ORD000948,Automated migration
2021-11-08,Air Filter,Engine system,27,328.22,393.18,8861.94,Wholesale Client,GCash,Completed,ORD000370,Automated migration
2021-11-09,Wheel Bearing,Drivetrain,24,2705.95,2592.73,64942.8,Wholesale Client,GCash,Completed,ORD001184,Automated migration
2021-11-10,Air Filter,Engine system,36,263.04,450.16,9469.44,Wholesale Client,Check,Completed,ORD000371,Automated migration
2021-11-10,ECU Module,Electrical system,10,15730.13,6436.76,157301.3,Retail Client,Cash,Completed,ORD001852,Automated migration
2021-11-10,Oil Filter,Engine system,21,157.6,149.37,3309.6,Retail Client,Maya,Completed,ORD000056,Automated migration
2021-11-11,ECU Module,Electrical system,28,16912.55,19053.69,473551.4,Wholesale Client,Maya,Completed,ORD001851,Automated migration
2021-11-11,Oil Filter,Engine system,32,157.62,172.12,5043.84,Wholesale Client,Bank Transfer,Completed,ORD000058,Automated migration
2021-11-12,ECU Module,Electrical system,28,26286.41,21529.32,736019.48,Retail Client,Maya,Completed,ORD001858,Automated migration
2021-11-12,Shock Absorber,Suspension & traction,31,2607.04,3549.99,80818.24,Wholesale Client,Maya,Completed,ORD000950,Automated migration
2021-11-13,Brake Pads,Braking system,21,1014.54,755.87,21305.34,Wholesale Client,Check,Completed,ORD000621,Automated migration
2021-11-13,ECU Module,Electrical system,50,26690.15,58681.94,1334507.5,Retail Client,Cash,Completed,ORD001845,Automated migration
2021-11-13,Shock Absorber,Suspension & traction,52,3401.14,7924.32,176859.28,Retail Client,Bank Transfer,Completed,ORD000949,Automated migration
2021-11-13,Shock Absorber,Suspension & traction,17,3687.71,2907.57,62691.07,Retail Client,Check,Completed,ORD000952,Automated migration
2021-11-14,Oil Filter,Engine system,11,187.56,136.87,2063.16,Wholesale Client,Bank Transfer,Completed,ORD000060,Automated migration
2021-11-15,Shock Absorber,Suspension & traction,22,3921.16,2887.01,86265.52,Retail Client,Bank Transfer,Completed,ORD000944,Automated migration
2021-11-16,ECU Module,Electrical system,46,16280.52,22184.15,748903.92,Retail Client,GCash,Completed,ORD001844,Automated migration
2021-11-16,Oil Filter,Engine system,14,225.59,162.43,3158.26,Retail Client,Maya,Completed,ORD000057,Automated migration
2021-11-18,Brake Pads,Braking system,32,1247.33,1271.21,39914.56,Wholesale Client,Check,Completed,ORD000620,Automated migration
2021-11-18,ECU Module,Electrical system,53,22820.72,46025.23,1209498.16,Retail Client,Bank Transfer,Completed,ORD001843,Automated migration
2021-11-18,ECU Module,Electrical system,39,25597.64,41140.44,998307.96,Retail Client,Cash,Completed,ORD001849,Automated migration
2021-11-18,Wheel Bearing,Drivetrain,46,2446.91,4619.92,112557.86,Retail Client,GCash,Completed,ORD001185,Automated migration
2021-11-19,Shock Absorber,Suspension & traction,43,2892.94,3935.43,124396.42,Wholesale Client,Cash,Completed,ORD000953,Automated migration
2021-11-20,ECU Module,Electrical system,30,22633.11,17011.15,678993.3,Retail Client,GCash,Completed,ORD001846,Automated migration
2021-11-20,Shock Absorber,Suspension & traction,18,2586.75,1563.77,46561.5,Retail Client,Check,Completed,ORD000945,Automated migration
2021-11-21,Brake Pads,Braking system,10,1018.99,290.68,10189.9,Retail Client,Cash,Completed,ORD000618,Automated migration
2021-11-22,Brake Pads,Braking system,23,1191.76,1310.37,27410.48,Wholesale Client,Bank Transfer,Completed,ORD000616,Automated migration
2021-11-22,Shock Absorber,Suspension & traction,27,3659.73,3049.49,98812.71,Retail Client,Check,Completed,ORD000951,Automated migration
2021-11-23,Starter Motor,Electrical system,10,10905.85,2732.28,109058.5,Retail Client,GCash,Completed,ORD001567,Automated migration
2021-11-23,Wheel Bearing,Drivetrain,30,1865.6,1194.96,55968.0,Wholesale Client,Check,Completed,ORD001183,Automated migration
2021-11-25,ECU Module,Electrical system,30,23240.8,27495.49,697224.0,Wholesale Client,Maya,Completed,ORD001847,Automated migration
2021-11-25,ECU Module,Electrical system,28,19229.61,21099.02,538429.08,Wholesale Client,Check,Completed,ORD001854,Automated migration
2021-11-26,ECU Module,Electrical system,20,25419.71,15385.81,508394.2,Retail Client,Check,Completed,ORD001853,Automated migration
2021-11-26,Starter Motor,Electrical system,30,9951.85,6660.49,298555.5,Wholesale Client,Check,Completed,ORD001568,Automated migration
2021-11-28,Brake Pads,Braking system,32,1216.57,1292.17,38930.24,Wholesale Client,Cash,Completed,ORD000617,Automated migration
2021-11-28,ECU Module,Electrical system,35,23146.89,23811.52,810141.15,Wholesale Client,GCash,Completed,ORD001855,Automated migration
2021-11-28,Shock Absorber,Suspension & traction,43,4030.81,7016.95,173324.83,Wholesale Client,Bank Transfer,Completed,ORD000947,Automated migration
2021-12-01,Battery,Electrical system,0,6628.71,0.0,0.0,Wholesale Client,GCash,Completed,ORD001357,Automated migration
2021-12-01,Catalytic Converter,Exhaust system,0,23302.56,0.0,0.0,Wholesale Client,Maya,Completed,ORD001681,Automated migration
2021-12-01,ECU Module,Electrical system,0,15528.02,0.0,0.0,Wholesale Client,Check,Completed,ORD001859,Automated migration
2021-12-01,Starter Motor,Electrical system,0,6381.79,0.0,0.0,Wholesale Client,Maya,Completed,ORD001569,Automated migration
2021-12-02,Brake Pads,Braking system,25,1567.54,1340.26,39188.5,Retail Client,Bank Transfer,Completed,ORD000625,Automated migration
2021-12-03,Oil Filter,Engine system,17,184.29,156.93,3132.93,Retail Client,Bank Transfer,Completed,ORD000065,Automated migration
2021-12-04,Oil Filter,Engine system,23,181.18,149.42,4167.14,Wholesale Client,Bank Transfer,Completed,ORD000062,Automated migration
2021-12-04,Oil Filter,Engine system,25,223.88,241.99,5597.0,Retail Client,Bank Transfer,Completed,ORD000064,Automated migration
2021-12-06,Shock Absorber,Suspension & traction,26,4071.15,2241.64,105849.9,Retail Client,GCash,Completed,ORD000958,Automated migration
2021-12-07,Alternator,Electrical system,28,7223.44,7151.03,202256.32,Retail Client,GCash,Completed,ORD001454,Automated migration
2021-12-07,Oil Filter,Engine system,36,174.53,340.82,6283.08,Retail Client,GCash,Completed,ORD000061,Automated migration
2021-12-08,Shock Absorber,Suspension & traction,27,4167.26,3576.0,112516.02,Wholesale Client,Maya,Completed,ORD000956,Automated migration
2021-12-10,Wheel Bearing,Drivetrain,22,2293.29,1097.93,50452.38,Retail Client,Cash,Completed,ORD001186,Automated migration
2021-12-11,Shock Absorber,Suspension & traction,17,2439.88,908.25,41477.96,Wholesale Client,GCash,Completed,ORD000955,Automated migration
2021-12-12,Brake Pads,Braking system,35,1256.17,1433.64,43965.95,Wholesale Client,GCash,Completed,ORD000626,Automated migration
2021-12-15,Brake Pads,Braking system,22,1333.12,771.12,29328.64,Wholesale Client,Check,Completed,ORD000624,Automated migration
2021-12-15,Shock Absorber,Suspension & traction,27,4023.49,2292.48,108634.23,Wholesale Client,Check,Completed,ORD000954,Automated migration
2021-12-15,Shock Absorber,Suspension & traction,23,3292.25,3255.03,75721.75,Wholesale Client,Maya,Completed,ORD000957,Automated migration
2021-12-17,Brake Pads,Braking system,21,1432.71,1050.44,30086.91,Retail Client,Cash,Completed,ORD000623,Automated migration
2021-12-18,Air Filter,Engine system,15,338.27,167.24,5074.05,Wholesale Client,Check,Completed,ORD000374,Automated migration
2021-12-18,Brake Pads,Braking system,32,1546.4,2362.39,49484.8,Wholesale Client,Maya,Completed,ORD000622,Automated migration
2021-12-20,Wheel Bearing,Drivetrain,31,1744.0,1302.89,54064.0,Retail Client,Cash,Completed,ORD001187,Automated migration
2021-12-24,Air Filter,Engine system,28,258.29,398.67,7232.12,Retail Client,Maya,Completed,ORD000372,Automated migration
2021-12-24,Air Filter,Engine system,39,283.93,356.29,11073.27,Wholesale Client,Check,Completed,ORD000373,Automated migration
2021-12-24,Alternator,Electrical system,24,8246.77,9257.01,197922.48,Wholesale Client,Cash,Completed,ORD001452,Automated migration
2021-12-25,Oil Filter,Engine system,23,195.2,195.29,4489.6,Retail Client,Check,Completed,ORD000063,Automated migration
2021-12-31,Alternator,Electrical system,25,10054.34,11304.01,251358.5,Wholesale Client,Maya,Completed,ORD001453,Automated migration
2022-01-01,Catalytic Converter,Exhaust system,0,22033.55,0.0,0.0,Wholesale Client,Bank Transfer,Completed,ORD001682,Automated migration
2022-01-01,Shock Absorber,Suspension & traction,23,2810.59,1875.21,64643.57,Retail Client,GCash,Completed,ORD000961,Automated migration
2022-01-01,Shock Absorber,Suspension & traction,25,2477.0,3046.57,61925.0,Wholesale Client,Bank Transfer,Completed,ORD000962,Automated migration
2022-01-03,Battery,Electrical system,28,7041.65,6288.13,197166.2,Wholesale Client,GCash,Completed,ORD001359,Automated migration
2022-01-03,ECU Module,Electrical system,13,18007.7,7411.64,234100.1,Wholesale Client,Maya,Completed,ORD001868,Automated migration
2022-01-04,Wheel Bearing,Drivetrain,22,2405.18,1643.27,52913.96,Wholesale Client,GCash,Completed,ORD001189,Automated migration
2022-01-05,ECU Module,Electrical system,42,16374.92,24966.66,687746.64,Retail Client,Check,Completed,ORD001865,Automated migration
2022-01-05,Starter Motor,Electrical system,38,10352.97,9709.98,393412.86,Wholesale Client,Cash,Completed,ORD001570,Automated migration
2022-01-06,Brake Pads,Braking system,12,1561.97,708.77,18743.64,Retail Client,Cash,Completed,ORD000627,Automated migration
2022-01-06,ECU Module,Electrical system,34,16230.76,20054.64,551845.84,Retail Client,Cash,Completed,ORD001862,Automated migration
2022-01-07,ECU Module,Electrical system,18,18101.68,13995.35,325830.24,Wholesale Client,Check,Completed,ORD001866,Automated migration
2022-01-09,Alternator,Electrical system,25,8956.56,10109.38,223914.0,Retail Client,Bank Transfer,Completed,ORD001455,Automated migration
2022-01-09,ECU Module,Electrical system,43,24419.14,34919.05,1050023.02,Wholesale Client,Bank Transfer,Completed,ORD001869,Automated migration
2022-01-09,ECU Module,Electrical system,28,24260.1,19795.17,679282.8,Retail Client,Bank Transfer,Completed,ORD001871,Automated migration
2022-01-10,ECU Module,Electrical system,29,23108.42,18666.22,670144.18,Wholesale Client,Cash,Completed,ORD001870,Automated migration
2022-01-10,Shock Absorber,Suspension & traction,24,3314.53,2098.04,79548.72,Retail Client,Cash,Completed,ORD000960,Automated migration
2022-01-11,ECU Module,Electrical system,21,19176.23,8781.75,402700.83,Wholesale Client,Maya,Completed,ORD001867,Automated migration
2022-01-11,Oil Filter,Engine system,36,176.61,214.98,6357.96,Wholesale Client,Check,Completed,ORD000066,Automated migration
2022-01-12,Brake Pads,Braking system,48,1168.84,1620.26,56104.32,Retail Client,Maya,Completed,ORD000631,Automated migration
2022-01-13,Battery,Electrical system,26,4926.3,6311.9,128083.8,Wholesale Client,GCash,Completed,ORD001358,Automated migration
2022-01-13,Oil Filter,Engine system,33,169.7,238.43,5600.1,Wholesale Client,Check,Completed,ORD000067,Automated migration
2022-01-13,Oil Filter,Engine system,27,210.05,219.7,5671.35,Retail Client,Maya,Completed,ORD000071,Automated migration
2022-01-13,Shock Absorber,Suspension & traction,29,3879.65,4232.78,112509.85,Retail Client,Bank Transfer,Completed,ORD000959,Automated migration
2022-01-14,Air Filter,Engine system,23,292.47,197.41,6726.81,Retail Client,Cash,Completed,ORD000376,Automated migration
2022-01-15,ECU Module,Electrical system,41,16137.43,22066.87,661634.63,Retail Client,Bank Transfer,Completed,ORD001861,Automated migration
2022-01-15,ECU Module,Electrical system,31,15454.17,18616.12,479079.27,Retail Client,GCash,Completed,ORD001874,Automated migration
2022-01-16,Air Filter,Engine system,17,326.83,214.3,5556.11,Retail Client,GCash,Completed,ORD000379,Automated migration
2022-01-16,Alternator,Electrical system,37,11471.31,13628.25,424438.47,Retail Client,Maya,Completed,ORD001456,Automated migration
2022-01-18,ECU Module,Electrical system,8,23256.05,9291.61,186048.4,Wholesale Client,GCash,Completed,ORD001873,Automated migration
2022-01-18,Oil Filter,Engine system,44,257.3,564.89,11321.2,Retail Client,Maya,Completed,ORD000072,Automated migration
2022-01-18,Starter Motor,Electrical system,14,8973.79,4904.65,125633.06,Retail Client,Maya,Completed,ORD001571,Automated migration
2022-01-19,Air Filter,Engine system,28,329.75,379.87,9233.0,Wholesale Client,Maya,Completed,ORD000378,Automated migration
2022-01-19,Oil Filter,Engine system,21,167.81,184.96,3524.01,Wholesale Client,Check,Completed,ORD000068,Automated migration
2022-01-22,Air Filter,Engine system,23,260.15,187.05,5983.45,Wholesale Client,Bank Transfer,Completed,ORD000377,Automated migration
2022-01-22,ECU Module,Electrical system,42,15270.59,20458.69,641364.78,Retail Client,Maya,Completed,ORD001860,Automated migration
2022-01-22,Oil Filter,Engine system,15,214.28,114.15,3214.2,Wholesale Client,Check,Completed,ORD000070,Automated migration
2022-01-23,Brake Pads,Braking system,20,982.9,700.32,19658.0,Wholesale Client,GCash,Completed,ORD000630,Automated migration
2022-01-25,Air Filter,Engine system,13,286.6,184.11,3725.8,Wholesale Client,GCash,Completed,ORD000375,Automated migration
2022-01-25,Battery,Electrical system,17,6015.65,2764.42,102266.05,Wholesale Client,Check,Completed,ORD001360,Automated migration
2022-01-25,Oil Filter,Engine system,15,240.2,225.36,3603.0,Retail Client,Maya,Completed,ORD000069,Automated migration
2022-01-27,ECU Module,Electrical system,56,18019.66,47735.26,1009100.96,Wholesale Client,GCash,Completed,ORD001863,Automated migration
2022-01-27,Shock Absorber,Suspension & traction,22,3096.84,2885.34,68130.48,Wholesale Client,Cash,Completed,ORD000963,Automated migration
2022-01-28,Brake Pads,Braking system,20,1002.15,757.41,20043.0,Wholesale Client,Check,Completed,ORD000629,Automated migration
2022-01-30,Brake Pads,Braking system,14,1367.79,932.54,19149.06,Wholesale Client,GCash,Completed,ORD000628,Automated migration
2022-01-30,Wheel Bearing,Drivetrain,43,2235.49,2321.51,96126.07,Retail Client,Check,Completed,ORD001188,Automated migration
2022-01-31,ECU Module,Electrical system,37,20230.0,32757.95,748510.0,Retail Client,Check,Completed,ORD001864,Automated migration
2022-01-31,ECU Module,Electrical system,41,18441.19,18002.12,756088.79,Wholesale Client,Cash,Completed,ORD001872,Automated migration
2022-02-01,Air Filter,Engine system,19,345.39,323.3,6562.41,Wholesale Client,GCash,Completed,ORD000382,Automated migration
2022-02-01,Alternator,Electrical system,0,10638.21,0.0,0.0,Retail Client,Check,Completed,ORD001457,Automated migration
2022-02-01,Battery,Electrical system,0,4628.94,0.0,0.0,Wholesale Client,Maya,Completed,ORD001361,Automated migration
2022-02-01,Brake Pads,Braking system,27,1334.35,1774.53,36027.45,Retail Client,GCash,Completed,ORD000636,Automated migration
2022-02-02,ECU Module,Electrical system,22,18658.95,10081.17,410496.9,Wholesale Client,GCash,Completed,ORD001882,Automated migration
2022-02-02,Oil Filter,Engine system,11,188.68,107.85,2075.48,Wholesale Client,Check,Completed,ORD000076,Automated migration
2022-02-02,Wheel Bearing,Drivetrain,31,2733.16,4235.11,84727.96,Retail Client,Maya,Completed,ORD001190,Automated migration
2022-02-03,Air Filter,Engine system,39,319.55,451.35,12462.45,Retail Client,Cash,Completed,ORD000381,Automated migration
2022-02-04,Brake Pads,Braking system,23,1417.7,1525.3,32607.1,Wholesale Client,Bank Transfer,Completed,ORD000634,Automated migration
2022-02-04,Catalytic Converter,Exhaust system,9,12802.84,4388.13,115225.56,Wholesale Client,GCash,Completed,ORD001684,Automated migration
2022-02-04,Starter Motor,Electrical system,27,6801.68,5787.44,183645.36,Wholesale Client,Check,Completed,ORD001573,Automated migration
2022-02-05,Brake Pads,Braking system,36,1285.83,1356.33,46289.88,Wholesale Client,GCash,Completed,ORD000633,Automated migration
2022-02-05,Oil Filter,Engine system,1,213.6,44.18,213.6,Wholesale Client,Cash,Completed,ORD000077,Automated migration
2022-02-06,Catalytic Converter,Exhaust system,49,18253.02,38356.8,894397.98,Wholesale Client,Bank Transfer,Completed,ORD001685,Automated migration
2022-02-07,ECU Module,Electrical system,36,15636.02,17811.05,562896.72,Retail Client,Maya,Completed,ORD001876,Automated migration
2022-02-07,Wheel Bearing,Drivetrain,25,1630.67,1474.54,40766.75,Retail Client,Check,Completed,ORD001191,Automated migration
2022-02-08,ECU Module,Electrical system,8,21372.79,5975.62,170982.32,Retail Client,Bank Transfer,Completed,ORD001875,Automated migration
2022-02-08,Shock Absorber,Suspension & traction,21,2485.01,1984.98,52185.21,Wholesale Client,GCash,Completed,ORD000964,Automated migration
2022-02-12,Catalytic Converter,Exhaust system,27,17223.44,21398.64,465032.88,Retail Client,Bank Transfer,Completed,ORD001688,Automated migration
2022-02-12,Wheel Bearing,Drivetrain,20,2737.71,2755.3,54754.2,Wholesale Client,GCash,Completed,ORD001194,Automated migration
2022-02-13,Wheel Bearing,Drivetrain,29,2182.38,2089.23,63289.02,Retail Client,Cash,Completed,ORD001193,Automated migration
2022-02-15,Catalytic Converter,Exhaust system,26,12817.36,14979.13,333251.36,Wholesale Client,Maya,Completed,ORD001686,Automated migration
2022-02-15,ECU Module,Electrical system,31,23917.41,31870.42,741439.71,Retail Client,Cash,Completed,ORD001880,Automated migration
2022-02-16,ECU Module,Electrical system,61,16910.02,38407.56,1031511.22,Wholesale Client,Check,Completed,ORD001881,Automated migration
2022-02-17,Shock Absorber,Suspension & traction,41,3172.49,6376.51,130072.09,Wholesale Client,Check,Completed,ORD000965,Automated migration
2022-02-18,Oil Filter,Engine system,27,170.38,160.21,4600.26,Retail Client,Maya,Completed,ORD000074,Automated migration
2022-02-19,Wheel Bearing,Drivetrain,39,1777.68,1638.73,69329.52,Wholesale Client,GCash,Completed,ORD001195,Automated migration
2022-02-21,Oil Filter,Engine system,37,258.25,483.23,9555.25,Retail Client,Cash,Completed,ORD000073,Automated migration
2022-02-21,Wheel Bearing,Drivetrain,22,1717.81,1298.4,37791.82,Retail Client,Check,Completed,ORD001192,Automated migration
2022-02-22,Air Filter,Engine system,22,347.05,395.2,7635.1,Retail Client,Cash,Completed,ORD000380,Automated migration
2022-02-22,Catalytic Converter,Exhaust system,24,23911.91,26895.44,573885.84,Wholesale Client,Cash,Completed,ORD001689,Automated migration
2022-02-22,ECU Module,Electrical system,26,18765.12,10710.44,487893.12,Retail Client,Bank Transfer,Completed,ORD001879,Automated migration
2022-02-23,Brake Pads,Braking system,19,1372.04,1244.85,26068.76,Retail Client,GCash,Completed,ORD000632,Automated migration
2022-02-23,Oil Filter,Engine system,60,165.7,380.54,9942.0,Wholesale Client,Cash,Completed,ORD000075,Automated migration
2022-02-24,Catalytic Converter,Exhaust system,45,19421.21,30907.91,873954.45,Wholesale Client,Check,Completed,ORD001687,Automated migration
2022-02-25,Starter Motor,Electrical system,27,7674.11,8060.29,207200.97,Retail Client,Cash,Completed,ORD001572,Automated migration
2022-02-26,Brake Pads,Braking system,18,1176.12,1032.54,21170.16,Retail Client,Check,Completed,ORD000635,Automated migration
2022-02-26,ECU Module,Electrical system,34,26026.98,18237.13,884917.32,Wholesale Client,Cash,Completed,ORD001877,Automated migration
2022-02-27,Brake Pads,Braking system,23,1464.24,1199.63,33677.52,Retail Client,Cash,Completed,ORD000637,Automated migration
2022-02-28,Catalytic Converter,Exhaust system,12,21385.72,10476.87,256628.64,Retail Client,Maya,Completed,ORD001683,Automated migration
2022-02-28,Catalytic Converter,Exhaust system,29,17740.11,21467.96,514463.19,Wholesale Client,Bank Transfer,Completed,ORD001690,Automated migration
2022-02-28,ECU Module,Electrical system,32,18750.05,24503.47,600001.6,Retail Client,GCash,Completed,ORD001878,Automated migration
2022-02-28,ECU Module,Electrical system,27,17788.68,11574.37,480294.36,Retail Client,GCash,Completed,ORD001883,Automated migration
2022-02-28,ECU Module,Electrical system,18,14996.83,7872.55,269942.94,Wholesale Client,GCash,Completed,ORD001884,Automated migration
2022-02-28,ECU Module,Electrical system,20,17172.86,10610.51,343457.2,Wholesale Client,Maya,Completed,ORD001885,Automated migration
2022-03-01,Battery,Electrical system,0,6481.19,0.0,0.0,Wholesale Client,Cash,Completed,ORD001362,Automated migration
2022-03-01,Catalytic Converter,Exhaust system,0,16062.36,0.0,0.0,Retail Client,Cash,Completed,ORD001691,Automated migration
2022-03-01,ECU Module,Electrical system,0,17945.4,0.0,0.0,Retail Client,Maya,Completed,ORD001886,Automated migration
2022-03-01,Oil Filter,Engine system,29,185.01,289.62,5365.29,Retail Client,Cash,Completed,ORD000081,Automated migration
2022-03-03,Shock Absorber,Suspension & traction,50,2823.78,2883.01,141189.0,Wholesale Client,Cash,Completed,ORD000974,Automated migration
2022-03-03,Shock Absorber,Suspension & traction,38,3403.61,6504.35,129337.18,Wholesale Client,Bank Transfer,Completed,ORD000976,Automated migration
2022-03-04,Brake Pads,Braking system,50,1103.25,2267.69,55162.5,Wholesale Client,GCash,Completed,ORD000640,Automated migration
2022-03-04,Wheel Bearing,Drivetrain,14,2710.96,1752.36,37953.44,Wholesale Client,Bank Transfer,Completed,ORD001200,Automated migration
2022-03-05,Shock Absorber,Suspension & traction,38,3283.34,3648.0,124766.92,Retail Client,Check,Completed,ORD000970,Automated migration
2022-03-07,Alternator,Electrical system,22,10317.2,4673.71,226978.4,Wholesale Client,Bank Transfer,Completed,ORD001458,Automated migration
2022-03-07,Shock Absorber,Suspension & traction,26,3681.21,4075.98,95711.46,Retail Client,Cash,Completed,ORD000971,Automated migration
2022-03-07,Shock Absorber,Suspension & traction,24,3914.96,4278.79,93959.04,Wholesale Client,Bank Transfer,Completed,ORD000977,Automated migration
2022-03-07,Wheel Bearing,Drivetrain,36,2257.12,3475.67,81256.32,Retail Client,Bank Transfer,Completed,ORD001202,Automated migration
2022-03-08,Starter Motor,Electrical system,18,10268.3,4516.1,184829.4,Retail Client,Cash,Completed,ORD001574,Automated migration
2022-03-10,Shock Absorber,Suspension & traction,1,3090.73,165.19,3090.73,Wholesale Client,Bank Transfer,Completed,ORD000980,Automated migration
2022-03-11,Shock Absorber,Suspension & traction,32,2669.18,3702.45,85413.76,Retail Client,Cash,Completed,ORD000972,Automated migration
2022-03-13,Shock Absorber,Suspension & traction,47,3526.96,6638.89,165767.12,Retail Client,Check,Completed,ORD000967,Automated migration
2022-03-13,Wheel Bearing,Drivetrain,36,1924.23,3015.75,69272.28,Wholesale Client,GCash,Completed,ORD001201,Automated migration
2022-03-13,Wheel Bearing,Drivetrain,4,2591.93,497.32,10367.72,Retail Client,Check,Completed,ORD001203,Automated migration
2022-03-14,Oil Filter,Engine system,18,252.1,214.44,4537.8,Wholesale Client,GCash,Completed,ORD000083,Automated migration
2022-03-14,Wheel Bearing,Drivetrain,29,2549.53,1713.8,73936.37,Retail Client,GCash,Completed,ORD001196,Automated migration
2022-03-15,Shock Absorber,Suspension & traction,50,3266.36,5686.26,163318.0,Wholesale Client,Bank Transfer,Completed,ORD000975,Automated migration
2022-03-15,Starter Motor,Electrical system,29,11129.75,7230.53,322762.75,Retail Client,Cash,Completed,ORD001575,Automated migration
2022-03-16,Oil Filter,Engine system,17,175.45,136.27,2982.65,Retail Client,GCash,Completed,ORD000082,Automated migration
2022-03-17,Air Filter,Engine system,11,336.29,154.77,3699.19,Wholesale Client,Check,Completed,ORD000383,Automated migration
2022-03-17,Brake Pads,Braking system,8,1007.14,220.27,8057.12,Retail Client,Check,Completed,ORD000638,Automated migration
2022-03-17,Wheel Bearing,Drivetrain,30,1656.27,1549.33,49688.1,Wholesale Client,Bank Transfer,Completed,ORD001198,Automated migration
2022-03-18,Alternator,Electrical system,40,11156.3,10456.6,446252.0,Wholesale Client,Cash,Completed,ORD001459,Automated migration
2022-03-18,Shock Absorber,Suspension & traction,12,2569.01,1400.61,30828.12,Retail Client,Maya,Completed,ORD000979,Automated migration
2022-03-18,Wheel Bearing,Drivetrain,43,1625.75,3422.48,69907.25,Retail Client,Cash,Completed,ORD001197,Automated migration
2022-03-19,Air Filter,Engine system,40,318.08,328.37,12723.2,Retail Client,Cash,Completed,ORD000384,Automated migration
2022-03-20,Oil Filter,Engine system,32,197.48,339.56,6319.36,Retail Client,Bank Transfer,Completed,ORD000080,Automated migration
2022-03-21,Shock Absorber,Suspension & traction,44,3589.45,5658.74,157935.8,Retail Client,Check,Completed,ORD000966,Automated migration
2022-03-21,Shock Absorber,Suspension & traction,9,2886.0,773.77,25974.0,Wholesale Client,Maya,Completed,ORD000973,Automated migration
2022-03-22,Air Filter,Engine system,37,281.43,274.92,10412.91,Wholesale Client,Maya,Completed,ORD000387,Automated migration
2022-03-22,Alternator,Electrical system,20,7874.39,5553.63,157487.8,Retail Client,Bank Transfer,Completed,ORD001460,Automated migration
2022-03-22,Brake Pads,Braking system,41,1287.16,2354.48,52773.56,Wholesale Client,Maya,Completed,ORD000639,Automated migration
2022-03-23,Shock Absorber,Suspension & traction,19,3416.78,2701.86,64918.82,Wholesale Client,GCash,Completed,ORD000968,Automated migration
2022-03-24,Air Filter,Engine system,14,321.97,121.03,4507.58,Wholesale Client,Bank Transfer,Completed,ORD000386,Automated migration
2022-03-25,Air Filter,Engine system,14,282.65,108.23,3957.1,Retail Client,GCash,Completed,ORD000385,Automated migration
2022-03-25,Shock Absorber,Suspension & traction,36,2529.26,2952.07,91053.36,Wholesale Client,Bank Transfer,Completed,ORD000969,Automated migration
2022-03-26,Oil Filter,Engine system,49,180.66,293.16,8852.34,Retail Client,Check,Completed,ORD000078,Automated migration
2022-03-29,Shock Absorber,Suspension & traction,21,2526.82,1462.96,53063.22,Retail Client,GCash,Completed,ORD000981,Automated migration
2022-03-30,Oil Filter,Engine system,13,146.5,87.27,1904.5,Retail Client,Cash,Completed,ORD000079,Automated migration
2022-03-30,Shock Absorber,Suspension & traction,39,4107.53,7112.38,160193.67,Wholesale Client,Check,Completed,ORD000978,Automated migration
2022-03-31,Wheel Bearing,Drivetrain,35,2187.18,3695.48,76551.3,Wholesale Client,Check,Completed,ORD001199,Automated migration
2022-04-01,Battery,Electrical system,29,6610.26,6199.09,191697.54,Retail Client,Cash,Completed,ORD001364,Automated migration
2022-04-01,Catalytic Converter,Exhaust system,0,18940.19,0.0,0.0,Retail Client,Cash,Completed,ORD001692,Automated migration
2022-04-01,ECU Module,Electrical system,0,25594.68,0.0,0.0,Retail Client,Check,Completed,ORD001887,Automated migration
2022-04-01,Shock Absorber,Suspension & traction,45,2972.39,4625.62,133757.55,Wholesale Client,Cash,Completed,ORD000982,Automated migration
2022-04-01,Starter Motor,Electrical system,0,9683.27,0.0,0.0,Retail Client,Bank Transfer,Completed,ORD001576,Automated migration
2022-04-02,Oil Filter,Engine system,27,148.78,206.01,4017.06,Wholesale Client,GCash,Completed,ORD000087,Automated migration
2022-04-03,Alternator,Electrical system,30,9182.31,13624.18,275469.3,Retail Client,Check,Completed,ORD001462,Automated migration
2022-04-03,Wheel Bearing,Drivetrain,26,2502.33,2526.92,65060.58,Wholesale Client,Check,Completed,ORD001204,Automated migration
2022-04-04,Brake Pads,Braking system,31,1238.14,1214.42,38382.34,Wholesale Client,Maya,Completed,ORD000644,Automated migration
2022-04-05,Brake Pads,Braking system,28,1020.61,1154.67,28577.08,Retail Client,Check,Completed,ORD000646,Automated migration
2022-04-05,Oil Filter,Engine system,12,204.28,91.84,2451.36,Retail Client,Maya,Completed,ORD000088,Automated migration
2022-04-07,Oil Filter,Engine system,22,195.17,249.75,4293.74,Wholesale Client,Maya,Completed,ORD000086,Automated migration
2022-04-09,Air Filter,Engine system,16,304.81,205.92,4876.96,Wholesale Client,GCash,Completed,ORD000389,Automated migration
2022-04-09,Alternator,Electrical system,32,11672.46,12535.45,373518.72,Wholesale Client,Check,Completed,ORD001461,Automated migration
2022-04-09,Brake Pads,Braking system,25,1357.02,1313.78,33925.5,Retail Client,Bank Transfer,Completed,ORD000642,Automated migration
2022-04-10,Brake Pads,Braking system,39,1341.22,2053.78,52307.58,Retail Client,Bank Transfer,Completed,ORD000641,Automated migration
2022-04-11,Oil Filter,Engine system,34,183.21,160.27,6229.14,Wholesale Client,Cash,Completed,ORD000089,Automated migration
2022-04-13,Shock Absorber,Suspension & traction,23,4005.81,3753.3,92133.63,Retail Client,GCash,Completed,ORD000983,Automated migration
2022-04-16,Oil Filter,Engine system,7,232.45,68.19,1627.15,Wholesale Client,Bank Transfer,Completed,ORD000085,Automated migration
2022-04-19,Oil Filter,Engine system,42,164.4,310.54,6904.8,Wholesale Client,Check,Completed,ORD000084,Automated migration
2022-04-19,Shock Absorber,Suspension & traction,24,2809.45,3036.53,67426.8,Wholesale Client,Bank Transfer,Completed,ORD000984,Automated migration
2022-04-22,Air Filter,Engine system,32,262.11,409.27,8387.52,Wholesale Client,Bank Transfer,Completed,ORD000390,Automated migration
2022-04-23,Brake Pads,Braking system,25,1459.55,1360.03,36488.75,Wholesale Client,Check,Completed,ORD000645,Automated migration
2022-04-25,Brake Pads,Braking system,14,951.98,504.9,13327.72,Retail Client,Maya,Completed,ORD000643,Automated migration
2022-04-30,Air Filter,Engine system,37,270.04,289.56,9991.48,Wholesale Client,Check,Completed,ORD000388,Automated migration
2022-04-30,Battery,Electrical system,18,4508.91,3545.25,81160.38,Retail Client,Check,Completed,ORD001363,Automated migration
2022-05-01,Starter Motor,Electrical system,0,10340.17,0.0,0.0,Wholesale Client,Cash,Completed,ORD001577,Automated migration
2022-05-03,Brake Pads,Braking system,48,1498.09,2534.83,71908.32,Retail Client,GCash,Completed,ORD000648,Automated migration
2022-05-03,Shock Absorber,Suspension & traction,31,2849.04,2545.39,88320.24,Wholesale Client,Bank Transfer,Completed,ORD000985,Automated migration
2022-05-05,ECU Module,Electrical system,29,24128.15,16824.81,699716.35,Wholesale Client,Bank Transfer,Completed,ORD001896,Automated migration
2022-05-05,Oil Filter,Engine system,22,204.04,199.63,4488.88,Retail Client,GCash,Completed,ORD000095,Automated migration
2022-05-08,Shock Absorber,Suspension & traction,11,2773.86,688.34,30512.46,Wholesale Client,Cash,Completed,ORD000988,Automated migration
2022-05-09,Battery,Electrical system,50,6210.25,13209.47,310512.5,Retail Client,GCash,Completed,ORD001366,Automated migration
2022-05-10,ECU Module,Electrical system,19,21082.6,11850.52,400569.4,Wholesale Client,Maya,Completed,ORD001897,Automated migration
2022-05-10,Wheel Bearing,Drivetrain,19,2198.15,859.08,41764.85,Retail Client,Check,Completed,ORD001205,Automated migration
2022-05-11,Air Filter,Engine system,29,318.34,360.02,9231.86,Wholesale Client,Cash,Completed,ORD000391,Automated migration
2022-05-11,Brake Pads,Braking system,8,1530.96,288.36,12247.68,Retail Client,Check,Completed,ORD000651,Automated migration
2022-05-11,Oil Filter,Engine system,26,150.01,141.25,3900.26,Wholesale Client,Maya,Completed,ORD000094,Automated migration
2022-05-12,Alternator,Electrical system,27,8035.64,8975.97,216962.28,Retail Client,GCash,Completed,ORD001463,Automated migration
2022-05-12,ECU Module,Electrical system,15,26018.81,8580.35,390282.15,Retail Client,Check,Completed,ORD001902,Automated migration
2022-05-12,ECU Module,Electrical system,26,14540.96,17102.21,378064.96,Wholesale Client,Bank Transfer,Completed,ORD001903,Automated migration
2022-05-13,Shock Absorber,Suspension & traction,48,3635.56,3554.12,174506.88,Wholesale Client,Check,Completed,ORD000986,Automated migration
2022-05-15,Brake Pads,Braking system,16,1482.81,689.01,23724.96,Wholesale Client,Check,Completed,ORD000649,Automated migration
2022-05-16,ECU Module,Electrical system,25,18535.53,19590.0,463388.25,Wholesale Client,Check,Completed,ORD001890,Automated migration
2022-05-16,ECU Module,Electrical system,22,19849.51,12923.34,436689.22,Retail Client,Maya,Completed,ORD001900,Automated migration
2022-05-17,ECU Module,Electrical system,43,18521.11,18410.22,796407.73,Wholesale Client,Maya,Completed,ORD001892,Automated migration
2022-05-17,Oil Filter,Engine system,34,234.13,267.07,7960.42,Wholesale Client,GCash,Completed,ORD000091,Automated migration
2022-05-17,Shock Absorber,Suspension & traction,25,2887.56,2057.67,72189.0,Wholesale Client,Cash,Completed,ORD000987,Automated migration
2022-05-18,Brake Pads,Braking system,19,1322.17,1181.71,25121.23,Wholesale Client,Maya,Completed,ORD000650,Automated migration
2022-05-18,ECU Module,Electrical system,48,27373.41,38672.38,1313923.68,Retail Client,Cash,Completed,ORD001895,Automated migration
2022-05-19,Shock Absorber,Suspension & traction,14,3461.63,2141.81,48462.82,Wholesale Client,Maya,Completed,ORD000989,Automated migration
2022-05-21,ECU Module,Electrical system,43,15274.65,30736.19,656809.95,Wholesale Client,Check,Completed,ORD001894,Automated migration
2022-05-21,Oil Filter,Engine system,2,249.18,47.57,498.36,Retail Client,Check,Completed,ORD000090,Automated migration
2022-05-22,ECU Module,Electrical system,28,25722.04,34099.58,720217.12,Wholesale Client,Cash,Completed,ORD001901,Automated migration
2022-05-22,Oil Filter,Engine system,34,210.14,262.32,7144.76,Wholesale Client,Cash,Completed,ORD000092,Automated migration
2022-05-23,Alternator,Electrical system,10,11720.47,5765.0,117204.7,Retail Client,GCash,Completed,ORD001465,Automated migration
2022-05-23,ECU Module,Electrical system,26,18568.47,10982.7,482780.22,Retail Client,Maya,Completed,ORD001891,Automated migration
2022-05-23,ECU Module,Electrical system,45,17773.98,32523.95,799829.1,Wholesale Client,Cash,Completed,ORD001893,Automated migration
2022-05-23,Oil Filter,Engine system,22,142.69,130.39,3139.18,Retail Client,Cash,Completed,ORD000093,Automated migration
2022-05-24,Air Filter,Engine system,13,241.57,126.9,3140.41,Wholesale Client,GCash,Completed,ORD000394,Automated migration
2022-05-24,ECU Module,Electrical system,30,22047.67,25824.84,661430.1,Wholesale Client,Cash,Completed,ORD001889,Automated migration
2022-05-26,ECU Module,Electrical system,46,24646.04,46660.47,1133717.84,Retail Client,Cash,Completed,ORD001888,Automated migration
2022-05-27,Brake Pads,Braking system,29,1494.89,908.06,43351.81,Wholesale Client,Maya,Completed,ORD000647,Automated migration
2022-05-28,Air Filter,Engine system,29,259.04,223.83,7512.16,Wholesale Client,Check,Completed,ORD000393,Automated migration
2022-05-28,Alternator,Electrical system,35,8456.59,12274.26,295980.65,Retail Client,Cash,Completed,ORD001464,Automated migration
2022-05-28,Catalytic Converter,Exhaust system,16,15686.73,10070.81,250987.68,Wholesale Client,Bank Transfer,Completed,ORD001693,Automated migration
2022-05-28,ECU Module,Electrical system,19,18136.91,16915.04,344601.29,Retail Client,Maya,Completed,ORD001898,Automated migration
2022-05-30,ECU Module,Electrical system,38,15195.06,24758.5,577412.28,Wholesale Client,Check,Completed,ORD001899,Automated migration
2022-05-31,Air Filter,Engine system,31,221.58,361.38,6868.98,Retail Client,Check,Completed,ORD000392,Automated migration
2022-05-31,Battery,Electrical system,9,5919.36,2219.62,53274.24,Wholesale Client,Cash,Completed,ORD001365,Automated migration
2022-06-01,Battery,Electrical system,0,7243.54,0.0,0.0,Retail Client,Bank Transfer,Completed,ORD001367,Automated migration
2022-06-01,Catalytic Converter,Exhaust system,0,19952.96,0.0,0.0,Wholesale Client,Cash,Completed,ORD001694,Automated migration
2022-06-02,Brake Pads,Braking system,38,1413.82,2360.96,53725.16,Retail Client,GCash,Completed,ORD000654,Automated migration
2022-06-02,Shock Absorber,Suspension & traction,13,3419.34,1777.85,44451.42,Wholesale Client,Check,Completed,ORD000990,Automated migration
2022-06-03,ECU Module,Electrical system,34,25939.74,18937.55,881951.16,Wholesale Client,Maya,Completed,ORD001904,Automated migration
2022-06-05,Air Filter,Engine system,17,275.29,190.86,4679.93,Retail Client,GCash,Completed,ORD000395,Automated migration
2022-06-05,Air Filter,Engine system,39,254.14,520.54,9911.46,Wholesale Client,Bank Transfer,Completed,ORD000398,Automated migration
2022-06-07,Air Filter,Engine system,15,267.25,180.73,4008.75,Retail Client,GCash,Completed,ORD000399,Automated migration
2022-06-07,Oil Filter,Engine system,27,190.85,213.63,5152.95,Wholesale Client,Check,Completed,ORD000099,Automated migration
2022-06-09,Alternator,Electrical system,31,9892.34,10378.98,306662.54,Wholesale Client,Maya,Completed,ORD001468,Automated migration
2022-06-09,Starter Motor,Electrical system,18,10437.57,4957.46,187876.26,Wholesale Client,GCash,Completed,ORD001579,Automated migration
2022-06-16,Brake Pads,Braking system,18,1287.23,755.81,23170.14,Retail Client,Cash,Completed,ORD000656,Automated migration
2022-06-16,Oil Filter,Engine system,21,219.49,180.93,4609.29,Wholesale Client,Check,Completed,ORD000100,Automated migration
2022-06-17,Wheel Bearing,Drivetrain,13,2444.04,727.72,31772.52,Wholesale Client,GCash,Completed,ORD001206,Automated migration
2022-06-18,Oil Filter,Engine system,32,253.77,382.36,8120.64,Retail Client,Maya,Completed,ORD000097,Automated migration
2022-06-19,Brake Pads,Braking system,24,1271.67,1015.58,30520.08,Retail Client,Maya,Completed,ORD000655,Automated migration
2022-06-21,Brake Pads,Braking system,24,1267.32,1387.04,30415.68,Retail Client,Check,Completed,ORD000652,Automated migration
2022-06-22,Alternator,Electrical system,9,11496.8,4739.91,103471.2,Wholesale Client,Maya,Completed,ORD001466,Automated migration
2022-06-22,Shock Absorber,Suspension & traction,23,3567.7,2202.39,82057.1,Retail Client,Cash,Completed,ORD000991,Automated migration
2022-06-24,Brake Pads,Braking system,17,961.53,686.4,16346.01,Retail Client,Maya,Completed,ORD000653,Automated migration
2022-06-24,Oil Filter,Engine system,28,210.44,232.01,5892.32,Wholesale Client,Bank Transfer,Completed,ORD000101,Automated migration
2022-06-25,Air Filter,Engine system,21,256.54,299.59,5387.34,Retail Client,Maya,Completed,ORD000396,Automated migration
2022-06-26,Oil Filter,Engine system,14,170.95,101.53,2393.3,Wholesale Client,Maya,Completed,ORD000096,Automated migration
2022-06-26,Oil Filter,Engine system,37,199.67,325.1,7387.79,Wholesale Client,GCash,Completed,ORD000098,Automated migration
2022-06-27,Air Filter,Engine system,19,345.31,273.89,6560.89,Wholesale Client,Cash,Completed,ORD000397,Automated migration
2022-06-27,Starter Motor,Electrical system,33,8616.24,8230.25,284335.92,Retail Client,Maya,Completed,ORD001578,Automated migration
2022-06-28,Alternator,Electrical system,33,11023.0,8793.25,363759.0,Wholesale Client,Bank Transfer,Completed,ORD001467,Automated migration
2022-07-01,Alternator,Electrical system,0,7818.49,0.0,0.0,Retail Client,Maya,Completed,ORD001469,Automated migration
2022-07-01,Battery,Electrical system,0,7147.68,0.0,0.0,Retail Client,Bank Transfer,Completed,ORD001368,Automated migration
2022-07-01,ECU Module,Electrical system,0,22870.91,0.0,0.0,Retail Client,Bank Transfer,Completed,ORD001905,Automated migration
2022-07-01,Oil Filter,Engine system,33,256.03,357.63,8448.99,Wholesale Client,Maya,Completed,ORD000103,Automated migration
2022-07-02,Brake Pads,Braking system,33,960.03,1056.07,31680.99,Wholesale Client,Bank Transfer,Completed,ORD000661,Automated migration
2022-07-03,Air Filter,Engine system,12,248.76,145.98,2985.12,Wholesale Client,GCash,Completed,ORD000403,Automated migration
2022-07-03,Brake Pads,Braking system,12,1290.03,437.86,15480.36,Wholesale Client,Cash,Completed,ORD000660,Automated migration
2022-07-04,Air Filter,Engine system,44,242.28,530.22,10660.32,Retail Client,Check,Completed,ORD000401,Automated migration
2022-07-05,Catalytic Converter,Exhaust system,17,15254.0,7471.75,259318.0,Wholesale Client,Check,Completed,ORD001695,Automated migration
2022-07-06,Oil Filter,Engine system,14,164.45,94.81,2302.3,Retail Client,Bank Transfer,Completed,ORD000105,Automated migration
2022-07-07,Brake Pads,Braking system,29,1189.7,782.09,34501.3,Retail Client,GCash,Completed,ORD000658,Automated migration
2022-07-08,Brake Pads,Braking system,22,1054.76,590.81,23204.72,Wholesale Client,Maya,Completed,ORD000659,Automated migration
2022-07-09,Oil Filter,Engine system,9,200.23,109.9,1802.07,Wholesale Client,Check,Completed,ORD000102,Automated migration
2022-07-11,Air Filter,Engine system,31,310.39,314.2,9622.09,Wholesale Client,GCash,Completed,ORD000400,Automated migration
2022-07-13,Shock Absorber,Suspension & traction,9,2547.92,1061.12,22931.28,Retail Client,Check,Completed,ORD000993,Automated migration
2022-07-14,Wheel Bearing,Drivetrain,17,1671.95,606.12,28423.15,Wholesale Client,GCash,Completed,ORD001207,Automated migration
2022-07-15,Oil Filter,Engine system,20,216.65,176.0,4333.0,Wholesale Client,Check,Completed,ORD000107,Automated migration
2022-07-15,Starter Motor,Electrical system,24,10786.03,7844.98,258864.72,Retail Client,GCash,Completed,ORD001581,Automated migration
2022-07-16,Oil Filter,Engine system,33,249.46,206.12,8232.18,Wholesale Client,GCash,Completed,ORD000106,Automated migration
2022-07-17,Brake Pads,Braking system,26,1562.83,1001.43,40633.58,Wholesale Client,Maya,Completed,ORD000657,Automated migration
2022-07-18,Shock Absorber,Suspension & traction,31,3874.39,3920.95,120106.09,Retail Client,Cash,Completed,ORD000992,Automated migration
2022-07-28,Air Filter,Engine system,21,291.25,255.84,6116.25,Retail Client,Cash,Completed,ORD000402,Automated migration
2022-07-29,Oil Filter,Engine system,30,166.08,185.69,4982.4,Retail Client,Bank Transfer,Completed,ORD000104,Automated migration
2022-07-30,Air Filter,Engine system,4,309.49,74.19,1237.96,Wholesale Client,Cash,Completed,ORD000404,Automated migration
2022-07-31,Starter Motor,Electrical system,30,7101.29,8097.12,213038.7,Wholesale Client,Check,Completed,ORD001580,Automated migration
2022-08-01,Alternator,Electrical system,0,10646.56,0.0,0.0,Retail Client,Cash,Completed,ORD001470,Automated migration
2022-08-01,Catalytic Converter,Exhaust system,0,19213.43,0.0,0.0,Retail Client,Maya,Completed,ORD001696,Automated migration
2022-08-01,ECU Module,Electrical system,0,26169.16,0.0,0.0,Wholesale Client,Cash,Completed,ORD001906,Automated migration
2022-08-01,Oil Filter,Engine system,24,187.81,198.65,4507.44,Retail Client,Bank Transfer,Completed,ORD000112,Automated migration
2022-08-01,Starter Motor,Electrical system,0,11219.79,0.0,0.0,Retail Client,Bank Transfer,Completed,ORD001582,Automated migration
2022-08-02,Oil Filter,Engine system,23,194.96,169.07,4484.08,Retail Client,GCash,Completed,ORD000109,Automated migration
2022-08-03,Brake Pads,Braking system,10,1412.57,635.14,14125.7,Retail Client,Cash,Completed,ORD000665,Automated migration
2022-08-05,Air Filter,Engine system,41,267.68,508.41,10974.88,Retail Client,GCash,Completed,ORD000405,Automated migration
2022-08-06,Oil Filter,Engine system,19,238.34,197.37,4528.46,Wholesale Client,Cash,Completed,ORD000110,Automated migration
2022-08-07,Brake Pads,Braking system,19,1089.73,1041.9,20704.87,Retail Client,Check,Completed,ORD000663,Automated migration
2022-08-09,Battery,Electrical system,59,6022.39,8474.84,355321.01,Wholesale Client,Bank Transfer,Completed,ORD001369,Automated migration
2022-08-09,Oil Filter,Engine system,36,252.43,210.4,9087.48,Retail Client,Maya,Completed,ORD000108,Automated migration
2022-08-09,Oil Filter,Engine system,24,213.74,243.02,5129.76,Retail Client,Cash,Completed,ORD000113,Automated migration
2022-08-09,Wheel Bearing,Drivetrain,25,2757.42,3097.66,68935.5,Retail Client,Check,Completed,ORD001208,Automated migration
2022-08-13,Shock Absorber,Suspension & traction,25,3187.28,1910.66,79682.0,Retail Client,GCash,Completed,ORD000994,Automated migration
2022-08-18,Air Filter,Engine system,25,309.43,260.65,7735.75,Retail Client,Check,Completed,ORD000407,Automated migration
2022-08-20,Oil Filter,Engine system,17,149.65,79.86,2544.05,Wholesale Client,Maya,Completed,ORD000111,Automated migration
2022-08-21,Brake Pads,Braking system,12,1296.99,488.67,15563.88,Retail Client,Check,Completed,ORD000662,Automated migration
2022-08-25,Brake Pads,Braking system,40,1329.99,2340.72,53199.6,Wholesale Client,GCash,Completed,ORD000664,Automated migration
2022-08-26,Battery,Electrical system,2,5484.12,427.67,10968.24,Wholesale Client,Maya,Completed,ORD001370,Automated migration
2022-08-27,Brake Pads,Braking system,44,1541.92,2099.53,67844.48,Wholesale Client,Check,Completed,ORD000666,Automated migration
2022-08-28,Air Filter,Engine system,15,317.0,180.48,4755.0,Retail Client,Cash,Completed,ORD000406,Automated migration
2022-09-01,Battery,Electrical system,0,4518.64,0.0,0.0,Wholesale Client,GCash,Completed,ORD001371,Automated migration
2022-09-01,Catalytic Converter,Exhaust system,0,14857.87,0.0,0.0,Retail Client,Bank Transfer,Completed,ORD001697,Automated migration
2022-09-02,Alternator,Electrical system,20,8064.93,6399.08,161298.6,Wholesale Client,Check,Completed,ORD001471,Automated migration
2022-09-03,Wheel Bearing,Drivetrain,24,2766.8,3317.7,66403.2,Wholesale Client,Cash,Completed,ORD001210,Automated migration
2022-09-04,Shock Absorber,Suspension & traction,18,2906.38,2399.44,52314.84,Retail Client,Check,Completed,ORD000997,Automated migration
2022-09-06,Air Filter,Engine system,17,276.3,139.19,4697.1,Wholesale Client,GCash,Completed,ORD000408,Automated migration
2022-09-06,Starter Motor,Electrical system,25,8259.39,9744.02,206484.75,Retail Client,Cash,Completed,ORD001583,Automated migration
2022-09-07,Alternator,Electrical system,23,10375.93,10405.59,238646.39,Retail Client,Cash,Completed,ORD001472,Automated migration
2022-09-07,Brake Pads,Braking system,5,1462.92,339.53,7314.6,Wholesale Client,Bank Transfer,Completed,ORD000667,Automated migration
2022-09-07,ECU Module,Electrical system,6,15050.33,3089.01,90301.98,Wholesale Client,GCash,Completed,ORD001907,Automated migration
2022-09-09,Air Filter,Engine system,27,242.86,246.67,6557.22,Wholesale Client,GCash,Completed,ORD000409,Automated migration
2022-09-09,Shock Absorber,Suspension & traction,41,3942.02,4746.45,161622.82,Retail Client,Check,Completed,ORD000996,Automated migration
2022-09-10,Air Filter,Engine system,51,235.63,288.22,12017.13,Retail Client,GCash,Completed,ORD000410,Automated migration
2022-09-10,Brake Pads,Braking system,41,1004.45,1149.49,41182.45,Wholesale Client,Check,Completed,ORD000670,Automated migration
2022-09-12,Shock Absorber,Suspension & traction,31,3454.74,2960.3,107096.94,Retail Client,Check,Completed,ORD000995,Automated migration
2022-09-13,Shock Absorber,Suspension & traction,21,3196.53,2342.29,67127.13,Retail Client,Bank Transfer,Completed,ORD000999,Automated migration
2022-09-15,Oil Filter,Engine system,48,206.83,446.1,9927.84,Retail Client,Maya,Completed,ORD000116,Automated migration
2022-09-16,Starter Motor,Electrical system,18,8367.77,5197.79,150619.86,Wholesale Client,Bank Transfer,Completed,ORD001584,Automated migration
2022-09-20,Brake Pads,Braking system,23,1503.54,791.59,34581.42,Retail Client,Bank Transfer,Completed,ORD000669,Automated migration
2022-09-21,Oil Filter,Engine system,29,143.6,238.64,4164.4,Retail Client,GCash,Completed,ORD000114,Automated migration
2022-09-21,Shock Absorber,Suspension & traction,31,4124.19,6203.58,127849.89,Wholesale Client,Maya,Completed,ORD001000,Automated migration
2022-09-21,Wheel Bearing,Drivetrain,24,2010.58,2148.05,48253.92,Retail Client,Check,Completed,ORD001211,Automated migration
2022-09-23,Oil Filter,Engine system,14,193.58,166.57,2710.12,Wholesale Client,Maya,Completed,ORD000115,Automated migration
2022-09-23,Wheel Bearing,Drivetrain,16,1636.69,995.99,26187.04,Wholesale Client,Maya,Completed,ORD001212,Automated migration
2022-09-24,Wheel Bearing,Drivetrain,37,2322.49,4233.8,85932.13,Wholesale Client,GCash,Completed,ORD001213,Automated migration
2022-09-26,Alternator,Electrical system,31,8923.63,6191.4,276632.53,Wholesale Client,Cash,Completed,ORD001473,Automated migration
2022-09-26,Shock Absorber,Suspension & traction,24,2901.63,2190.63,69639.12,Wholesale Client,Cash,Completed,ORD000998,Automated migration
2022-09-27,Brake Pads,Braking system,34,1550.89,1440.18,52730.26,Retail Client,Bank Transfer,Completed,ORD000668,Automated migration
2022-09-28,Wheel Bearing,Drivetrain,10,1833.36,516.81,18333.6,Retail Client,Bank Transfer,Completed,ORD001209,Automated migration
2022-09-29,Brake Pads,Braking system,33,1181.73,979.75,38997.09,Wholesale Client,GCash,Completed,ORD000671,Automated migration
2022-10-01,Alternator,Electrical system,0,11266.16,0.0,0.0,Wholesale Client,Cash,Completed,ORD001474,Automated migration
2022-10-01,Catalytic Converter,Exhaust system,0,20058.72,0.0,0.0,Wholesale Client,Bank Transfer,Completed,ORD001698,Automated migration
2022-10-01,ECU Module,Electrical system,0,25855.38,0.0,0.0,Retail Client,Check,Completed,ORD001908,Automated migration
2022-10-02,Shock Absorber,Suspension & traction,28,3883.54,2690.51,108739.12,Retail Client,Bank Transfer,Completed,ORD001003,Automated migration
2022-10-02,Wheel Bearing,Drivetrain,25,2145.67,2425.33,53641.75,Retail Client,GCash,Completed,ORD001215,Automated migration
2022-10-05,Oil Filter,Engine system,20,213.12,205.3,4262.4,Retail Client,Cash,Completed,ORD000118,Automated migration
2022-10-06,Air Filter,Engine system,12,345.55,154.73,4146.6,Wholesale Client,Maya,Completed,ORD000412,Automated migration
2022-10-06,Air Filter,Engine system,46,280.62,567.43,12908.52,Wholesale Client,Check,Completed,ORD000413,Automated migration
2022-10-07,Wheel Bearing,Drivetrain,25,2350.61,1672.34,58765.25,Retail Client,GCash,Completed,ORD001214,Automated migration
2022-10-08,Oil Filter,Engine system,31,249.24,264.59,7726.44,Retail Client,Maya,Completed,ORD000121,Automated migration
2022-10-09,Oil Filter,Engine system,30,177.06,276.62,5311.8,Wholesale Client,Maya,Completed,ORD000117,Automated migration
2022-10-11,Shock Absorber,Suspension & traction,18,4039.28,2131.61,72707.04,Retail Client,Bank Transfer,Completed,ORD001001,Automated migration
2022-10-11,Wheel Bearing,Drivetrain,24,2050.39,1716.62,49209.36,Wholesale Client,Maya,Completed,ORD001216,Automated migration
2022-10-11,Wheel Bearing,Drivetrain,32,2633.64,3972.07,84276.48,Retail Client,Maya,Completed,ORD001219,Automated migration
2022-10-12,Air Filter,Engine system,21,283.7,292.46,5957.7,Retail Client,GCash,Completed,ORD000415,Automated migration
2022-10-12,Brake Pads,Braking system,37,1416.87,1189.97,52424.19,Retail Client,Check,Completed,ORD000676,Automated migration
2022-10-12,Shock Absorber,Suspension & traction,28,3374.79,2332.01,94494.12,Wholesale Client,Bank Transfer,Completed,ORD001006,Automated migration
2022-10-13,Air Filter,Engine system,22,344.69,182.8,7583.18,Wholesale Client,Bank Transfer,Completed,ORD000411,Automated migration
2022-10-16,Battery,Electrical system,37,4922.11,7116.88,182118.07,Wholesale Client,Cash,Completed,ORD001372,Automated migration
2022-10-16,Shock Absorber,Suspension & traction,40,2533.82,3430.56,101352.8,Retail Client,GCash,Completed,ORD001004,Automated migration
2022-10-19,Battery,Electrical system,29,5519.34,3866.99,160060.86,Retail Client,Check,Completed,ORD001373,Automated migration
2022-10-19,Brake Pads,Braking system,14,1549.47,1094.35,21692.58,Retail Client,Bank Transfer,Completed,ORD000675,Automated migration
2022-10-19,Oil Filter,Engine system,27,220.69,256.73,5958.63,Wholesale Client,Maya,Completed,ORD000120,Automated migration
2022-10-21,Brake Pads,Braking system,30,1320.61,1126.17,39618.3,Wholesale Client,Maya,Completed,ORD000673,Automated migration
2022-10-22,Starter Motor,Electrical system,18,11452.46,7249.04,206144.28,Retail Client,Maya,Completed,ORD001585,Automated migration
2022-10-22,Wheel Bearing,Drivetrain,31,2089.44,2660.71,64772.64,Wholesale Client,Check,Completed,ORD001217,Automated migration
2022-10-23,Wheel Bearing,Drivetrain,24,2795.87,1518.81,67100.88,Wholesale Client,Cash,Completed,ORD001218,Automated migration
2022-10-24,Brake Pads,Braking system,25,1042.77,781.62,26069.25,Wholesale Client,Cash,Completed,ORD000672,Automated migration
2022-10-26,Oil Filter,Engine system,21,163.9,175.99,3441.9,Wholesale Client,Maya,Completed,ORD000119,Automated migration
2022-10-26,Starter Motor,Electrical system,27,6395.33,5866.56,172673.91,Retail Client,GCash,Completed,ORD001586,Automated migration
2022-10-28,Shock Absorber,Suspension & traction,27,3295.16,3282.16,88969.32,Wholesale Client,Check,Completed,ORD001002,Automated migration
2022-10-29,Brake Pads,Braking system,11,1010.23,391.04,11112.53,Wholesale Client,Maya,Completed,ORD000674,Automated migration
2022-10-30,Air Filter,Engine system,3,340.84,48.67,1022.52,Retail Client,Bank Transfer,Completed,ORD000414,Automated migration
2022-10-31,Shock Absorber,Suspension & traction,21,3749.07,2007.76,78730.47,Wholesale Client,GCash,Completed,ORD001005,Automated migration
2022-11-01,Alternator,Electrical system,0,8379.88,0.0,0.0,Wholesale Client,Bank Transfer,Completed,ORD001475,Automated migration
2022-11-01,Battery,Electrical system,0,5153.69,0.0,0.0,Retail Client,Bank Transfer,Completed,ORD001374,Automated migration
2022-11-01,Brake Pads,Braking system,8,1158.87,240.14,9270.96,Retail Client,Maya,Completed,ORD000677,Automated migration
2022-11-01,ECU Module,Electrical system,15,26940.09,18345.91,404101.35,Wholesale Client,Check,Completed,ORD001918,Automated migration
2022-11-02,Shock Absorber,Suspension & traction,17,2456.06,2091.65,41753.02,Retail Client,Maya,Completed,ORD001012,Automated migration
2022-11-02,Wheel Bearing,Drivetrain,26,1638.55,1896.11,42602.3,Retail Client,Cash,Completed,ORD001221,Automated migration
2022-11-03,ECU Module,Electrical system,44,25212.87,50627.58,1109366.28,Retail Client,Maya,Completed,ORD001922,Automated migration
2022-11-05,Catalytic Converter,Exhaust system,10,23493.96,6451.55,234939.6,Retail Client,GCash,Completed,ORD001703,Automated migration
2022-11-05,ECU Module,Electrical system,40,23090.03,45126.61,923601.2,Retail Client,GCash,Completed,ORD001919,Automated migration
2022-11-06,Catalytic Converter,Exhaust system,23,23611.47,14101.6,543063.81,Retail Client,GCash,Completed,ORD001702,Automated migration
2022-11-06,ECU Module,Electrical system,36,15452.13,27037.14,556276.68,Retail Client,Bank Transfer,Completed,ORD001916,Automated migration
2022-11-06,ECU Module,Electrical system,7,19505.4,6854.09,136537.8,Retail Client,Maya,Completed,ORD001921,Automated migration
2022-11-06,Wheel Bearing,Drivetrain,37,2016.66,3110.12,74616.42,Retail Client,Bank Transfer,Completed,ORD001222,Automated migration
2022-11-07,Oil Filter,Engine system,32,140.72,260.19,4503.04,Wholesale Client,Check,Completed,ORD000127,Automated migration
2022-11-07,Shock Absorber,Suspension & traction,16,2413.2,1467.12,38611.2,Wholesale Client,GCash,Completed,ORD001013,Automated migration
2022-11-07,Starter Motor,Electrical system,26,11126.8,8076.82,289296.8,Wholesale Client,Cash,Completed,ORD001587,Automated migration
2022-11-08,Catalytic Converter,Exhaust system,14,20647.54,9591.47,289065.56,Retail Client,Cash,Completed,ORD001705,Automated migration
2022-11-08,ECU Module,Electrical system,49,15772.75,29265.73,772864.75,Wholesale Client,Check,Completed,ORD001915,Automated migration
2022-11-08,ECU Module,Electrical system,35,21349.89,16631.18,747246.15,Wholesale Client,Check,Completed,ORD001920,Automated migration
2022-11-08,Oil Filter,Engine system,27,146.85,190.28,3964.95,Wholesale Client,Check,Completed,ORD000126,Automated migration
2022-11-09,ECU Module,Electrical system,51,20931.64,52813.79,1067513.64,Retail Client,Bank Transfer,Completed,ORD001913,Automated migration
2022-11-11,ECU Module,Electrical system,28,24243.15,17495.24,678808.2,Wholesale Client,Bank Transfer,Completed,ORD001914,Automated migration
2022-11-11,Shock Absorber,Suspension & traction,15,3863.95,2578.55,57959.25,Wholesale Client,GCash,Completed,ORD001009,Automated migration
2022-11-12,Catalytic Converter,Exhaust system,40,15245.89,28831.36,609835.6,Retail Client,GCash,Completed,ORD001700,Automated migration
2022-11-13,Shock Absorber,Suspension & traction,48,2491.22,5814.25,119578.56,Wholesale Client,Bank Transfer,Completed,ORD001011,Automated migration
2022-11-14,Shock Absorber,Suspension & traction,24,3887.99,4592.19,93311.76,Wholesale Client,Maya,Completed,ORD001008,Automated migration
2022-11-15,Air Filter,Engine system,34,296.24,391.73,10072.16,Wholesale Client,Maya,Completed,ORD000417,Automated migration
2022-11-15,ECU Module,Electrical system,29,28206.37,40384.48,817984.73,Retail Client,GCash,Completed,ORD001924,Automated migration
2022-11-16,Catalytic Converter,Exhaust system,38,18367.39,29864.43,697960.82,Retail Client,Bank Transfer,Completed,ORD001701,Automated migration
2022-11-16,ECU Module,Electrical system,52,14770.82,19134.73,768082.64,Retail Client,Bank Transfer,Completed,ORD001910,Automated migration
2022-11-16,Oil Filter,Engine system,38,199.35,293.41,7575.3,Wholesale Client,Bank Transfer,Completed,ORD000125,Automated migration
2022-11-17,Brake Pads,Braking system,24,1142.26,1162.46,27414.24,Wholesale Client,GCash,Completed,ORD000682,Automated migration
2022-11-18,Air Filter,Engine system,27,269.57,249.12,7278.39,Wholesale Client,Maya,Completed,ORD000418,Automated migration
2022-11-19,Catalytic Converter,Exhaust system,39,20222.7,30976.19,788685.3,Retail Client,Cash,Completed,ORD001706,Automated migration
2022-11-20,Oil Filter,Engine system,17,173.72,141.86,2953.24,Wholesale Client,Bank Transfer,Completed,ORD000123,Automated migration
2022-11-20,Wheel Bearing,Drivetrain,20,2199.7,1142.24,43994.0,Retail Client,Cash,Completed,ORD001220,Automated migration
2022-11-21,Catalytic Converter,Exhaust system,24,21520.69,19131.97,516496.56,Retail Client,Maya,Completed,ORD001699,Automated migration
2022-11-22,Brake Pads,Braking system,7,982.6,332.35,6878.2,Wholesale Client,Maya,Completed,ORD000680,Automated migration
2022-11-22,Brake Pads,Braking system,27,1088.17,1065.09,29380.59,Retail Client,GCash,Completed,ORD000681,Automated migration
2022-11-23,Air Filter,Engine system,28,311.47,209.56,8721.16,Retail Client,Bank Transfer,Completed,ORD000416,Automated migration
2022-11-23,Oil Filter,Engine system,33,187.34,146.96,6182.22,Wholesale Client,Bank Transfer,Completed,ORD000124,Automated migration
2022-11-23,Shock Absorber,Suspension & traction,32,3795.88,3760.45,121468.16,Retail Client,GCash,Completed,ORD001010,Automated migration
2022-11-24,ECU Module,Electrical system,34,23012.32,37432.61,782418.88,Wholesale Client,GCash,Completed,ORD001912,Automated migration
2022-11-25,ECU Module,Electrical system,24,21488.76,13872.81,515730.24,Retail Client,GCash,Completed,ORD001923,Automated migration
2022-11-25,Shock Absorber,Suspension & traction,23,3807.88,3448.38,87581.24,Wholesale Client,Check,Completed,ORD001007,Automated migration
2022-11-26,Catalytic Converter,Exhaust system,41,18531.48,20289.69,759790.68,Retail Client,Maya,Completed,ORD001704,Automated migration
2022-11-26,ECU Module,Electrical system,23,24618.89,16825.03,566234.47,Retail Client,Check,Completed,ORD001909,Automated migration
2022-11-26,Oil Filter,Engine system,19,147.2,174.69,2796.8,Wholesale Client,GCash,Completed,ORD000122,Automated migration
2022-11-26,Starter Motor,Electrical system,21,10141.07,8946.24,212962.47,Retail Client,Cash,Completed,ORD001588,Automated migration
2022-11-27,Brake Pads,Braking system,44,1259.47,1297.34,55416.68,Wholesale Client,Maya,Completed,ORD000678,Automated migration
2022-11-27,ECU Module,Electrical system,15,27889.63,13789.37,418344.45,Retail Client,Maya,Completed,ORD001911,Automated migration
2022-11-29,Brake Pads,Braking system,33,1084.17,780.43,35777.61,Retail Client,GCash,Completed,ORD000679,Automated migration
2022-11-30,ECU Module,Electrical system,17,20232.23,11867.73,343947.91,Wholesale Client,Check,Completed,ORD001917,Automated migration
2022-12-01,Battery,Electrical system,0,7544.77,0.0,0.0,Retail Client,GCash,Completed,ORD001375,Automated migration
2022-12-01,Catalytic Converter,Exhaust system,0,18307.09,0.0,0.0,Wholesale Client,Cash,Completed,ORD001707,Automated migration
2022-12-01,ECU Module,Electrical system,0,18394.5,0.0,0.0,Retail Client,Maya,Completed,ORD001925,Automated migration
2022-12-01,Oil Filter,Engine system,30,234.27,259.39,7028.1,Retail Client,Check,Completed,ORD000132,Automated migration
2022-12-03,Shock Absorber,Suspension & traction,26,4092.57,5096.04,106406.82,Wholesale Client,Check,Completed,ORD001016,Automated migration
2022-12-04,Brake Pads,Braking system,28,993.46,1432.66,27816.88,Wholesale Client,Maya,Completed,ORD000685,Automated migration
2022-12-06,Wheel Bearing,Drivetrain,35,1894.23,1446.16,66298.05,Wholesale Client,Cash,Completed,ORD001223,Automated migration
2022-12-07,Oil Filter,Engine system,30,194.36,287.15,5830.8,Retail Client,Bank Transfer,Completed,ORD000129,Automated migration
2022-12-07,Oil Filter,Engine system,24,169.37,165.6,4064.88,Retail Client,Check,Completed,ORD000131,Automated migration
2022-12-08,Air Filter,Engine system,40,304.5,407.4,12180.0,Wholesale Client,GCash,Completed,ORD000421,Automated migration
2022-12-08,Wheel Bearing,Drivetrain,26,1796.27,2030.76,46703.02,Wholesale Client,GCash,Completed,ORD001224,Automated migration
2022-12-09,Brake Pads,Braking system,16,1304.18,1017.62,20866.88,Retail Client,Check,Completed,ORD000687,Automated migration
2022-12-11,Brake Pads,Braking system,13,1039.04,704.32,13507.52,Wholesale Client,GCash,Completed,ORD000684,Automated migration
2022-12-12,Alternator,Electrical system,29,7814.79,8480.82,226628.91,Retail Client,GCash,Completed,ORD001476,Automated migration
2022-12-13,Air Filter,Engine system,14,288.76,156.6,4042.64,Wholesale Client,Bank Transfer,Completed,ORD000419,Automated migration
2022-12-13,Shock Absorber,Suspension & traction,27,2949.74,3497.1,79642.98,Wholesale Client,Maya,Completed,ORD001018,Automated migration
2022-12-14,Air Filter,Engine system,9,277.22,118.59,2494.98,Wholesale Client,Cash,Completed,ORD000420,Automated migration
2022-12-15,Oil Filter,Engine system,15,155.84,121.38,2337.6,Wholesale Client,Cash,Completed,ORD000128,Automated migration
2022-12-17,Brake Pads,Braking system,56,1175.77,2063.02,65843.12,Wholesale Client,Maya,Completed,ORD000686,Automated migration
2022-12-17,Starter Motor,Electrical system,14,6396.14,3576.89,89545.96,Wholesale Client,GCash,Completed,ORD001589,Automated migration
2022-12-19,Oil Filter,Engine system,34,167.18,197.17,5684.12,Wholesale Client,Bank Transfer,Completed,ORD000130,Automated migration
2022-12-20,Alternator,Electrical system,33,7148.88,6100.54,235913.04,Retail Client,Bank Transfer,Completed,ORD001477,Automated migration
2022-12-21,Oil Filter,Engine system,14,211.0,187.4,2954.0,Wholesale Client,Check,Completed,ORD000133,Automated migration
2022-12-22,Shock Absorber,Suspension & traction,23,2671.65,1442.78,61447.95,Wholesale Client,Bank Transfer,Completed,ORD001014,Automated migration
2022-12-24,Brake Pads,Braking system,14,986.07,511.36,13804.98,Retail Client,Bank Transfer,Completed,ORD000683,Automated migration
2022-12-27,Shock Absorber,Suspension & traction,22,4099.68,2422.54,90192.96,Wholesale Client,Maya,Completed,ORD001015,Automated migration
2022-12-28,Starter Motor,Electrical system,37,8943.96,7039.18,330926.52,Wholesale Client,Cash,Completed,ORD001590,Automated migration
2022-12-30,Air Filter,Engine system,37,342.84,304.35,12685.08,Retail Client,Maya,Completed,ORD000422,Automated migration
2022-12-31,Shock Absorber,Suspension & traction,27,3929.62,2701.7,106099.74,Retail Client,GCash,Completed,ORD001017,Automated migration
2023-01-01,Catalytic Converter,Exhaust system,0,16138.69,0.0,0.0,Retail Client,Check,Completed,ORD001708,Automated migration
2023-01-01,ECU Module,Electrical system,0,19918.82,0.0,0.0,Wholesale Client,Cash,Completed,ORD001926,Automated migration
2023-01-01,Starter Motor,Electrical system,0,6438.21,0.0,0.0,Retail Client,Bank Transfer,Completed,ORD001591,Automated migration
2023-01-02,Shock Absorber,Suspension & traction,18,2682.8,1841.63,48290.4,Wholesale Client,GCash,Completed,ORD001024,Automated migration
2023-01-05,Brake Pads,Braking system,29,1079.71,1068.39,31311.59,Retail Client,GCash,Completed,ORD000691,Automated migration
2023-01-06,Oil Filter,Engine system,30,242.21,308.57,7266.3,Retail Client,Bank Transfer,Completed,ORD000139,Automated migration
2023-01-07,Battery,Electrical system,23,6671.2,5471.84,153437.6,Retail Client,Maya,Completed,ORD001377,Automated migration
2023-01-07,Brake Pads,Braking system,31,1046.36,1412.58,32437.16,Retail Client,Maya,Completed,ORD000688,Automated migration
2023-01-08,Air Filter,Engine system,27,349.34,314.43,9432.18,Wholesale Client,Check,Completed,ORD000426,Automated migration
2023-01-08,Oil Filter,Engine system,20,254.53,204.11,5090.6,Wholesale Client,Bank Transfer,Completed,ORD000134,Automated migration
2023-01-08,Shock Absorber,Suspension & traction,13,3997.18,2464.27,51963.34,Retail Client,GCash,Completed,ORD001021,Automated migration
2023-01-09,Shock Absorber,Suspension & traction,4,4156.34,832.68,16625.36,Wholesale Client,Bank Transfer,Completed,ORD001020,Automated migration
2023-01-10,Oil Filter,Engine system,25,184.96,255.62,4624.0,Wholesale Client,Maya,Completed,ORD000135,Automated migration
2023-01-11,Air Filter,Engine system,20,263.48,203.96,5269.6,Wholesale Client,GCash,Completed,ORD000424,Automated migration
2023-01-12,Shock Absorber,Suspension & traction,51,4052.49,8992.81,206676.99,Wholesale Client,Check,Completed,ORD001019,Automated migration
2023-01-14,Wheel Bearing,Drivetrain,24,2178.33,1817.37,52279.92,Wholesale Client,Bank Transfer,Completed,ORD001225,Automated migration
2023-01-15,Brake Pads,Braking system,22,1489.76,1186.18,32774.72,Wholesale Client,Check,Completed,ORD000690,Automated migration
2023-01-16,Air Filter,Engine system,16,270.6,152.95,4329.6,Retail Client,Cash,Completed,ORD000427,Automated migration
2023-01-17,Battery,Electrical system,39,5602.76,8265.96,218507.64,Wholesale Client,Bank Transfer,Completed,ORD001376,Automated migration
2023-01-18,Oil Filter,Engine system,23,210.47,150.51,4840.81,Retail Client,Bank Transfer,Completed,ORD000137,Automated migration
2023-01-18,Shock Absorber,Suspension & traction,36,2799.68,3045.24,100788.48,Wholesale Client,GCash,Completed,ORD001023,Automated migration
2023-01-19,Brake Pads,Braking system,24,1594.26,1786.86,38262.24,Retail Client,Maya,Completed,ORD000689,Automated migration
2023-01-21,Brake Pads,Braking system,31,1525.01,1259.78,47275.31,Retail Client,Maya,Completed,ORD000692,Automated migration
2023-01-21,Oil Filter,Engine system,33,225.56,187.88,7443.48,Retail Client,Check,Completed,ORD000136,Automated migration
2023-01-23,Alternator,Electrical system,44,8263.85,8068.94,363609.4,Wholesale Client,GCash,Completed,ORD001479,Automated migration
2023-01-25,Oil Filter,Engine system,28,252.43,366.2,7068.04,Wholesale Client,Cash,Completed,ORD000138,Automated migration
2023-01-27,Alternator,Electrical system,23,8221.09,6696.82,189085.07,Retail Client,GCash,Completed,ORD001478,Automated migration
2023-01-29,Shock Absorber,Suspension & traction,39,3669.57,4647.18,143113.23,Wholesale Client,Bank Transfer,Completed,ORD001022,Automated migration
2023-01-31,Air Filter,Engine system,16,250.69,200.78,4011.04,Retail Client,Cash,Completed,ORD000423,Automated migration
2023-01-31,Air Filter,Engine system,42,324.44,641.51,13626.48,Wholesale Client,Bank Transfer,Completed,ORD000425,Automated migration
2023-02-01,Alternator,Electrical system,0,9034.98,0.0,0.0,Wholesale Client,Check,Completed,ORD001480,Automated migration
2023-02-01,Brake Pads,Braking system,25,1091.88,1159.62,27297.0,Retail Client,Cash,Completed,ORD000698,Automated migration
2023-02-01,Shock Absorber,Suspension & traction,27,3159.06,3723.98,85294.62,Retail Client,GCash,Completed,ORD001025,Automated migration
2023-02-02,Brake Pads,Braking system,23,1222.72,1146.68,28122.56,Retail Client,Check,Completed,ORD000695,Automated migration
2023-02-03,Oil Filter,Engine system,23,188.24,146.32,4329.52,Wholesale Client,Maya,Completed,ORD000145,Automated migration
2023-02-03,Shock Absorber,Suspension & traction,37,3876.49,6663.59,143430.13,Retail Client,Cash,Completed,ORD001031,Automated migration
2023-02-04,Air Filter,Engine system,17,245.82,179.96,4178.94,Wholesale Client,GCash,Completed,ORD000430,Automated migration
2023-02-04,Air Filter,Engine system,50,350.28,545.59,17514.0,Retail Client,Maya,Completed,ORD000431,Automated migration
2023-02-04,Brake Pads,Braking system,15,1106.39,564.02,16595.85,Retail Client,Cash,Completed,ORD000696,Automated migration
2023-02-05,Starter Motor,Electrical system,28,11222.8,6661.52,314238.4,Wholesale Client,Maya,Completed,ORD001592,Automated migration
2023-02-07,Brake Pads,Braking system,35,1460.96,1245.06,51133.6,Wholesale Client,Bank Transfer,Completed,ORD000693,Automated migration
2023-02-07,ECU Module,Electrical system,14,28006.73,16867.67,392094.22,Wholesale Client,Maya,Completed,ORD001927,Automated migration
2023-02-08,Air Filter,Engine system,27,323.97,200.39,8747.19,Retail Client,Cash,Completed,ORD000428,Automated migration
2023-02-08,Battery,Electrical system,36,6904.84,8115.4,248574.24,Retail Client,Maya,Completed,ORD001378,Automated migration
2023-02-08,Catalytic Converter,Exhaust system,11,18883.39,7443.02,207717.29,Wholesale Client,Check,Completed,ORD001709,Automated migration
2023-02-08,Oil Filter,Engine system,18,251.77,144.85,4531.86,Wholesale Client,Maya,Completed,ORD000140,Automated migration
2023-02-08,Shock Absorber,Suspension & traction,12,3424.0,2065.74,41088.0,Retail Client,Bank Transfer,Completed,ORD001027,Automated migration
2023-02-09,Battery,Electrical system,22,6195.46,3680.88,136300.12,Retail Client,Maya,Completed,ORD001379,Automated migration
2023-02-10,Air Filter,Engine system,8,229.95,81.36,1839.6,Wholesale Client,Bank Transfer,Completed,ORD000429,Automated migration
2023-02-11,Starter Motor,Electrical system,13,7323.77,2803.71,95209.01,Wholesale Client,Cash,Completed,ORD001593,Automated migration
2023-02-13,Oil Filter,Engine system,11,146.47,81.07,1611.17,Retail Client,GCash,Completed,ORD000142,Automated migration
2023-02-16,Shock Absorber,Suspension & traction,19,3462.61,1346.74,65789.59,Wholesale Client,Maya,Completed,ORD001032,Automated migration
2023-02-17,Wheel Bearing,Drivetrain,12,2210.64,1149.71,26527.68,Retail Client,Maya,Completed,ORD001226,Automated migration
2023-02-18,Brake Pads,Braking system,35,1445.15,2510.99,50580.25,Retail Client,GCash,Completed,ORD000697,Automated migration
2023-02-18,Shock Absorber,Suspension & traction,16,3397.51,1489.54,54360.16,Wholesale Client,Maya,Completed,ORD001033,Automated migration
2023-02-20,Brake Pads,Braking system,21,1463.25,1258.88,30728.25,Wholesale Client,Check,Completed,ORD000694,Automated migration
2023-02-20,Oil Filter,Engine system,59,236.36,618.12,13945.24,Retail Client,Maya,Completed,ORD000141,Automated migration
2023-02-22,Shock Absorber,Suspension & traction,46,3075.57,6478.94,141476.22,Wholesale Client,Maya,Completed,ORD001028,Automated migration
2023-02-22,Shock Absorber,Suspension & traction,15,2794.3,1412.63,41914.5,Retail Client,Cash,Completed,ORD001029,Automated migration
2023-02-24,Oil Filter,Engine system,29,252.4,237.12,7319.6,Wholesale Client,Bank Transfer,Completed,ORD000144,Automated migration
2023-02-24,Shock Absorber,Suspension & traction,57,3514.69,6007.86,200337.33,Retail Client,GCash,Completed,ORD001030,Automated migration
2023-02-25,Shock Absorber,Suspension & traction,19,3477.46,2768.58,66071.74,Wholesale Client,GCash,Completed,ORD001026,Automated migration
2023-02-27,Oil Filter,Engine system,22,220.61,262.83,4853.42,Retail Client,Check,Completed,ORD000143,Automated migration
2023-02-28,ECU Module,Electrical system,23,28476.82,16711.87,654966.86,Retail Client,Maya,Completed,ORD001928,Automated migration
2023-03-01,Catalytic Converter,Exhaust system,0,12639.41,0.0,0.0,Retail Client,Check,Completed,ORD001710,Automated migration
2023-03-01,ECU Module,Electrical system,0,20168.63,0.0,0.0,Retail Client,Cash,Completed,ORD001929,Automated migration
2023-03-01,Shock Absorber,Suspension & traction,16,2486.21,1786.34,39779.36,Retail Client,GCash,Completed,ORD001035,Automated migration
2023-03-02,Wheel Bearing,Drivetrain,15,2748.69,2079.04,41230.35,Wholesale Client,Maya,Completed,ORD001228,Automated migration
2023-03-02,Wheel Bearing,Drivetrain,28,2512.61,3037.98,70353.08,Wholesale Client,Bank Transfer,Completed,ORD001230,Automated migration
2023-03-03,Oil Filter,Engine system,23,177.93,157.86,4092.39,Retail Client,GCash,Completed,ORD000147,Automated migration
2023-03-04,Brake Pads,Braking system,13,1105.26,566.14,14368.38,Retail Client,Bank Transfer,Completed,ORD000704,Automated migration
2023-03-04,Wheel Bearing,Drivetrain,43,2820.13,4875.11,121265.59,Wholesale Client,Cash,Completed,ORD001229,Automated migration
2023-03-06,Starter Motor,Electrical system,28,9495.04,5992.51,265861.12,Wholesale Client,GCash,Completed,ORD001595,Automated migration
2023-03-07,Brake Pads,Braking system,33,1587.17,1938.87,52376.61,Wholesale Client,GCash,Completed,ORD000702,Automated migration
2023-03-07,Shock Absorber,Suspension & traction,38,2417.81,3817.79,91876.78,Retail Client,GCash,Completed,ORD001037,Automated migration
2023-03-09,Alternator,Electrical system,36,8278.03,7484.25,298009.08,Wholesale Client,Bank Transfer,Completed,ORD001483,Automated migration
2023-03-09,Brake Pads,Braking system,35,1384.17,2124.02,48445.95,Retail Client,GCash,Completed,ORD000703,Automated migration
2023-03-09,Oil Filter,Engine system,17,188.11,167.39,3197.87,Retail Client,Check,Completed,ORD000148,Automated migration
2023-03-09,Shock Absorber,Suspension & traction,36,3478.93,6106.09,125241.48,Retail Client,Maya,Completed,ORD001038,Automated migration
2023-03-09,Starter Motor,Electrical system,18,8895.3,3443.38,160115.4,Wholesale Client,Bank Transfer,Completed,ORD001594,Automated migration
2023-03-10,Brake Pads,Braking system,12,1059.54,383.72,12714.48,Retail Client,Cash,Completed,ORD000699,Automated migration
2023-03-12,Battery,Electrical system,33,5289.92,6678.32,174567.36,Wholesale Client,Cash,Completed,ORD001381,Automated migration
2023-03-13,Oil Filter,Engine system,30,161.14,179.24,4834.2,Retail Client,Check,Completed,ORD000146,Automated migration
2023-03-14,Brake Pads,Braking system,14,1159.32,717.37,16230.48,Wholesale Client,Maya,Completed,ORD000701,Automated migration
2023-03-15,Shock Absorber,Suspension & traction,25,3840.39,4132.54,96009.75,Retail Client,Check,Completed,ORD001034,Automated migration
2023-03-18,Alternator,Electrical system,21,7320.88,3567.92,153738.48,Wholesale Client,Bank Transfer,Completed,ORD001481,Automated migration
2023-03-18,Battery,Electrical system,25,6350.29,5646.6,158757.25,Retail Client,Maya,Completed,ORD001380,Automated migration
2023-03-18,Oil Filter,Engine system,25,155.24,183.87,3881.0,Retail Client,Cash,Completed,ORD000149,Automated migration
2023-03-19,Air Filter,Engine system,20,307.01,237.04,6140.2,Wholesale Client,Cash,Completed,ORD000432,Automated migration
2023-03-20,Shock Absorber,Suspension & traction,20,3167.96,3078.39,63359.2,Wholesale Client,Maya,Completed,ORD001039,Automated migration
2023-03-21,Shock Absorber,Suspension & traction,23,4104.19,4269.35,94396.37,Retail Client,Maya,Completed,ORD001036,Automated migration
2023-03-21,Wheel Bearing,Drivetrain,33,2728.56,3724.15,90042.48,Wholesale Client,Check,Completed,ORD001227,Automated migration
2023-03-22,Brake Pads,Braking system,36,973.37,1477.02,35041.32,Wholesale Client,GCash,Completed,ORD000700,Automated migration
2023-03-22,Oil Filter,Engine system,16,216.16,164.51,3458.56,Retail Client,GCash,Completed,ORD000150,Automated migration
2023-03-24,Shock Absorber,Suspension & traction,49,2561.27,6010.21,125502.23,Retail Client,Cash,Completed,ORD001040,Automated migration
2023-03-24,Wheel Bearing,Drivetrain,15,2847.85,1776.0,42717.75,Wholesale Client,Cash,Completed,ORD001231,Automated migration
2023-03-25,Alternator,Electrical system,21,7878.8,6963.07,165454.8,Wholesale Client,Cash,Completed,ORD001482,Automated migration
2023-03-26,Air Filter,Engine system,37,342.3,602.11,12665.1,Retail Client,Check,Completed,ORD000434,Automated migration
2023-03-29,Air Filter,Engine system,34,333.52,345.02,11339.68,Wholesale Client,Maya,Completed,ORD000433,Automated migration
2023-04-01,Alternator,Electrical system,0,11356.81,0.0,0.0,Wholesale Client,Maya,Completed,ORD001484,Automated migration
2023-04-01,Battery,Electrical system,0,4978.81,0.0,0.0,Retail Client,GCash,Completed,ORD001382,Automated migration
2023-04-01,Brake Pads,Braking system,24,1515.69,1142.5,36376.56,Retail Client,Cash,Completed,ORD000709,Automated migration
2023-04-01,Catalytic Converter,Exhaust system,0,13200.14,0.0,0.0,Wholesale Client,Bank Transfer,Completed,ORD001711,Automated migration
2023-04-01,ECU Module,Electrical system,0,25033.75,0.0,0.0,Wholesale Client,Bank Transfer,Completed,ORD001930,Automated migration
2023-04-02,Shock Absorber,Suspension & traction,24,2980.33,3297.21,71527.92,Retail Client,Bank Transfer,Completed,ORD001045,Automated migration
2023-04-05,Brake Pads,Braking system,11,1215.14,579.17,13366.54,Wholesale Client,Check,Completed,ORD000708,Automated migration
2023-04-06,Shock Absorber,Suspension & traction,19,3275.62,2643.8,62236.78,Wholesale Client,GCash,Completed,ORD001043,Automated migration
2023-04-07,Air Filter,Engine system,21,273.08,240.31,5734.68,Wholesale Client,Check,Completed,ORD000437,Automated migration
2023-04-07,Oil Filter,Engine system,20,164.07,195.85,3281.4,Retail Client,Check,Completed,ORD000154,Automated migration
2023-04-07,Shock Absorber,Suspension & traction,20,3439.2,2434.0,68784.0,Retail Client,Bank Transfer,Completed,ORD001041,Automated migration
2023-04-10,Oil Filter,Engine system,21,249.49,204.51,5239.29,Wholesale Client,GCash,Completed,ORD000152,Automated migration
2023-04-10,Shock Absorber,Suspension & traction,27,3233.36,2221.11,87300.72,Retail Client,Maya,Completed,ORD001044,Automated migration
2023-04-11,Brake Pads,Braking system,18,1474.18,1198.55,26535.24,Wholesale Client,Bank Transfer,Completed,ORD000710,Automated migration
2023-04-13,Wheel Bearing,Drivetrain,46,2355.47,4580.83,108351.62,Retail Client,GCash,Completed,ORD001234,Automated migration
2023-04-14,Oil Filter,Engine system,23,202.12,167.51,4648.76,Wholesale Client,Check,Completed,ORD000153,Automated migration
2023-04-14,Oil Filter,Engine system,37,196.33,178.64,7264.21,Wholesale Client,Cash,Completed,ORD000155,Automated migration
2023-04-15,Brake Pads,Braking system,40,1313.42,2410.94,52536.8,Wholesale Client,Bank Transfer,Completed,ORD000705,Automated migration
2023-04-15,Starter Motor,Electrical system,29,9708.36,5748.83,281542.44,Wholesale Client,Maya,Completed,ORD001597,Automated migration
2023-04-16,Air Filter,Engine system,47,232.15,483.46,10911.05,Wholesale Client,Bank Transfer,Completed,ORD000436,Automated migration
2023-04-16,Brake Pads,Braking system,16,1460.85,1185.73,23373.6,Wholesale Client,GCash,Completed,ORD000707,Automated migration
2023-04-20,Wheel Bearing,Drivetrain,18,2888.58,1752.59,51994.44,Wholesale Client,Bank Transfer,Completed,ORD001232,Automated migration
2023-04-21,Starter Motor,Electrical system,27,8950.43,6579.88,241661.61,Wholesale Client,Check,Completed,ORD001596,Automated migration
2023-04-26,Shock Absorber,Suspension & traction,21,3091.76,2694.69,64926.96,Retail Client,Bank Transfer,Completed,ORD001042,Automated migration
2023-04-26,Wheel Bearing,Drivetrain,22,2648.52,2615.96,58267.44,Wholesale Client,Cash,Completed,ORD001233,Automated migration
2023-04-27,Air Filter,Engine system,22,265.79,254.65,5847.38,Retail Client,GCash,Completed,ORD000435,Automated migration
2023-04-27,Brake Pads,Braking system,36,1217.56,2183.13,43832.16,Retail Client,GCash,Completed,ORD000706,Automated migration
2023-04-29,Oil Filter,Engine system,18,245.44,135.86,4417.92,Wholesale Client,Bank Transfer,Completed,ORD000151,Automated migration
2023-05-01,Battery,Electrical system,0,5486.95,0.0,0.0,Wholesale Client,Bank Transfer,Completed,ORD001383,Automated migration
2023-05-01,Brake Pads,Braking system,23,1162.97,1138.88,26748.31,Retail Client,Cash,Completed,ORD000715,Automated migration
2023-05-01,ECU Module,Electrical system,0,27255.17,0.0,0.0,Wholesale Client,Maya,Completed,ORD001931,Automated migration
2023-05-01,Oil Filter,Engine system,31,173.68,180.62,5384.08,Retail Client,Bank Transfer,Completed,ORD000156,Automated migration
2023-05-01,Starter Motor,Electrical system,0,11093.63,0.0,0.0,Retail Client,GCash,Completed,ORD001598,Automated migration
2023-05-03,Alternator,Electrical system,13,11467.07,5481.4,149071.91,Wholesale Client,GCash,Completed,ORD001485,Automated migration
2023-05-03,Brake Pads,Braking system,22,1295.99,947.14,28511.78,Retail Client,GCash,Completed,ORD000714,Automated migration
2023-05-03,Wheel Bearing,Drivetrain,42,2054.54,2097.62,86290.68,Wholesale Client,Bank Transfer,Completed,ORD001235,Automated migration
2023-05-04,Air Filter,Engine system,28,263.96,362.42,7390.88,Wholesale Client,GCash,Completed,ORD000439,Automated migration
2023-05-09,Catalytic Converter,Exhaust system,16,17902.83,7127.93,286445.28,Wholesale Client,Maya,Completed,ORD001717,Automated migration
2023-05-10,Brake Pads,Braking system,9,1490.84,417.15,13417.56,Wholesale Client,Cash,Completed,ORD000712,Automated migration
2023-05-10,Wheel Bearing,Drivetrain,39,2560.0,2914.05,99840.0,Retail Client,Check,Completed,ORD001236,Automated migration
2023-05-11,Alternator,Electrical system,52,11205.91,26920.91,582707.32,Retail Client,Maya,Completed,ORD001486,Automated migration
2023-05-12,Wheel Bearing,Drivetrain,11,1969.6,896.1,21665.6,Retail Client,Bank Transfer,Completed,ORD001237,Automated migration
2023-05-13,Catalytic Converter,Exhaust system,36,15206.04,24068.12,547417.44,Wholesale Client,GCash,Completed,ORD001712,Automated migration
2023-05-13,Oil Filter,Engine system,41,229.59,305.18,9413.19,Retail Client,Check,Completed,ORD000157,Automated migration
2023-05-16,Catalytic Converter,Exhaust system,40,19034.35,29542.33,761374.0,Wholesale Client,Check,Completed,ORD001713,Automated migration
2023-05-19,Brake Pads,Braking system,46,1318.53,2297.58,60652.38,Wholesale Client,GCash,Completed,ORD000716,Automated migration
2023-05-19,Catalytic Converter,Exhaust system,27,23686.77,28809.54,639542.79,Wholesale Client,Bank Transfer,Completed,ORD001719,Automated migration
2023-05-20,Catalytic Converter,Exhaust system,34,12727.79,20458.8,432744.86,Retail Client,Cash,Completed,ORD001714,Automated migration
2023-05-20,Catalytic Converter,Exhaust system,35,21064.02,15059.16,737240.7,Wholesale Client,Bank Transfer,Completed,ORD001716,Automated migration
2023-05-21,Shock Absorber,Suspension & traction,16,3595.46,2341.27,57527.36,Wholesale Client,Maya,Completed,ORD001048,Automated migration
2023-05-21,Shock Absorber,Suspension & traction,24,2546.1,1351.84,61106.4,Retail Client,GCash,Completed,ORD001049,Automated migration
2023-05-22,Oil Filter,Engine system,13,188.39,115.94,2449.07,Wholesale Client,Bank Transfer,Completed,ORD000158,Automated migration
2023-05-22,Shock Absorber,Suspension & traction,27,3181.01,2508.5,85887.27,Retail Client,Maya,Completed,ORD001046,Automated migration
2023-05-22,Shock Absorber,Suspension & traction,10,2754.07,852.6,27540.7,Retail Client,Bank Transfer,Completed,ORD001050,Automated migration
2023-05-24,Air Filter,Engine system,5,268.62,62.27,1343.1,Retail Client,Maya,Completed,ORD000438,Automated migration
2023-05-24,Shock Absorber,Suspension & traction,30,2821.98,3312.3,84659.4,Wholesale Client,Check,Completed,ORD001051,Automated migration
2023-05-25,Catalytic Converter,Exhaust system,14,12518.39,5309.25,175257.46,Wholesale Client,Bank Transfer,Completed,ORD001715,Automated migration
2023-05-25,Catalytic Converter,Exhaust system,28,13303.53,15663.28,372498.84,Retail Client,Maya,Completed,ORD001718,Automated migration
2023-05-25,Oil Filter,Engine system,25,161.83,167.05,4045.75,Wholesale Client,Check,Completed,ORD000159,Automated migration
2023-05-26,Oil Filter,Engine system,32,221.21,203.55,7078.72,Retail Client,Bank Transfer,Completed,ORD000160,Automated migration
2023-05-27,Air Filter,Engine system,65,305.05,883.8,19828.25,Wholesale Client,Maya,Completed,ORD000440,Automated migration
2023-05-27,Brake Pads,Braking system,17,1598.13,817.19,27168.21,Wholesale Client,Bank Transfer,Completed,ORD000713,Automated migration
2023-05-28,Brake Pads,Braking system,22,1135.22,852.67,24974.84,Retail Client,Maya,Completed,ORD000711,Automated migration
2023-05-28,Oil Filter,Engine system,1,162.5,54.32,162.5,Retail Client,GCash,Completed,ORD000161,Automated migration
2023-05-28,Shock Absorber,Suspension & traction,39,3264.82,3865.62,127327.98,Wholesale Client,Bank Transfer,Completed,ORD001047,Automated migration
2023-06-01,Catalytic Converter,Exhaust system,0,14231.13,0.0,0.0,Retail Client,Check,Completed,ORD001720,Automated migration
2023-06-01,ECU Module,Electrical system,0,21777.8,0.0,0.0,Retail Client,GCash,Completed,ORD001932,Automated migration
2023-06-01,Starter Motor,Electrical system,0,11292.58,0.0,0.0,Wholesale Client,Bank Transfer,Completed,ORD001599,Automated migration
2023-06-02,Alternator,Electrical system,16,11824.09,7471.25,189185.44,Retail Client,Cash,Completed,ORD001487,Automated migration
2023-06-04,Brake Pads,Braking system,20,1205.08,997.12,24101.6,Wholesale Client,Bank Transfer,Completed,ORD000718,Automated migration
2023-06-04,Oil Filter,Engine system,19,225.91,212.13,4292.29,Wholesale Client,Check,Completed,ORD000163,Automated migration
2023-06-05,Air Filter,Engine system,24,237.26,168.99,5694.24,Wholesale Client,Cash,Completed,ORD000442,Automated migration
2023-06-07,Battery,Electrical system,35,4826.48,5536.46,168926.8,Wholesale Client,Bank Transfer,Completed,ORD001384,Automated migration
2023-06-09,Oil Filter,Engine system,37,155.52,271.62,5754.24,Wholesale Client,Bank Transfer,Completed,ORD000167,Automated migration
2023-06-10,Brake Pads,Braking system,24,1580.09,897.39,37922.16,Wholesale Client,Maya,Completed,ORD000720,Automated migration
2023-06-13,Battery,Electrical system,33,5902.34,5541.43,194777.22,Wholesale Client,Maya,Completed,ORD001385,Automated migration
2023-06-14,Air Filter,Engine system,30,335.69,325.78,10070.7,Retail Client,GCash,Completed,ORD000443,Automated migration
2023-06-15,Oil Filter,Engine system,29,240.22,259.81,6966.38,Retail Client,Check,Completed,ORD000168,Automated migration
2023-06-16,Brake Pads,Braking system,16,1445.88,1184.82,23134.08,Retail Client,Check,Completed,ORD000721,Automated migration
2023-06-18,Wheel Bearing,Drivetrain,6,2799.34,391.89,16796.04,Wholesale Client,GCash,Completed,ORD001238,Automated migration
2023-06-19,Brake Pads,Braking system,31,1404.07,1577.29,43526.17,Wholesale Client,Check,Completed,ORD000717,Automated migration
2023-06-20,Brake Pads,Braking system,24,1509.28,955.55,36222.72,Retail Client,Bank Transfer,Completed,ORD000719,Automated migration
2023-06-21,Shock Absorber,Suspension & traction,28,3687.22,5115.01,103242.16,Retail Client,Cash,Completed,ORD001052,Automated migration
2023-06-23,Air Filter,Engine system,44,344.73,384.48,15168.12,Wholesale Client,Check,Completed,ORD000441,Automated migration
2023-06-25,Alternator,Electrical system,24,9224.55,7147.15,221389.2,Retail Client,Bank Transfer,Completed,ORD001488,Automated migration
2023-06-26,Oil Filter,Engine system,34,232.48,379.64,7904.32,Wholesale Client,Check,Completed,ORD000166,Automated migration
2023-06-27,Alternator,Electrical system,43,12165.35,21557.46,523110.05,Wholesale Client,Maya,Completed,ORD001489,Automated migration
2023-06-28,Oil Filter,Engine system,18,162.14,122.37,2918.52,Wholesale Client,GCash,Completed,ORD000162,Automated migration
2023-06-29,Oil Filter,Engine system,18,172.81,115.28,3110.58,Retail Client,GCash,Completed,ORD000164,Automated migration
2023-06-29,Oil Filter,Engine system,24,143.71,156.23,3449.04,Retail Client,Cash,Completed,ORD000165,Automated migration
2023-07-01,Alternator,Electrical system,34,11364.42,10811.86,386390.28,Wholesale Client,GCash,Completed,ORD001490,Automated migration
2023-07-01,Battery,Electrical system,0,7590.45,0.0,0.0,Retail Client,Check,Completed,ORD001386,Automated migration
2023-07-01,ECU Module,Electrical system,0,22374.26,0.0,0.0,Retail Client,Bank Transfer,Completed,ORD001933,Automated migration
2023-07-01,Shock Absorber,Suspension & traction,29,3519.58,2911.79,102067.82,Wholesale Client,Cash,Completed,ORD001057,Automated migration
2023-07-01,Starter Motor,Electrical system,0,7152.6,0.0,0.0,Retail Client,Cash,Completed,ORD001600,Automated migration
2023-07-02,Alternator,Electrical system,15,9012.25,5417.1,135183.75,Wholesale Client,GCash,Completed,ORD001491,Automated migration
2023-07-03,Catalytic Converter,Exhaust system,28,17472.43,24030.15,489228.04,Retail Client,Maya,Completed,ORD001721,Automated migration
2023-07-04,Oil Filter,Engine system,38,202.65,336.48,7700.7,Wholesale Client,Check,Completed,ORD000172,Automated migration
2023-07-05,Air Filter,Engine system,14,287.43,121.83,4024.02,Retail Client,Bank Transfer,Completed,ORD000445,Automated migration
2023-07-06,Oil Filter,Engine system,31,241.47,201.08,7485.57,Retail Client,Maya,Completed,ORD000169,Automated migration
2023-07-09,Air Filter,Engine system,50,317.95,810.53,15897.5,Wholesale Client,Check,Completed,ORD000446,Automated migration
2023-07-09,Alternator,Electrical system,23,6921.0,4649.58,159183.0,Retail Client,Check,Completed,ORD001492,Automated migration
2023-07-09,Brake Pads,Braking system,28,1328.85,896.45,37207.8,Wholesale Client,Maya,Completed,ORD000724,Automated migration
2023-07-10,Brake Pads,Braking system,24,1529.89,1437.26,36717.36,Wholesale Client,GCash,Completed,ORD000725,Automated migration
2023-07-13,Brake Pads,Braking system,17,1481.38,1007.37,25183.46,Wholesale Client,GCash,Completed,ORD000726,Automated migration
2023-07-15,Brake Pads,Braking system,19,1182.29,918.94,22463.51,Retail Client,Bank Transfer,Completed,ORD000723,Automated migration
2023-07-15,Shock Absorber,Suspension & traction,38,3518.61,3788.88,133707.18,Retail Client,Bank Transfer,Completed,ORD001058,Automated migration
2023-07-16,Catalytic Converter,Exhaust system,23,17332.05,8180.62,398637.15,Retail Client,Check,Completed,ORD001723,Automated migration
2023-07-16,Oil Filter,Engine system,16,150.27,141.01,2404.32,Retail Client,Check,Completed,ORD000171,Automated migration
2023-07-16,Shock Absorber,Suspension & traction,19,3237.66,1723.96,61515.54,Wholesale Client,Bank Transfer,Completed,ORD001059,Automated migration
2023-07-17,Shock Absorber,Suspension & traction,39,2667.59,4219.27,104036.01,Retail Client,Maya,Completed,ORD001054,Automated migration
2023-07-17,Wheel Bearing,Drivetrain,21,1713.44,1511.32,35982.24,Wholesale Client,GCash,Completed,ORD001239,Automated migration
2023-07-20,Shock Absorber,Suspension & traction,23,2832.13,2521.85,65138.99,Retail Client,GCash,Completed,ORD001053,Automated migration
2023-07-21,Catalytic Converter,Exhaust system,19,15676.37,8774.28,297851.03,Wholesale Client,Bank Transfer,Completed,ORD001725,Automated migration
2023-07-21,Shock Absorber,Suspension & traction,44,3798.86,4722.94,167149.84,Wholesale Client,Maya,Completed,ORD001060,Automated migration
2023-07-21,Shock Absorber,Suspension & traction,25,3261.06,3141.94,81526.5,Wholesale Client,Maya,Completed,ORD001061,Automated migration
2023-07-23,Catalytic Converter,Exhaust system,26,19047.73,22805.43,495240.98,Wholesale Client,Check,Completed,ORD001724,Automated migration
2023-07-24,Oil Filter,Engine system,4,247.59,79.47,990.36,Retail Client,Maya,Completed,ORD000173,Automated migration
2023-07-25,Brake Pads,Braking system,16,1185.88,480.15,18974.08,Retail Client,Check,Completed,ORD000727,Automated migration
2023-07-26,Catalytic Converter,Exhaust system,31,23947.71,18322.37,742379.01,Retail Client,GCash,Completed,ORD001722,Automated migration
2023-07-26,Oil Filter,Engine system,39,244.44,509.35,9533.16,Retail Client,Maya,Completed,ORD000170,Automated migration
2023-07-27,Catalytic Converter,Exhaust system,14,17582.07,10405.49,246148.98,Wholesale Client,Maya,Completed,ORD001726,Automated migration
2023-07-27,Shock Absorber,Suspension & traction,16,3426.51,2571.45,54824.16,Wholesale Client,Maya,Completed,ORD001055,Automated migration
2023-07-29,Shock Absorber,Suspension & traction,31,2721.8,2232.96,84375.8,Retail Client,GCash,Completed,ORD001056,Automated migration
2023-07-30,Air Filter,Engine system,21,331.9,308.63,6969.9,Wholesale Client,Bank Transfer,Completed,ORD000444,Automated migration
2023-07-30,Brake Pads,Braking system,37,1503.81,2331.52,55640.97,Wholesale Client,Bank Transfer,Completed,ORD000722,Automated migration
2023-08-01,Alternator,Electrical system,0,8093.24,0.0,0.0,Retail Client,GCash,Completed,ORD001493,Automated migration
2023-08-01,Battery,Electrical system,0,6709.71,0.0,0.0,Retail Client,Bank Transfer,Completed,ORD001387,Automated migration
2023-08-01,Catalytic Converter,Exhaust system,0,13312.35,0.0,0.0,Retail Client,Cash,Completed,ORD001727,Automated migration
2023-08-02,Air Filter,Engine system,15,235.08,181.92,3526.2,Wholesale Client,Bank Transfer,Completed,ORD000448,Automated migration
2023-08-04,Oil Filter,Engine system,14,197.18,103.12,2760.52,Wholesale Client,GCash,Completed,ORD000178,Automated migration
2023-08-07,Brake Pads,Braking system,33,984.28,1136.65,32481.24,Wholesale Client,Bank Transfer,Completed,ORD000730,Automated migration
2023-08-07,Brake Pads,Braking system,31,1067.25,1651.62,33084.75,Retail Client,Cash,Completed,ORD000732,Automated migration
2023-08-07,Oil Filter,Engine system,21,162.06,147.04,3403.26,Wholesale Client,GCash,Completed,ORD000177,Automated migration
2023-08-09,Oil Filter,Engine system,17,171.39,167.06,2913.63,Retail Client,Bank Transfer,Completed,ORD000175,Automated migration
2023-08-13,ECU Module,Electrical system,15,19219.94,7423.58,288299.1,Retail Client,Check,Completed,ORD001934,Automated migration
2023-08-14,Air Filter,Engine system,32,337.16,458.74,10789.12,Wholesale Client,Maya,Completed,ORD000449,Automated migration
2023-08-15,Wheel Bearing,Drivetrain,12,2539.39,1529.23,30472.68,Wholesale Client,GCash,Completed,ORD001240,Automated migration
2023-08-19,Starter Motor,Electrical system,27,6459.1,4046.6,174395.7,Wholesale Client,Bank Transfer,Completed,ORD001601,Automated migration
2023-08-20,Oil Filter,Engine system,55,163.24,225.19,8978.2,Retail Client,Cash,Completed,ORD000176,Automated migration
2023-08-21,Brake Pads,Braking system,23,1207.66,947.33,27776.18,Retail Client,Maya,Completed,ORD000728,Automated migration
2023-08-25,Brake Pads,Braking system,26,1455.31,883.64,37838.06,Retail Client,Maya,Completed,ORD000731,Automated migration
2023-08-26,Brake Pads,Braking system,21,1443.08,1335.55,30304.68,Retail Client,Maya,Completed,ORD000729,Automated migration
2023-08-26,Shock Absorber,Suspension & traction,10,2854.39,1400.54,28543.9,Wholesale Client,Bank Transfer,Completed,ORD001062,Automated migration
2023-08-27,Starter Motor,Electrical system,23,10602.76,8100.36,243863.48,Retail Client,Maya,Completed,ORD001602,Automated migration
2023-08-28,Oil Filter,Engine system,24,188.1,175.17,4514.4,Retail Client,Check,Completed,ORD000174,Automated migration
2023-08-30,Air Filter,Engine system,51,317.71,560.44,16203.21,Wholesale Client,GCash,Completed,ORD000447,Automated migration
2023-09-01,Alternator,Electrical system,0,7498.67,0.0,0.0,Retail Client,GCash,Completed,ORD001494,Automated migration
2023-09-01,Brake Pads,Braking system,35,1412.18,1044.7,49426.3,Wholesale Client,Cash,Completed,ORD000736,Automated migration
2023-09-01,ECU Module,Electrical system,42,22035.45,34916.65,925488.9,Wholesale Client,Maya,Completed,ORD001943,Automated migration
2023-09-01,Starter Motor,Electrical system,0,8212.5,0.0,0.0,Retail Client,Cash,Completed,ORD001603,Automated migration
2023-09-02,Battery,Electrical system,27,7550.16,8021.43,203854.32,Retail Client,Maya,Completed,ORD001388,Automated migration
2023-09-04,ECU Module,Electrical system,11,16343.31,4927.56,179776.41,Retail Client,Maya,Completed,ORD001940,Automated migration
2023-09-05,ECU Module,Electrical system,45,14650.47,27334.77,659271.15,Wholesale Client,GCash,Completed,ORD001945,Automated migration
2023-09-05,ECU Module,Electrical system,35,22758.55,18151.03,796549.25,Retail Client,Cash,Completed,ORD001946,Automated migration
2023-09-05,Oil Filter,Engine system,20,233.17,158.93,4663.4,Retail Client,Bank Transfer,Completed,ORD000179,Automated migration
2023-09-07,ECU Module,Electrical system,16,21961.83,16315.2,351389.28,Retail Client,Maya,Completed,ORD001935,Automated migration
2023-09-08,Wheel Bearing,Drivetrain,32,1868.71,2543.96,59798.72,Retail Client,Cash,Completed,ORD001242,Automated migration
2023-09-09,Wheel Bearing,Drivetrain,20,2063.07,888.57,41261.4,Retail Client,GCash,Completed,ORD001241,Automated migration
2023-09-11,Brake Pads,Braking system,31,1101.98,965.74,34161.38,Retail Client,Bank Transfer,Completed,ORD000734,Automated migration
2023-09-12,Battery,Electrical system,33,4803.3,4213.62,158508.9,Wholesale Client,Cash,Completed,ORD001389,Automated migration
2023-09-12,Shock Absorber,Suspension & traction,27,3394.95,2624.63,91663.65,Retail Client,Bank Transfer,Completed,ORD001063,Automated migration
2023-09-13,Air Filter,Engine system,36,334.0,378.45,12024.0,Retail Client,Cash,Completed,ORD000452,Automated migration
2023-09-13,Oil Filter,Engine system,7,188.56,74.74,1319.92,Retail Client,Cash,Completed,ORD000182,Automated migration
2023-09-14,ECU Module,Electrical system,40,17589.97,23803.56,703598.8,Wholesale Client,Cash,Completed,ORD001942,Automated migration
2023-09-15,Air Filter,Engine system,26,314.44,382.88,8175.44,Retail Client,Maya,Completed,ORD000451,Automated migration
2023-09-15,Brake Pads,Braking system,5,1328.72,290.32,6643.6,Wholesale Client,Maya,Completed,ORD000733,Automated migration
2023-09-15,Brake Pads,Braking system,31,1332.81,1682.99,41317.11,Wholesale Client,Maya,Completed,ORD000737,Automated migration
2023-09-16,Oil Filter,Engine system,34,196.17,181.89,6669.78,Retail Client,Bank Transfer,Completed,ORD000181,Automated migration
2023-09-17,Catalytic Converter,Exhaust system,21,22938.87,23415.96,481716.27,Wholesale Client,Cash,Completed,ORD001728,Automated migration
2023-09-17,ECU Module,Electrical system,16,23683.38,17138.47,378934.08,Retail Client,Maya,Completed,ORD001947,Automated migration
2023-09-17,Oil Filter,Engine system,28,204.65,294.71,5730.2,Wholesale Client,GCash,Completed,ORD000180,Automated migration
2023-09-18,ECU Module,Electrical system,47,16578.12,34855.68,779171.64,Wholesale Client,GCash,Completed,ORD001939,Automated migration
2023-09-18,ECU Module,Electrical system,42,22230.32,44821.31,933673.44,Wholesale Client,GCash,Completed,ORD001944,Automated migration
2023-09-18,Oil Filter,Engine system,17,209.53,156.0,3562.01,Retail Client,Maya,Completed,ORD000183,Automated migration
2023-09-20,ECU Module,Electrical system,16,16283.81,6816.77,260540.96,Retail Client,Bank Transfer,Completed,ORD001937,Automated migration
2023-09-21,ECU Module,Electrical system,12,26433.69,12235.76,317204.28,Wholesale Client,GCash,Completed,ORD001938,Automated migration
2023-09-26,Air Filter,Engine system,22,358.83,379.36,7894.26,Retail Client,Maya,Completed,ORD000450,Automated migration
2023-09-26,ECU Module,Electrical system,34,25789.82,36983.3,876853.88,Wholesale Client,Bank Transfer,Completed,ORD001936,Automated migration
2023-09-26,ECU Module,Electrical system,46,23458.9,38497.62,1079109.4,Retail Client,Maya,Completed,ORD001941,Automated migration
2023-09-30,Brake Pads,Braking system,34,1548.57,1198.93,52651.38,Retail Client,Check,Completed,ORD000735,Automated migration
2023-09-30,Oil Filter,Engine system,38,202.27,284.04,7686.26,Retail Client,Maya,Completed,ORD000184,Automated migration
2023-10-01,Battery,Electrical system,0,6544.31,0.0,0.0,Wholesale Client,Check,Completed,ORD001390,Automated migration
2023-10-01,Brake Pads,Braking system,21,1288.13,1055.65,27050.73,Wholesale Client,Check,Completed,ORD000742,Automated migration
2023-10-01,Catalytic Converter,Exhaust system,0,15403.52,0.0,0.0,Retail Client,Bank Transfer,Completed,ORD001729,Automated migration
2023-10-01,ECU Module,Electrical system,0,23975.39,0.0,0.0,Wholesale Client,Maya,Completed,ORD001948,Automated migration
2023-10-03,Brake Pads,Braking system,24,1524.54,1182.57,36588.96,Retail Client,Bank Transfer,Completed,ORD000741,Automated migration
2023-10-06,Wheel Bearing,Drivetrain,16,1920.54,1483.88,30728.64,Wholesale Client,Bank Transfer,Completed,ORD001245,Automated migration
2023-10-07,Wheel Bearing,Drivetrain,15,2538.65,1562.71,38079.75,Wholesale Client,Check,Completed,ORD001247,Automated migration
2023-10-08,Brake Pads,Braking system,21,1449.11,1372.98,30431.31,Retail Client,Maya,Completed,ORD000739,Automated migration
2023-10-08,Brake Pads,Braking system,30,1175.09,1231.58,35252.7,Retail Client,GCash,Completed,ORD000740,Automated migration
2023-10-08,Wheel Bearing,Drivetrain,28,2574.0,2845.39,72072.0,Wholesale Client,Check,Completed,ORD001243,Automated migration
2023-10-10,Air Filter,Engine system,36,284.44,326.21,10239.84,Wholesale Client,Maya,Completed,ORD000454,Automated migration
2023-10-10,Alternator,Electrical system,43,11536.36,20460.79,496063.48,Wholesale Client,Cash,Completed,ORD001496,Automated migration
2023-10-10,Alternator,Electrical system,25,7494.36,6191.03,187359.0,Wholesale Client,Cash,Completed,ORD001497,Automated migration
2023-10-10,Starter Motor,Electrical system,25,8636.48,7223.32,215912.0,Wholesale Client,Maya,Completed,ORD001604,Automated migration
2023-10-11,Air Filter,Engine system,22,234.63,246.37,5161.86,Retail Client,GCash,Completed,ORD000455,Automated migration
2023-10-12,Oil Filter,Engine system,18,158.99,162.38,2861.82,Wholesale Client,GCash,Completed,ORD000186,Automated migration
2023-10-14,Oil Filter,Engine system,29,212.57,181.55,6164.53,Wholesale Client,GCash,Completed,ORD000190,Automated migration
2023-10-15,Wheel Bearing,Drivetrain,15,2773.1,1907.28,41596.5,Wholesale Client,Maya,Completed,ORD001246,Automated migration
2023-10-17,Oil Filter,Engine system,39,147.78,186.7,5763.42,Retail Client,Cash,Completed,ORD000189,Automated migration
2023-10-18,Shock Absorber,Suspension & traction,7,3970.38,970.76,27792.66,Wholesale Client,Bank Transfer,Completed,ORD001064,Automated migration
2023-10-19,Alternator,Electrical system,6,9764.75,1234.15,58588.5,Wholesale Client,Cash,Completed,ORD001495,Automated migration
2023-10-20,Starter Motor,Electrical system,34,8583.23,8502.28,291829.82,Wholesale Client,Maya,Completed,ORD001605,Automated migration
2023-10-21,Oil Filter,Engine system,21,237.16,217.01,4980.36,Retail Client,Maya,Completed,ORD000188,Automated migration
2023-10-23,Air Filter,Engine system,32,268.73,211.3,8599.36,Retail Client,GCash,Completed,ORD000453,Automated migration
2023-10-23,Shock Absorber,Suspension & traction,44,3586.16,5525.07,157791.04,Retail Client,Cash,Completed,ORD001066,Automated migration
2023-10-23,Wheel Bearing,Drivetrain,44,2560.2,5431.08,112648.8,Retail Client,GCash,Completed,ORD001244,Automated migration
2023-10-24,Brake Pads,Braking system,15,1222.11,459.82,18331.65,Retail Client,Bank Transfer,Completed,ORD000738,Automated migration
2023-10-24,Shock Absorber,Suspension & traction,43,3567.99,6607.16,153423.57,Retail Client,GCash,Completed,ORD001068,Automated migration
2023-10-24,Shock Absorber,Suspension & traction,12,4004.6,1580.32,48055.2,Retail Client,Check,Completed,ORD001069,Automated migration
2023-10-29,Oil Filter,Engine system,28,172.49,230.03,4829.72,Retail Client,Check,Completed,ORD000185,Automated migration
2023-10-29,Shock Absorber,Suspension & traction,38,3499.24,3746.98,132971.12,Wholesale Client,Maya,Completed,ORD001065,Automated migration
2023-10-29,Shock Absorber,Suspension & traction,8,3739.66,780.45,29917.28,Retail Client,Cash,Completed,ORD001067,Automated migration
2023-10-30,Oil Filter,Engine system,13,222.29,99.5,2889.77,Retail Client,Check,Completed,ORD000187,Automated migration
2023-11-01,Alternator,Electrical system,28,7436.5,4643.8,208222.0,Wholesale Client,Check,Completed,ORD001498,Automated migration
2023-11-01,Catalytic Converter,Exhaust system,0,13048.98,0.0,0.0,Wholesale Client,Check,Completed,ORD001730,Automated migration
2023-11-01,ECU Module,Electrical system,0,23924.74,0.0,0.0,Wholesale Client,Check,Completed,ORD001949,Automated migration
2023-11-01,Starter Motor,Electrical system,0,10882.89,0.0,0.0,Wholesale Client,Check,Completed,ORD001606,Automated migration
2023-11-03,Battery,Electrical system,30,4313.18,5791.06,129395.4,Wholesale Client,Bank Transfer,Completed,ORD001391,Automated migration
2023-11-05,Shock Absorber,Suspension & traction,26,2826.85,3016.88,73498.1,Retail Client,Cash,Completed,ORD001070,Automated migration
2023-11-05,Wheel Bearing,Drivetrain,7,2590.22,471.59,18131.54,Wholesale Client,Maya,Completed,ORD001251,Automated migration
2023-11-07,Brake Pads,Braking system,36,1319.35,1392.25,47496.6,Wholesale Client,Check,Completed,ORD000746,Automated migration
2023-11-07,Wheel Bearing,Drivetrain,26,1643.13,1290.47,42721.38,Retail Client,Check,Completed,ORD001252,Automated migration
2023-11-08,Brake Pads,Braking system,31,1254.85,1117.67,38900.35,Retail Client,Check,Completed,ORD000745,Automated migration
2023-11-09,Oil Filter,Engine system,36,234.05,321.77,8425.8,Retail Client,Check,Completed,ORD000191,Automated migration
2023-11-10,Air Filter,Engine system,18,266.28,220.99,4793.04,Retail Client,Check,Completed,ORD000457,Automated migration
2023-11-10,Battery,Electrical system,23,4311.27,3085.48,99159.21,Retail Client,GCash,Completed,ORD001392,Automated migration
2023-11-12,Brake Pads,Braking system,17,1116.05,602.86,18972.85,Retail Client,Cash,Completed,ORD000744,Automated migration
2023-11-13,Battery,Electrical system,19,5363.89,4600.55,101913.91,Retail Client,GCash,Completed,ORD001393,Automated migration
2023-11-13,Oil Filter,Engine system,24,217.28,269.02,5214.72,Wholesale Client,GCash,Completed,ORD000194,Automated migration
2023-11-14,Air Filter,Engine system,27,299.17,258.16,8077.59,Retail Client,Maya,Completed,ORD000460,Automated migration
2023-11-15,Air Filter,Engine system,30,224.5,356.8,6735.0,Retail Client,GCash,Completed,ORD000456,Automated migration
2023-11-16,Oil Filter,Engine system,10,206.14,130.53,2061.4,Wholesale Client,Bank Transfer,Completed,ORD000193,Automated migration
2023-11-21,Air Filter,Engine system,13,324.7,164.43,4221.1,Wholesale Client,Maya,Completed,ORD000458,Automated migration
2023-11-21,Oil Filter,Engine system,30,214.9,218.86,6447.0,Retail Client,Cash,Completed,ORD000195,Automated migration
2023-11-22,Wheel Bearing,Drivetrain,57,2861.13,5781.67,163084.41,Retail Client,GCash,Completed,ORD001248,Automated migration
2023-11-22,Wheel Bearing,Drivetrain,28,2851.51,3900.29,79842.28,Retail Client,GCash,Completed,ORD001254,Automated migration
2023-11-23,Air Filter,Engine system,16,324.57,289.45,5193.12,Wholesale Client,Cash,Completed,ORD000459,Automated migration
2023-11-23,Brake Pads,Braking system,19,1129.46,537.72,21459.74,Wholesale Client,Bank Transfer,Completed,ORD000743,Automated migration
2023-11-23,Brake Pads,Braking system,31,1169.7,1176.34,36260.7,Wholesale Client,GCash,Completed,ORD000747,Automated migration
2023-11-25,Wheel Bearing,Drivetrain,1,2599.34,137.89,2599.34,Wholesale Client,Maya,Completed,ORD001253,Automated migration
2023-11-26,Wheel Bearing,Drivetrain,56,2649.58,5227.86,148376.48,Wholesale Client,Maya,Completed,ORD001249,Automated migration
2023-11-27,Brake Pads,Braking system,14,1315.16,495.99,18412.24,Retail Client,Maya,Completed,ORD000748,Automated migration
2023-11-28,Alternator,Electrical system,39,11530.17,20608.94,449676.63,Wholesale Client,Maya,Completed,ORD001499,Automated migration
2023-11-29,Oil Filter,Engine system,30,212.71,291.88,6381.3,Wholesale Client,GCash,Completed,ORD000192,Automated migration
2023-11-30,Wheel Bearing,Drivetrain,15,1689.21,1186.81,25338.15,Retail Client,GCash,Completed,ORD001250,Automated migration
2023-12-01,Battery,Electrical system,0,6309.97,0.0,0.0,Retail Client,Bank Transfer,Completed,ORD001394,Automated migration
2023-12-01,Catalytic Converter,Exhaust system,0,15749.91,0.0,0.0,Retail Client,Check,Completed,ORD001731,Automated migration
2023-12-01,ECU Module,Electrical system,0,18989.52,0.0,0.0,Retail Client,Check,Completed,ORD001950,Automated migration
2023-12-01,Oil Filter,Engine system,33,250.42,366.56,8263.86,Wholesale Client,GCash,Completed,ORD000198,Automated migration
2023-12-02,Oil Filter,Engine system,27,219.69,179.95,5931.63,Wholesale Client,GCash,Completed,ORD000197,Automated migration
2023-12-03,Brake Pads,Braking system,9,1043.22,411.07,9388.98,Wholesale Client,Bank Transfer,Completed,ORD000751,Automated migration
2023-12-05,Alternator,Electrical system,6,10161.94,1572.22,60971.64,Wholesale Client,Check,Completed,ORD001501,Automated migration
2023-12-05,Brake Pads,Braking system,42,1161.82,2035.64,48796.44,Wholesale Client,Bank Transfer,Completed,ORD000750,Automated migration
2023-12-05,Oil Filter,Engine system,31,152.77,168.15,4735.87,Retail Client,Bank Transfer,Completed,ORD000200,Automated migration
2023-12-08,Wheel Bearing,Drivetrain,30,2050.47,1473.84,61514.1,Wholesale Client,Maya,Completed,ORD001257,Automated migration
2023-12-10,Brake Pads,Braking system,35,1547.05,1373.89,54146.75,Retail Client,Maya,Completed,ORD000749,Automated migration
2023-12-11,Alternator,Electrical system,29,7527.09,4419.17,218285.61,Retail Client,Maya,Completed,ORD001500,Automated migration
2023-12-13,Air Filter,Engine system,27,275.72,349.04,7444.44,Retail Client,Check,Completed,ORD000465,Automated migration
2023-12-13,Alternator,Electrical system,36,9816.01,14860.12,353376.36,Wholesale Client,Check,Completed,ORD001502,Automated migration
2023-12-13,Brake Pads,Braking system,10,1140.04,452.65,11400.4,Wholesale Client,Check,Completed,ORD000752,Automated migration
2023-12-15,Air Filter,Engine system,40,274.42,297.21,10976.8,Wholesale Client,Cash,Completed,ORD000464,Automated migration
2023-12-17,Wheel Bearing,Drivetrain,36,2358.02,1943.53,84888.72,Retail Client,Bank Transfer,Completed,ORD001258,Automated migration
2023-12-18,Wheel Bearing,Drivetrain,35,2426.09,1795.3,84913.15,Retail Client,Bank Transfer,Completed,ORD001256,Automated migration
2023-12-21,Air Filter,Engine system,16,220.03,120.51,3520.48,Retail Client,Cash,Completed,ORD000461,Automated migration
2023-12-21,Air Filter,Engine system,26,274.86,373.07,7146.36,Retail Client,GCash,Completed,ORD000462,Automated migration
2023-12-21,Wheel Bearing,Drivetrain,27,1719.24,1296.68,46419.48,Wholesale Client,Cash,Completed,ORD001255,Automated migration
2023-12-22,Oil Filter,Engine system,29,252.12,252.16,7311.48,Retail Client,Check,Completed,ORD000199,Automated migration
2023-12-26,Oil Filter,Engine system,14,255.87,132.48,3582.18,Wholesale Client,Check,Completed,ORD000196,Automated migration
2023-12-27,Shock Absorber,Suspension & traction,13,3984.68,1413.85,51800.84,Wholesale Client,Cash,Completed,ORD001071,Automated migration
2023-12-27,Wheel Bearing,Drivetrain,30,2561.74,2780.97,76852.2,Retail Client,Bank Transfer,Completed,ORD001260,Automated migration
2023-12-30,Brake Pads,Braking system,22,1286.85,1109.29,28310.7,Retail Client,Cash,Completed,ORD000753,Automated migration
2023-12-30,Starter Motor,Electrical system,36,6581.16,6508.71,236921.76,Retail Client,Cash,Completed,ORD001607,Automated migration
2023-12-31,Air Filter,Engine system,16,334.3,137.17,5348.8,Wholesale Client,Cash,Completed,ORD000463,Automated migration
2023-12-31,Starter Motor,Electrical system,17,11373.95,6174.96,193357.15,Retail Client,Cash,Completed,ORD001608,Automated migration
2023-12-31,Wheel Bearing,Drivetrain,2,2288.83,154.77,4577.66,Retail Client,Bank Transfer,Completed,ORD001259,Automated migration
2024-01-01,Alternator,Electrical system,0,8922.56,0.0,0.0,Wholesale Client,Maya,Completed,ORD001503,Automated migration
2024-01-01,ECU Module,Electrical system,0,20614.75,0.0,0.0,Retail Client,GCash,Completed,ORD001951,Automated migration
2024-01-02,Oil Filter,Engine system,24,157.66,194.68,3783.84,Retail Client,Cash,Completed,ORD000201,Automated migration
2024-01-03,Air Filter,Engine system,19,327.86,254.22,6229.34,Retail Client,Check,Completed,ORD000467,Automated migration
2024-01-03,Starter Motor,Electrical system,16,11237.81,5884.91,179804.96,Retail Client,Maya,Completed,ORD001610,Automated migration
2024-01-04,Brake Pads,Braking system,22,1092.27,833.12,24029.94,Retail Client,Check,Completed,ORD000756,Automated migration
2024-01-04,Brake Pads,Braking system,25,1238.25,1164.58,30956.25,Wholesale Client,Maya,Completed,ORD000758,Automated migration
2024-01-05,Air Filter,Engine system,26,339.05,405.83,8815.3,Wholesale Client,Cash,Completed,ORD000468,Automated migration
2024-01-06,Air Filter,Engine system,21,312.04,311.92,6552.84,Retail Client,Cash,Completed,ORD000470,Automated migration
2024-01-09,Brake Pads,Braking system,19,1411.08,713.09,26810.52,Retail Client,Cash,Completed,ORD000755,Automated migration
2024-01-09,Brake Pads,Braking system,31,1015.23,1125.57,31472.13,Retail Client,Maya,Completed,ORD000757,Automated migration
2024-01-09,Starter Motor,Electrical system,35,7094.48,8055.87,248306.8,Retail Client,GCash,Completed,ORD001609,Automated migration
2024-01-10,Oil Filter,Engine system,37,215.35,415.07,7967.95,Retail Client,Maya,Completed,ORD000205,Automated migration
2024-01-14,Catalytic Converter,Exhaust system,4,13531.49,2146.3,54125.96,Retail Client,Cash,Completed,ORD001732,Automated migration
2024-01-15,Shock Absorber,Suspension & traction,38,3095.07,4275.03,117612.66,Wholesale Client,Maya,Completed,ORD001072,Automated migration
2024-01-16,Wheel Bearing,Drivetrain,6,1848.97,294.73,11093.82,Wholesale Client,Cash,Completed,ORD001261,Automated migration
2024-01-18,Battery,Electrical system,39,5711.67,8525.89,222755.13,Retail Client,Check,Completed,ORD001396,Automated migration
2024-01-19,Brake Pads,Braking system,33,969.9,776.43,32006.7,Wholesale Client,Bank Transfer,Completed,ORD000754,Automated migration
2024-01-21,Oil Filter,Engine system,15,236.04,147.2,3540.6,Retail Client,Bank Transfer,Completed,ORD000203,Automated migration
2024-01-23,Battery,Electrical system,29,6081.31,4315.81,176357.99,Wholesale Client,Bank Transfer,Completed,ORD001395,Automated migration
2024-01-26,Air Filter,Engine system,20,226.78,210.9,4535.6,Retail Client,Cash,Completed,ORD000466,Automated migration
2024-01-28,Oil Filter,Engine system,12,188.84,94.09,2266.08,Retail Client,Check,Completed,ORD000202,Automated migration
2024-01-28,Shock Absorber,Suspension & traction,21,3286.8,2213.8,69022.8,Wholesale Client,Bank Transfer,Completed,ORD001073,Automated migration
2024-01-29,Oil Filter,Engine system,44,204.25,458.68,8987.0,Wholesale Client,GCash,Completed,ORD000204,Automated migration
2024-01-31,Air Filter,Engine system,19,341.14,197.43,6481.66,Wholesale Client,Maya,Completed,ORD000469,Automated migration
2024-02-01,Catalytic Converter,Exhaust system,0,15880.29,0.0,0.0,Retail Client,Bank Transfer,Completed,ORD001733,Automated migration
2024-02-01,ECU Module,Electrical system,0,27104.99,0.0,0.0,Wholesale Client,Maya,Completed,ORD001952,Automated migration
2024-02-01,Oil Filter,Engine system,29,229.96,170.66,6668.84,Retail Client,Bank Transfer,Completed,ORD000209,Automated migration
2024-02-01,Starter Motor,Electrical system,0,8134.32,0.0,0.0,Retail Client,GCash,Completed,ORD001611,Automated migration
2024-02-02,Oil Filter,Engine system,23,196.11,121.73,4510.53,Retail Client,Check,Completed,ORD000206,Automated migration
2024-02-03,Brake Pads,Braking system,21,1050.28,786.7,22055.88,Wholesale Client,Check,Completed,ORD000761,Automated migration
2024-02-04,Wheel Bearing,Drivetrain,20,2453.07,1840.86,49061.4,Retail Client,Cash,Completed,ORD001265,Automated migration
2024-02-04,Wheel Bearing,Drivetrain,31,1994.58,2440.35,61831.98,Retail Client,GCash,Completed,ORD001268,Automated migration
2024-02-05,Air Filter,Engine system,23,295.71,305.28,6801.33,Wholesale Client,GCash,Completed,ORD000474,Automated migration
2024-02-05,Wheel Bearing,Drivetrain,35,2088.65,2058.35,73102.75,Wholesale Client,Bank Transfer,Completed,ORD001262,Automated migration
2024-02-06,Brake Pads,Braking system,15,1383.66,467.11,20754.9,Retail Client,Check,Completed,ORD000759,Automated migration
2024-02-06,Oil Filter,Engine system,31,170.86,264.28,5296.66,Retail Client,Cash,Completed,ORD000210,Automated migration
2024-02-08,Oil Filter,Engine system,28,228.54,252.0,6399.12,Retail Client,Cash,Completed,ORD000208,Automated migration
2024-02-08,Shock Absorber,Suspension & traction,27,2532.49,3117.1,68377.23,Wholesale Client,GCash,Completed,ORD001074,Automated migration
2024-02-08,Shock Absorber,Suspension & traction,24,2404.03,2598.82,57696.72,Retail Client,Check,Completed,ORD001075,Automated migration
2024-02-12,Wheel Bearing,Drivetrain,28,2166.96,2775.82,60674.88,Wholesale Client,Bank Transfer,Completed,ORD001263,Automated migration
2024-02-13,Alternator,Electrical system,28,7415.2,7223.65,207625.6,Wholesale Client,Maya,Completed,ORD001504,Automated migration
2024-02-13,Wheel Bearing,Drivetrain,32,2111.85,2052.25,67579.2,Retail Client,Bank Transfer,Completed,ORD001264,Automated migration
2024-02-15,Alternator,Electrical system,34,11753.33,17516.74,399613.22,Retail Client,Check,Completed,ORD001505,Automated migration
2024-02-15,Wheel Bearing,Drivetrain,21,1914.98,1387.29,40214.58,Retail Client,Maya,Completed,ORD001266,Automated migration
2024-02-17,Wheel Bearing,Drivetrain,34,2257.49,1998.57,76754.66,Retail Client,Check,Completed,ORD001269,Automated migration
2024-02-19,Air Filter,Engine system,27,222.65,311.21,6011.55,Retail Client,Bank Transfer,Completed,ORD000473,Automated migration
2024-02-19,Brake Pads,Braking system,43,1139.2,2296.99,48985.6,Wholesale Client,Cash,Completed,ORD000763,Automated migration
2024-02-19,Wheel Bearing,Drivetrain,37,2066.06,2628.08,76444.22,Retail Client,Maya,Completed,ORD001267,Automated migration
2024-02-21,Air Filter,Engine system,23,338.45,208.9,7784.35,Wholesale Client,Bank Transfer,Completed,ORD000472,Automated migration
2024-02-21,Battery,Electrical system,25,6987.14,5548.55,174678.5,Wholesale Client,GCash,Completed,ORD001397,Automated migration
2024-02-21,Battery,Electrical system,18,7010.31,5596.08,126185.58,Wholesale Client,GCash,Completed,ORD001398,Automated migration
2024-02-24,Air Filter,Engine system,27,271.93,366.47,7342.11,Wholesale Client,Bank Transfer,Completed,ORD000471,Automated migration
2024-02-24,Battery,Electrical system,27,5017.16,3558.52,135463.32,Wholesale Client,Cash,Completed,ORD001399,Automated migration
2024-02-26,Brake Pads,Braking system,34,1071.8,833.95,36441.2,Retail Client,GCash,Completed,ORD000762,Automated migration
2024-02-27,Brake Pads,Braking system,5,1375.0,342.44,6875.0,Wholesale Client,Check,Completed,ORD000760,Automated migration
2024-02-28,Oil Filter,Engine system,21,201.11,170.83,4223.31,Retail Client,Bank Transfer,Completed,ORD000207,Automated migration
2024-02-28,Oil Filter,Engine system,19,188.16,170.29,3575.04,Retail Client,Check,Completed,ORD000211,Automated migration
2024-03-01,Alternator,Electrical system,0,9283.65,0.0,0.0,Retail Client,GCash,Completed,ORD001506,Automated migration
2024-03-01,Catalytic Converter,Exhaust system,8,23320.06,4129.76,186560.48,Wholesale Client,Check,Completed,ORD001734,Automated migration
2024-03-01,Starter Motor,Electrical system,0,8090.29,0.0,0.0,Retail Client,Cash,Completed,ORD001612,Automated migration
2024-03-02,Oil Filter,Engine system,25,141.89,101.97,3547.25,Wholesale Client,Cash,Completed,ORD000212,Automated migration
2024-03-03,Oil Filter,Engine system,54,212.07,397.12,11451.78,Wholesale Client,Cash,Completed,ORD000213,Automated migration
2024-03-03,Shock Absorber,Suspension & traction,8,3380.13,1234.09,27041.04,Retail Client,Bank Transfer,Completed,ORD001076,Automated migration
2024-03-03,Shock Absorber,Suspension & traction,18,2704.74,1627.77,48685.32,Wholesale Client,Check,Completed,ORD001081,Automated migration
2024-03-05,Shock Absorber,Suspension & traction,20,2781.34,2824.72,55626.8,Wholesale Client,Cash,Completed,ORD001079,Automated migration
2024-03-05,Wheel Bearing,Drivetrain,11,1859.17,773.57,20450.87,Wholesale Client,Check,Completed,ORD001270,Automated migration
2024-03-06,Air Filter,Engine system,21,357.41,258.67,7505.61,Wholesale Client,GCash,Completed,ORD000477,Automated migration
2024-03-07,Battery,Electrical system,41,4552.56,5006.92,186654.96,Retail Client,Maya,Completed,ORD001400,Automated migration
2024-03-09,Brake Pads,Braking system,22,1481.14,1040.48,32585.08,Wholesale Client,GCash,Completed,ORD000765,Automated migration
2024-03-11,Brake Pads,Braking system,16,1569.71,824.42,25115.36,Wholesale Client,Check,Completed,ORD000767,Automated migration
2024-03-12,Air Filter,Engine system,27,254.41,195.59,6869.07,Retail Client,Bank Transfer,Completed,ORD000479,Automated migration
2024-03-14,Air Filter,Engine system,13,309.07,155.09,4017.91,Retail Client,Maya,Completed,ORD000476,Automated migration
2024-03-16,Battery,Electrical system,25,6232.24,5330.5,155806.0,Wholesale Client,Cash,Completed,ORD001401,Automated migration
2024-03-17,Brake Pads,Braking system,21,1419.99,1265.36,29819.79,Retail Client,Bank Transfer,Completed,ORD000764,Automated migration
2024-03-18,Shock Absorber,Suspension & traction,31,3965.79,4927.77,122939.49,Wholesale Client,GCash,Completed,ORD001080,Automated migration
2024-03-22,Air Filter,Engine system,30,256.51,353.96,7695.3,Retail Client,Check,Completed,ORD000478,Automated migration
2024-03-22,ECU Module,Electrical system,31,26953.78,16965.52,835567.18,Retail Client,Maya,Completed,ORD001953,Automated migration
2024-03-23,Air Filter,Engine system,18,287.53,170.88,5175.54,Wholesale Client,Bank Transfer,Completed,ORD000475,Automated migration
2024-03-23,Oil Filter,Engine system,19,214.55,201.76,4076.45,Retail Client,Bank Transfer,Completed,ORD000214,Automated migration
2024-03-25,Brake Pads,Braking system,21,1089.06,825.27,22870.26,Retail Client,Cash,Completed,ORD000768,Automated migration
2024-03-29,Brake Pads,Braking system,55,1400.78,1595.09,77042.9,Wholesale Client,GCash,Completed,ORD000766,Automated migration
2024-03-29,Shock Absorber,Suspension & traction,34,4032.6,6073.71,137108.4,Wholesale Client,GCash,Completed,ORD001077,Automated migration
2024-03-29,Shock Absorber,Suspension & traction,33,4027.88,5761.87,132920.04,Retail Client,Maya,Completed,ORD001082,Automated migration
2024-03-30,Shock Absorber,Suspension & traction,30,4085.94,4495.7,122578.2,Retail Client,Cash,Completed,ORD001078,Automated migration
2024-04-01,Air Filter,Engine system,40,221.82,219.93,8872.8,Wholesale Client,Cash,Completed,ORD000481,Automated migration
2024-04-01,Battery,Electrical system,0,7755.12,0.0,0.0,Wholesale Client,Cash,Completed,ORD001402,Automated migration
2024-04-01,Catalytic Converter,Exhaust system,0,15413.27,0.0,0.0,Retail Client,GCash,Completed,ORD001735,Automated migration
2024-04-01,ECU Module,Electrical system,0,25411.57,0.0,0.0,Retail Client,Check,Completed,ORD001954,Automated migration
2024-04-01,Oil Filter,Engine system,19,236.92,221.66,4501.48,Retail Client,Bank Transfer,Completed,ORD000216,Automated migration
2024-04-01,Starter Motor,Electrical system,0,7276.38,0.0,0.0,Wholesale Client,Cash,Completed,ORD001613,Automated migration
2024-04-02,Oil Filter,Engine system,10,164.26,102.07,1642.6,Retail Client,Maya,Completed,ORD000215,Automated migration
2024-04-03,Brake Pads,Braking system,25,1149.2,735.31,28730.0,Retail Client,Maya,Completed,ORD000770,Automated migration
2024-04-05,Alternator,Electrical system,26,11761.3,12307.9,305793.8,Wholesale Client,GCash,Completed,ORD001507,Automated migration
2024-04-06,Oil Filter,Engine system,44,180.73,343.73,7952.12,Retail Client,Cash,Completed,ORD000218,Automated migration
2024-04-07,Shock Absorber,Suspension & traction,25,2837.11,3039.52,70927.75,Wholesale Client,GCash,Completed,ORD001085,Automated migration
2024-04-08,Shock Absorber,Suspension & traction,23,3832.7,2239.16,88152.1,Retail Client,GCash,Completed,ORD001088,Automated migration
2024-04-08,Wheel Bearing,Drivetrain,8,2115.76,487.42,16926.08,Wholesale Client,Maya,Completed,ORD001276,Automated migration
2024-04-08,Wheel Bearing,Drivetrain,54,2518.95,6403.2,136023.3,Wholesale Client,Check,Completed,ORD001278,Automated migration
2024-04-09,Brake Pads,Braking system,26,1168.35,1330.52,30377.1,Wholesale Client,Bank Transfer,Completed,ORD000771,Automated migration
2024-04-11,Wheel Bearing,Drivetrain,43,1997.71,4084.56,85901.53,Retail Client,GCash,Completed,ORD001273,Automated migration
2024-04-11,Wheel Bearing,Drivetrain,17,1731.02,1298.76,29427.34,Wholesale Client,Maya,Completed,ORD001277,Automated migration
2024-04-12,Oil Filter,Engine system,37,254.27,378.87,9407.99,Retail Client,Bank Transfer,Completed,ORD000219,Automated migration
2024-04-15,Brake Pads,Braking system,27,1037.39,1130.77,28009.53,Retail Client,Check,Completed,ORD000769,Automated migration
2024-04-15,Wheel Bearing,Drivetrain,4,2165.09,431.94,8660.36,Wholesale Client,Maya,Completed,ORD001271,Automated migration
2024-04-16,Air Filter,Engine system,20,259.22,227.59,5184.4,Retail Client,Bank Transfer,Completed,ORD000482,Automated migration
2024-04-16,Brake Pads,Braking system,30,1213.61,1464.94,36408.3,Wholesale Client,Check,Completed,ORD000772,Automated migration
2024-04-17,Wheel Bearing,Drivetrain,24,2898.99,1759.94,69575.76,Retail Client,Maya,Completed,ORD001272,Automated migration
2024-04-18,Shock Absorber,Suspension & traction,13,3307.29,1513.46,42994.77,Retail Client,Cash,Completed,ORD001083,Automated migration
2024-04-23,Shock Absorber,Suspension & traction,30,4196.25,5256.08,125887.5,Wholesale Client,Cash,Completed,ORD001087,Automated migration
2024-04-26,Shock Absorber,Suspension & traction,19,3760.54,2040.15,71450.26,Wholesale Client,Bank Transfer,Completed,ORD001086,Automated migration
2024-04-27,Wheel Bearing,Drivetrain,78,2639.94,5398.85,205915.32,Wholesale Client,GCash,Completed,ORD001275,Automated migration
2024-04-28,Air Filter,Engine system,24,300.34,261.66,7208.16,Retail Client,GCash,Completed,ORD000480,Automated migration
2024-04-28,Oil Filter,Engine system,16,209.17,112.38,3346.72,Retail Client,GCash,Completed,ORD000217,Automated migration
2024-04-28,Oil Filter,Engine system,25,211.79,186.04,5294.75,Wholesale Client,Bank Transfer,Completed,ORD000220,Automated migration
2024-04-29,Alternator,Electrical system,38,6961.88,8700.24,264551.44,Retail Client,Check,Completed,ORD001508,Automated migration
2024-04-29,Brake Pads,Braking system,17,1483.4,1224.33,25217.8,Wholesale Client,Cash,Completed,ORD000773,Automated migration
2024-04-29,Shock Absorber,Suspension & traction,29,3346.26,3458.76,97041.54,Wholesale Client,Maya,Completed,ORD001084,Automated migration
2024-04-29,Wheel Bearing,Drivetrain,13,2636.4,913.28,34273.2,Wholesale Client,Check,Completed,ORD001274,Automated migration
2024-04-30,Alternator,Electrical system,18,8642.12,3516.57,155558.16,Wholesale Client,Maya,Completed,ORD001509,Automated migration
2024-05-01,Catalytic Converter,Exhaust system,25,15659.03,16052.38,391475.75,Wholesale Client,Maya,Completed,ORD001738,Automated migration
2024-05-01,ECU Module,Electrical system,0,21091.41,0.0,0.0,Retail Client,Cash,Completed,ORD001955,Automated migration
2024-05-01,Wheel Bearing,Drivetrain,28,1916.27,2424.29,53655.56,Retail Client,Cash,Completed,ORD001279,Automated migration
2024-05-02,Shock Absorber,Suspension & traction,35,3776.05,5295.87,132161.75,Retail Client,Bank Transfer,Completed,ORD001093,Automated migration
2024-05-05,Catalytic Converter,Exhaust system,32,23278.46,32739.45,744910.72,Retail Client,Bank Transfer,Completed,ORD001737,Automated migration
2024-05-05,Oil Filter,Engine system,24,193.94,157.38,4654.56,Wholesale Client,Bank Transfer,Completed,ORD000221,Automated migration
2024-05-05,Shock Absorber,Suspension & traction,29,2896.45,3463.31,83997.05,Wholesale Client,Bank Transfer,Completed,ORD001091,Automated migration
2024-05-06,Brake Pads,Braking system,21,1537.55,940.5,32288.55,Retail Client,GCash,Completed,ORD000779,Automated migration
2024-05-06,Catalytic Converter,Exhaust system,26,22041.59,27648.5,573081.34,Wholesale Client,GCash,Completed,ORD001736,Automated migration
2024-05-07,Battery,Electrical system,27,6763.57,7162.65,182616.39,Retail Client,GCash,Completed,ORD001403,Automated migration
2024-05-07,Catalytic Converter,Exhaust system,33,12896.64,12696.52,425589.12,Retail Client,Check,Completed,ORD001742,Automated migration
2024-05-08,Catalytic Converter,Exhaust system,27,21499.52,16350.46,580487.04,Retail Client,Maya,Completed,ORD001740,Automated migration
2024-05-09,Air Filter,Engine system,25,240.12,179.83,6003.0,Retail Client,Cash,Completed,ORD000487,Automated migration
2024-05-09,Alternator,Electrical system,27,9888.09,10930.32,266978.43,Retail Client,Bank Transfer,Completed,ORD001511,Automated migration
2024-05-09,Catalytic Converter,Exhaust system,17,19866.95,9019.96,337738.15,Retail Client,Cash,Completed,ORD001739,Automated migration
2024-05-12,Brake Pads,Braking system,21,1367.57,1112.7,28718.97,Retail Client,Check,Completed,ORD000777,Automated migration
2024-05-13,Air Filter,Engine system,44,343.95,468.46,15133.8,Retail Client,Cash,Completed,ORD000485,Automated migration
2024-05-13,Starter Motor,Electrical system,34,11179.69,15185.58,380109.46,Wholesale Client,Bank Transfer,Completed,ORD001615,Automated migration
2024-05-14,Alternator,Electrical system,22,10442.98,10239.19,229745.56,Retail Client,Cash,Completed,ORD001512,Automated migration
2024-05-14,Brake Pads,Braking system,12,1260.97,701.94,15131.64,Wholesale Client,GCash,Completed,ORD000774,Automated migration
2024-05-14,Oil Filter,Engine system,28,176.09,244.51,4930.52,Retail Client,Cash,Completed,ORD000222,Automated migration
2024-05-16,Oil Filter,Engine system,27,155.54,143.09,4199.58,Retail Client,Bank Transfer,Completed,ORD000224,Automated migration
2024-05-16,Oil Filter,Engine system,18,198.27,111.62,3568.86,Retail Client,Check,Completed,ORD000225,Automated migration
2024-05-17,Shock Absorber,Suspension & traction,20,3435.68,2852.88,68713.6,Wholesale Client,Bank Transfer,Completed,ORD001092,Automated migration
2024-05-18,Alternator,Electrical system,25,7358.3,5736.86,183957.5,Wholesale Client,Maya,Completed,ORD001510,Automated migration
2024-05-18,Shock Absorber,Suspension & traction,34,2501.8,2836.23,85061.2,Wholesale Client,Check,Completed,ORD001089,Automated migration
2024-05-19,Air Filter,Engine system,14,223.35,114.54,3126.9,Wholesale Client,Maya,Completed,ORD000483,Automated migration
2024-05-19,Brake Pads,Braking system,19,1161.89,641.17,22075.91,Retail Client,Maya,Completed,ORD000776,Automated migration
2024-05-20,Catalytic Converter,Exhaust system,32,19327.62,13034.23,618483.84,Retail Client,Maya,Completed,ORD001741,Automated migration
2024-05-20,Catalytic Converter,Exhaust system,32,21920.57,32560.28,701458.24,Retail Client,Maya,Completed,ORD001744,Automated migration
2024-05-20,Oil Filter,Engine system,24,192.33,169.23,4615.92,Retail Client,GCash,Completed,ORD000223,Automated migration
2024-05-20,Wheel Bearing,Drivetrain,33,2629.67,3210.47,86779.11,Wholesale Client,Bank Transfer,Completed,ORD001283,Automated migration
2024-05-24,Wheel Bearing,Drivetrain,36,2020.03,1588.55,72721.08,Retail Client,Check,Completed,ORD001282,Automated migration
2024-05-25,Shock Absorber,Suspension & traction,27,3156.25,3442.83,85218.75,Retail Client,Check,Completed,ORD001090,Automated migration
2024-05-25,Shock Absorber,Suspension & traction,19,2918.88,1673.7,55458.72,Retail Client,GCash,Completed,ORD001094,Automated migration
2024-05-25,Wheel Bearing,Drivetrain,20,2115.63,2008.26,42312.6,Wholesale Client,Cash,Completed,ORD001280,Automated migration
2024-05-25,Wheel Bearing,Drivetrain,41,2468.16,4745.17,101194.56,Wholesale Client,Cash,Completed,ORD001281,Automated migration
2024-05-25,Wheel Bearing,Drivetrain,29,2868.58,2511.19,83188.82,Retail Client,Check,Completed,ORD001284,Automated migration
2024-05-26,Air Filter,Engine system,11,335.12,203.47,3686.32,Wholesale Client,Bank Transfer,Completed,ORD000486,Automated migration
2024-05-26,Wheel Bearing,Drivetrain,13,2691.17,1790.09,34985.21,Retail Client,GCash,Completed,ORD001285,Automated migration
2024-05-28,Catalytic Converter,Exhaust system,40,23492.0,42095.32,939680.0,Retail Client,Bank Transfer,Completed,ORD001743,Automated migration
2024-05-28,Oil Filter,Engine system,42,181.67,373.46,7630.14,Retail Client,Cash,Completed,ORD000226,Automated migration
2024-05-29,Battery,Electrical system,34,6845.86,6432.47,232759.24,Retail Client,Cash,Completed,ORD001404,Automated migration
2024-05-29,Brake Pads,Braking system,39,1387.71,2059.96,54120.69,Wholesale Client,GCash,Completed,ORD000775,Automated migration
2024-05-30,Brake Pads,Braking system,30,1487.99,1007.87,44639.7,Retail Client,Maya,Completed,ORD000778,Automated migration
2024-05-30,Starter Motor,Electrical system,17,7209.46,2825.24,122560.82,Retail Client,Cash,Completed,ORD001614,Automated migration
2024-05-31,Air Filter,Engine system,19,270.23,277.65,5134.37,Wholesale Client,Maya,Completed,ORD000484,Automated migration
2024-06-01,Catalytic Converter,Exhaust system,0,13282.84,0.0,0.0,Retail Client,Maya,Completed,ORD001745,Automated migration
2024-06-01,ECU Module,Electrical system,0,18851.74,0.0,0.0,Retail Client,Maya,Completed,ORD001956,Automated migration
2024-06-01,Oil Filter,Engine system,17,154.27,150.16,2622.59,Wholesale Client,Maya,Completed,ORD000227,Automated migration
2024-06-02,Oil Filter,Engine system,49,167.38,420.47,8201.62,Wholesale Client,GCash,Completed,ORD000232,Automated migration
2024-06-02,Shock Absorber,Suspension & traction,27,3420.17,4654.83,92344.59,Wholesale Client,GCash,Completed,ORD001098,Automated migration
2024-06-03,Oil Filter,Engine system,26,175.67,162.0,4567.42,Wholesale Client,GCash,Completed,ORD000231,Automated migration
2024-06-04,Battery,Electrical system,27,4558.56,2656.66,123081.12,Retail Client,Bank Transfer,Completed,ORD001406,Automated migration
2024-06-04,Shock Absorber,Suspension & traction,23,2574.89,1941.18,59222.47,Retail Client,Bank Transfer,Completed,ORD001096,Automated migration
2024-06-06,Brake Pads,Braking system,25,1095.19,677.8,27379.75,Retail Client,GCash,Completed,ORD000782,Automated migration
2024-06-10,Alternator,Electrical system,21,9489.03,4147.55,199269.63,Wholesale Client,GCash,Completed,ORD001514,Automated migration
2024-06-12,Shock Absorber,Suspension & traction,29,2726.08,2457.66,79056.32,Retail Client,Check,Completed,ORD001097,Automated migration
2024-06-12,Shock Absorber,Suspension & traction,27,3911.8,4631.63,105618.6,Retail Client,GCash,Completed,ORD001099,Automated migration
2024-06-15,Shock Absorber,Suspension & traction,21,3857.04,3043.84,80997.84,Wholesale Client,GCash,Completed,ORD001100,Automated migration
2024-06-16,Air Filter,Engine system,33,346.3,356.97,11427.9,Wholesale Client,Maya,Completed,ORD000490,Automated migration
2024-06-16,Brake Pads,Braking system,13,1417.5,753.95,18427.5,Retail Client,Cash,Completed,ORD000784,Automated migration
2024-06-16,Brake Pads,Braking system,26,1101.51,805.7,28639.26,Retail Client,Check,Completed,ORD000785,Automated migration
2024-06-17,Oil Filter,Engine system,14,218.97,110.65,3065.58,Retail Client,Maya,Completed,ORD000229,Automated migration
2024-06-18,Oil Filter,Engine system,17,175.5,157.57,2983.5,Retail Client,Check,Completed,ORD000228,Automated migration
2024-06-18,Starter Motor,Electrical system,14,11688.29,6369.94,163636.06,Retail Client,Bank Transfer,Completed,ORD001616,Automated migration
2024-06-19,Brake Pads,Braking system,35,1265.69,1920.31,44299.15,Retail Client,Check,Completed,ORD000783,Automated migration
2024-06-20,Alternator,Electrical system,27,8733.46,5015.97,235803.42,Retail Client,Cash,Completed,ORD001513,Automated migration
2024-06-20,Brake Pads,Braking system,34,1137.25,1793.98,38666.5,Retail Client,Check,Completed,ORD000780,Automated migration
2024-06-21,Shock Absorber,Suspension & traction,31,3807.71,4603.58,118039.01,Wholesale Client,Check,Completed,ORD001095,Automated migration
2024-06-22,Wheel Bearing,Drivetrain,30,2552.21,2845.59,76566.3,Wholesale Client,Check,Completed,ORD001287,Automated migration
2024-06-23,Alternator,Electrical system,26,7660.75,7764.45,199179.5,Retail Client,Bank Transfer,Completed,ORD001515,Automated migration
2024-06-24,Battery,Electrical system,41,7086.7,13385.22,290554.7,Retail Client,Bank Transfer,Completed,ORD001405,Automated migration
2024-06-26,Air Filter,Engine system,39,255.0,420.05,9945.0,Wholesale Client,Check,Completed,ORD000488,Automated migration
2024-06-26,Air Filter,Engine system,19,297.89,245.48,5659.91,Retail Client,Bank Transfer,Completed,ORD000489,Automated migration
2024-06-26,Starter Motor,Electrical system,36,9260.62,16611.36,333382.32,Retail Client,Check,Completed,ORD001617,Automated migration
2024-06-26,Wheel Bearing,Drivetrain,20,2113.52,1839.69,42270.4,Wholesale Client,GCash,Completed,ORD001286,Automated migration
2024-06-29,Oil Filter,Engine system,25,143.83,159.63,3595.75,Wholesale Client,GCash,Completed,ORD000230,Automated migration
2024-06-30,Brake Pads,Braking system,26,1341.56,1462.03,34880.56,Wholesale Client,Cash,Completed,ORD000781,Automated migration
2024-07-01,Air Filter,Engine system,30,260.75,268.69,7822.5,Retail Client,Cash,Completed,ORD000491,Automated migration
2024-07-01,Alternator,Electrical system,0,11774.81,0.0,0.0,Retail Client,GCash,Completed,ORD001516,Automated migration
2024-07-01,Catalytic Converter,Exhaust system,0,17717.2,0.0,0.0,Wholesale Client,GCash,Completed,ORD001746,Automated migration
2024-07-01,ECU Module,Electrical system,0,24083.05,0.0,0.0,Wholesale Client,Maya,Completed,ORD001957,Automated migration
2024-07-05,Brake Pads,Braking system,13,1222.17,800.84,15888.21,Retail Client,Cash,Completed,ORD000787,Automated migration
2024-07-05,Brake Pads,Braking system,18,1180.05,691.79,21240.9,Retail Client,Maya,Completed,ORD000788,Automated migration
2024-07-05,Oil Filter,Engine system,33,208.19,268.98,6870.27,Wholesale Client,Bank Transfer,Completed,ORD000236,Automated migration
2024-07-07,Air Filter,Engine system,32,333.11,321.05,10659.52,Wholesale Client,Bank Transfer,Completed,ORD000493,Automated migration
2024-07-08,Oil Filter,Engine system,22,181.9,232.88,4001.8,Wholesale Client,Cash,Completed,ORD000233,Automated migration
2024-07-13,Oil Filter,Engine system,28,168.4,279.13,4715.2,Wholesale Client,Check,Completed,ORD000235,Automated migration
2024-07-14,Shock Absorber,Suspension & traction,9,3450.99,1251.68,31058.91,Wholesale Client,GCash,Completed,ORD001101,Automated migration
2024-07-16,Brake Pads,Braking system,14,988.72,651.66,13842.08,Retail Client,Bank Transfer,Completed,ORD000786,Automated migration
2024-07-17,Brake Pads,Braking system,17,1014.93,760.37,17253.81,Retail Client,Cash,Completed,ORD000789,Automated migration
2024-07-19,Wheel Bearing,Drivetrain,28,1934.08,2095.08,54154.24,Wholesale Client,Check,Completed,ORD001288,Automated migration
2024-07-20,Shock Absorber,Suspension & traction,27,4031.99,2392.0,108863.73,Wholesale Client,GCash,Completed,ORD001102,Automated migration
2024-07-22,Air Filter,Engine system,20,253.4,205.42,5068.0,Retail Client,Bank Transfer,Completed,ORD000492,Automated migration
2024-07-24,Starter Motor,Electrical system,20,10736.43,8679.98,214728.6,Wholesale Client,Maya,Completed,ORD001618,Automated migration
2024-07-25,Battery,Electrical system,44,5541.24,9878.12,243814.56,Wholesale Client,Bank Transfer,Completed,ORD001408,Automated migration
2024-07-25,Oil Filter,Engine system,20,223.8,176.74,4476.0,Wholesale Client,Bank Transfer,Completed,ORD000234,Automated migration
2024-07-26,Brake Pads,Braking system,53,1121.07,2887.81,59416.71,Retail Client,Cash,Completed,ORD000790,Automated migration
2024-07-30,Battery,Electrical system,16,5612.42,2294.76,89798.72,Wholesale Client,Cash,Completed,ORD001407,Automated migration
2024-07-31,Starter Motor,Electrical system,21,6224.41,4617.04,130712.61,Wholesale Client,Check,Completed,ORD001619,Automated migration
2024-08-01,Alternator,Electrical system,0,10268.11,0.0,0.0,Retail Client,Maya,Completed,ORD001517,Automated migration
2024-08-01,Battery,Electrical system,0,6232.07,0.0,0.0,Retail Client,GCash,Completed,ORD001409,Automated migration
2024-08-01,Brake Pads,Braking system,31,1440.89,1802.31,44667.59,Retail Client,Cash,Completed,ORD000795,Automated migration
2024-08-01,Catalytic Converter,Exhaust system,0,23098.78,0.0,0.0,Retail Client,Cash,Completed,ORD001747,Automated migration
2024-08-01,ECU Module,Electrical system,0,16500.82,0.0,0.0,Retail Client,Check,Completed,ORD001958,Automated migration
2024-08-01,Starter Motor,Electrical system,0,9975.35,0.0,0.0,Retail Client,Bank Transfer,Completed,ORD001620,Automated migration
2024-08-03,Shock Absorber,Suspension & traction,24,3770.0,3476.08,90480.0,Wholesale Client,Maya,Completed,ORD001103,Automated migration
2024-08-05,Brake Pads,Braking system,37,1474.26,1434.44,54547.62,Wholesale Client,Maya,Completed,ORD000791,Automated migration
2024-08-05,Oil Filter,Engine system,28,210.74,264.29,5900.72,Retail Client,Check,Completed,ORD000238,Automated migration
2024-08-05,Shock Absorber,Suspension & traction,40,3249.83,4424.26,129993.2,Retail Client,Maya,Completed,ORD001104,Automated migration
2024-08-05,Shock Absorber,Suspension & traction,21,4182.73,3548.58,87837.33,Retail Client,Check,Completed,ORD001105,Automated migration
2024-08-10,Wheel Bearing,Drivetrain,21,2159.34,2092.19,45346.14,Retail Client,Maya,Completed,ORD001290,Automated migration
2024-08-11,Oil Filter,Engine system,10,183.41,89.49,1834.1,Retail Client,Cash,Completed,ORD000239,Automated migration
2024-08-14,Air Filter,Engine system,23,326.01,191.28,7498.23,Wholesale Client,Check,Completed,ORD000497,Automated migration
2024-08-16,Air Filter,Engine system,18,341.32,308.63,6143.76,Wholesale Client,GCash,Completed,ORD000495,Automated migration
2024-08-17,Oil Filter,Engine system,31,191.07,273.16,5923.17,Retail Client,Bank Transfer,Completed,ORD000241,Automated migration
2024-08-18,Brake Pads,Braking system,21,1352.04,1195.92,28392.84,Retail Client,Cash,Completed,ORD000793,Automated migration
2024-08-18,Wheel Bearing,Drivetrain,40,2708.07,4920.01,108322.8,Wholesale Client,Maya,Completed,ORD001289,Automated migration
2024-08-23,Brake Pads,Braking system,15,978.99,687.4,14684.85,Retail Client,Bank Transfer,Completed,ORD000792,Automated migration
2024-08-23,Brake Pads,Braking system,18,1147.5,1052.77,20655.0,Wholesale Client,Bank Transfer,Completed,ORD000794,Automated migration
2024-08-24,Air Filter,Engine system,20,340.8,288.78,6816.0,Wholesale Client,Cash,Completed,ORD000496,Automated migration
2024-08-25,Oil Filter,Engine system,16,251.1,183.16,4017.6,Wholesale Client,Bank Transfer,Completed,ORD000242,Automated migration
2024-08-28,Air Filter,Engine system,39,349.0,469.39,13611.0,Retail Client,GCash,Completed,ORD000494,Automated migration
2024-08-31,Oil Filter,Engine system,24,203.15,164.53,4875.6,Wholesale Client,Cash,Completed,ORD000237,Automated migration
2024-08-31,Oil Filter,Engine system,33,237.32,314.77,7831.56,Wholesale Client,Check,Completed,ORD000240,Automated migration
2024-09-01,Battery,Electrical system,0,4721.56,0.0,0.0,Wholesale Client,Cash,Completed,ORD001410,Automated migration
2024-09-01,ECU Module,Electrical system,0,20203.88,0.0,0.0,Retail Client,Maya,Completed,ORD001959,Automated migration
2024-09-01,Oil Filter,Engine system,28,166.07,204.09,4649.96,Wholesale Client,Bank Transfer,Completed,ORD000244,Automated migration
2024-09-01,Shock Absorber,Suspension & traction,33,2786.39,3505.38,91950.87,Retail Client,Maya,Completed,ORD001107,Automated migration
2024-09-05,Brake Pads,Braking system,43,1093.65,1473.15,47026.95,Retail Client,Maya,Completed,ORD000798,Automated migration
2024-09-09,Catalytic Converter,Exhaust system,22,20857.13,9933.67,458856.86,Retail Client,Bank Transfer,Completed,ORD001748,Automated migration
2024-09-10,Oil Filter,Engine system,25,178.88,125.36,4472.0,Wholesale Client,GCash,Completed,ORD000243,Automated migration
2024-09-11,Air Filter,Engine system,46,319.11,513.47,14679.06,Wholesale Client,Bank Transfer,Completed,ORD000498,Automated migration
2024-09-12,Alternator,Electrical system,31,9125.6,6402.69,282893.6,Retail Client,Bank Transfer,Completed,ORD001520,Automated migration
2024-09-14,Air Filter,Engine system,41,339.61,563.17,13924.01,Retail Client,Maya,Completed,ORD000500,Automated migration
2024-09-16,Brake Pads,Braking system,13,1571.61,975.41,20430.93,Retail Client,Bank Transfer,Completed,ORD000800,Automated migration
2024-09-16,Shock Absorber,Suspension & traction,31,2651.23,3842.91,82188.13,Wholesale Client,Check,Completed,ORD001108,Automated migration
2024-09-16,Starter Motor,Electrical system,15,9697.16,5823.14,145457.4,Retail Client,GCash,Completed,ORD001621,Automated migration
2024-09-17,Air Filter,Engine system,12,333.74,145.52,4004.88,Retail Client,Check,Completed,ORD000499,Automated migration
2024-09-17,Alternator,Electrical system,14,8930.94,5776.34,125033.16,Wholesale Client,Check,Completed,ORD001518,Automated migration
2024-09-18,Alternator,Electrical system,31,6974.5,10105.55,216209.5,Retail Client,Maya,Completed,ORD001519,Automated migration
2024-09-18,Brake Pads,Braking system,20,1464.66,790.08,29293.2,Wholesale Client,Cash,Completed,ORD000799,Automated migration
2024-09-19,Oil Filter,Engine system,22,168.67,202.21,3710.74,Retail Client,Bank Transfer,Completed,ORD000245,Automated migration
2024-09-20,Starter Motor,Electrical system,33,10203.61,9664.25,336719.13,Wholesale Client,Maya,Completed,ORD001622,Automated migration
2024-09-24,Brake Pads,Braking system,10,1463.37,679.42,14633.7,Wholesale Client,Maya,Completed,ORD000797,Automated migration
2024-09-24,Oil Filter,Engine system,23,147.08,189.63,3382.84,Retail Client,GCash,Completed,ORD000247,Automated migration
2024-09-24,Shock Absorber,Suspension & traction,20,3506.63,1496.06,70132.6,Retail Client,Maya,Completed,ORD001106,Automated migration
2024-09-26,Wheel Bearing,Drivetrain,22,1632.2,1716.26,35908.4,Retail Client,Bank Transfer,Completed,ORD001291,Automated migration
2024-09-29,Brake Pads,Braking system,38,994.58,1493.8,37794.04,Retail Client,Bank Transfer,Completed,ORD000796,Automated migration
2024-09-29,Oil Filter,Engine system,19,154.13,181.49,2928.47,Wholesale Client,Check,Completed,ORD000246,Automated migration
2024-10-01,Brake Pads,Braking system,38,1072.08,1419.11,40739.04,Wholesale Client,GCash,Completed,ORD000803,Automated migration
2024-10-01,Brake Pads,Braking system,38,1184.11,2082.04,44996.18,Retail Client,Maya,Completed,ORD000804,Automated migration
2024-10-01,Catalytic Converter,Exhaust system,38,15501.49,12926.69,589056.62,Retail Client,Cash,Completed,ORD001752,Automated migration
2024-10-01,Wheel Bearing,Drivetrain,9,1917.88,563.22,17260.92,Wholesale Client,Check,Completed,ORD001294,Automated migration
2024-10-02,Catalytic Converter,Exhaust system,28,17114.05,10588.83,479193.4,Wholesale Client,Cash,Completed,ORD001755,Automated migration
2024-10-02,Oil Filter,Engine system,16,244.55,241.41,3912.8,Retail Client,Check,Completed,ORD000253,Automated migration
2024-10-03,Alternator,Electrical system,33,9288.98,13664.24,306536.34,Retail Client,GCash,Completed,ORD001522,Automated migration
2024-10-04,Shock Absorber,Suspension & traction,26,2436.37,2912.94,63345.62,Retail Client,Cash,Completed,ORD001110,Automated migration
2024-10-05,Air Filter,Engine system,7,308.85,124.3,2161.95,Retail Client,Bank Transfer,Completed,ORD000505,Automated migration
2024-10-06,ECU Module,Electrical system,13,20065.74,5922.51,260854.62,Retail Client,Maya,Completed,ORD001960,Automated migration
2024-10-06,Oil Filter,Engine system,14,153.03,114.57,2142.42,Wholesale Client,Check,Completed,ORD000249,Automated migration
2024-10-06,Oil Filter,Engine system,26,155.13,116.57,4033.38,Retail Client,GCash,Completed,ORD000250,Automated migration
2024-10-07,Alternator,Electrical system,20,9365.0,4978.26,187300.0,Wholesale Client,Bank Transfer,Completed,ORD001523,Automated migration
2024-10-07,Battery,Electrical system,38,6383.54,6542.45,242574.52,Wholesale Client,Maya,Completed,ORD001412,Automated migration
2024-10-08,Oil Filter,Engine system,25,141.12,168.24,3528.0,Retail Client,GCash,Completed,ORD000251,Automated migration
2024-10-10,Air Filter,Engine system,12,255.0,116.4,3060.0,Wholesale Client,Cash,Completed,ORD000504,Automated migration
2024-10-12,Starter Motor,Electrical system,22,9997.65,5088.31,219948.3,Wholesale Client,Maya,Completed,ORD001623,Automated migration
2024-10-14,Catalytic Converter,Exhaust system,1,23984.77,634.79,23984.77,Retail Client,Check,Completed,ORD001754,Automated migration
2024-10-16,Oil Filter,Engine system,37,193.84,202.83,7172.08,Wholesale Client,Cash,Completed,ORD000252,Automated migration
2024-10-17,Alternator,Electrical system,23,7188.4,8161.67,165333.2,Wholesale Client,Check,Completed,ORD001521,Automated migration
2024-10-17,Battery,Electrical system,31,4497.17,5993.1,139412.27,Retail Client,Maya,Completed,ORD001411,Automated migration
2024-10-17,Brake Pads,Braking system,16,1569.71,1275.57,25115.36,Wholesale Client,Bank Transfer,Completed,ORD000805,Automated migration
2024-10-18,Shock Absorber,Suspension & traction,24,4146.37,3339.23,99512.88,Retail Client,Check,Completed,ORD001109,Automated migration
2024-10-19,Air Filter,Engine system,6,296.84,79.83,1781.04,Retail Client,Bank Transfer,Completed,ORD000501,Automated migration
2024-10-19,Brake Pads,Braking system,29,1541.57,2003.06,44705.53,Wholesale Client,Check,Completed,ORD000802,Automated migration
2024-10-19,Shock Absorber,Suspension & traction,42,3108.68,3930.69,130564.56,Wholesale Client,GCash,Completed,ORD001111,Automated migration
2024-10-20,Catalytic Converter,Exhaust system,30,12813.52,11168.83,384405.6,Wholesale Client,Maya,Completed,ORD001749,Automated migration
2024-10-20,Catalytic Converter,Exhaust system,14,12481.01,4745.89,174734.14,Wholesale Client,Cash,Completed,ORD001751,Automated migration
2024-10-20,Oil Filter,Engine system,25,246.39,170.82,6159.75,Retail Client,GCash,Completed,ORD000248,Automated migration
2024-10-21,Air Filter,Engine system,12,241.87,105.81,2902.44,Retail Client,Bank Transfer,Completed,ORD000503,Automated migration
2024-10-23,Brake Pads,Braking system,22,1430.38,1005.24,31468.36,Retail Client,GCash,Completed,ORD000806,Automated migration
2024-10-23,Starter Motor,Electrical system,33,11296.67,15019.0,372790.11,Retail Client,Cash,Completed,ORD001624,Automated migration
2024-10-25,Catalytic Converter,Exhaust system,43,14113.46,13312.41,606878.78,Wholesale Client,Cash,Completed,ORD001753,Automated migration
2024-10-26,Wheel Bearing,Drivetrain,37,1743.34,1738.7,64503.58,Retail Client,Maya,Completed,ORD001292,Automated migration
2024-10-26,Wheel Bearing,Drivetrain,34,2405.66,3644.22,81792.44,Retail Client,Cash,Completed,ORD001293,Automated migration
2024-10-27,Catalytic Converter,Exhaust system,45,20022.18,22028.27,900998.1,Retail Client,GCash,Completed,ORD001750,Automated migration
2024-10-30,Air Filter,Engine system,67,261.29,557.78,17506.43,Wholesale Client,GCash,Completed,ORD000502,Automated migration
2024-10-30,Brake Pads,Braking system,28,1144.59,1521.19,32048.52,Retail Client,Check,Completed,ORD000801,Automated migration
2024-11-01,Catalytic Converter,Exhaust system,0,20936.67,0.0,0.0,Wholesale Client,Cash,Completed,ORD001756,Automated migration
2024-11-01,Oil Filter,Engine system,19,226.06,140.74,4295.14,Wholesale Client,Cash,Completed,ORD000255,Automated migration
2024-11-01,Shock Absorber,Suspension & traction,17,3925.89,2341.45,66740.13,Wholesale Client,Bank Transfer,Completed,ORD001116,Automated migration
2024-11-03,Battery,Electrical system,38,7175.91,7948.95,272684.58,Retail Client,Maya,Completed,ORD001413,Automated migration
2024-11-03,ECU Module,Electrical system,27,19206.2,19175.3,518567.4,Wholesale Client,Check,Completed,ORD001962,Automated migration
2024-11-06,Brake Pads,Braking system,33,1270.58,1898.21,41929.14,Retail Client,Maya,Completed,ORD000812,Automated migration
2024-11-06,Shock Absorber,Suspension & traction,34,2958.08,2463.35,100574.72,Wholesale Client,Maya,Completed,ORD001113,Automated migration
2024-11-09,Wheel Bearing,Drivetrain,20,2024.0,1559.38,40480.0,Retail Client,Check,Completed,ORD001297,Automated migration
2024-11-10,Alternator,Electrical system,25,9774.57,8639.66,244364.25,Retail Client,GCash,Completed,ORD001526,Automated migration
2024-11-10,Oil Filter,Engine system,25,245.96,176.4,6149.0,Retail Client,Maya,Completed,ORD000254,Automated migration
2024-11-10,Shock Absorber,Suspension & traction,19,4008.21,2975.12,76155.99,Wholesale Client,Check,Completed,ORD001117,Automated migration
2024-11-11,Air Filter,Engine system,15,248.8,143.61,3732.0,Wholesale Client,GCash,Completed,ORD000509,Automated migration
2024-11-11,Oil Filter,Engine system,20,188.54,162.93,3770.8,Retail Client,Cash,Completed,ORD000257,Automated migration
2024-11-13,Brake Pads,Braking system,30,1238.94,880.3,37168.2,Wholesale Client,Check,Completed,ORD000808,Automated migration
2024-11-15,Shock Absorber,Suspension & traction,26,3226.81,2881.67,83897.06,Retail Client,Bank Transfer,Completed,ORD001115,Automated migration
2024-11-16,Oil Filter,Engine system,39,220.49,281.64,8599.11,Retail Client,GCash,Completed,ORD000258,Automated migration
2024-11-17,Starter Motor,Electrical system,25,10867.14,12163.37,271678.5,Retail Client,Cash,Completed,ORD001626,Automated migration
2024-11-17,Wheel Bearing,Drivetrain,30,2595.27,1733.67,77858.1,Wholesale Client,Cash,Completed,ORD001296,Automated migration
2024-11-19,Air Filter,Engine system,23,325.24,271.8,7480.52,Retail Client,GCash,Completed,ORD000507,Automated migration
2024-11-20,Air Filter,Engine system,21,350.1,292.83,7352.1,Retail Client,Maya,Completed,ORD000508,Automated migration
2024-11-20,Alternator,Electrical system,29,7587.19,9218.94,220028.51,Wholesale Client,Bank Transfer,Completed,ORD001525,Automated migration
2024-11-20,Brake Pads,Braking system,22,1594.45,1345.93,35077.9,Retail Client,GCash,Completed,ORD000809,Automated migration
2024-11-21,Oil Filter,Engine system,24,175.92,191.82,4222.08,Retail Client,Check,Completed,ORD000256,Automated migration
2024-11-21,Starter Motor,Electrical system,16,10812.55,7531.64,173000.8,Wholesale Client,GCash,Completed,ORD001625,Automated migration
2024-11-22,ECU Module,Electrical system,10,21323.22,9813.68,213232.2,Retail Client,GCash,Completed,ORD001961,Automated migration
2024-11-24,Shock Absorber,Suspension & traction,17,2468.39,1271.98,41962.63,Wholesale Client,Bank Transfer,Completed,ORD001112,Automated migration
2024-11-25,Battery,Electrical system,21,7720.93,5884.87,162139.53,Wholesale Client,Check,Completed,ORD001414,Automated migration
2024-11-25,Brake Pads,Braking system,14,1167.88,781.19,16350.32,Wholesale Client,Cash,Completed,ORD000807,Automated migration
2024-11-25,Brake Pads,Braking system,33,1573.14,2625.14,51913.62,Retail Client,Maya,Completed,ORD000810,Automated migration
2024-11-26,Alternator,Electrical system,38,10616.94,18861.51,403443.72,Retail Client,Bank Transfer,Completed,ORD001524,Automated migration
2024-11-29,Air Filter,Engine system,43,295.41,418.48,12702.63,Wholesale Client,Check,Completed,ORD000506,Automated migration
2024-11-29,Brake Pads,Braking system,12,965.32,320.21,11583.84,Wholesale Client,GCash,Completed,ORD000811,Automated migration
2024-11-29,Shock Absorber,Suspension & traction,31,2559.08,2790.62,79331.48,Retail Client,GCash,Completed,ORD001114,Automated migration
2024-11-30,Oil Filter,Engine system,19,243.99,234.07,4635.81,Retail Client,GCash,Completed,ORD000259,Automated migration
2024-11-30,Wheel Bearing,Drivetrain,26,2544.58,2337.22,66159.08,Wholesale Client,Cash,Completed,ORD001295,Automated migration
2024-12-01,Battery,Electrical system,0,5641.32,0.0,0.0,Wholesale Client,GCash,Completed,ORD001415,Automated migration
2024-12-01,Catalytic Converter,Exhaust system,0,12229.99,0.0,0.0,Retail Client,Cash,Completed,ORD001757,Automated migration
2024-12-01,ECU Module,Electrical system,0,23424.78,0.0,0.0,Retail Client,Bank Transfer,Completed,ORD001963,Automated migration
2024-12-01,Shock Absorber,Suspension & traction,28,3094.47,4002.72,86645.16,Wholesale Client,GCash,Completed,ORD001118,Automated migration
2024-12-01,Starter Motor,Electrical system,0,10131.99,0.0,0.0,Retail Client,GCash,Completed,ORD001627,Automated migration
2024-12-03,Oil Filter,Engine system,21,175.72,134.23,3690.12,Retail Client,Bank Transfer,Completed,ORD000260,Automated migration
2024-12-04,Wheel Bearing,Drivetrain,24,2887.79,2370.93,69306.96,Retail Client,Bank Transfer,Completed,ORD001301,Automated migration
2024-12-08,Brake Pads,Braking system,34,1083.07,1610.92,36824.38,Retail Client,GCash,Completed,ORD000817,Automated migration
2024-12-08,Shock Absorber,Suspension & traction,27,2642.33,1729.38,71342.91,Wholesale Client,Maya,Completed,ORD001119,Automated migration
2024-12-09,Brake Pads,Braking system,26,1528.55,1070.56,39742.3,Retail Client,Bank Transfer,Completed,ORD000818,Automated migration
2024-12-09,Shock Absorber,Suspension & traction,37,4016.6,7255.0,148614.2,Retail Client,Check,Completed,ORD001120,Automated migration
2024-12-10,Alternator,Electrical system,50,8296.3,10529.93,414815.0,Wholesale Client,Maya,Completed,ORD001527,Automated migration
2024-12-11,Wheel Bearing,Drivetrain,39,2014.9,2933.85,78581.1,Retail Client,Bank Transfer,Completed,ORD001298,Automated migration
2024-12-13,Air Filter,Engine system,19,321.96,251.78,6117.24,Retail Client,Check,Completed,ORD000512,Automated migration
2024-12-14,Brake Pads,Braking system,14,1506.42,773.31,21089.88,Wholesale Client,Maya,Completed,ORD000813,Automated migration
2024-12-15,Air Filter,Engine system,38,278.02,452.99,10564.76,Retail Client,Maya,Completed,ORD000511,Automated migration
2024-12-15,Brake Pads,Braking system,47,1166.48,1502.72,54824.56,Wholesale Client,GCash,Completed,ORD000815,Automated migration
2024-12-15,Brake Pads,Braking system,7,1416.17,385.01,9913.19,Retail Client,Check,Completed,ORD000816,Automated migration
2024-12-17,Air Filter,Engine system,9,231.69,87.56,2085.21,Wholesale Client,Maya,Completed,ORD000510,Automated migration
2024-12-19,Oil Filter,Engine system,24,155.59,195.63,3734.16,Retail Client,Bank Transfer,Completed,ORD000261,Automated migration
2024-12-22,Oil Filter,Engine system,29,158.44,137.12,4594.76,Retail Client,Maya,Completed,ORD000262,Automated migration
2024-12-23,Air Filter,Engine system,23,220.8,218.24,5078.4,Retail Client,GCash,Completed,ORD000513,Automated migration
2024-12-24,Wheel Bearing,Drivetrain,19,1950.11,973.78,37052.09,Retail Client,GCash,Completed,ORD001300,Automated migration
2024-12-25,Air Filter,Engine system,21,332.23,228.51,6976.83,Wholesale Client,Cash,Completed,ORD000514,Automated migration
2024-12-25,Wheel Bearing,Drivetrain,32,2238.22,1924.48,71623.04,Retail Client,Maya,Completed,ORD001299,Automated migration
2024-12-26,Wheel Bearing,Drivetrain,10,1826.65,501.1,18266.5,Wholesale Client,Check,Completed,ORD001302,Automated migration
2024-12-29,Alternator,Electrical system,17,7679.99,5867.37,130559.83,Retail Client,Check,Completed,ORD001528,Automated migration
2024-12-29,Oil Filter,Engine system,20,140.12,124.08,2802.4,Wholesale Client,Cash,Completed,ORD000263,Automated migration
2024-12-30,Brake Pads,Braking system,26,1564.29,1971.67,40671.54,Retail Client,Maya,Completed,ORD000814,Automated migration
2024-12-31,Oil Filter,Engine system,33,142.56,267.18,4704.48,Wholesale Client,Bank Transfer,Completed,ORD000264,Automated migration
2025-01-01,Alternator,Electrical system,0,8858.4,0.0,0.0,Wholesale Client,GCash,Completed,ORD001529,Automated migration
2025-01-01,ECU Module,Electrical system,0,19848.0,0.0,0.0,Retail Client,Cash,Completed,ORD001964,Automated migration
2025-01-03,Oil Filter,Engine system,22,252.01,209.17,5544.22,Retail Client,Cash,Completed,ORD000268,Automated migration
2025-01-04,Brake Pads,Braking system,23,1263.42,1306.33,29058.66,Wholesale Client,Bank Transfer,Completed,ORD000822,Automated migration
2025-01-05,Battery,Electrical system,13,7296.29,2972.46,94851.77,Wholesale Client,GCash,Completed,ORD001416,Automated migration
2025-01-06,Shock Absorber,Suspension & traction,17,3031.89,1205.48,51542.13,Retail Client,Check,Completed,ORD001121,Automated migration
2025-01-07,Shock Absorber,Suspension & traction,17,2877.47,1845.25,48916.99,Retail Client,GCash,Completed,ORD001124,Automated migration
2025-01-08,Brake Pads,Braking system,20,995.08,942.46,19901.6,Retail Client,GCash,Completed,ORD000820,Automated migration
2025-01-08,Shock Absorber,Suspension & traction,24,3621.57,3850.49,86917.68,Wholesale Client,Check,Completed,ORD001123,Automated migration
2025-01-08,Wheel Bearing,Drivetrain,15,2112.46,842.13,31686.9,Retail Client,Bank Transfer,Completed,ORD001303,Automated migration
2025-01-09,Oil Filter,Engine system,13,200.37,138.63,2604.81,Retail Client,GCash,Completed,ORD000266,Automated migration
2025-01-10,Oil Filter,Engine system,28,161.2,141.93,4513.6,Wholesale Client,GCash,Completed,ORD000269,Automated migration
2025-01-10,Starter Motor,Electrical system,26,7413.48,5153.67,192750.48,Wholesale Client,Maya,Completed,ORD001629,Automated migration
2025-01-10,Wheel Bearing,Drivetrain,26,2784.14,3394.64,72387.64,Retail Client,GCash,Completed,ORD001305,Automated migration
2025-01-11,Air Filter,Engine system,20,341.84,213.2,6836.8,Wholesale Client,Cash,Completed,ORD000518,Automated migration
2025-01-11,Starter Motor,Electrical system,19,10885.73,5810.69,206828.87,Wholesale Client,Maya,Completed,ORD001628,Automated migration
2025-01-12,Wheel Bearing,Drivetrain,26,2579.32,1368.59,67062.32,Wholesale Client,GCash,Completed,ORD001309,Automated migration
2025-01-13,Brake Pads,Braking system,21,1042.85,1046.1,21899.85,Retail Client,Maya,Completed,ORD000819,Automated migration
2025-01-13,Brake Pads,Braking system,8,1175.11,434.45,9400.88,Retail Client,Bank Transfer,Completed,ORD000823,Automated migration
2025-01-13,Catalytic Converter,Exhaust system,18,14967.96,10492.49,269423.28,Wholesale Client,Cash,Completed,ORD001758,Automated migration
2025-01-13,Shock Absorber,Suspension & traction,37,2734.21,4343.04,101165.77,Retail Client,Check,Completed,ORD001126,Automated migration
2025-01-14,Air Filter,Engine system,13,314.23,130.76,4084.99,Retail Client,Bank Transfer,Completed,ORD000515,Automated migration
2025-01-14,Wheel Bearing,Drivetrain,37,1687.57,2147.28,62440.09,Retail Client,GCash,Completed,ORD001306,Automated migration
2025-01-17,Shock Absorber,Suspension & traction,34,3533.39,3712.38,120135.26,Wholesale Client,Cash,Completed,ORD001125,Automated migration
2025-01-18,Shock Absorber,Suspension & traction,35,2934.3,2390.75,102700.5,Retail Client,Bank Transfer,Completed,ORD001122,Automated migration
2025-01-18,Wheel Bearing,Drivetrain,16,2192.73,1240.37,35083.68,Retail Client,Maya,Completed,ORD001308,Automated migration
2025-01-19,Air Filter,Engine system,35,246.17,442.29,8615.95,Wholesale Client,GCash,Completed,ORD000516,Automated migration
2025-01-19,Brake Pads,Braking system,50,1440.81,1551.96,72040.5,Wholesale Client,Check,Completed,ORD000821,Automated migration
2025-01-19,Brake Pads,Braking system,22,1571.18,1043.33,34565.96,Retail Client,Check,Completed,ORD000824,Automated migration
2025-01-19,Oil Filter,Engine system,15,176.17,117.11,2642.55,Retail Client,Maya,Completed,ORD000267,Automated migration
2025-01-19,Wheel Bearing,Drivetrain,32,2002.85,1775.92,64091.2,Retail Client,Check,Completed,ORD001304,Automated migration
2025-01-20,Air Filter,Engine system,32,348.37,572.03,11147.84,Wholesale Client,GCash,Completed,ORD000517,Automated migration
2025-01-20,Battery,Electrical system,47,4485.14,7211.75,210801.58,Wholesale Client,Check,Completed,ORD001417,Automated migration
2025-01-26,Oil Filter,Engine system,38,184.21,276.63,6999.98,Wholesale Client,Maya,Completed,ORD000265,Automated migration
2025-01-27,Wheel Bearing,Drivetrain,31,2190.32,2929.96,67899.92,Retail Client,Maya,Completed,ORD001307,Automated migration
2025-02-01,Battery,Electrical system,22,5571.03,3061.96,122562.66,Wholesale Client,Bank Transfer,Completed,ORD001419,Automated migration
2025-02-01,ECU Module,Electrical system,9,19000.63,5943.7,171005.67,Wholesale Client,GCash,Completed,ORD001971,Automated migration
2025-02-01,Oil Filter,Engine system,21,155.42,152.16,3263.82,Retail Client,GCash,Completed,ORD000273,Automated migration
2025-02-01,Starter Motor,Electrical system,0,7666.38,0.0,0.0,Retail Client,Maya,Completed,ORD001630,Automated migration
2025-02-02,Brake Pads,Braking system,23,1114.1,1322.14,25624.3,Wholesale Client,GCash,Completed,ORD000827,Automated migration
2025-02-02,Oil Filter,Engine system,14,142.78,107.21,1998.92,Wholesale Client,GCash,Completed,ORD000270,Automated migration
2025-02-03,ECU Module,Electrical system,15,21660.57,10405.36,324908.55,Wholesale Client,GCash,Completed,ORD001974,Automated migration
2025-02-03,ECU Module,Electrical system,49,25134.98,55236.95,1231614.02,Wholesale Client,Cash,Completed,ORD001975,Automated migration
2025-02-03,Wheel Bearing,Drivetrain,35,1657.29,1487.97,58005.15,Wholesale Client,Cash,Completed,ORD001312,Automated migration
2025-02-04,Catalytic Converter,Exhaust system,23,14554.47,7023.62,334752.81,Wholesale Client,Bank Transfer,Completed,ORD001760,Automated migration
2025-02-05,ECU Module,Electrical system,37,26184.79,25367.17,968837.23,Retail Client,Maya,Completed,ORD001970,Automated migration
2025-02-06,ECU Module,Electrical system,34,17693.34,18211.56,601573.56,Retail Client,GCash,Completed,ORD001979,Automated migration
2025-02-07,Brake Pads,Braking system,37,1104.18,1472.05,40854.66,Retail Client,Bank Transfer,Completed,ORD000826,Automated migration
2025-02-07,Catalytic Converter,Exhaust system,32,17137.2,21119.64,548390.4,Retail Client,Cash,Completed,ORD001759,Automated migration
2025-02-07,Catalytic Converter,Exhaust system,7,12484.15,4168.51,87389.05,Retail Client,Cash,Completed,ORD001763,Automated migration
2025-02-07,ECU Module,Electrical system,23,24808.36,20177.43,570592.28,Retail Client,Maya,Completed,ORD001967,Automated migration
2025-02-09,ECU Module,Electrical system,42,23620.43,34795.47,992058.06,Wholesale Client,Bank Transfer,Completed,ORD001969,Automated migration
2025-02-10,Brake Pads,Braking system,16,1435.28,541.49,22964.48,Wholesale Client,Bank Transfer,Completed,ORD000825,Automated migration
2025-02-10,Oil Filter,Engine system,26,225.49,158.3,5862.74,Retail Client,Cash,Completed,ORD000272,Automated migration
2025-02-11,Air Filter,Engine system,14,340.82,224.09,4771.48,Wholesale Client,Bank Transfer,Completed,ORD000523,Automated migration
2025-02-12,Alternator,Electrical system,32,9754.29,10391.44,312137.28,Wholesale Client,GCash,Completed,ORD001530,Automated migration
2025-02-13,Catalytic Converter,Exhaust system,35,14682.81,23241.82,513898.35,Retail Client,Bank Transfer,Completed,ORD001764,Automated migration
2025-02-13,ECU Module,Electrical system,42,21890.56,22867.87,919403.52,Wholesale Client,GCash,Completed,ORD001972,Automated migration
2025-02-13,ECU Module,Electrical system,39,18166.57,14724.19,708496.23,Wholesale Client,GCash,Completed,ORD001973,Automated migration
2025-02-13,Wheel Bearing,Drivetrain,49,1831.1,3047.69,89723.9,Retail Client,Bank Transfer,Completed,ORD001310,Automated migration
2025-02-16,Alternator,Electrical system,11,7301.93,2210.08,80321.23,Wholesale Client,Bank Transfer,Completed,ORD001531,Automated migration
2025-02-16,Oil Filter,Engine system,49,241.69,300.82,11842.81,Retail Client,GCash,Completed,ORD000271,Automated migration
2025-02-17,Air Filter,Engine system,21,282.53,293.68,5933.13,Wholesale Client,GCash,Completed,ORD000522,Automated migration
2025-02-17,Wheel Bearing,Drivetrain,8,1956.6,409.64,15652.8,Wholesale Client,Bank Transfer,Completed,ORD001311,Automated migration
2025-02-18,Catalytic Converter,Exhaust system,21,16836.85,13567.75,353573.85,Wholesale Client,Check,Completed,ORD001761,Automated migration
2025-02-19,Air Filter,Engine system,21,248.23,177.35,5212.83,Wholesale Client,Bank Transfer,Completed,ORD000520,Automated migration
2025-02-19,Brake Pads,Braking system,27,1419.0,988.1,38313.0,Wholesale Client,Maya,Completed,ORD000829,Automated migration
2025-02-20,ECU Module,Electrical system,8,28121.34,7094.49,224970.72,Retail Client,Check,Completed,ORD001981,Automated migration
2025-02-20,Shock Absorber,Suspension & traction,12,3187.82,1710.03,38253.84,Wholesale Client,GCash,Completed,ORD001127,Automated migration
2025-02-21,Air Filter,Engine system,34,267.07,329.27,9080.38,Retail Client,Check,Completed,ORD000519,Automated migration
2025-02-21,Brake Pads,Braking system,18,1195.07,945.11,21511.26,Retail Client,Maya,Completed,ORD000830,Automated migration
2025-02-21,ECU Module,Electrical system,33,16635.09,13095.03,548957.97,Wholesale Client,Cash,Completed,ORD001977,Automated migration
2025-02-22,Brake Pads,Braking system,23,1529.62,1558.47,35181.26,Wholesale Client,Cash,Completed,ORD000828,Automated migration
2025-02-23,Battery,Electrical system,37,6724.61,6789.43,248810.57,Retail Client,Check,Completed,ORD001418,Automated migration
2025-02-23,ECU Module,Electrical system,32,16754.29,21641.99,536137.28,Retail Client,Bank Transfer,Completed,ORD001976,Automated migration
2025-02-23,Oil Filter,Engine system,30,251.81,325.17,7554.3,Retail Client,GCash,Completed,ORD000275,Automated migration
2025-02-25,ECU Module,Electrical system,35,28218.95,47331.41,987663.25,Wholesale Client,Maya,Completed,ORD001965,Automated migration
2025-02-25,Oil Filter,Engine system,24,257.47,230.0,6179.28,Retail Client,Bank Transfer,Completed,ORD000274,Automated migration
2025-02-26,ECU Module,Electrical system,36,16186.05,12848.77,582697.8,Retail Client,Cash,Completed,ORD001966,Automated migration
2025-02-27,Air Filter,Engine system,18,316.64,160.21,5699.52,Wholesale Client,Maya,Completed,ORD000521,Automated migration
2025-02-27,Catalytic Converter,Exhaust system,30,15400.9,20726.71,462027.0,Wholesale Client,Bank Transfer,Completed,ORD001762,Automated migration
2025-02-27,ECU Module,Electrical system,25,26001.22,23268.51,650030.5,Retail Client,Maya,Completed,ORD001978,Automated migration
2025-02-28,Alternator,Electrical system,37,11581.55,18568.47,428517.35,Retail Client,Cash,Completed,ORD001532,Automated migration
2025-02-28,ECU Module,Electrical system,44,22850.9,27204.21,1005439.6,Wholesale Client,Check,Completed,ORD001968,Automated migration
2025-02-28,ECU Module,Electrical system,29,19220.89,16949.69,557405.81,Retail Client,Cash,Completed,ORD001980,Automated migration
2025-03-01,Alternator,Electrical system,0,9077.99,0.0,0.0,Wholesale Client,Maya,Completed,ORD001533,Automated migration
2025-03-01,Catalytic Converter,Exhaust system,0,21514.81,0.0,0.0,Wholesale Client,Check,Completed,ORD001765,Automated migration
2025-03-01,Starter Motor,Electrical system,44,8060.14,14222.68,354646.16,Retail Client,GCash,Completed,ORD001631,Automated migration
2025-03-02,Brake Pads,Braking system,20,1048.64,1055.51,20972.8,Retail Client,GCash,Completed,ORD000835,Automated migration
2025-03-03,Air Filter,Engine system,21,221.23,166.41,4645.83,Wholesale Client,Bank Transfer,Completed,ORD000525,Automated migration
2025-03-03,Brake Pads,Braking system,10,1218.52,516.2,12185.2,Wholesale Client,GCash,Completed,ORD000833,Automated migration
2025-03-06,Starter Motor,Electrical system,6,10253.4,2515.63,61520.4,Wholesale Client,GCash,Completed,ORD001632,Automated migration
2025-03-07,ECU Module,Electrical system,42,14969.98,18593.82,628739.16,Wholesale Client,Bank Transfer,Completed,ORD001985,Automated migration
2025-03-08,Oil Filter,Engine system,14,187.78,154.65,2628.92,Wholesale Client,Maya,Completed,ORD000278,Automated migration
2025-03-09,ECU Module,Electrical system,9,18354.71,8030.95,165192.39,Retail Client,Bank Transfer,Completed,ORD001983,Automated migration
2025-03-10,Air Filter,Engine system,46,267.98,596.94,12327.08,Wholesale Client,Cash,Completed,ORD000524,Automated migration
2025-03-11,Oil Filter,Engine system,31,227.66,336.85,7057.46,Retail Client,Check,Completed,ORD000281,Automated migration
2025-03-12,ECU Module,Electrical system,28,23612.49,18752.85,661149.72,Wholesale Client,Bank Transfer,Completed,ORD001987,Automated migration
2025-03-12,Oil Filter,Engine system,32,219.46,238.37,7022.72,Wholesale Client,Cash,Completed,ORD000280,Automated migration
2025-03-13,Battery,Electrical system,29,7078.24,10077.32,205268.96,Wholesale Client,Cash,Completed,ORD001420,Automated migration
2025-03-14,Air Filter,Engine system,26,298.91,182.39,7771.66,Retail Client,GCash,Completed,ORD000526,Automated migration
2025-03-14,Shock Absorber,Suspension & traction,31,3979.99,5139.82,123379.69,Retail Client,Maya,Completed,ORD001129,Automated migration
2025-03-15,ECU Module,Electrical system,26,21603.54,23178.05,561692.04,Wholesale Client,Cash,Completed,ORD001988,Automated migration
2025-03-17,Brake Pads,Braking system,20,1098.71,883.77,21974.2,Wholesale Client,Maya,Completed,ORD000832,Automated migration
2025-03-17,ECU Module,Electrical system,29,20060.76,28937.22,581762.04,Retail Client,Bank Transfer,Completed,ORD001984,Automated migration
2025-03-18,Brake Pads,Braking system,57,956.65,1650.62,54529.05,Wholesale Client,Bank Transfer,Completed,ORD000834,Automated migration
2025-03-18,ECU Module,Electrical system,38,26998.62,31004.48,1025947.56,Wholesale Client,Check,Completed,ORD001986,Automated migration
2025-03-18,Oil Filter,Engine system,21,141.38,107.26,2968.98,Wholesale Client,Maya,Completed,ORD000277,Automated migration
2025-03-20,Oil Filter,Engine system,26,221.64,241.31,5762.64,Wholesale Client,Check,Completed,ORD000279,Automated migration
2025-03-21,Brake Pads,Braking system,22,1292.5,818.56,28435.0,Retail Client,Cash,Completed,ORD000831,Automated migration
2025-03-21,ECU Module,Electrical system,40,14792.64,17953.89,591705.6,Retail Client,Check,Completed,ORD001990,Automated migration
2025-03-22,ECU Module,Electrical system,21,19924.48,18867.82,418414.08,Retail Client,GCash,Completed,ORD001982,Automated migration
2025-03-22,Shock Absorber,Suspension & traction,23,3486.21,3883.05,80182.83,Wholesale Client,Maya,Completed,ORD001128,Automated migration
2025-03-24,Wheel Bearing,Drivetrain,21,2492.26,1361.4,52337.46,Wholesale Client,Check,Completed,ORD001313,Automated migration
2025-03-26,Shock Absorber,Suspension & traction,45,2527.21,3586.16,113724.45,Wholesale Client,Cash,Completed,ORD001130,Automated migration
2025-03-27,ECU Module,Electrical system,25,24099.83,28856.66,602495.75,Wholesale Client,GCash,Completed,ORD001991,Automated migration
2025-03-27,Oil Filter,Engine system,21,173.57,114.94,3644.97,Retail Client,GCash,Completed,ORD000276,Automated migration
2025-03-27,Shock Absorber,Suspension & traction,12,3275.79,945.01,39309.48,Retail Client,Check,Completed,ORD001131,Automated migration
2025-03-28,Battery,Electrical system,38,5823.57,5551.08,221295.66,Retail Client,GCash,Completed,ORD001421,Automated migration
2025-03-31,ECU Module,Electrical system,22,18745.78,15650.7,412407.16,Retail Client,Check,Completed,ORD001989,Automated migration
2025-03-31,Shock Absorber,Suspension & traction,21,2922.99,1533.94,61382.79,Retail Client,Maya,Completed,ORD001132,Automated migration
2025-04-01,Air Filter,Engine system,29,297.51,461.84,8627.79,Wholesale Client,Cash,Completed,ORD000529,Automated migration
2025-04-01,Alternator,Electrical system,0,7474.12,0.0,0.0,Wholesale Client,GCash,Completed,ORD001534,Automated migration
2025-04-01,Battery,Electrical system,0,5863.38,0.0,0.0,Retail Client,Bank Transfer,Completed,ORD001422,Automated migration
2025-04-01,Catalytic Converter,Exhaust system,0,18967.74,0.0,0.0,Retail Client,Check,Completed,ORD001766,Automated migration
2025-04-08,Oil Filter,Engine system,4,209.72,75.23,838.88,Retail Client,Check,Completed,ORD000286,Automated migration
2025-04-09,Oil Filter,Engine system,22,174.49,186.5,3838.78,Retail Client,Bank Transfer,Completed,ORD000287,Automated migration
2025-04-10,Brake Pads,Braking system,26,1103.82,1246.57,28699.32,Wholesale Client,Cash,Completed,ORD000838,Automated migration
2025-04-10,Oil Filter,Engine system,31,252.01,363.96,7812.31,Retail Client,Maya,Completed,ORD000283,Automated migration
2025-04-13,Wheel Bearing,Drivetrain,22,2380.23,1987.56,52365.06,Retail Client,Bank Transfer,Completed,ORD001314,Automated migration
2025-04-14,Brake Pads,Braking system,26,974.23,1238.65,25329.98,Retail Client,GCash,Completed,ORD000837,Automated migration
2025-04-15,Brake Pads,Braking system,21,1376.13,1328.64,28898.73,Retail Client,Cash,Completed,ORD000836,Automated migration
2025-04-15,Starter Motor,Electrical system,20,7510.51,6458.77,150210.2,Wholesale Client,Bank Transfer,Completed,ORD001634,Automated migration
2025-04-18,Shock Absorber,Suspension & traction,15,3263.67,1081.1,48955.05,Retail Client,Bank Transfer,Completed,ORD001133,Automated migration
2025-04-20,ECU Module,Electrical system,14,19565.7,5567.4,273919.8,Retail Client,Check,Completed,ORD001992,Automated migration
2025-04-20,Starter Motor,Electrical system,22,10267.35,5991.71,225881.7,Wholesale Client,Check,Completed,ORD001633,Automated migration
2025-04-21,Air Filter,Engine system,22,224.46,217.63,4938.12,Wholesale Client,GCash,Completed,ORD000528,Automated migration
2025-04-22,Oil Filter,Engine system,28,219.85,226.85,6155.8,Retail Client,Maya,Completed,ORD000285,Automated migration
2025-04-23,Wheel Bearing,Drivetrain,31,2738.86,2765.89,84904.66,Wholesale Client,GCash,Completed,ORD001315,Automated migration
2025-04-24,Brake Pads,Braking system,16,1183.86,905.62,18941.76,Wholesale Client,Check,Completed,ORD000840,Automated migration
2025-04-28,Oil Filter,Engine system,36,167.94,319.41,6045.84,Retail Client,Check,Completed,ORD000282,Automated migration
2025-04-29,Air Filter,Engine system,47,295.04,682.02,13866.88,Wholesale Client,Bank Transfer,Completed,ORD000527,Automated migration
2025-04-29,Brake Pads,Braking system,31,1096.28,1020.07,33984.68,Retail Client,Bank Transfer,Completed,ORD000839,Automated migration
2025-04-29,Oil Filter,Engine system,21,182.56,183.39,3833.76,Retail Client,Cash,Completed,ORD000284,Automated migration
2025-05-01,Catalytic Converter,Exhaust system,0,19933.86,0.0,0.0,Wholesale Client,Cash,Completed,ORD001767,Automated migration
2025-05-01,ECU Module,Electrical system,0,15643.06,0.0,0.0,Wholesale Client,GCash,Completed,ORD001993,Automated migration
2025-05-01,Oil Filter,Engine system,52,177.18,284.09,9213.36,Retail Client,Maya,Completed,ORD000290,Automated migration
2025-05-03,Alternator,Electrical system,22,8701.57,5828.06,191434.54,Wholesale Client,Maya,Completed,ORD001535,Automated migration
2025-05-03,Oil Filter,Engine system,24,228.19,203.46,5476.56,Retail Client,Maya,Completed,ORD000292,Automated migration
2025-05-06,Oil Filter,Engine system,17,232.18,213.77,3947.06,Retail Client,Check,Completed,ORD000289,Automated migration
2025-05-07,Shock Absorber,Suspension & traction,17,3476.92,1428.38,59107.64,Retail Client,Check,Completed,ORD001134,Automated migration
2025-05-09,Wheel Bearing,Drivetrain,29,2088.05,2591.47,60553.45,Retail Client,Check,Completed,ORD001318,Automated migration
2025-05-10,Alternator,Electrical system,23,7891.06,6546.51,181494.38,Wholesale Client,Bank Transfer,Completed,ORD001536,Automated migration
2025-05-11,Starter Motor,Electrical system,22,6473.19,4113.04,142410.18,Wholesale Client,Bank Transfer,Completed,ORD001635,Automated migration
2025-05-11,Wheel Bearing,Drivetrain,24,1877.29,1591.72,45054.96,Retail Client,Check,Completed,ORD001316,Automated migration
2025-05-13,Battery,Electrical system,31,7316.82,6607.17,226821.42,Retail Client,Bank Transfer,Completed,ORD001424,Automated migration
2025-05-13,Shock Absorber,Suspension & traction,19,2538.38,1869.16,48229.22,Retail Client,Maya,Completed,ORD001136,Automated migration
2025-05-13,Shock Absorber,Suspension & traction,32,3505.04,3737.32,112161.28,Wholesale Client,GCash,Completed,ORD001137,Automated migration
2025-05-14,Brake Pads,Braking system,25,1035.83,676.91,25895.75,Wholesale Client,Cash,Completed,ORD000841,Automated migration
2025-05-16,Brake Pads,Braking system,27,1426.67,936.96,38520.09,Wholesale Client,GCash,Completed,ORD000842,Automated migration
2025-05-16,Brake Pads,Braking system,40,1108.25,1647.43,44330.0,Wholesale Client,Check,Completed,ORD000844,Automated migration
2025-05-16,Wheel Bearing,Drivetrain,29,1982.67,2750.09,57497.43,Wholesale Client,Bank Transfer,Completed,ORD001320,Automated migration
2025-05-18,Alternator,Electrical system,28,6885.97,5892.43,192807.16,Retail Client,Maya,Completed,ORD001537,Automated migration
2025-05-20,Brake Pads,Braking system,21,1099.92,1018.56,23098.32,Wholesale Client,Cash,Completed,ORD000843,Automated migration
2025-05-20,Starter Motor,Electrical system,36,7884.23,11328.73,283832.28,Wholesale Client,Maya,Completed,ORD001636,Automated migration
2025-05-22,Oil Filter,Engine system,21,256.31,287.54,5382.51,Retail Client,Cash,Completed,ORD000293,Automated migration
2025-05-23,Battery,Electrical system,31,6759.62,9392.66,209548.22,Wholesale Client,GCash,Completed,ORD001423,Automated migration
2025-05-25,Air Filter,Engine system,20,263.36,228.0,5267.2,Retail Client,GCash,Completed,ORD000532,Automated migration
2025-05-25,Shock Absorber,Suspension & traction,8,3701.72,1203.63,29613.76,Retail Client,Maya,Completed,ORD001138,Automated migration
2025-05-26,Oil Filter,Engine system,12,237.65,179.12,2851.8,Retail Client,Check,Completed,ORD000288,Automated migration
2025-05-27,Wheel Bearing,Drivetrain,9,1685.77,506.44,15171.93,Wholesale Client,Cash,Completed,ORD001319,Automated migration
2025-05-29,Oil Filter,Engine system,25,173.89,176.62,4347.25,Retail Client,Maya,Completed,ORD000291,Automated migration
2025-05-30,Air Filter,Engine system,36,231.69,203.37,8340.84,Wholesale Client,Cash,Completed,ORD000531,Automated migration
2025-05-30,Shock Absorber,Suspension & traction,30,3986.27,5396.25,119588.1,Retail Client,Cash,Completed,ORD001135,Automated migration
2025-05-31,Air Filter,Engine system,40,316.21,596.68,12648.4,Retail Client,Bank Transfer,Completed,ORD000530,Automated migration
2025-05-31,Brake Pads,Braking system,15,1526.43,576.53,22896.45,Wholesale Client,GCash,Completed,ORD000845,Automated migration
2025-05-31,Wheel Bearing,Drivetrain,17,2826.06,1831.38,48043.02,Wholesale Client,Check,Completed,ORD001317,Automated migration
2025-06-01,Battery,Electrical system,0,5678.82,0.0,0.0,Retail Client,Bank Transfer,Completed,ORD001425,Automated migration
2025-06-01,ECU Module,Electrical system,0,16256.98,0.0,0.0,Wholesale Client,Cash,Completed,ORD001994,Automated migration
2025-06-02,Oil Filter,Engine system,9,192.37,121.11,1731.33,Wholesale Client,GCash,Completed,ORD000294,Automated migration
2025-06-02,Starter Motor,Electrical system,19,9338.83,4716.12,177437.77,Retail Client,Bank Transfer,Completed,ORD001638,Automated migration
2025-06-03,Alternator,Electrical system,30,9926.33,6598.57,297789.9,Retail Client,Cash,Completed,ORD001539,Automated migration
2025-06-03,Brake Pads,Braking system,31,1373.81,1647.13,42588.11,Retail Client,Maya,Completed,ORD000847,Automated migration
2025-06-04,Wheel Bearing,Drivetrain,20,1881.71,1627.29,37634.2,Wholesale Client,GCash,Completed,ORD001323,Automated migration
2025-06-04,Wheel Bearing,Drivetrain,31,2680.02,1763.73,83080.62,Retail Client,Bank Transfer,Completed,ORD001324,Automated migration
2025-06-05,Brake Pads,Braking system,12,1505.35,740.8,18064.2,Wholesale Client,Maya,Completed,ORD000851,Automated migration
2025-06-06,Oil Filter,Engine system,24,202.73,216.5,4865.52,Wholesale Client,Cash,Completed,ORD000295,Automated migration
2025-06-09,Shock Absorber,Suspension & traction,8,3245.02,621.79,25960.16,Wholesale Client,GCash,Completed,ORD001142,Automated migration
2025-06-10,Alternator,Electrical system,31,9436.4,7386.75,292528.4,Retail Client,Maya,Completed,ORD001538,Automated migration
2025-06-12,Brake Pads,Braking system,18,982.38,675.32,17682.84,Retail Client,Maya,Completed,ORD000850,Automated migration
2025-06-12,Shock Absorber,Suspension & traction,26,3338.28,2556.27,86795.28,Wholesale Client,Cash,Completed,ORD001141,Automated migration
2025-06-12,Starter Motor,Electrical system,27,11002.23,14345.42,297060.21,Wholesale Client,Check,Completed,ORD001637,Automated migration
2025-06-13,Wheel Bearing,Drivetrain,14,1754.69,1125.3,24565.66,Retail Client,GCash,Completed,ORD001321,Automated migration
2025-06-15,Wheel Bearing,Drivetrain,11,2703.68,1501.26,29740.48,Wholesale Client,Cash,Completed,ORD001325,Automated migration
2025-06-16,Wheel Bearing,Drivetrain,32,2433.41,2194.48,77869.12,Retail Client,Bank Transfer,Completed,ORD001326,Automated migration
2025-06-17,Shock Absorber,Suspension & traction,23,2408.71,2762.94,55400.33,Retail Client,Cash,Completed,ORD001140,Automated migration
2025-06-17,Wheel Bearing,Drivetrain,49,2160.56,3526.8,105867.44,Wholesale Client,Cash,Completed,ORD001322,Automated migration
2025-06-18,Air Filter,Engine system,39,222.53,289.61,8678.67,Wholesale Client,Maya,Completed,ORD000534,Automated migration
2025-06-19,Oil Filter,Engine system,40,192.25,190.64,7690.0,Wholesale Client,Cash,Completed,ORD000297,Automated migration
2025-06-22,Shock Absorber,Suspension & traction,17,3662.73,1366.85,62266.41,Wholesale Client,Maya,Completed,ORD001139,Automated migration
2025-06-22,Shock Absorber,Suspension & traction,46,2913.6,5502.74,134025.6,Retail Client,GCash,Completed,ORD001143,Automated migration
2025-06-23,Air Filter,Engine system,18,334.49,246.06,6020.82,Wholesale Client,GCash,Completed,ORD000535,Automated migration
2025-06-23,Brake Pads,Braking system,54,1341.3,1968.77,72430.2,Wholesale Client,Bank Transfer,Completed,ORD000848,Automated migration
2025-06-25,Oil Filter,Engine system,32,149.62,204.57,4787.84,Wholesale Client,Check,Completed,ORD000296,Automated migration
2025-06-25,Oil Filter,Engine system,33,182.59,188.68,6025.47,Retail Client,GCash,Completed,ORD000298,Automated migration
2025-06-27,Brake Pads,Braking system,9,1158.86,438.37,10429.74,Wholesale Client,GCash,Completed,ORD000846,Automated migration
2025-06-27,Catalytic Converter,Exhaust system,15,15934.0,7384.7,239010.0,Wholesale Client,Cash,Completed,ORD001768,Automated migration
2025-06-28,Air Filter,Engine system,35,227.69,399.35,7969.15,Wholesale Client,Maya,Completed,ORD000533,Automated migration
2025-06-28,Brake Pads,Braking system,18,1244.4,1038.21,22399.2,Wholesale Client,Cash,Completed,ORD000849,Automated migration
2025-07-01,Battery,Electrical system,0,4947.13,0.0,0.0,Retail Client,Maya,Completed,ORD001426,Automated migration
2025-07-01,Catalytic Converter,Exhaust system,0,12628.32,0.0,0.0,Wholesale Client,Maya,Completed,ORD001769,Automated migration
2025-07-01,ECU Module,Electrical system,0,25461.49,0.0,0.0,Wholesale Client,Maya,Completed,ORD001995,Automated migration
2025-07-01,Shock Absorber,Suspension & traction,6,3015.82,837.73,18094.92,Wholesale Client,Bank Transfer,Completed,ORD001144,Automated migration
2025-07-01,Starter Motor,Electrical system,0,6598.17,0.0,0.0,Retail Client,GCash,Completed,ORD001639,Automated migration
2025-07-04,Wheel Bearing,Drivetrain,26,1600.72,1132.72,41618.72,Retail Client,Maya,Completed,ORD001327,Automated migration
2025-07-05,Air Filter,Engine system,30,322.34,253.88,9670.2,Retail Client,Cash,Completed,ORD000536,Automated migration
2025-07-05,Wheel Bearing,Drivetrain,23,2192.13,1735.54,50418.99,Retail Client,GCash,Completed,ORD001328,Automated migration
2025-07-10,Wheel Bearing,Drivetrain,28,2110.06,2085.24,59081.68,Wholesale Client,GCash,Completed,ORD001329,Automated migration
2025-07-11,Air Filter,Engine system,21,282.04,311.84,5922.84,Retail Client,Maya,Completed,ORD000537,Automated migration
2025-07-11,Brake Pads,Braking system,26,1285.01,918.74,33410.26,Wholesale Client,Check,Completed,ORD000855,Automated migration
2025-07-12,Oil Filter,Engine system,33,231.56,289.57,7641.48,Retail Client,GCash,Completed,ORD000301,Automated migration
2025-07-14,Alternator,Electrical system,40,10269.75,18216.41,410790.0,Retail Client,GCash,Completed,ORD001541,Automated migration
2025-07-21,Air Filter,Engine system,27,305.83,406.65,8257.41,Wholesale Client,Cash,Completed,ORD000538,Automated migration
2025-07-22,Brake Pads,Braking system,23,1255.3,953.01,28871.9,Wholesale Client,Bank Transfer,Completed,ORD000857,Automated migration
2025-07-22,Oil Filter,Engine system,7,229.74,98.67,1608.18,Retail Client,GCash,Completed,ORD000300,Automated migration
2025-07-23,Brake Pads,Braking system,25,1228.4,933.31,30710.0,Retail Client,Bank Transfer,Completed,ORD000856,Automated migration
2025-07-23,Oil Filter,Engine system,34,229.21,397.73,7793.14,Wholesale Client,Bank Transfer,Completed,ORD000302,Automated migration
2025-07-24,Oil Filter,Engine system,21,240.14,148.96,5042.94,Wholesale Client,Maya,Completed,ORD000303,Automated migration
2025-07-29,Alternator,Electrical system,24,11534.74,13339.32,276833.76,Wholesale Client,GCash,Completed,ORD001542,Automated migration
2025-07-30,Brake Pads,Braking system,19,1564.31,1230.95,29721.89,Retail Client,GCash,Completed,ORD000854,Automated migration
2025-07-30,Oil Filter,Engine system,30,244.52,294.86,7335.6,Retail Client,Cash,Completed,ORD000299,Automated migration
2025-07-31,Alternator,Electrical system,17,11791.06,4238.32,200448.02,Wholesale Client,Cash,Completed,ORD001540,Automated migration
2025-07-31,Brake Pads,Braking system,28,1328.69,1308.06,37203.32,Wholesale Client,Bank Transfer,Completed,ORD000852,Automated migration
2025-07-31,Brake Pads,Braking system,29,1057.46,1026.84,30666.34,Retail Client,GCash,Completed,ORD000853,Automated migration
2025-08-01,Battery,Electrical system,0,4314.01,0.0,0.0,Wholesale Client,Cash,Completed,ORD001427,Automated migration
2025-08-01,ECU Module,Electrical system,0,25183.76,0.0,0.0,Retail Client,Cash,Completed,ORD001996,Automated migration
2025-08-01,Oil Filter,Engine system,22,162.34,199.13,3571.48,Wholesale Client,Cash,Completed,ORD000306,Automated migration
2025-08-02,Catalytic Converter,Exhaust system,26,23765.99,22805.8,617915.74,Retail Client,GCash,Completed,ORD001770,Automated migration
2025-08-02,Starter Motor,Electrical system,10,10709.64,4484.96,107096.4,Wholesale Client,Check,Completed,ORD001640,Automated migration
2025-08-03,Wheel Bearing,Drivetrain,28,2248.47,1427.8,62957.16,Retail Client,Cash,Completed,ORD001331,Automated migration
2025-08-06,Shock Absorber,Suspension & traction,18,3523.14,2091.52,63416.52,Wholesale Client,Cash,Completed,ORD001146,Automated migration
2025-08-07,Catalytic Converter,Exhaust system,22,16620.8,8634.05,365657.6,Retail Client,Bank Transfer,Completed,ORD001771,Automated migration
2025-08-07,Starter Motor,Electrical system,27,6325.46,6601.32,170787.42,Retail Client,Maya,Completed,ORD001641,Automated migration
2025-08-08,Air Filter,Engine system,22,334.31,399.56,7354.82,Retail Client,Check,Completed,ORD000542,Automated migration
2025-08-10,Brake Pads,Braking system,26,1368.48,1465.57,35580.48,Wholesale Client,Cash,Completed,ORD000861,Automated migration
2025-08-10,Catalytic Converter,Exhaust system,46,15924.16,16365.57,732511.36,Wholesale Client,GCash,Completed,ORD001772,Automated migration
2025-08-10,Oil Filter,Engine system,28,178.59,195.87,5000.52,Retail Client,Check,Completed,ORD000305,Automated migration
2025-08-10,Shock Absorber,Suspension & traction,19,4192.64,2943.0,79660.16,Wholesale Client,Check,Completed,ORD001145,Automated migration
2025-08-11,Air Filter,Engine system,30,332.9,365.81,9987.0,Wholesale Client,Maya,Completed,ORD000541,Automated migration
2025-08-11,Oil Filter,Engine system,13,154.98,132.54,2014.74,Wholesale Client,Check,Completed,ORD000304,Automated migration
2025-08-11,Wheel Bearing,Drivetrain,36,1638.03,2663.89,58969.08,Retail Client,Bank Transfer,Completed,ORD001330,Automated migration
2025-08-14,Brake Pads,Braking system,63,1450.75,3545.22,91397.25,Retail Client,Bank Transfer,Completed,ORD000858,Automated migration
2025-08-16,Air Filter,Engine system,30,259.28,268.04,7778.4,Wholesale Client,Maya,Completed,ORD000540,Automated migration
2025-08-16,Brake Pads,Braking system,8,1163.57,293.83,9308.56,Retail Client,Bank Transfer,Completed,ORD000859,Automated migration
2025-08-16,Catalytic Converter,Exhaust system,33,15979.17,12270.66,527312.61,Retail Client,Maya,Completed,ORD001773,Automated migration
2025-08-17,Brake Pads,Braking system,8,1274.15,360.51,10193.2,Retail Client,Cash,Completed,ORD000863,Automated migration
2025-08-19,Catalytic Converter,Exhaust system,16,20249.72,10517.19,323995.52,Wholesale Client,Cash,Completed,ORD001774,Automated migration
2025-08-20,Oil Filter,Engine system,33,242.43,347.15,8000.19,Retail Client,Cash,Completed,ORD000307,Automated migration
2025-08-20,Oil Filter,Engine system,36,141.66,226.64,5099.76,Retail Client,Cash,Completed,ORD000308,Automated migration
2025-08-24,Wheel Bearing,Drivetrain,13,2417.43,736.41,31426.59,Wholesale Client,Maya,Completed,ORD001332,Automated migration
2025-08-26,Brake Pads,Braking system,21,1100.16,780.56,23103.36,Retail Client,Check,Completed,ORD000862,Automated migration
2025-08-28,Alternator,Electrical system,34,10544.83,9152.05,358524.22,Wholesale Client,Bank Transfer,Completed,ORD001543,Automated migration
2025-08-30,Air Filter,Engine system,29,260.3,221.66,7548.7,Retail Client,Bank Transfer,Completed,ORD000539,Automated migration
2025-08-30,Brake Pads,Braking system,31,1277.3,1819.89,39596.3,Wholesale Client,Check,Completed,ORD000860,Automated migration
2025-08-31,Air Filter,Engine system,5,324.28,76.45,1621.4,Wholesale Client,Maya,Completed,ORD000543,Automated migration
2025-08-31,Catalytic Converter,Exhaust system,30,13322.58,13055.95,399677.4,Wholesale Client,Bank Transfer,Completed,ORD001775,Automated migration
2025-09-01,Battery,Electrical system,0,7786.5,0.0,0.0,Wholesale Client,Cash,Completed,ORD001428,Automated migration
2025-09-01,Catalytic Converter,Exhaust system,27,23220.0,29112.67,626940.0,Wholesale Client,GCash,Completed,ORD001778,Automated migration
2025-09-01,ECU Module,Electrical system,0,28459.59,0.0,0.0,Retail Client,Bank Transfer,Completed,ORD001997,Automated migration
2025-09-01,Starter Motor,Electrical system,0,9049.36,0.0,0.0,Wholesale Client,Bank Transfer,Completed,ORD001642,Automated migration
2025-09-06,Air Filter,Engine system,32,310.06,388.66,9921.92,Wholesale Client,Check,Completed,ORD000544,Automated migration
2025-09-07,Brake Pads,Braking system,35,1270.08,1910.75,44452.8,Wholesale Client,Maya,Completed,ORD000866,Automated migration
2025-09-07,Wheel Bearing,Drivetrain,29,2426.74,3469.44,70375.46,Wholesale Client,Maya,Completed,ORD001335,Automated migration
2025-09-08,Oil Filter,Engine system,34,191.67,216.27,6516.78,Wholesale Client,Maya,Completed,ORD000311,Automated migration
2025-09-09,Air Filter,Engine system,47,292.79,665.87,13761.13,Wholesale Client,GCash,Completed,ORD000546,Automated migration
2025-09-09,Brake Pads,Braking system,14,1567.04,1087.54,21938.56,Retail Client,GCash,Completed,ORD000869,Automated migration
2025-09-09,Oil Filter,Engine system,17,251.78,223.56,4280.26,Wholesale Client,Bank Transfer,Completed,ORD000312,Automated migration
2025-09-10,Brake Pads,Braking system,16,1455.38,937.01,23286.08,Retail Client,Cash,Completed,ORD000868,Automated migration
2025-09-10,Catalytic Converter,Exhaust system,25,16979.47,16552.04,424486.75,Retail Client,Check,Completed,ORD001782,Automated migration
2025-09-12,Catalytic Converter,Exhaust system,20,19108.04,12315.71,382160.8,Wholesale Client,Check,Completed,ORD001781,Automated migration
2025-09-13,Alternator,Electrical system,32,10701.53,14601.69,342448.96,Wholesale Client,Bank Transfer,Completed,ORD001546,Automated migration
2025-09-13,Catalytic Converter,Exhaust system,26,17708.85,16579.36,460430.1,Wholesale Client,Cash,Completed,ORD001779,Automated migration
2025-09-14,Brake Pads,Braking system,36,1372.07,2035.74,49394.52,Wholesale Client,Check,Completed,ORD000864,Automated migration
2025-09-14,Catalytic Converter,Exhaust system,28,19619.86,18074.52,549356.08,Retail Client,Maya,Completed,ORD001776,Automated migration
2025-09-15,Alternator,Electrical system,15,9369.69,5931.81,140545.35,Wholesale Client,Check,Completed,ORD001545,Automated migration
2025-09-17,Shock Absorber,Suspension & traction,10,3348.21,1539.79,33482.1,Retail Client,Maya,Completed,ORD001147,Automated migration
2025-09-18,Brake Pads,Braking system,26,1594.59,1049.8,41459.34,Retail Client,Maya,Completed,ORD000867,Automated migration
2025-09-18,Oil Filter,Engine system,15,197.76,159.09,2966.4,Wholesale Client,GCash,Completed,ORD000309,Automated migration
2025-09-19,Catalytic Converter,Exhaust system,31,19073.2,21439.87,591269.2,Retail Client,Bank Transfer,Completed,ORD001780,Automated migration
2025-09-22,Wheel Bearing,Drivetrain,30,2479.98,3416.78,74399.4,Retail Client,Check,Completed,ORD001336,Automated migration
2025-09-23,Oil Filter,Engine system,10,246.33,117.77,2463.3,Wholesale Client,Check,Completed,ORD000310,Automated migration
2025-09-24,Air Filter,Engine system,19,328.05,215.69,6232.95,Wholesale Client,Check,Completed,ORD000545,Automated migration
2025-09-24,Alternator,Electrical system,28,8618.15,11493.34,241308.2,Retail Client,Check,Completed,ORD001544,Automated migration
2025-09-24,Wheel Bearing,Drivetrain,19,2218.36,1181.63,42148.84,Retail Client,Bank Transfer,Completed,ORD001337,Automated migration
2025-09-26,Wheel Bearing,Drivetrain,22,2178.37,2214.6,47924.14,Retail Client,Maya,Completed,ORD001333,Automated migration
2025-09-27,Wheel Bearing,Drivetrain,24,2219.65,1865.04,53271.6,Retail Client,GCash,Completed,ORD001338,Automated migration
2025-09-28,Wheel Bearing,Drivetrain,49,2107.9,3707.47,103287.1,Wholesale Client,Cash,Completed,ORD001334,Automated migration
2025-09-29,Brake Pads,Braking system,17,1315.5,685.26,22363.5,Wholesale Client,Maya,Completed,ORD000865,Automated migration
2025-09-29,Catalytic Converter,Exhaust system,38,19234.54,27213.37,730912.52,Wholesale Client,Maya,Completed,ORD001777,Automated migration
2025-09-30,Oil Filter,Engine system,30,209.24,211.25,6277.2,Retail Client,Bank Transfer,Completed,ORD000313,Automated migration
2025-10-01,Alternator,Electrical system,0,9473.4,0.0,0.0,Wholesale Client,Cash,Completed,ORD001547,Automated migration
2025-10-01,Battery,Electrical system,0,7618.52,0.0,0.0,Wholesale Client,Maya,Completed,ORD001429,Automated migration
2025-10-01,ECU Module,Electrical system,0,28137.67,0.0,0.0,Wholesale Client,GCash,Completed,ORD001998,Automated migration
2025-10-02,Brake Pads,Braking system,22,1037.19,1157.14,22818.18,Retail Client,Cash,Completed,ORD000873,Automated migration
2025-10-02,Catalytic Converter,Exhaust system,17,12582.86,10509.08,213908.62,Retail Client,Maya,Completed,ORD001787,Automated migration
2025-10-02,Oil Filter,Engine system,24,240.9,225.83,5781.6,Wholesale Client,Bank Transfer,Completed,ORD000318,Automated migration
2025-10-03,Catalytic Converter,Exhaust system,23,13457.28,13000.24,309517.44,Retail Client,GCash,Completed,ORD001788,Automated migration
2025-10-06,Air Filter,Engine system,16,240.23,154.54,3843.68,Wholesale Client,Bank Transfer,Completed,ORD000549,Automated migration
2025-10-06,Brake Pads,Braking system,35,1075.99,1543.13,37659.65,Wholesale Client,Bank Transfer,Completed,ORD000871,Automated migration
2025-10-07,Oil Filter,Engine system,20,156.96,171.01,3139.2,Wholesale Client,Bank Transfer,Completed,ORD000314,Automated migration
2025-10-07,Starter Motor,Electrical system,14,8848.65,6037.05,123881.1,Retail Client,Check,Completed,ORD001643,Automated migration
2025-10-07,Starter Motor,Electrical system,29,8860.02,8243.83,256940.58,Wholesale Client,Bank Transfer,Completed,ORD001644,Automated migration
2025-10-08,Catalytic Converter,Exhaust system,40,14577.85,25403.43,583114.0,Wholesale Client,Bank Transfer,Completed,ORD001785,Automated migration
2025-10-11,Air Filter,Engine system,13,233.4,115.56,3034.2,Retail Client,GCash,Completed,ORD000550,Automated migration
2025-10-12,Brake Pads,Braking system,28,1131.39,1618.58,31678.92,Retail Client,Cash,Completed,ORD000874,Automated migration
2025-10-14,Air Filter,Engine system,15,274.94,108.46,4124.1,Retail Client,Cash,Completed,ORD000547,Automated migration
2025-10-14,Brake Pads,Braking system,31,1271.39,1539.52,39413.09,Retail Client,GCash,Completed,ORD000875,Automated migration
2025-10-16,Catalytic Converter,Exhaust system,18,12846.7,9234.38,231240.6,Retail Client,Cash,Completed,ORD001789,Automated migration
2025-10-17,Oil Filter,Engine system,22,258.99,270.84,5697.78,Retail Client,Bank Transfer,Completed,ORD000315,Automated migration
2025-10-18,Brake Pads,Braking system,30,1140.93,830.12,34227.9,Retail Client,Cash,Completed,ORD000872,Automated migration
2025-10-18,Catalytic Converter,Exhaust system,46,20705.62,45903.89,952458.52,Wholesale Client,Check,Completed,ORD001786,Automated migration
2025-10-18,Oil Filter,Engine system,45,252.5,325.86,11362.5,Retail Client,Maya,Completed,ORD000317,Automated migration
2025-10-19,Shock Absorber,Suspension & traction,14,3402.71,1879.58,47637.94,Retail Client,Cash,Completed,ORD001148,Automated migration
2025-10-20,Oil Filter,Engine system,21,235.94,170.3,4954.74,Wholesale Client,Bank Transfer,Completed,ORD000316,Automated migration
2025-10-21,Wheel Bearing,Drivetrain,15,2176.57,994.17,32648.55,Wholesale Client,Maya,Completed,ORD001339,Automated migration
2025-10-22,Air Filter,Engine system,36,319.19,462.34,11490.84,Retail Client,Maya,Completed,ORD000551,Automated migration
2025-10-27,Air Filter,Engine system,24,236.35,212.54,5672.4,Retail Client,GCash,Completed,ORD000548,Automated migration
2025-10-28,Brake Pads,Braking system,12,1422.43,468.18,17069.16,Wholesale Client,GCash,Completed,ORD000870,Automated migration
2025-10-31,Catalytic Converter,Exhaust system,34,20499.66,17548.94,696988.44,Wholesale Client,Maya,Completed,ORD001783,Automated migration
2025-10-31,Catalytic Converter,Exhaust system,27,16465.63,14490.62,444572.01,Retail Client,GCash,Completed,ORD001784,Automated migration
2025-11-01,Battery,Electrical system,0,5243.72,0.0,0.0,Wholesale Client,GCash,Completed,ORD001430,Automated migration
2025-11-01,Catalytic Converter,Exhaust system,0,21854.28,0.0,0.0,Retail Client,Maya,Completed,ORD001790,Automated migration
2025-11-01,ECU Module,Electrical system,0,18712.05,0.0,0.0,Retail Client,Cash,Completed,ORD001999,Automated migration
2025-11-03,Air Filter,Engine system,49,322.09,543.0,15782.41,Wholesale Client,GCash,Completed,ORD000552,Automated migration
2025-11-03,Oil Filter,Engine system,23,160.93,128.82,3701.39,Wholesale Client,GCash,Completed,ORD000323,Automated migration
2025-11-06,Brake Pads,Braking system,18,1109.99,445.06,19979.82,Retail Client,GCash,Completed,ORD000877,Automated migration
2025-11-06,Shock Absorber,Suspension & traction,32,3385.99,4351.19,108351.68,Wholesale Client,GCash,Completed,ORD001153,Automated migration
2025-11-06,Wheel Bearing,Drivetrain,36,2468.6,3408.0,88869.6,Retail Client,Check,Completed,ORD001342,Automated migration
2025-11-07,Oil Filter,Engine system,39,179.98,204.56,7019.22,Retail Client,Maya,Completed,ORD000319,Automated migration
2025-11-08,Oil Filter,Engine system,14,226.3,118.61,3168.2,Wholesale Client,Maya,Completed,ORD000320,Automated migration
2025-11-08,Oil Filter,Engine system,20,148.85,84.32,2977.0,Retail Client,Bank Transfer,Completed,ORD000321,Automated migration
2025-11-09,Oil Filter,Engine system,35,250.72,421.93,8775.2,Wholesale Client,Maya,Completed,ORD000322,Automated migration
2025-11-10,Starter Motor,Electrical system,28,11651.22,16101.95,326234.16,Retail Client,Bank Transfer,Completed,ORD001645,Automated migration
2025-11-12,Brake Pads,Braking system,12,1472.46,467.27,17669.52,Wholesale Client,Cash,Completed,ORD000878,Automated migration
2025-11-14,Shock Absorber,Suspension & traction,29,3901.97,3098.89,113157.13,Retail Client,Maya,Completed,ORD001154,Automated migration
2025-11-15,Shock Absorber,Suspension & traction,19,2720.92,2428.78,51697.48,Retail Client,GCash,Completed,ORD001152,Automated migration
2025-11-15,Wheel Bearing,Drivetrain,9,2390.69,1067.62,21516.21,Retail Client,Maya,Completed,ORD001340,Automated migration
2025-11-15,Wheel Bearing,Drivetrain,31,2025.51,2078.92,62790.81,Retail Client,GCash,Completed,ORD001341,Automated migration
2025-11-19,Alternator,Electrical system,28,10941.87,6631.81,306372.36,Wholesale Client,Cash,Completed,ORD001549,Automated migration
2025-11-19,Starter Motor,Electrical system,30,8357.18,5354.16,250715.4,Retail Client,Bank Transfer,Completed,ORD001646,Automated migration
2025-11-21,Alternator,Electrical system,30,11835.84,13238.91,355075.2,Retail Client,GCash,Completed,ORD001548,Automated migration
2025-11-21,Shock Absorber,Suspension & traction,16,3254.91,1687.71,52078.56,Wholesale Client,Bank Transfer,Completed,ORD001151,Automated migration
2025-11-23,Brake Pads,Braking system,23,1016.08,532.68,23369.84,Wholesale Client,GCash,Completed,ORD000879,Automated migration
2025-11-24,Shock Absorber,Suspension & traction,26,2731.52,2694.57,71019.52,Retail Client,Cash,Completed,ORD001149,Automated migration
2025-11-24,Shock Absorber,Suspension & traction,18,2958.99,1120.45,53261.82,Wholesale Client,GCash,Completed,ORD001150,Automated migration
2025-11-26,Brake Pads,Braking system,27,1024.64,1244.42,27665.28,Retail Client,Check,Completed,ORD000880,Automated migration
2025-11-27,Brake Pads,Braking system,54,959.88,1538.71,51833.52,Retail Client,Check,Completed,ORD000876,Automated migration
2025-11-29,Air Filter,Engine system,16,297.98,131.98,4767.68,Retail Client,Bank Transfer,Completed,ORD000554,Automated migration
2025-11-30,Air Filter,Engine system,13,232.5,143.83,3022.5,Retail Client,Check,Completed,ORD000553,Automated migration
2025-12-01,Air Filter,Engine system,2,282.24,38.81,564.48,Retail Client,Check,Completed,ORD000555,Automated migration
2025-12-01,Alternator,Electrical system,0,7469.49,0.0,0.0,Retail Client,Cash,Completed,ORD001550,Automated migration
2025-12-01,Catalytic Converter,Exhaust system,0,17065.37,0.0,0.0,Retail Client,Bank Transfer,Completed,ORD001791,Automated migration
2025-12-01,ECU Module,Electrical system,0,28269.74,0.0,0.0,Retail Client,Bank Transfer,Completed,ORD002000,Automated migration
2025-12-01,Shock Absorber,Suspension & traction,38,2740.23,4334.31,104128.74,Retail Client,GCash,Completed,ORD001161,Automated migration
2025-12-02,Brake Pads,Braking system,17,1286.3,644.41,21867.1,Wholesale Client,Bank Transfer,Completed,ORD000885,Automated migration
2025-12-02,Starter Motor,Electrical system,22,8131.71,8479.18,178897.62,Wholesale Client,Cash,Completed,ORD001647,Automated migration
2025-12-03,Battery,Electrical system,18,6883.93,3898.96,123910.74,Wholesale Client,Check,Completed,ORD001431,Automated migration
2025-12-04,Oil Filter,Engine system,10,140.93,84.32,1409.3,Retail Client,Bank Transfer,Completed,ORD000324,Automated migration
2025-12-05,Oil Filter,Engine system,45,250.98,289.2,11294.1,Retail Client,Bank Transfer,Completed,ORD000325,Automated migration
2025-12-06,Shock Absorber,Suspension & traction,35,3172.63,3685.62,111042.05,Wholesale Client,Maya,Completed,ORD001160,Automated migration
2025-12-07,Air Filter,Engine system,23,342.36,379.7,7874.28,Retail Client,Check,Completed,ORD000558,Automated migration
2025-12-08,Shock Absorber,Suspension & traction,18,2730.91,2215.29,49156.38,Retail Client,Bank Transfer,Completed,ORD001155,Automated migration
2025-12-08,Starter Motor,Electrical system,35,10047.26,9433.3,351654.1,Wholesale Client,Bank Transfer,Completed,ORD001648,Automated migration
2025-12-11,Oil Filter,Engine system,35,171.37,195.13,5997.95,Retail Client,Check,Completed,ORD000326,Automated migration
2025-12-12,Brake Pads,Braking system,32,1099.21,1589.95,35174.72,Wholesale Client,Cash,Completed,ORD000882,Automated migration
2025-12-13,Air Filter,Engine system,35,337.31,588.06,11805.85,Retail Client,Check,Completed,ORD000556,Automated migration
2025-12-13,Oil Filter,Engine system,29,232.58,196.03,6744.82,Wholesale Client,Maya,Completed,ORD000329,Automated migration
2025-12-14,Brake Pads,Braking system,25,1090.21,947.99,27255.25,Retail Client,Check,Completed,ORD000883,Automated migration
2025-12-15,Shock Absorber,Suspension & traction,18,4049.48,2228.84,72890.64,Retail Client,Check,Completed,ORD001156,Automated migration
2025-12-16,Air Filter,Engine system,23,286.35,345.64,6586.05,Retail Client,Cash,Completed,ORD000559,Automated migration
2025-12-19,Oil Filter,Engine system,21,233.65,153.39,4906.65,Retail Client,Maya,Completed,ORD000328,Automated migration
2025-12-20,Shock Absorber,Suspension & traction,31,3178.67,2619.67,98538.77,Wholesale Client,Cash,Completed,ORD001159,Automated migration
2025-12-22,Oil Filter,Engine system,8,183.19,100.7,1465.52,Retail Client,Maya,Completed,ORD000327,Automated migration
2025-12-22,Shock Absorber,Suspension & traction,28,3803.32,2317.79,106492.96,Wholesale Client,Maya,Completed,ORD001158,Automated migration
2025-12-23,Brake Pads,Braking system,31,1372.55,1522.23,42549.05,Retail Client,Maya,Completed,ORD000881,Automated migration
2025-12-23,Shock Absorber,Suspension & traction,15,2613.79,1343.85,39206.85,Retail Client,GCash,Completed,ORD001157,Automated migration
2025-12-24,Battery,Electrical system,45,7190.08,9765.67,323553.6,Retail Client,Cash,Completed,ORD001432,Automated migration
2025-12-25,Wheel Bearing,Drivetrain,19,2605.6,1598.21,49506.4,Retail Client,Cash,Completed,ORD001343,Automated migration
2025-12-26,Brake Pads,Braking system,21,1507.9,1158.46,31665.9,Wholesale Client,Check,Completed,ORD000884,Automated migration
2025-12-27,Air Filter,Engine system,40,274.69,301.41,10987.6,Retail Client,GCash,Completed,ORD000557,Automated migration
