reportDate,productName,category,quantity,unitPrice,otherExpenses,totalAmount,customerName,paymentMethod,status,orderNumber,notes
2022-01-01,Alternator,Electrical system,0,10707.75,0.0,0.0,Retail Client,GCash,Completed,ORD820001,Automated migration
2022-01-01,Alternator,Electrical system,8,7434.69,210.96,59477.52,Retail Client,Cash,Completed,ORD820002,Automated migration
2022-01-01,Spark Plug,Ignition system,8,420.91,280.62,3367.28,Walk-in Customer,Check,Completed,ORD820003,Automated migration
2022-01-01,Shock Absorber,Suspension system,4,5642.44,3.25,22569.76,Retail Client,Check,Completed,ORD820004,Automated migration
2022-01-01,Radiator,Cooling system,2,4291.88,381.75,8583.76,Retail Client,Cash,Completed,ORD820005,Automated migration
2022-01-01,Alternator,Electrical system,5,11237.47,301.86,56187.35,Retail Client,Check,Completed,ORD820006,Automated migration
2022-01-01,Battery,Electrical system,1,6760.2,414.7,6760.2,Walk-in Customer,Bank Transfer,Completed,ORD820007,Automated migration
2022-01-01,Alternator,Electrical system,0,10306.32,0.0,0.0,Wholesale Client,Cash,Completed,ORD820008,Automated migration
2022-01-01,Alternator,Electrical system,6,8389.87,317.84,50339.22,Wholesale Client,GCash,Completed,ORD820009,Automated migration
2022-01-01,Fuel Pump,Fuel system,3,5515.79,350.91,16547.37,Walk-in Customer,Cash,Completed,ORD820010,Automated migration
2022-01-01,Clutch Kit,Transmission system,3,6470.62,189.73,19411.86,Walk-in Customer,GCash,Completed,ORD820011,Automated migration
2022-01-01,Air Filter,Engine system,3,364.36,402.52,1093.08,Wholesale Client,Bank Transfer,Completed,ORD820012,Automated migration
2022-01-01,Spark Plug,Ignition system,5,245.68,249.62,1228.4,Walk-in Customer,Check,Completed,ORD820013,Automated migration
2022-01-01,Radiator,Cooling system,2,4479.77,280.68,8959.54,Wholesale Client,Check,Completed,ORD820014,Automated migration
2022-01-01,Fuel Pump,Fuel system,3,6987.97,69.17,20963.91,Wholesale Client,Cash,Completed,ORD820015,Automated migration
2022-01-01,Alternator,Electrical system,2,10137.23,396.04,20274.46,Wholesale Client,Cash,Completed,ORD820016,Automated migration
2022-01-01,Battery,Electrical system,7,6645.57,485.54,46518.99,Retail Client,Cash,Completed,ORD820017,Automated migration
2022-01-01,Fuel Pump,Fuel system,1,3820.75,79.08,3820.75,Retail Client,Bank Transfer,Completed,ORD820018,Automated migration
2022-01-01,Clutch Kit,Transmission system,1,12834.67,149.22,12834.67,Walk-in Customer,GCash,Completed,ORD820019,Automated migration
2022-01-01,Fuel Pump,Fuel system,2,4927.21,389.31,9854.42,Walk-in Customer,Cash,Completed,ORD820020,Automated migration
2022-01-01,Shock Absorber,Suspension system,0,2503.4,0.0,0.0,Wholesale Client,Bank Transfer,Completed,ORD820021,Automated migration
2022-01-01,Air Filter,Engine system,3,375.6,473.47,1126.8,Retail Client,Check,Completed,ORD820022,Automated migration
2022-01-02,Clutch Kit,Transmission system,2,6155.52,237.64,12311.04,Walk-in Customer,GCash,Completed,ORD820023,Automated migration
2022-01-02,Clutch Kit,Transmission system,6,13679.27,464.46,82075.62,Walk-in Customer,GCash,Completed,ORD820024,Automated migration
2022-01-02,Battery,Electrical system,5,6190.5,258.79,30952.5,Retail Client,GCash,Completed,ORD820025,Automated migration
2022-01-02,Alternator,Electrical system,5,7105.17,276.96,35525.85,Walk-in Customer,GCash,Completed,ORD820026,Automated migration
2022-01-02,Alternator,Electrical system,0,8144.71,0.0,0.0,Retail Client,Bank Transfer,Completed,ORD820027,Automated migration
2022-01-02,Clutch Kit,Transmission system,3,7506.3,242.71,22518.9,Walk-in Customer,GCash,Completed,ORD820028,Automated migration
2022-01-02,Spark Plug,Ignition system,7,513.37,95.2,3593.59,Retail Client,Check,Completed,ORD820029,Automated migration
2022-01-02,Battery,Electrical system,6,6335.12,364.54,38010.72,Walk-in Customer,Cash,Completed,ORD820030,Automated migration
2022-01-02,Battery,Electrical system,5,8002.96,54.63,40014.8,Retail Client,GCash,Completed,ORD820031,Automated migration
2022-01-02,Brake Pad,Brake system,6,1622.02,231.31,9732.12,Retail Client,Check,Completed,ORD820032,Automated migration
2022-01-02,Air Filter,Engine system,8,367.21,484.5,2937.68,Retail Client,GCash,Completed,ORD820033,Automated migration
2022-01-02,Shock Absorber,Suspension system,7,2961.86,200.52,20733.02,Retail Client,GCash,Completed,ORD820034,Automated migration
2022-01-02,Air Filter,Engine system,6,253.04,392.04,1518.24,Wholesale Client,Bank Transfer,Completed,ORD820035,Automated migration
2022-01-02,Clutch Kit,Transmission system,7,6393.17,148.35,44752.19,Retail Client,Cash,Completed,ORD820036,Automated migration
2022-01-02,Air Filter,Engine system,0,316.84,0.0,0.0,Walk-in Customer,GCash,Completed,ORD820037,Automated migration
2022-01-02,Clutch Kit,Transmission system,1,12662.08,34.26,12662.08,Retail Client,GCash,Completed,ORD820038,Automated migration
2022-01-02,Alternator,Electrical system,3,9894.6,19.87,29683.8,Retail Client,Check,Completed,ORD820039,Automated migration
2022-01-02,Radiator,Cooling system,3,7018.36,157.09,21055.08,Wholesale Client,Check,Completed,ORD820040,Automated migration
2022-01-02,Radiator,Cooling system,7,4897.06,375.93,34279.42,Retail Client,Cash,Completed,ORD820041,Automated migration
2022-01-02,Oil Filter,Engine system,1,118.32,106.58,118.32,Wholesale Client,GCash,Completed,ORD820042,Automated migration
2022-01-02,Alternator,Electrical system,3,8847.64,78.87,26542.92,Walk-in Customer,Bank Transfer,Completed,ORD820043,Automated migration
2022-01-02,Clutch Kit,Transmission system,4,13385.8,51.79,53543.2,Retail Client,Bank Transfer,Completed,ORD820044,Automated migration
2022-01-02,Alternator,Electrical system,8,7777.24,140.88,62217.92,Retail Client,Bank Transfer,Completed,ORD820045,Automated migration
2022-01-02,Radiator,Cooling system,8,5931.19,452.67,47449.52,Retail Client,Cash,Completed,ORD820046,Automated migration
2022-01-03,Radiator,Cooling system,0,3021.27,0.0,0.0,Retail Client,Bank Transfer,Completed,ORD820047,Automated migration
2022-01-03,Shock Absorber,Suspension system,8,5175.5,280.45,41404.0,Retail Client,Cash,Completed,ORD820048,Automated migration
2022-01-03,Clutch Kit,Transmission system,0,12511.36,0.0,0.0,Walk-in Customer,GCash,Completed,ORD820049,Automated migration
2022-01-03,Brake Pad,Brake system,0,1908.99,0.0,0.0,Retail Client,Bank Transfer,Completed,ORD820050,Automated migration
2022-01-03,Spark Plug,Ignition system,1,309.16,279.94,309.16,Wholesale Client,GCash,Completed,ORD820051,Automated migration
2022-01-03,Brake Pad,Brake system,2,3227.26,12.39,6454.52,Walk-in Customer,Bank Transfer,Completed,ORD820052,Automated migration
2022-01-03,Spark Plug,Ignition system,4,221.64,350.64,886.56,Wholesale Client,Cash,Completed,ORD820053,Automated migration
2022-01-03,Spark Plug,Ignition system,3,517.46,230.15,1552.38,Wholesale Client,GCash,Completed,ORD820054,Automated migration
2022-01-03,Air Filter,Engine system,3,279.69,139.3,839.07,Retail Client,Bank Transfer,Completed,ORD820055,Automated migration
2022-01-03,Clutch Kit,Transmission system,6,11115.66,421.83,66693.96,Wholesale Client,Cash,Completed,ORD820056,Automated migration
2022-01-03,Radiator,Cooling system,2,6483.54,491.78,12967.08,Retail Client,Cash,Completed,ORD820057,Automated migration
2022-01-03,Fuel Pump,Fuel system,5,4463.77,492.12,22318.85,Retail Client,Check,Completed,ORD820058,Automated migration
2022-01-03,Radiator,Cooling system,0,7252.71,0.0,0.0,Retail Client,GCash,Completed,ORD820059,Automated migration
2022-01-03,Battery,Electrical system,1,8744.37,460.39,8744.37,Walk-in Customer,Bank Transfer,Completed,ORD820060,Automated migration
2022-01-03,Radiator,Cooling system,8,4855.71,204.2,38845.68,Wholesale Client,Bank Transfer,Completed,ORD820061,Automated migration
2022-01-03,Spark Plug,Ignition system,6,449.22,189.57,2695.32,Walk-in Customer,GCash,Completed,ORD820062,Automated migration
2022-01-03,Battery,Electrical system,8,8168.63,151.94,65349.04,Retail Client,Check,Completed,ORD820063,Automated migration
2022-01-03,Shock Absorber,Suspension system,7,3989.72,106.85,27928.04,Wholesale Client,GCash,Completed,ORD820064,Automated migration
2022-01-03,Radiator,Cooling system,8,6983.12,309.63,55864.96,Retail Client,GCash,Completed,ORD820065,Automated migration
2022-01-03,Spark Plug,Ignition system,3,216.31,23.11,648.93,Wholesale Client,Cash,Completed,ORD820066,Automated migration
2022-01-03,Battery,Electrical system,3,7591.73,191.99,22775.19,Wholesale Client,GCash,Completed,ORD820067,Automated migration
2022-01-03,Air Filter,Engine system,1,355.68,109.42,355.68,Walk-in Customer,Check,Completed,ORD820068,Automated migration
2022-01-03,Clutch Kit,Transmission system,3,13257.23,60.68,39771.69,Retail Client,Check,Completed,ORD820069,Automated migration
2022-01-03,Shock Absorber,Suspension system,8,3920.33,453.43,31362.64,Wholesale Client,GCash,Completed,ORD820070,Automated migration
2022-01-03,Shock Absorber,Suspension system,4,5383.0,419.93,21532.0,Wholesale Client,Check,Completed,ORD820071,Automated migration
2022-01-04,Shock Absorber,Suspension system,1,5210.95,117.25,5210.95,Wholesale Client,Bank Transfer,Completed,ORD820072,Automated migration
2022-01-04,Brake Pad,Brake system,2,1731.9,346.97,3463.8,Walk-in Customer,GCash,Completed,ORD820073,Automated migration
2022-01-04,Battery,Electrical system,6,5654.41,232.96,33926.46,Retail Client,GCash,Completed,ORD820074,Automated migration
2022-01-04,Battery,Electrical system,0,8283.66,0.0,0.0,Walk-in Customer,Check,Completed,ORD820075,Automated migration
2022-01-04,Air Filter,Engine system,5,259.72,194.99,1298.6,Wholesale Client,GCash,Completed,ORD820076,Automated migration
2022-01-04,Spark Plug,Ignition system,4,346.13,14.51,1384.52,Wholesale Client,Check,Completed,ORD820077,Automated migration
2022-01-04,Shock Absorber,Suspension system,2,6413.25,267.06,12826.5,Wholesale Client,Cash,Completed,ORD820078,Automated migration
2022-01-04,Battery,Electrical system,2,8334.26,90.86,16668.52,Wholesale Client,Check,Completed,ORD820079,Automated migration
2022-01-04,Spark Plug,Ignition system,7,297.08,380.61,2079.56,Wholesale Client,Bank Transfer,Completed,ORD820080,Automated migration
2022-01-04,Radiator,Cooling system,1,5821.84,374.51,5821.84,Retail Client,Bank Transfer,Completed,ORD820081,Automated migration
2022-01-04,Alternator,Electrical system,0,10771.17,0.0,0.0,Retail Client,GCash,Completed,ORD820082,Automated migration
2022-01-04,Oil Filter,Engine system,2,159.64,236.78,319.28,Retail Client,GCash,Completed,ORD820083,Automated migration
2022-01-04,Radiator,Cooling system,5,4006.73,303.62,20033.65,Walk-in Customer,Cash,Completed,ORD820084,Automated migration
2022-01-04,Radiator,Cooling system,1,6472.11,464.44,6472.11,Walk-in Customer,Check,Completed,ORD820085,Automated migration
2022-01-04,Spark Plug,Ignition system,1,416.44,415.29,416.44,Retail Client,Cash,Completed,ORD820086,Automated migration
2022-01-04,Oil Filter,Engine system,1,299.06,282.97,299.06,Retail Client,Bank Transfer,Completed,ORD820087,Automated migration
2022-01-05,Fuel Pump,Fuel system,1,4776.82,170.62,4776.82,Wholesale Client,Check,Completed,ORD820088,Automated migration
2022-01-05,Battery,Electrical system,5,7177.93,414.35,35889.65,Walk-in Customer,GCash,Completed,ORD820089,Automated migration
2022-01-05,Brake Pad,Brake system,8,3420.59,135.04,27364.72,Walk-in Customer,Check,Completed,ORD820090,Automated migration
2022-01-05,Battery,Electrical system,4,5611.52,122.75,22446.08,Retail Client,Bank Transfer,Completed,ORD820091,Automated migration
2022-01-05,Spark Plug,Ignition system,7,406.43,334.09,2845.01,Wholesale Client,Cash,Completed,ORD820092,Automated migration
2022-01-05,Fuel Pump,Fuel system,2,4693.97,177.41,9387.94,Wholesale Client,Bank Transfer,Completed,ORD820093,Automated migration
2022-01-05,Oil Filter,Engine system,4,238.95,258.31,955.8,Retail Client,Cash,Completed,ORD820094,Automated migration
2022-01-05,Battery,Electrical system,7,6775.88,120.16,47431.16,Wholesale Client,Check,Completed,ORD820095,Automated migration
2022-01-05,Air Filter,Engine system,1,258.85,202.2,258.85,Retail Client,Bank Transfer,Completed,ORD820096,Automated migration
2022-01-05,Shock Absorber,Suspension system,8,4389.15,212.75,35113.2,Walk-in Customer,Bank Transfer,Completed,ORD820097,Automated migration
2022-01-05,Shock Absorber,Suspension system,4,3379.8,115.27,13519.2,Walk-in Customer,GCash,Completed,ORD820098,Automated migration
2022-01-05,Alternator,Electrical system,8,11754.39,345.08,94035.12,Retail Client,GCash,Completed,ORD820099,Automated migration
2022-01-05,Radiator,Cooling system,8,6580.74,490.26,52645.92,Retail Client,Bank Transfer,Completed,ORD820100,Automated migration
2022-01-05,Fuel Pump,Fuel system,2,3860.2,354.01,7720.4,Retail Client,Bank Transfer,Completed,ORD820101,Automated migration
2022-01-05,Air Filter,Engine system,8,258.43,472.04,2067.44,Walk-in Customer,Check,Completed,ORD820102,Automated migration
2022-01-05,Air Filter,Engine system,4,293.88,220.23,1175.52,Retail Client,Cash,Completed,ORD820103,Automated migration
2022-01-05,Shock Absorber,Suspension system,1,5699.52,200.35,5699.52,Retail Client,Cash,Completed,ORD820104,Automated migration
2022-01-05,Brake Pad,Brake system,4,1395.92,124.1,5583.68,Walk-in Customer,Check,Completed,ORD820105,Automated migration
2022-01-05,Clutch Kit,Transmission system,6,9054.63,221.36,54327.78,Walk-in Customer,Check,Completed,ORD820106,Automated migration
2022-01-05,Oil Filter,Engine system,0,252.41,0.0,0.0,Walk-in Customer,Cash,Completed,ORD820107,Automated migration
2022-01-05,Spark Plug,Ignition system,4,447.19,78.53,1788.76,Retail Client,Cash,Completed,ORD820108,Automated migration
2022-01-05,Air Filter,Engine system,6,290.1,296.91,1740.6,Wholesale Client,Cash,Completed,ORD820109,Automated migration
2022-01-06,Radiator,Cooling system,7,3427.08,116.71,23989.56,Wholesale Client,GCash,Completed,ORD820110,Automated migration
2022-01-06,Alternator,Electrical system,8,8124.05,74.49,64992.4,Wholesale Client,GCash,Completed,ORD820111,Automated migration
2022-01-06,Air Filter,Engine system,2,358.53,297.52,717.06,Walk-in Customer,Bank Transfer,Completed,ORD820112,Automated migration
2022-01-06,Alternator,Electrical system,7,10443.39,349.87,73103.73,Wholesale Client,Check,Completed,ORD820113,Automated migration
2022-01-06,Alternator,Electrical system,0,11447.11,0.0,0.0,Walk-in Customer,Bank Transfer,Completed,ORD820114,Automated migration
2022-01-06,Air Filter,Engine system,1,245.78,337.15,245.78,Walk-in Customer,Cash,Completed,ORD820115,Automated migration
2022-01-06,Oil Filter,Engine system,0,290.78,0.0,0.0,Retail Client,Check,Completed,ORD820116,Automated migration
2022-01-06,Radiator,Cooling system,2,8981.67,217.94,17963.34,Wholesale Client,Cash,Completed,ORD820117,Automated migration
2022-01-06,Fuel Pump,Fuel system,6,3999.89,335.07,23999.34,Retail Client,Bank Transfer,Completed,ORD820118,Automated migration
2022-01-06,Shock Absorber,Suspension system,4,4981.63,200.23,19926.52,Walk-in Customer,Cash,Completed,ORD820119,Automated migration
2022-01-06,Alternator,Electrical system,5,8261.99,57.96,41309.95,Wholesale Client,Cash,Completed,ORD820120,Automated migration
2022-01-06,Battery,Electrical system,0,4937.91,0.0,0.0,Wholesale Client,Check,Completed,ORD820121,Automated migration
2022-01-06,Air Filter,Engine system,3,253.41,65.51,760.23,Wholesale Client,Check,Completed,ORD820122,Automated migration
2022-01-06,Alternator,Electrical system,0,11865.73,0.0,0.0,Walk-in Customer,GCash,Completed,ORD820123,Automated migration
2022-01-06,Radiator,Cooling system,8,3082.05,204.0,24656.4,Retail Client,Cash,Completed,ORD820124,Automated migration
2022-01-06,Alternator,Electrical system,2,9491.88,358.3,18983.76,Walk-in Customer,Bank Transfer,Completed,ORD820125,Automated migration
2022-01-07,Shock Absorber,Suspension system,7,3096.79,275.63,21677.53,Wholesale Client,GCash,Completed,ORD820126,Automated migration
2022-01-07,Alternator,Electrical system,4,10863.38,427.21,43453.52,Wholesale Client,Bank Transfer,Completed,ORD820127,Automated migration
2022-01-07,Radiator,Cooling system,4,8024.86,289.96,32099.44,Walk-in Customer,Check,Completed,ORD820128,Automated migration
2022-01-07,Shock Absorber,Suspension system,8,4179.54,166.22,33436.32,Walk-in Customer,Check,Completed,ORD820129,Automated migration
2022-01-07,Fuel Pump,Fuel system,3,6913.49,119.4,20740.47,Wholesale Client,GCash,Completed,ORD820130,Automated migration
2022-01-07,Air Filter,Engine system,5,348.94,352.61,1744.7,Wholesale Client,Check,Completed,ORD820131,Automated migration
2022-01-07,Shock Absorber,Suspension system,0,2568.11,0.0,0.0,Walk-in Customer,Bank Transfer,Completed,ORD820132,Automated migration
2022-01-07,Shock Absorber,Suspension system,1,4366.78,228.46,4366.78,Walk-in Customer,GCash,Completed,ORD820133,Automated migration
2022-01-07,Brake Pad,Brake system,1,2279.83,484.6,2279.83,Wholesale Client,Check,Completed,ORD820134,Automated migration
2022-01-07,Fuel Pump,Fuel system,8,4210.04,158.33,33680.32,Walk-in Customer,Check,Completed,ORD820135,Automated migration
2022-01-07,Oil Filter,Engine system,1,158.69,342.2,158.69,Wholesale Client,GCash,Completed,ORD820136,Automated migration
2022-01-07,Battery,Electrical system,1,7801.85,351.95,7801.85,Retail Client,Check,Completed,ORD820137,Automated migration
2022-01-07,Radiator,Cooling system,0,3275.95,0.0,0.0,Retail Client,Bank Transfer,Completed,ORD820138,Automated migration
2022-01-07,Fuel Pump,Fuel system,6,3155.06,265.58,18930.36,Walk-in Customer,GCash,Completed,ORD820139,Automated migration
2022-01-07,Brake Pad,Brake system,1,2601.83,191.27,2601.83,Walk-in Customer,GCash,Completed,ORD820140,Automated migration
2022-01-07,Oil Filter,Engine system,2,158.05,318.95,316.1,Wholesale Client,Bank Transfer,Completed,ORD820141,Automated migration
2022-01-07,Shock Absorber,Suspension system,4,5049.25,78.99,20197.0,Wholesale Client,Bank Transfer,Completed,ORD820142,Automated migration
2022-01-07,Battery,Electrical system,4,6284.18,151.06,25136.72,Wholesale Client,Check,Completed,ORD820143,Automated migration
2022-01-07,Spark Plug,Ignition system,6,407.37,287.41,2444.22,Walk-in Customer,Bank Transfer,Completed,ORD820144,Automated migration
2022-01-07,Battery,Electrical system,4,4040.49,432.53,16161.96,Walk-in Customer,Cash,Completed,ORD820145,Automated migration
2022-01-07,Radiator,Cooling system,3,6642.39,176.16,19927.17,Walk-in Customer,GCash,Completed,ORD820146,Automated migration
2022-01-07,Brake Pad,Brake system,1,3277.83,323.17,3277.83,Wholesale Client,Check,Completed,ORD820147,Automated migration
2022-01-07,Oil Filter,Engine system,5,283.09,45.07,1415.45,Wholesale Client,Bank Transfer,Completed,ORD820148,Automated migration
2022-01-07,Brake Pad,Brake system,3,1503.97,269.7,4511.91,Wholesale Client,Bank Transfer,Completed,ORD820149,Automated migration
2022-01-07,Radiator,Cooling system,7,8804.3,147.57,61630.1,Wholesale Client,Cash,Completed,ORD820150,Automated migration
2022-01-08,Brake Pad,Brake system,3,3178.32,362.11,9534.96,Wholesale Client,Bank Transfer,Completed,ORD820151,Automated migration
2022-01-08,Battery,Electrical system,0,5322.29,0.0,0.0,Retail Client,Check,Completed,ORD820152,Automated migration
2022-01-08,Radiator,Cooling system,6,7934.5,470.15,47607.0,Retail Client,GCash,Completed,ORD820153,Automated migration
2022-01-08,Air Filter,Engine system,8,265.6,305.04,2124.8,Walk-in Customer,Cash,Completed,ORD820154,Automated migration
2022-01-08,Radiator,Cooling system,6,3700.06,22.67,22200.36,Retail Client,Bank Transfer,Completed,ORD820155,Automated migration
2022-01-08,Alternator,Electrical system,1,8174.0,268.77,8174.0,Wholesale Client,Check,Completed,ORD820156,Automated migration
2022-01-08,Clutch Kit,Transmission system,6,10286.06,363.3,61716.36,Wholesale Client,Cash,Completed,ORD820157,Automated migration
2022-01-08,Oil Filter,Engine system,6,334.76,139.87,2008.56,Walk-in Customer,Bank Transfer,Completed,ORD820158,Automated migration
2022-01-08,Shock Absorber,Suspension system,7,6277.5,427.73,43942.5,Retail Client,Bank Transfer,Completed,ORD820159,Automated migration
2022-01-08,Air Filter,Engine system,6,255.18,484.1,1531.08,Wholesale Client,Cash,Completed,ORD820160,Automated migration
2022-01-08,Oil Filter,Engine system,0,112.64,0.0,0.0,Wholesale Client,GCash,Completed,ORD820161,Automated migration
2022-01-08,Oil Filter,Engine system,3,117.15,382.58,351.45,Retail Client,GCash,Completed,ORD820162,Automated migration
2022-01-08,Fuel Pump,Fuel system,2,6048.9,297.99,12097.8,Wholesale Client,GCash,Completed,ORD820163,Automated migration
2022-01-09,Radiator,Cooling system,2,3659.56,433.22,7319.12,Retail Client,Cash,Completed,ORD820164,Automated migration
2022-01-09,Spark Plug,Ignition system,5,157.1,132.68,785.5,Retail Client,Check,Completed,ORD820165,Automated migration
2022-01-09,Alternator,Electrical system,7,9241.38,181.02,64689.66,Walk-in Customer,Cash,Completed,ORD820166,Automated migration
2022-01-09,Clutch Kit,Transmission system,3,13508.74,21.68,40526.22,Walk-in Customer,Bank Transfer,Completed,ORD820167,Automated migration
2022-01-09,Air Filter,Engine system,0,399.72,0.0,0.0,Wholesale Client,Check,Completed,ORD820168,Automated migration
2022-01-09,Shock Absorber,Suspension system,7,2330.71,40.4,16314.97,Walk-in Customer,GCash,Completed,ORD820169,Automated migration
2022-01-09,Brake Pad,Brake system,4,2635.93,292.68,10543.72,Walk-in Customer,Bank Transfer,Completed,ORD820170,Automated migration
2022-01-09,Oil Filter,Engine system,8,173.72,252.78,1389.76,Wholesale Client,Cash,Completed,ORD820171,Automated migration
2022-01-09,Clutch Kit,Transmission system,3,8870.63,444.05,26611.89,Wholesale Client,Bank Transfer,Completed,ORD820172,Automated migration
2022-01-09,Battery,Electrical system,6,7648.06,156.27,45888.36,Wholesale Client,Bank Transfer,Completed,ORD820173,Automated migration
2022-01-09,Brake Pad,Brake system,7,1354.41,415.89,9480.87,Retail Client,Check,Completed,ORD820174,Automated migration
2022-01-09,Fuel Pump,Fuel system,2,5003.67,293.23,10007.34,Walk-in Customer,Bank Transfer,Completed,ORD820175,Automated migration
2022-01-09,Battery,Electrical system,5,8368.04,470.56,41840.2,Wholesale Client,Cash,Completed,ORD820176,Automated migration
2022-01-09,Oil Filter,Engine system,4,187.91,288.96,751.64,Retail Client,GCash,Completed,ORD820177,Automated migration
2022-01-09,Spark Plug,Ignition system,1,307.55,278.13,307.55,Retail Client,Bank Transfer,Completed,ORD820178,Automated migration
2022-01-09,Battery,Electrical system,8,8872.73,409.21,70981.84,Walk-in Customer,Cash,Completed,ORD820179,Automated migration
2022-01-09,Air Filter,Engine system,2,254.65,381.2,509.3,Wholesale Client,Bank Transfer,Completed,ORD820180,Automated migration
2022-01-09,Brake Pad,Brake system,2,2502.54,200.39,5005.08,Retail Client,Cash,Completed,ORD820181,Automated migration
2022-01-09,Clutch Kit,Transmission system,3,8385.75,226.82,25157.25,Retail Client,Bank Transfer,Completed,ORD820182,Automated migration
2022-01-09,Fuel Pump,Fuel system,1,6475.04,77.79,6475.04,Walk-in Customer,Cash,Completed,ORD820183,Automated migration
2022-01-10,Shock Absorber,Suspension system,6,4185.48,221.02,25112.88,Wholesale Client,GCash,Completed,ORD820184,Automated migration
2022-01-10,Fuel Pump,Fuel system,6,2999.0,339.11,17994.0,Walk-in Customer,Check,Completed,ORD820185,Automated migration
2022-01-10,Air Filter,Engine system,3,279.05,299.66,837.15,Retail Client,GCash,Completed,ORD820186,Automated migration
2022-01-10,Spark Plug,Ignition system,2,493.87,144.72,987.74,Retail Client,Cash,Completed,ORD820187,Automated migration
2022-01-10,Battery,Electrical system,2,4645.93,266.29,9291.86,Retail Client,Bank Transfer,Completed,ORD820188,Automated migration
2022-01-10,Battery,Electrical system,0,6181.1,0.0,0.0,Wholesale Client,Cash,Completed,ORD820189,Automated migration
2022-01-10,Oil Filter,Engine system,6,243.35,354.75,1460.1,Wholesale Client,Bank Transfer,Completed,ORD820190,Automated migration
2022-01-10,Battery,Electrical system,0,8831.0,0.0,0.0,Retail Client,Check,Completed,ORD820191,Automated migration
2022-01-10,Alternator,Electrical system,6,11222.42,121.66,67334.52,Walk-in Customer,Check,Completed,ORD820192,Automated migration
2022-01-10,Battery,Electrical system,4,7729.02,110.79,30916.08,Retail Client,Cash,Completed,ORD820193,Automated migration
2022-01-10,Clutch Kit,Transmission system,8,6745.13,388.11,53961.04,Wholesale Client,GCash,Completed,ORD820194,Automated migration
2022-01-10,Alternator,Electrical system,2,8279.84,86.75,16559.68,Retail Client,Cash,Completed,ORD820195,Automated migration
2022-01-10,Shock Absorber,Suspension system,7,5395.01,379.94,37765.07,Wholesale Client,Bank Transfer,Completed,ORD820196,Automated migration
2022-01-10,Brake Pad,Brake system,7,1357.06,221.1,9499.42,Wholesale Client,Bank Transfer,Completed,ORD820197,Automated migration
2022-01-10,Fuel Pump,Fuel system,8,2833.86,230.87,22670.88,Retail Client,Cash,Completed,ORD820198,Automated migration
2022-01-10,Radiator,Cooling system,1,6868.0,488.68,6868.0,Retail Client,Check,Completed,ORD820199,Automated migration
2022-01-11,Clutch Kit,Transmission system,0,9047.6,0.0,0.0,Walk-in Customer,GCash,Completed,ORD820200,Automated migration
2022-01-11,Oil Filter,Engine system,7,225.34,478.86,1577.38,Wholesale Client,Cash,Completed,ORD820201,Automated migration
2022-01-11,Alternator,Electrical system,8,10230.64,19.57,81845.12,Walk-in Customer,Check,Completed,ORD820202,Automated migration
2022-01-11,Clutch Kit,Transmission system,8,10488.25,181.95,83906.0,Wholesale Client,Check,Completed,ORD820203,Automated migration
2022-01-11,Fuel Pump,Fuel system,0,6051.52,0.0,0.0,Walk-in Customer,Bank Transfer,Completed,ORD820204,Automated migration
2022-01-11,Fuel Pump,Fuel system,1,5010.83,193.28,5010.83,Wholesale Client,GCash,Completed,ORD820205,Automated migration
2022-01-11,Alternator,Electrical system,2,11583.73,155.12,23167.46,Walk-in Customer,Check,Completed,ORD820206,Automated migration
2022-01-11,Oil Filter,Engine system,1,177.4,188.34,177.4,Wholesale Client,GCash,Completed,ORD820207,Automated migration
2022-01-11,Battery,Electrical system,8,5809.14,181.3,46473.12,Retail Client,GCash,Completed,ORD820208,Automated migration
2022-01-11,Shock Absorber,Suspension system,3,3019.44,68.78,9058.32,Retail Client,Bank Transfer,Completed,ORD820209,Automated migration
2022-01-11,Clutch Kit,Transmission system,8,12516.08,441.84,100128.64,Retail Client,Bank Transfer,Completed,ORD820210,Automated migration
2022-01-11,Oil Filter,Engine system,6,138.56,90.42,831.36,Walk-in Customer,GCash,Completed,ORD820211,Automated migration
2022-01-11,Air Filter,Engine system,6,272.86,359.79,1637.16,Wholesale Client,Bank Transfer,Completed,ORD820212,Automated migration
2022-01-11,Spark Plug,Ignition system,8,257.63,482.8,2061.04,Wholesale Client,GCash,Completed,ORD820213,Automated migration
2022-01-11,Oil Filter,Engine system,7,215.42,140.89,1507.94,Wholesale Client,Check,Completed,ORD820214,Automated migration
2022-01-11,Spark Plug,Ignition system,2,542.85,26.09,1085.7,Wholesale Client,Bank Transfer,Completed,ORD820215,Automated migration
2022-01-11,Clutch Kit,Transmission system,1,7565.57,381.56,7565.57,Wholesale Client,Check,Completed,ORD820216,Automated migration
2022-01-11,Battery,Electrical system,1,8732.07,111.02,8732.07,Wholesale Client,Bank Transfer,Completed,ORD820217,Automated migration
2022-01-11,Battery,Electrical system,0,5982.27,0.0,0.0,Wholesale Client,GCash,Completed,ORD820218,Automated migration
2022-01-11,Alternator,Electrical system,5,8122.69,159.34,40613.45,Retail Client,Bank Transfer,Completed,ORD820219,Automated migration
2022-01-11,Brake Pad,Brake system,0,1859.82,0.0,0.0,Wholesale Client,GCash,Completed,ORD820220,Automated migration
2022-01-12,Oil Filter,Engine system,0,326.46,0.0,0.0,Retail Client,Bank Transfer,Completed,ORD820221,Automated migration
2022-01-12,Brake Pad,Brake system,8,3362.52,304.44,26900.16,Wholesale Client,Cash,Completed,ORD820222,Automated migration
2022-01-12,Spark Plug,Ignition system,4,204.83,119.22,819.32,Walk-in Customer,Check,Completed,ORD820223,Automated migration
2022-01-12,Alternator,Electrical system,7,9983.7,8.22,69885.9,Walk-in Customer,GCash,Completed,ORD820224,Automated migration
2022-01-12,Radiator,Cooling system,6,3009.39,176.41,18056.34,Walk-in Customer,Check,Completed,ORD820225,Automated migration
2022-01-12,Alternator,Electrical system,8,11873.27,33.84,94986.16,Walk-in Customer,Cash,Completed,ORD820226,Automated migration
2022-01-12,Shock Absorber,Suspension system,0,4860.52,0.0,0.0,Wholesale Client,Bank Transfer,Completed,ORD820227,Automated migration
2022-01-12,Fuel Pump,Fuel system,1,4051.61,366.47,4051.61,Walk-in Customer,Cash,Completed,ORD820228,Automated migration
2022-01-12,Brake Pad,Brake system,0,2010.29,0.0,0.0,Wholesale Client,GCash,Completed,ORD820229,Automated migration
2022-01-12,Shock Absorber,Suspension system,2,5651.74,31.55,11303.48,Wholesale Client,Cash,Completed,ORD820230,Automated migration
2022-01-12,Spark Plug,Ignition system,0,506.0,0.0,0.0,Retail Client,Bank Transfer,Completed,ORD820231,Automated migration
2022-01-12,Clutch Kit,Transmission system,6,13902.1,271.52,83412.6,Wholesale Client,Cash,Completed,ORD820232,Automated migration
2022-01-12,Radiator,Cooling system,5,8172.83,23.9,40864.15,Walk-in Customer,Bank Transfer,Completed,ORD820233,Automated migration
2022-01-12,Alternator,Electrical system,5,9184.76,200.01,45923.8,Wholesale Client,Check,Completed,ORD820234,Automated migration
2022-01-12,Brake Pad,Brake system,7,2791.76,183.67,19542.32,Walk-in Customer,Bank Transfer,Completed,ORD820235,Automated migration
2022-01-12,Battery,Electrical system,1,6153.04,497.55,6153.04,Retail Client,Bank Transfer,Completed,ORD820236,Automated migration
2022-01-12,Alternator,Electrical system,1,8639.6,147.82,8639.6,Wholesale Client,Check,Completed,ORD820237,Automated migration
2022-01-12,Shock Absorber,Suspension system,5,4012.08,363.41,20060.4,Wholesale Client,Check,Completed,ORD820238,Automated migration
2022-01-12,Air Filter,Engine system,1,334.24,203.11,334.24,Walk-in Customer,GCash,Completed,ORD820239,Automated migration
2022-01-13,Oil Filter,Engine system,7,108.7,33.62,760.9,Walk-in Customer,Bank Transfer,Completed,ORD820240,Automated migration
2022-01-13,Battery,Electrical system,0,7025.47,0.0,0.0,Walk-in Customer,Check,Completed,ORD820241,Automated migration
2022-01-13,Fuel Pump,Fuel system,7,5933.88,286.96,41537.16,Walk-in Customer,Bank Transfer,Completed,ORD820242,Automated migration
2022-01-13,Fuel Pump,Fuel system,4,3623.25,56.72,14493.0,Walk-in Customer,GCash,Completed,ORD820243,Automated migration
2022-01-13,Clutch Kit,Transmission system,6,13221.88,58.88,79331.28,Wholesale Client,Check,Completed,ORD820244,Automated migration
2022-01-13,Oil Filter,Engine system,4,273.5,499.31,1094.0,Retail Client,Cash,Completed,ORD820245,Automated migration
2022-01-13,Alternator,Electrical system,7,7863.28,356.68,55042.96,Retail Client,Bank Transfer,Completed,ORD820246,Automated migration
2022-01-13,Alternator,Electrical system,8,9710.86,445.67,77686.88,Retail Client,GCash,Completed,ORD820247,Automated migration
2022-01-13,Clutch Kit,Transmission system,3,6092.26,100.49,18276.78,Retail Client,GCash,Completed,ORD820248,Automated migration
2022-01-13,Air Filter,Engine system,5,310.8,184.46,1554.0,Walk-in Customer,GCash,Completed,ORD820249,Automated migration
2022-01-13,Alternator,Electrical system,4,8990.8,358.47,35963.2,Wholesale Client,Check,Completed,ORD820250,Automated migration
2022-01-13,Oil Filter,Engine system,1,131.33,158.51,131.33,Retail Client,Check,Completed,ORD820251,Automated migration
2022-01-13,Clutch Kit,Transmission system,5,6155.01,414.53,30775.05,Walk-in Customer,GCash,Completed,ORD820252,Automated migration
2022-01-13,Battery,Electrical system,8,8553.56,27.71,68428.48,Retail Client,GCash,Completed,ORD820253,Automated migration
2022-01-14,Brake Pad,Brake system,5,3349.9,112.74,16749.5,Walk-in Customer,Bank Transfer,Completed,ORD820254,Automated migration
2022-01-14,Radiator,Cooling system,3,6810.34,275.42,20431.02,Retail Client,Bank Transfer,Completed,ORD820255,Automated migration
2022-01-14,Clutch Kit,Transmission system,2,10326.28,290.32,20652.56,Retail Client,Bank Transfer,Completed,ORD820256,Automated migration
2022-01-14,Air Filter,Engine system,1,209.09,320.73,209.09,Walk-in Customer,Bank Transfer,Completed,ORD820257,Automated migration
2022-01-14,Oil Filter,Engine system,6,254.53,15.14,1527.18,Walk-in Customer,Bank Transfer,Completed,ORD820258,Automated migration
2022-01-14,Shock Absorber,Suspension system,3,5621.1,342.5,16863.3,Wholesale Client,Check,Completed,ORD820259,Automated migration
2022-01-14,Air Filter,Engine system,2,287.92,242.13,575.84,Retail Client,Bank Transfer,Completed,ORD820260,Automated migration
2022-01-14,Fuel Pump,Fuel system,5,5803.9,430.39,29019.5,Wholesale Client,GCash,Completed,ORD820261,Automated migration
2022-01-14,Clutch Kit,Transmission system,8,5955.66,120.87,47645.28,Retail Client,Bank Transfer,Completed,ORD820262,Automated migration
2022-01-14,Spark Plug,Ignition system,2,193.57,145.11,387.14,Wholesale Client,Check,Completed,ORD820263,Automated migration
2022-01-14,Brake Pad,Brake system,5,3347.63,360.56,16738.15,Retail Client,GCash,Completed,ORD820264,Automated migration
2022-01-14,Clutch Kit,Transmission system,7,9488.84,154.27,66421.88,Retail Client,Cash,Completed,ORD820265,Automated migration
2022-01-14,Clutch Kit,Transmission system,7,13700.18,107.57,95901.26,Wholesale Client,Cash,Completed,ORD820266,Automated migration
2022-01-14,Radiator,Cooling system,7,6585.11,421.42,46095.77,Walk-in Customer,Check,Completed,ORD820267,Automated migration
2022-01-15,Air Filter,Engine system,1,286.19,441.23,286.19,Walk-in Customer,Bank Transfer,Completed,ORD820268,Automated migration
2022-01-15,Fuel Pump,Fuel system,0,4302.62,0.0,0.0,Walk-in Customer,GCash,Completed,ORD820269,Automated migration
2022-01-15,Clutch Kit,Transmission system,4,5661.79,252.13,22647.16,Walk-in Customer,Bank Transfer,Completed,ORD820270,Automated migration
2022-01-15,Brake Pad,Brake system,1,2105.98,397.45,2105.98,Wholesale Client,Bank Transfer,Completed,ORD820271,Automated migration
2022-01-15,Spark Plug,Ignition system,8,330.62,20.13,2644.96,Retail Client,GCash,Completed,ORD820272,Automated migration
2022-01-15,Shock Absorber,Suspension system,8,4056.45,303.13,32451.6,Walk-in Customer,GCash,Completed,ORD820273,Automated migration
2022-01-15,Oil Filter,Engine system,5,140.63,495.31,703.15,Walk-in Customer,Bank Transfer,Completed,ORD820274,Automated migration
2022-01-15,Clutch Kit,Transmission system,8,9791.06,354.37,78328.48,Wholesale Client,Check,Completed,ORD820275,Automated migration
2022-01-15,Fuel Pump,Fuel system,5,5532.13,489.95,27660.65,Walk-in Customer,Bank Transfer,Completed,ORD820276,Automated migration
2022-01-15,Oil Filter,Engine system,7,166.38,327.8,1164.66,Walk-in Customer,GCash,Completed,ORD820277,Automated migration
2022-01-15,Oil Filter,Engine system,7,142.63,314.51,998.41,Walk-in Customer,Check,Completed,ORD820278,Automated migration
2022-01-15,Spark Plug,Ignition system,0,407.66,0.0,0.0,Walk-in Customer,Cash,Completed,ORD820279,Automated migration
2022-01-15,Air Filter,Engine system,7,262.74,75.72,1839.18,Walk-in Customer,GCash,Completed,ORD820280,Automated migration
2022-01-15,Clutch Kit,Transmission system,7,12855.36,367.92,89987.52,Retail Client,GCash,Completed,ORD820281,Automated migration
2022-01-15,Clutch Kit,Transmission system,5,13983.11,239.19,69915.55,Wholesale Client,Bank Transfer,Completed,ORD820282,Automated migration
2022-01-15,Shock Absorber,Suspension system,8,3540.47,177.14,28323.76,Walk-in Customer,Bank Transfer,Completed,ORD820283,Automated migration
2022-01-15,Spark Plug,Ignition system,3,275.55,149.25,826.65,Wholesale Client,Bank Transfer,Completed,ORD820284,Automated migration
2022-01-15,Shock Absorber,Suspension system,5,4159.12,280.24,20795.6,Walk-in Customer,Bank Transfer,Completed,ORD820285,Automated migration
2022-01-15,Alternator,Electrical system,8,8898.47,490.08,71187.76,Wholesale Client,GCash,Completed,ORD820286,Automated migration
2022-01-15,Air Filter,Engine system,4,391.06,39.51,1564.24,Wholesale Client,Bank Transfer,Completed,ORD820287,Automated migration
2022-01-16,Spark Plug,Ignition system,8,272.01,281.01,2176.08,Wholesale Client,GCash,Completed,ORD820288,Automated migration
2022-01-16,Oil Filter,Engine system,3,160.61,334.92,481.83,Walk-in Customer,GCash,Completed,ORD820289,Automated migration
2022-01-16,Air Filter,Engine system,1,282.66,358.68,282.66,Retail Client,GCash,Completed,ORD820290,Automated migration
2022-01-16,Clutch Kit,Transmission system,2,8662.17,467.52,17324.34,Wholesale Client,Check,Completed,ORD820291,Automated migration
2022-01-16,Radiator,Cooling system,5,4712.49,29.58,23562.45,Retail Client,GCash,Completed,ORD820292,Automated migration
2022-01-16,Brake Pad,Brake system,6,3229.16,87.89,19374.96,Retail Client,Check,Completed,ORD820293,Automated migration
2022-01-16,Brake Pad,Brake system,4,3216.51,4.63,12866.04,Walk-in Customer,Cash,Completed,ORD820294,Automated migration
2022-01-16,Radiator,Cooling system,7,8934.6,271.65,62542.2,Wholesale Client,GCash,Completed,ORD820295,Automated migration
2022-01-16,Radiator,Cooling system,3,7852.88,165.34,23558.64,Walk-in Customer,Check,Completed,ORD820296,Automated migration
2022-01-16,Brake Pad,Brake system,0,2894.22,0.0,0.0,Wholesale Client,GCash,Completed,ORD820297,Automated migration
2022-01-16,Oil Filter,Engine system,6,306.75,257.64,1840.5,Retail Client,Check,Completed,ORD820298,Automated migration
2022-01-16,Brake Pad,Brake system,2,2298.14,467.91,4596.28,Retail Client,Bank Transfer,Completed,ORD820299,Automated migration
2022-01-16,Spark Plug,Ignition system,7,489.19,477.02,3424.33,Wholesale Client,Cash,Completed,ORD820300,Automated migration
2022-01-16,Fuel Pump,Fuel system,3,2779.56,59.11,8338.68,Wholesale Client,GCash,Completed,ORD820301,Automated migration
2022-01-16,Clutch Kit,Transmission system,4,11212.61,319.36,44850.44,Wholesale Client,Bank Transfer,Completed,ORD820302,Automated migration
2022-01-17,Brake Pad,Brake system,7,1552.33,373.87,10866.31,Walk-in Customer,Bank Transfer,Completed,ORD820303,Automated migration
2022-01-17,Clutch Kit,Transmission system,7,11816.15,401.0,82713.05,Retail Client,GCash,Completed,ORD820304,Automated migration
2022-01-17,Clutch Kit,Transmission system,7,9753.56,180.89,68274.92,Walk-in Customer,Cash,Completed,ORD820305,Automated migration
2022-01-17,Clutch Kit,Transmission system,8,6819.41,268.33,54555.28,Retail Client,Bank Transfer,Completed,ORD820306,Automated migration
2022-01-17,Alternator,Electrical system,3,10584.59,244.41,31753.77,Walk-in Customer,Check,Completed,ORD820307,Automated migration
2022-01-17,Shock Absorber,Suspension system,2,4309.62,228.4,8619.24,Retail Client,Check,Completed,ORD820308,Automated migration
2022-01-17,Air Filter,Engine system,6,250.89,1.51,1505.34,Retail Client,Cash,Completed,ORD820309,Automated migration
2022-01-17,Battery,Electrical system,5,7501.92,270.58,37509.6,Retail Client,Cash,Completed,ORD820310,Automated migration
2022-01-17,Air Filter,Engine system,4,281.77,384.49,1127.08,Walk-in Customer,Check,Completed,ORD820311,Automated migration
2022-01-17,Battery,Electrical system,7,8348.1,453.38,58436.7,Wholesale Client,Cash,Completed,ORD820312,Automated migration
2022-01-17,Fuel Pump,Fuel system,1,3303.13,268.63,3303.13,Walk-in Customer,GCash,Completed,ORD820313,Automated migration
2022-01-17,Air Filter,Engine system,0,395.7,0.0,0.0,Wholesale Client,Check,Completed,ORD820314,Automated migration
2022-01-17,Spark Plug,Ignition system,3,357.28,77.56,1071.84,Retail Client,Cash,Completed,ORD820315,Automated migration
2022-01-17,Battery,Electrical system,0,5203.33,0.0,0.0,Retail Client,Cash,Completed,ORD820316,Automated migration
2022-01-17,Shock Absorber,Suspension system,0,3101.3,0.0,0.0,Retail Client,Check,Completed,ORD820317,Automated migration
2022-01-18,Clutch Kit,Transmission system,3,11789.47,388.03,35368.41,Retail Client,Bank Transfer,Completed,ORD820318,Automated migration
2022-01-18,Oil Filter,Engine system,5,244.37,386.27,1221.85,Wholesale Client,GCash,Completed,ORD820319,Automated migration
2022-01-18,Brake Pad,Brake system,8,1708.4,150.25,13667.2,Retail Client,GCash,Completed,ORD820320,Automated migration
2022-01-18,Clutch Kit,Transmission system,7,5421.96,172.21,37953.72,Walk-in Customer,Check,Completed,ORD820321,Automated migration
2022-01-18,Battery,Electrical system,6,4746.09,188.23,28476.54,Walk-in Customer,Check,Completed,ORD820322,Automated migration
2022-01-18,Spark Plug,Ignition system,4,535.89,72.18,2143.56,Wholesale Client,Cash,Completed,ORD820323,Automated migration
2022-01-18,Battery,Electrical system,8,6649.96,194.21,53199.68,Wholesale Client,GCash,Completed,ORD820324,Automated migration
2022-01-18,Alternator,Electrical system,7,11235.67,46.23,78649.69,Walk-in Customer,GCash,Completed,ORD820325,Automated migration
2022-01-18,Radiator,Cooling system,6,7042.03,301.46,42252.18,Retail Client,GCash,Completed,ORD820326,Automated migration
2022-01-18,Shock Absorber,Suspension system,3,5912.63,166.48,17737.89,Retail Client,GCash,Completed,ORD820327,Automated migration
2022-01-18,Alternator,Electrical system,7,11572.21,347.81,81005.47,Walk-in Customer,GCash,Completed,ORD820328,Automated migration
2022-01-18,Spark Plug,Ignition system,8,294.73,141.53,2357.84,Wholesale Client,Bank Transfer,Completed,ORD820329,Automated migration
2022-01-18,Radiator,Cooling system,5,6076.9,248.64,30384.5,Retail Client,Check,Completed,ORD820330,Automated migration
2022-01-18,Spark Plug,Ignition system,5,290.81,22.86,1454.05,Retail Client,GCash,Completed,ORD820331,Automated migration
2022-01-18,Radiator,Cooling system,8,8608.55,289.57,68868.4,Wholesale Client,Bank Transfer,Completed,ORD820332,Automated migration
2022-01-19,Fuel Pump,Fuel system,3,4209.28,416.68,12627.84,Wholesale Client,Bank Transfer,Completed,ORD820333,Automated migration
2022-01-19,Shock Absorber,Suspension system,7,4073.73,366.39,28516.11,Wholesale Client,GCash,Completed,ORD820334,Automated migration
2022-01-19,Clutch Kit,Transmission system,7,6656.43,444.68,46595.01,Walk-in Customer,Cash,Completed,ORD820335,Automated migration
2022-01-19,Alternator,Electrical system,0,10821.69,0.0,0.0,Wholesale Client,GCash,Completed,ORD820336,Automated migration
2022-01-19,Alternator,Electrical system,2,7045.71,252.87,14091.42,Wholesale Client,Cash,Completed,ORD820337,Automated migration
2022-01-19,Shock Absorber,Suspension system,0,2029.76,0.0,0.0,Walk-in Customer,Check,Completed,ORD820338,Automated migration
2022-01-19,Air Filter,Engine system,8,344.44,267.87,2755.52,Wholesale Client,Cash,Completed,ORD820339,Automated migration
2022-01-19,Brake Pad,Brake system,1,3311.51,262.19,3311.51,Retail Client,GCash,Completed,ORD820340,Automated migration
2022-01-19,Fuel Pump,Fuel system,4,6077.21,39.51,24308.84,Wholesale Client,Check,Completed,ORD820341,Automated migration
2022-01-19,Spark Plug,Ignition system,4,457.82,423.93,1831.28,Walk-in Customer,Cash,Completed,ORD820342,Automated migration
2022-01-19,Battery,Electrical system,6,5885.85,238.0,35315.1,Walk-in Customer,Cash,Completed,ORD820343,Automated migration
2022-01-19,Alternator,Electrical system,7,11226.65,322.45,78586.55,Wholesale Client,Cash,Completed,ORD820344,Automated migration
2022-01-19,Spark Plug,Ignition system,3,555.57,346.14,1666.71,Walk-in Customer,Check,Completed,ORD820345,Automated migration
2022-01-19,Air Filter,Engine system,1,336.89,140.19,336.89,Walk-in Customer,Cash,Completed,ORD820346,Automated migration
2022-01-19,Fuel Pump,Fuel system,0,6826.61,0.0,0.0,Walk-in Customer,GCash,Completed,ORD820347,Automated migration
2022-01-20,Radiator,Cooling system,2,6383.75,283.35,12767.5,Wholesale Client,Bank Transfer,Completed,ORD820348,Automated migration
2022-01-20,Brake Pad,Brake system,1,2351.82,487.16,2351.82,Retail Client,Cash,Completed,ORD820349,Automated migration
2022-01-20,Spark Plug,Ignition system,1,303.27,384.5,303.27,Walk-in Customer,Check,Completed,ORD820350,Automated migration
2022-01-20,Air Filter,Engine system,4,356.71,225.28,1426.84,Retail Client,Bank Transfer,Completed,ORD820351,Automated migration
2022-01-20,Battery,Electrical system,2,7398.47,330.34,14796.94,Retail Client,Bank Transfer,Completed,ORD820352,Automated migration
2022-01-20,Alternator,Electrical system,1,8339.86,190.0,8339.86,Walk-in Customer,GCash,Completed,ORD820353,Automated migration
2022-01-20,Fuel Pump,Fuel system,5,2979.48,2.6,14897.4,Wholesale Client,Check,Completed,ORD820354,Automated migration
2022-01-20,Radiator,Cooling system,1,3795.04,93.7,3795.04,Wholesale Client,Check,Completed,ORD820355,Automated migration
2022-01-20,Air Filter,Engine system,1,270.78,46.53,270.78,Walk-in Customer,Bank Transfer,Completed,ORD820356,Automated migration
2022-01-20,Air Filter,Engine system,4,282.76,389.58,1131.04,Walk-in Customer,GCash,Completed,ORD820357,Automated migration
2022-01-20,Battery,Electrical system,2,4694.2,150.57,9388.4,Wholesale Client,GCash,Completed,ORD820358,Automated migration
2022-01-20,Brake Pad,Brake system,6,1834.71,149.88,11008.26,Retail Client,Bank Transfer,Completed,ORD820359,Automated migration
2022-01-20,Spark Plug,Ignition system,7,417.21,97.77,2920.47,Retail Client,GCash,Completed,ORD820360,Automated migration
2022-01-21,Battery,Electrical system,5,8208.07,189.94,41040.35,Wholesale Client,Check,Completed,ORD820361,Automated migration
2022-01-21,Battery,Electrical system,2,5502.18,301.61,11004.36,Walk-in Customer,GCash,Completed,ORD820362,Automated migration
2022-01-21,Fuel Pump,Fuel system,2,6840.59,484.36,13681.18,Wholesale Client,Check,Completed,ORD820363,Automated migration
2022-01-21,Fuel Pump,Fuel system,6,3761.35,392.93,22568.1,Wholesale Client,Cash,Completed,ORD820364,Automated migration
2022-01-21,Oil Filter,Engine system,8,144.98,383.81,1159.84,Retail Client,Check,Completed,ORD820365,Automated migration
2022-01-21,Shock Absorber,Suspension system,4,5740.77,34.58,22963.08,Wholesale Client,Check,Completed,ORD820366,Automated migration
2022-01-21,Radiator,Cooling system,3,4516.09,77.07,13548.27,Wholesale Client,Check,Completed,ORD820367,Automated migration
2022-01-21,Shock Absorber,Suspension system,7,4620.1,267.18,32340.7,Walk-in Customer,Check,Completed,ORD820368,Automated migration
2022-01-21,Fuel Pump,Fuel system,8,5172.19,457.2,41377.52,Retail Client,GCash,Completed,ORD820369,Automated migration
2022-01-21,Brake Pad,Brake system,0,2495.41,0.0,0.0,Walk-in Customer,Check,Completed,ORD820370,Automated migration
2022-01-21,Battery,Electrical system,1,4052.74,129.37,4052.74,Walk-in Customer,GCash,Completed,ORD820371,Automated migration
2022-01-21,Fuel Pump,Fuel system,6,4583.78,339.78,27502.68,Walk-in Customer,GCash,Completed,ORD820372,Automated migration
2022-01-22,Shock Absorber,Suspension system,1,3329.44,460.27,3329.44,Retail Client,Cash,Completed,ORD820373,Automated migration
2022-01-22,Fuel Pump,Fuel system,4,4043.8,392.13,16175.2,Walk-in Customer,Check,Completed,ORD820374,Automated migration
2022-01-22,Shock Absorber,Suspension system,1,3971.75,348.38,3971.75,Wholesale Client,Cash,Completed,ORD820375,Automated migration
2022-01-22,Air Filter,Engine system,1,204.52,171.54,204.52,Retail Client,GCash,Completed,ORD820376,Automated migration
2022-01-22,Clutch Kit,Transmission system,2,9967.19,165.49,19934.38,Wholesale Client,Check,Completed,ORD820377,Automated migration
2022-01-22,Battery,Electrical system,2,4931.93,328.65,9863.86,Wholesale Client,Cash,Completed,ORD820378,Automated migration
2022-01-22,Shock Absorber,Suspension system,6,3749.76,352.37,22498.56,Retail Client,Bank Transfer,Completed,ORD820379,Automated migration
2022-01-22,Oil Filter,Engine system,1,299.88,268.44,299.88,Wholesale Client,Bank Transfer,Completed,ORD820380,Automated migration
2022-01-22,Shock Absorber,Suspension system,1,3180.59,431.32,3180.59,Walk-in Customer,Bank Transfer,Completed,ORD820381,Automated migration
2022-01-22,Oil Filter,Engine system,6,246.75,173.96,1480.5,Wholesale Client,GCash,Completed,ORD820382,Automated migration
2022-01-22,Oil Filter,Engine system,1,268.03,156.59,268.03,Retail Client,Bank Transfer,Completed,ORD820383,Automated migration
2022-01-22,Brake Pad,Brake system,5,2794.9,255.41,13974.5,Wholesale Client,GCash,Completed,ORD820384,Automated migration
2022-01-23,Brake Pad,Brake system,7,2661.65,346.72,18631.55,Walk-in Customer,GCash,Completed,ORD820385,Automated migration
2022-01-23,Shock Absorber,Suspension system,4,2631.33,157.29,10525.32,Wholesale Client,Cash,Completed,ORD820386,Automated migration
2022-01-23,Air Filter,Engine system,7,227.31,407.61,1591.17,Walk-in Customer,Check,Completed,ORD820387,Automated migration
2022-01-23,Shock Absorber,Suspension system,6,5195.64,221.93,31173.84,Retail Client,Cash,Completed,ORD820388,Automated migration
2022-01-23,Spark Plug,Ignition system,4,164.71,112.42,658.84,Wholesale Client,GCash,Completed,ORD820389,Automated migration
2022-01-23,Oil Filter,Engine system,7,237.43,56.61,1662.01,Retail Client,Bank Transfer,Completed,ORD820390,Automated migration
2022-01-23,Clutch Kit,Transmission system,0,11840.04,0.0,0.0,Wholesale Client,GCash,Completed,ORD820391,Automated migration
2022-01-23,Alternator,Electrical system,3,8488.54,499.66,25465.62,Wholesale Client,Bank Transfer,Completed,ORD820392,Automated migration
2022-01-23,Alternator,Electrical system,7,11326.45,58.69,79285.15,Retail Client,GCash,Completed,ORD820393,Automated migration
2022-01-23,Oil Filter,Engine system,6,141.5,69.62,849.0,Retail Client,GCash,Completed,ORD820394,Automated migration
2022-01-23,Oil Filter,Engine system,5,233.07,298.43,1165.35,Retail Client,Bank Transfer,Completed,ORD820395,Automated migration
2022-01-23,Radiator,Cooling system,4,8714.38,257.21,34857.52,Walk-in Customer,Cash,Completed,ORD820396,Automated migration
2022-01-23,Battery,Electrical system,0,8962.43,0.0,0.0,Walk-in Customer,GCash,Completed,ORD820397,Automated migration
2022-01-23,Spark Plug,Ignition system,2,470.13,414.24,940.26,Walk-in Customer,Check,Completed,ORD820398,Automated migration
2022-01-23,Brake Pad,Brake system,4,2643.97,187.59,10575.88,Retail Client,Cash,Completed,ORD820399,Automated migration
2022-01-23,Clutch Kit,Transmission system,4,11252.33,438.66,45009.32,Wholesale Client,Check,Completed,ORD820400,Automated migration
2022-01-23,Oil Filter,Engine system,0,317.23,0.0,0.0,Walk-in Customer,Cash,Completed,ORD820401,Automated migration
2022-01-23,Fuel Pump,Fuel system,1,6080.55,198.86,6080.55,Wholesale Client,GCash,Completed,ORD820402,Automated migration
2022-01-24,Fuel Pump,Fuel system,4,4019.9,288.97,16079.6,Walk-in Customer,Check,Completed,ORD820403,Automated migration
2022-01-24,Air Filter,Engine system,0,219.91,0.0,0.0,Wholesale Client,Cash,Completed,ORD820404,Automated migration
2022-01-24,Brake Pad,Brake system,7,2249.99,495.92,15749.93,Wholesale Client,GCash,Completed,ORD820405,Automated migration
2022-01-24,Radiator,Cooling system,2,8246.54,438.3,16493.08,Retail Client,Bank Transfer,Completed,ORD820406,Automated migration
2022-01-24,Alternator,Electrical system,5,10322.54,324.46,51612.7,Retail Client,Check,Completed,ORD820407,Automated migration
2022-01-24,Spark Plug,Ignition system,6,444.97,351.85,2669.82,Retail Client,GCash,Completed,ORD820408,Automated migration
2022-01-24,Alternator,Electrical system,2,9968.4,259.72,19936.8,Wholesale Client,Cash,Completed,ORD820409,Automated migration
2022-01-24,Fuel Pump,Fuel system,1,6946.7,211.16,6946.7,Retail Client,Check,Completed,ORD820410,Automated migration
2022-01-24,Spark Plug,Ignition system,6,190.2,402.98,1141.2,Retail Client,Bank Transfer,Completed,ORD820411,Automated migration
2022-01-24,Radiator,Cooling system,2,5296.33,406.68,10592.66,Retail Client,GCash,Completed,ORD820412,Automated migration
2022-01-24,Clutch Kit,Transmission system,0,10492.87,0.0,0.0,Retail Client,Check,Completed,ORD820413,Automated migration
2022-01-24,Spark Plug,Ignition system,2,563.95,308.04,1127.9,Wholesale Client,GCash,Completed,ORD820414,Automated migration
2022-01-24,Alternator,Electrical system,2,10762.23,294.79,21524.46,Wholesale Client,Bank Transfer,Completed,ORD820415,Automated migration
2022-01-24,Fuel Pump,Fuel system,2,3615.04,322.31,7230.08,Retail Client,Bank Transfer,Completed,ORD820416,Automated migration
2022-01-24,Radiator,Cooling system,3,6106.49,254.76,18319.47,Walk-in Customer,Check,Completed,ORD820417,Automated migration
2022-01-24,Air Filter,Engine system,3,298.98,56.37,896.94,Wholesale Client,Cash,Completed,ORD820418,Automated migration
2022-01-25,Fuel Pump,Fuel system,2,4240.77,419.49,8481.54,Wholesale Client,Bank Transfer,Completed,ORD820419,Automated migration
2022-01-25,Shock Absorber,Suspension system,1,2075.1,33.77,2075.1,Wholesale Client,GCash,Completed,ORD820420,Automated migration
2022-01-25,Air Filter,Engine system,6,301.32,314.29,1807.92,Walk-in Customer,Check,Completed,ORD820421,Automated migration
2022-01-25,Battery,Electrical system,1,7202.69,268.83,7202.69,Retail Client,Bank Transfer,Completed,ORD820422,Automated migration
2022-01-25,Radiator,Cooling system,1,6067.83,101.6,6067.83,Retail Client,Bank Transfer,Completed,ORD820423,Automated migration
2022-01-25,Oil Filter,Engine system,1,177.54,218.74,177.54,Retail Client,Cash,Completed,ORD820424,Automated migration
2022-01-25,Alternator,Electrical system,6,7579.93,306.15,45479.58,Retail Client,Bank Transfer,Completed,ORD820425,Automated migration
2022-01-25,Alternator,Electrical system,0,10539.5,0.0,0.0,Walk-in Customer,Cash,Completed,ORD820426,Automated migration
2022-01-25,Shock Absorber,Suspension system,5,4353.52,391.49,21767.6,Walk-in Customer,Bank Transfer,Completed,ORD820427,Automated migration
2022-01-25,Fuel Pump,Fuel system,2,5873.99,436.73,11747.98,Walk-in Customer,Cash,Completed,ORD820428,Automated migration
2022-01-25,Fuel Pump,Fuel system,6,3723.91,31.94,22343.46,Walk-in Customer,Cash,Completed,ORD820429,Automated migration
2022-01-25,Shock Absorber,Suspension system,8,3620.56,249.81,28964.48,Walk-in Customer,GCash,Completed,ORD820430,Automated migration
2022-01-25,Brake Pad,Brake system,4,2978.66,447.13,11914.64,Walk-in Customer,Cash,Completed,ORD820431,Automated migration
2022-01-25,Clutch Kit,Transmission system,0,5396.34,0.0,0.0,Retail Client,GCash,Completed,ORD820432,Automated migration
2022-01-25,Shock Absorber,Suspension system,5,3723.41,75.04,18617.05,Retail Client,Check,Completed,ORD820433,Automated migration
2022-01-25,Fuel Pump,Fuel system,3,4373.15,360.14,13119.45,Wholesale Client,Cash,Completed,ORD820434,Automated migration
2022-01-25,Alternator,Electrical system,8,10366.63,26.34,82933.04,Retail Client,Cash,Completed,ORD820435,Automated migration
2022-01-26,Shock Absorber,Suspension system,4,5480.87,155.35,21923.48,Retail Client,Check,Completed,ORD820436,Automated migration
2022-01-26,Fuel Pump,Fuel system,3,3812.18,392.25,11436.54,Walk-in Customer,GCash,Completed,ORD820437,Automated migration
2022-01-26,Fuel Pump,Fuel system,7,6990.04,387.94,48930.28,Walk-in Customer,GCash,Completed,ORD820438,Automated migration
2022-01-26,Air Filter,Engine system,6,204.78,270.77,1228.68,Walk-in Customer,Cash,Completed,ORD820439,Automated migration
2022-01-26,Air Filter,Engine system,6,369.8,363.61,2218.8,Retail Client,GCash,Completed,ORD820440,Automated migration
2022-01-26,Battery,Electrical system,7,8805.93,486.28,61641.51,Retail Client,Bank Transfer,Completed,ORD820441,Automated migration
2022-01-26,Air Filter,Engine system,3,379.46,259.88,1138.38,Walk-in Customer,Bank Transfer,Completed,ORD820442,Automated migration
2022-01-26,Alternator,Electrical system,1,9527.14,318.61,9527.14,Wholesale Client,Cash,Completed,ORD820443,Automated migration
2022-01-26,Battery,Electrical system,2,5183.86,130.5,10367.72,Wholesale Client,Check,Completed,ORD820444,Automated migration
2022-01-26,Fuel Pump,Fuel system,7,3723.8,37.34,26066.6,Retail Client,GCash,Completed,ORD820445,Automated migration
2022-01-26,Brake Pad,Brake system,1,1578.06,233.03,1578.06,Wholesale Client,Cash,Completed,ORD820446,Automated migration
2022-01-26,Spark Plug,Ignition system,7,288.74,132.5,2021.18,Retail Client,Cash,Completed,ORD820447,Automated migration
2022-01-26,Radiator,Cooling system,0,4290.12,0.0,0.0,Wholesale Client,GCash,Completed,ORD820448,Automated migration
2022-01-27,Spark Plug,Ignition system,5,328.31,24.48,1641.55,Wholesale Client,Bank Transfer,Completed,ORD820449,Automated migration
2022-01-27,Air Filter,Engine system,6,370.92,277.98,2225.52,Walk-in Customer,GCash,Completed,ORD820450,Automated migration
2022-01-27,Shock Absorber,Suspension system,1,5617.54,69.9,5617.54,Retail Client,Cash,Completed,ORD820451,Automated migration
2022-01-27,Brake Pad,Brake system,3,3094.45,186.12,9283.35,Walk-in Customer,Cash,Completed,ORD820452,Automated migration
2022-01-27,Alternator,Electrical system,0,11985.81,0.0,0.0,Retail Client,Check,Completed,ORD820453,Automated migration
2022-01-27,Alternator,Electrical system,5,7612.64,471.14,38063.2,Retail Client,GCash,Completed,ORD820454,Automated migration
2022-01-27,Battery,Electrical system,7,4147.41,341.61,29031.87,Retail Client,Bank Transfer,Completed,ORD820455,Automated migration
2022-01-27,Brake Pad,Brake system,4,1843.67,441.71,7374.68,Retail Client,GCash,Completed,ORD820456,Automated migration
2022-01-27,Shock Absorber,Suspension system,6,5972.5,239.52,35835.0,Retail Client,Bank Transfer,Completed,ORD820457,Automated migration
2022-01-27,Brake Pad,Brake system,6,1658.75,442.33,9952.5,Walk-in Customer,GCash,Completed,ORD820458,Automated migration
2022-01-27,Battery,Electrical system,5,6398.42,390.72,31992.1,Wholesale Client,Bank Transfer,Completed,ORD820459,Automated migration
2022-01-27,Radiator,Cooling system,2,3156.38,298.56,6312.76,Retail Client,Bank Transfer,Completed,ORD820460,Automated migration
2022-01-27,Shock Absorber,Suspension system,8,3608.45,291.99,28867.6,Retail Client,GCash,Completed,ORD820461,Automated migration
2022-01-27,Spark Plug,Ignition system,3,269.94,408.14,809.82,Walk-in Customer,Cash,Completed,ORD820462,Automated migration
2022-01-27,Oil Filter,Engine system,6,188.7,419.61,1132.2,Retail Client,GCash,Completed,ORD820463,Automated migration
2022-01-27,Oil Filter,Engine system,5,301.55,348.81,1507.75,Walk-in Customer,Cash,Completed,ORD820464,Automated migration
2022-01-27,Oil Filter,Engine system,2,240.78,94.12,481.56,Wholesale Client,Bank Transfer,Completed,ORD820465,Automated migration
2022-01-27,Shock Absorber,Suspension system,0,2406.16,0.0,0.0,Retail Client,GCash,Completed,ORD820466,Automated migration
2022-01-27,Clutch Kit,Transmission system,7,5006.15,458.95,35043.05,Retail Client,GCash,Completed,ORD820467,Automated migration
2022-01-27,Brake Pad,Brake system,5,1336.98,73.86,6684.9,Walk-in Customer,GCash,Completed,ORD820468,Automated migration
2022-01-27,Clutch Kit,Transmission system,5,13645.03,186.8,68225.15,Walk-in Customer,Check,Completed,ORD820469,Automated migration
2022-01-27,Fuel Pump,Fuel system,4,3951.71,487.93,15806.84,Walk-in Customer,Check,Completed,ORD820470,Automated migration
2022-01-27,Fuel Pump,Fuel system,2,5682.32,280.99,11364.64,Walk-in Customer,Bank Transfer,Completed,ORD820471,Automated migration
2022-01-28,Oil Filter,Engine system,2,194.6,367.0,389.2,Wholesale Client,GCash,Completed,ORD820472,Automated migration
2022-01-28,Air Filter,Engine system,6,370.15,385.42,2220.9,Walk-in Customer,Cash,Completed,ORD820473,Automated migration
2022-01-28,Oil Filter,Engine system,5,330.26,483.77,1651.3,Retail Client,Cash,Completed,ORD820474,Automated migration
2022-01-28,Brake Pad,Brake system,5,2914.29,119.0,14571.45,Wholesale Client,GCash,Completed,ORD820475,Automated migration
2022-01-28,Fuel Pump,Fuel system,7,2551.28,104.84,17858.96,Walk-in Customer,Cash,Completed,ORD820476,Automated migration
2022-01-28,Radiator,Cooling system,1,7322.48,24.07,7322.48,Wholesale Client,Check,Completed,ORD820477,Automated migration
2022-01-28,Battery,Electrical system,7,8408.85,175.62,58861.95,Wholesale Client,Cash,Completed,ORD820478,Automated migration
2022-01-28,Oil Filter,Engine system,3,140.66,36.85,421.98,Retail Client,Bank Transfer,Completed,ORD820479,Automated migration
2022-01-28,Fuel Pump,Fuel system,4,6782.48,37.1,27129.92,Retail Client,Check,Completed,ORD820480,Automated migration
2022-01-28,Alternator,Electrical system,8,11709.17,489.02,93673.36,Wholesale Client,Check,Completed,ORD820481,Automated migration
2022-01-28,Battery,Electrical system,2,7036.59,217.1,14073.18,Retail Client,Cash,Completed,ORD820482,Automated migration
2022-01-28,Spark Plug,Ignition system,3,334.18,277.06,1002.54,Walk-in Customer,Bank Transfer,Completed,ORD820483,Automated migration
2022-01-28,Radiator,Cooling system,3,3575.5,196.45,10726.5,Walk-in Customer,Check,Completed,ORD820484,Automated migration
2022-01-28,Air Filter,Engine system,5,200.76,43.81,1003.8,Walk-in Customer,Check,Completed,ORD820485,Automated migration
2022-01-28,Alternator,Electrical system,0,8034.76,0.0,0.0,Walk-in Customer,Bank Transfer,Completed,ORD820486,Automated migration
2022-01-28,Shock Absorber,Suspension system,1,3387.59,198.73,3387.59,Wholesale Client,Bank Transfer,Completed,ORD820487,Automated migration
2022-01-28,Clutch Kit,Transmission system,6,6663.93,442.75,39983.58,Wholesale Client,GCash,Completed,ORD820488,Automated migration
2022-01-28,Air Filter,Engine system,4,287.95,131.7,1151.8,Wholesale Client,Cash,Completed,ORD820489,Automated migration
2022-01-28,Alternator,Electrical system,1,10340.71,404.09,10340.71,Wholesale Client,GCash,Completed,ORD820490,Automated migration
2022-01-28,Battery,Electrical system,8,6093.16,267.76,48745.28,Wholesale Client,GCash,Completed,ORD820491,Automated migration
2022-01-28,Radiator,Cooling system,1,5368.83,426.97,5368.83,Retail Client,GCash,Completed,ORD820492,Automated migration
2022-01-28,Shock Absorber,Suspension system,2,6270.78,83.58,12541.56,Retail Client,GCash,Completed,ORD820493,Automated migration
2022-01-29,Battery,Electrical system,1,8941.4,217.7,8941.4,Walk-in Customer,GCash,Completed,ORD820494,Automated migration
2022-01-29,Fuel Pump,Fuel system,1,2891.62,278.18,2891.62,Walk-in Customer,Bank Transfer,Completed,ORD820495,Automated migration
2022-01-29,Clutch Kit,Transmission system,7,13254.46,6.18,92781.22,Walk-in Customer,Check,Completed,ORD820496,Automated migration
2022-01-29,Battery,Electrical system,2,4741.0,293.97,9482.0,Retail Client,Cash,Completed,ORD820497,Automated migration
2022-01-29,Radiator,Cooling system,8,8280.81,438.95,66246.48,Wholesale Client,Check,Completed,ORD820498,Automated migration
2022-01-29,Oil Filter,Engine system,7,109.37,137.71,765.59,Retail Client,Check,Completed,ORD820499,Automated migration
2022-01-29,Battery,Electrical system,5,7452.57,24.65,37262.85,Wholesale Client,Bank Transfer,Completed,ORD820500,Automated migration
2022-01-29,Air Filter,Engine system,5,363.48,151.53,1817.4,Wholesale Client,Check,Completed,ORD820501,Automated migration
2022-01-29,Spark Plug,Ignition system,2,285.22,371.86,570.44,Wholesale Client,Bank Transfer,Completed,ORD820502,Automated migration
2022-01-29,Oil Filter,Engine system,1,146.98,105.7,146.98,Wholesale Client,Check,Completed,ORD820503,Automated migration
2022-01-29,Air Filter,Engine system,8,358.3,32.81,2866.4,Walk-in Customer,Check,Completed,ORD820504,Automated migration
2022-01-29,Clutch Kit,Transmission system,0,6563.64,0.0,0.0,Retail Client,Cash,Completed,ORD820505,Automated migration
2022-01-30,Shock Absorber,Suspension system,0,6131.14,0.0,0.0,Walk-in Customer,GCash,Completed,ORD820506,Automated migration
2022-01-30,Fuel Pump,Fuel system,7,4773.07,317.7,33411.49,Retail Client,Cash,Completed,ORD820507,Automated migration
2022-01-30,Fuel Pump,Fuel system,7,5173.2,88.79,36212.4,Wholesale Client,Bank Transfer,Completed,ORD820508,Automated migration
2022-01-30,Brake Pad,Brake system,4,2922.61,344.43,11690.44,Wholesale Client,Cash,Completed,ORD820509,Automated migration
2022-01-30,Air Filter,Engine system,2,370.76,389.92,741.52,Retail Client,GCash,Completed,ORD820510,Automated migration
2022-01-30,Spark Plug,Ignition system,4,443.21,256.64,1772.84,Walk-in Customer,Cash,Completed,ORD820511,Automated migration
2022-01-30,Brake Pad,Brake system,2,2582.63,4.23,5165.26,Wholesale Client,Bank Transfer,Completed,ORD820512,Automated migration
2022-01-30,Battery,Electrical system,6,8257.93,229.5,49547.58,Retail Client,Check,Completed,ORD820513,Automated migration
2022-01-30,Clutch Kit,Transmission system,6,10260.38,3.67,61562.28,Walk-in Customer,Bank Transfer,Completed,ORD820514,Automated migration
2022-01-30,Radiator,Cooling system,1,5890.43,168.14,5890.43,Wholesale Client,Bank Transfer,Completed,ORD820515,Automated migration
2022-01-30,Radiator,Cooling system,4,4130.16,258.65,16520.64,Retail Client,Cash,Completed,ORD820516,Automated migration
2022-01-30,Fuel Pump,Fuel system,2,5745.77,327.7,11491.54,Wholesale Client,Bank Transfer,Completed,ORD820517,Automated migration
2022-01-31,Battery,Electrical system,0,6915.12,0.0,0.0,Walk-in Customer,GCash,Completed,ORD820518,Automated migration
2022-01-31,Spark Plug,Ignition system,8,437.24,237.87,3497.92,Walk-in Customer,Bank Transfer,Completed,ORD820519,Automated migration
2022-01-31,Brake Pad,Brake system,8,1616.61,48.8,12932.88,Retail Client,Bank Transfer,Completed,ORD820520,Automated migration
2022-01-31,Fuel Pump,Fuel system,1,3500.14,111.66,3500.14,Wholesale Client,Check,Completed,ORD820521,Automated migration
2022-01-31,Fuel Pump,Fuel system,4,5135.07,231.88,20540.28,Retail Client,Check,Completed,ORD820522,Automated migration
2022-01-31,Oil Filter,Engine system,1,218.05,97.27,218.05,Retail Client,Check,Completed,ORD820523,Automated migration
2022-01-31,Battery,Electrical system,0,8354.25,0.0,0.0,Retail Client,GCash,Completed,ORD820524,Automated migration
2022-01-31,Fuel Pump,Fuel system,6,6942.36,446.42,41654.16,Wholesale Client,GCash,Completed,ORD820525,Automated migration
2022-01-31,Brake Pad,Brake system,1,2321.44,315.52,2321.44,Retail Client,Bank Transfer,Completed,ORD820526,Automated migration
2022-01-31,Air Filter,Engine system,7,254.71,380.6,1782.97,Retail Client,GCash,Completed,ORD820527,Automated migration
2022-01-31,Alternator,Electrical system,2,10072.4,316.74,20144.8,Wholesale Client,Check,Completed,ORD820528,Automated migration
2022-01-31,Battery,Electrical system,0,4188.63,0.0,0.0,Retail Client,Bank Transfer,Completed,ORD820529,Automated migration
2022-01-31,Fuel Pump,Fuel system,8,3357.6,338.37,26860.8,Walk-in Customer,GCash,Completed,ORD820530,Automated migration
2022-01-31,Fuel Pump,Fuel system,4,3080.19,191.78,12320.76,Walk-in Customer,Bank Transfer,Completed,ORD820531,Automated migration
2022-01-31,Alternator,Electrical system,0,8491.01,0.0,0.0,Wholesale Client,Check,Completed,ORD820532,Automated migration
2022-01-31,Battery,Electrical system,2,5713.66,450.69,11427.32,Wholesale Client,GCash,Completed,ORD820533,Automated migration
2022-01-31,Battery,Electrical system,0,5142.09,0.0,0.0,Walk-in Customer,GCash,Completed,ORD820534,Automated migration
2022-01-31,Air Filter,Engine system,8,233.8,183.3,1870.4,Walk-in Customer,Cash,Completed,ORD820535,Automated migration
2022-02-01,Radiator,Cooling system,8,6738.81,296.96,53910.48,Retail Client,Cash,Completed,ORD820536,Automated migration
2022-02-01,Air Filter,Engine system,1,283.36,190.13,283.36,Walk-in Customer,Bank Transfer,Completed,ORD820537,Automated migration
2022-02-01,Brake Pad,Brake system,3,2798.94,315.16,8396.82,Wholesale Client,Check,Completed,ORD820538,Automated migration
2022-02-01,Clutch Kit,Transmission system,4,10605.18,350.36,42420.72,Wholesale Client,Cash,Completed,ORD820539,Automated migration
2022-02-01,Radiator,Cooling system,1,7708.56,248.87,7708.56,Walk-in Customer,GCash,Completed,ORD820540,Automated migration
2022-02-01,Clutch Kit,Transmission system,3,8221.3,204.88,24663.9,Retail Client,Cash,Completed,ORD820541,Automated migration
2022-02-01,Spark Plug,Ignition system,7,298.77,1.37,2091.39,Walk-in Customer,Cash,Completed,ORD820542,Automated migration
2022-02-01,Oil Filter,Engine system,7,137.29,45.04,961.03,Walk-in Customer,Cash,Completed,ORD820543,Automated migration
2022-02-01,Radiator,Cooling system,3,5740.51,488.65,17221.53,Wholesale Client,Check,Completed,ORD820544,Automated migration
2022-02-01,Alternator,Electrical system,2,11370.7,426.12,22741.4,Wholesale Client,Bank Transfer,Completed,ORD820545,Automated migration
2022-02-01,Alternator,Electrical system,1,11256.23,445.15,11256.23,Retail Client,GCash,Completed,ORD820546,Automated migration
2022-02-01,Fuel Pump,Fuel system,5,6525.37,477.54,32626.85,Wholesale Client,Cash,Completed,ORD820547,Automated migration
2022-02-01,Fuel Pump,Fuel system,2,3012.24,200.13,6024.48,Wholesale Client,Bank Transfer,Completed,ORD820548,Automated migration
2022-02-01,Shock Absorber,Suspension system,6,4919.81,398.45,29518.86,Retail Client,GCash,Completed,ORD820549,Automated migration
2022-02-01,Brake Pad,Brake system,1,2156.86,295.38,2156.86,Walk-in Customer,Check,Completed,ORD820550,Automated migration
2022-02-01,Oil Filter,Engine system,6,294.79,305.68,1768.74,Walk-in Customer,GCash,Completed,ORD820551,Automated migration
2022-02-01,Shock Absorber,Suspension system,1,5994.17,220.34,5994.17,Retail Client,Bank Transfer,Completed,ORD820552,Automated migration
2022-02-01,Air Filter,Engine system,8,353.51,288.32,2828.08,Walk-in Customer,GCash,Completed,ORD820553,Automated migration
2022-02-01,Clutch Kit,Transmission system,8,11194.17,309.12,89553.36,Wholesale Client,GCash,Completed,ORD820554,Automated migration
2022-02-01,Fuel Pump,Fuel system,6,3168.95,413.22,19013.7,Walk-in Customer,Cash,Completed,ORD820555,Automated migration
2022-02-01,Brake Pad,Brake system,8,3152.34,425.94,25218.72,Retail Client,Cash,Completed,ORD820556,Automated migration
2022-02-01,Fuel Pump,Fuel system,3,3989.03,139.08,11967.09,Walk-in Customer,GCash,Completed,ORD820557,Automated migration
2022-02-02,Spark Plug,Ignition system,1,356.59,400.63,356.59,Wholesale Client,Cash,Completed,ORD820558,Automated migration
2022-02-02,Shock Absorber,Suspension system,5,2534.18,248.69,12670.9,Walk-in Customer,Cash,Completed,ORD820559,Automated migration
2022-02-02,Battery,Electrical system,6,4179.16,274.55,25074.96,Retail Client,Bank Transfer,Completed,ORD820560,Automated migration
2022-02-02,Shock Absorber,Suspension system,5,3635.04,27.14,18175.2,Retail Client,Check,Completed,ORD820561,Automated migration
2022-02-02,Clutch Kit,Transmission system,7,11449.92,181.65,80149.44,Wholesale Client,Cash,Completed,ORD820562,Automated migration
2022-02-02,Spark Plug,Ignition system,0,303.61,0.0,0.0,Walk-in Customer,Bank Transfer,Completed,ORD820563,Automated migration
2022-02-02,Alternator,Electrical system,0,11484.39,0.0,0.0,Wholesale Client,GCash,Completed,ORD820564,Automated migration
2022-02-02,Alternator,Electrical system,4,10054.26,93.77,40217.04,Wholesale Client,GCash,Completed,ORD820565,Automated migration
2022-02-02,Spark Plug,Ignition system,5,198.49,207.24,992.45,Walk-in Customer,Cash,Completed,ORD820566,Automated migration
2022-02-02,Shock Absorber,Suspension system,8,2605.86,249.41,20846.88,Walk-in Customer,Cash,Completed,ORD820567,Automated migration
2022-02-02,Oil Filter,Engine system,7,331.09,390.54,2317.63,Retail Client,GCash,Completed,ORD820568,Automated migration
2022-02-02,Alternator,Electrical system,6,10287.61,303.08,61725.66,Wholesale Client,Check,Completed,ORD820569,Automated migration
2022-02-02,Oil Filter,Engine system,3,168.4,481.8,505.2,Wholesale Client,Check,Completed,ORD820570,Automated migration
2022-02-02,Brake Pad,Brake system,6,2585.81,443.22,15514.86,Walk-in Customer,Bank Transfer,Completed,ORD820571,Automated migration
2022-02-02,Clutch Kit,Transmission system,3,6808.0,312.08,20424.0,Wholesale Client,Bank Transfer,Completed,ORD820572,Automated migration
2022-02-02,Brake Pad,Brake system,8,2447.73,318.44,19581.84,Walk-in Customer,Cash,Completed,ORD820573,Automated migration
2022-02-02,Clutch Kit,Transmission system,7,10245.26,471.34,71716.82,Walk-in Customer,Check,Completed,ORD820574,Automated migration
2022-02-02,Battery,Electrical system,0,6613.65,0.0,0.0,Retail Client,Check,Completed,ORD820575,Automated migration
2022-02-03,Air Filter,Engine system,3,253.4,392.77,760.2,Wholesale Client,Bank Transfer,Completed,ORD820576,Automated migration
2022-02-03,Air Filter,Engine system,4,240.8,270.59,963.2,Wholesale Client,Check,Completed,ORD820577,Automated migration
2022-02-03,Oil Filter,Engine system,8,316.21,371.21,2529.68,Walk-in Customer,Check,Completed,ORD820578,Automated migration
2022-02-03,Clutch Kit,Transmission system,4,11236.42,23.49,44945.68,Wholesale Client,Check,Completed,ORD820579,Automated migration
2022-02-03,Fuel Pump,Fuel system,8,2742.11,371.83,21936.88,Retail Client,Check,Completed,ORD820580,Automated migration
2022-02-03,Fuel Pump,Fuel system,8,5823.03,98.23,46584.24,Walk-in Customer,GCash,Completed,ORD820581,Automated migration
2022-02-03,Shock Absorber,Suspension system,2,6425.54,37.23,12851.08,Retail Client,Cash,Completed,ORD820582,Automated migration
2022-02-03,Air Filter,Engine system,6,255.82,132.12,1534.92,Retail Client,Bank Transfer,Completed,ORD820583,Automated migration
2022-02-03,Fuel Pump,Fuel system,7,5693.6,77.4,39855.2,Retail Client,Bank Transfer,Completed,ORD820584,Automated migration
2022-02-03,Oil Filter,Engine system,4,222.64,286.34,890.56,Wholesale Client,Cash,Completed,ORD820585,Automated migration
2022-02-03,Clutch Kit,Transmission system,3,13612.89,260.3,40838.67,Walk-in Customer,GCash,Completed,ORD820586,Automated migration
2022-02-03,Clutch Kit,Transmission system,8,8630.75,174.7,69046.0,Retail Client,Bank Transfer,Completed,ORD820587,Automated migration
2022-02-04,Radiator,Cooling system,3,8701.85,309.14,26105.55,Wholesale Client,Cash,Completed,ORD820588,Automated migration
2022-02-04,Fuel Pump,Fuel system,7,3581.57,321.13,25070.99,Walk-in Customer,GCash,Completed,ORD820589,Automated migration
2022-02-04,Fuel Pump,Fuel system,6,6621.7,472.49,39730.2,Wholesale Client,Bank Transfer,Completed,ORD820590,Automated migration
2022-02-04,Air Filter,Engine system,8,364.42,187.48,2915.36,Walk-in Customer,Check,Completed,ORD820591,Automated migration
2022-02-04,Air Filter,Engine system,4,379.66,96.26,1518.64,Walk-in Customer,Cash,Completed,ORD820592,Automated migration
2022-02-04,Brake Pad,Brake system,8,2426.37,313.47,19410.96,Retail Client,GCash,Completed,ORD820593,Automated migration
2022-02-04,Alternator,Electrical system,3,9688.77,351.37,29066.31,Walk-in Customer,Check,Completed,ORD820594,Automated migration
2022-02-04,Brake Pad,Brake system,0,2256.22,0.0,0.0,Wholesale Client,Cash,Completed,ORD820595,Automated migration
2022-02-04,Alternator,Electrical system,0,7889.96,0.0,0.0,Wholesale Client,Cash,Completed,ORD820596,Automated migration
2022-02-04,Radiator,Cooling system,6,5328.2,315.11,31969.2,Wholesale Client,Bank Transfer,Completed,ORD820597,Automated migration
2022-02-04,Battery,Electrical system,1,6674.17,320.71,6674.17,Walk-in Customer,Cash,Completed,ORD820598,Automated migration
2022-02-04,Alternator,Electrical system,5,11640.24,53.07,58201.2,Walk-in Customer,Bank Transfer,Completed,ORD820599,Automated migration
2022-02-04,Radiator,Cooling system,7,5288.48,411.06,37019.36,Retail Client,Check,Completed,ORD820600,Automated migration
2022-02-04,Clutch Kit,Transmission system,3,6227.43,195.5,18682.29,Walk-in Customer,Bank Transfer,Completed,ORD820601,Automated migration
2022-02-04,Radiator,Cooling system,5,8744.35,5.58,43721.75,Walk-in Customer,GCash,Completed,ORD820602,Automated migration
2022-02-04,Air Filter,Engine system,0,314.54,0.0,0.0,Wholesale Client,Cash,Completed,ORD820603,Automated migration
2022-02-04,Spark Plug,Ignition system,5,245.28,452.81,1226.4,Walk-in Customer,GCash,Completed,ORD820604,Automated migration
2022-02-05,Spark Plug,Ignition system,4,237.45,90.68,949.8,Walk-in Customer,Cash,Completed,ORD820605,Automated migration
2022-02-05,Clutch Kit,Transmission system,1,7615.87,33.68,7615.87,Retail Client,GCash,Completed,ORD820606,Automated migration
2022-02-05,Fuel Pump,Fuel system,5,3076.97,327.74,15384.85,Retail Client,Bank Transfer,Completed,ORD820607,Automated migration
2022-02-05,Spark Plug,Ignition system,5,368.64,164.17,1843.2,Walk-in Customer,Bank Transfer,Completed,ORD820608,Automated migration
2022-02-05,Oil Filter,Engine system,5,301.92,479.33,1509.6,Retail Client,Cash,Completed,ORD820609,Automated migration
2022-02-05,Spark Plug,Ignition system,3,470.49,320.42,1411.47,Wholesale Client,Bank Transfer,Completed,ORD820610,Automated migration
2022-02-05,Fuel Pump,Fuel system,7,4582.82,179.37,32079.74,Wholesale Client,Check,Completed,ORD820611,Automated migration
2022-02-05,Brake Pad,Brake system,1,3136.12,429.36,3136.12,Retail Client,GCash,Completed,ORD820612,Automated migration
2022-02-05,Alternator,Electrical system,1,11460.53,424.79,11460.53,Walk-in Customer,Cash,Completed,ORD820613,Automated migration
2022-02-05,Oil Filter,Engine system,3,326.58,275.8,979.74,Walk-in Customer,Check,Completed,ORD820614,Automated migration
2022-02-05,Fuel Pump,Fuel system,6,3504.88,386.07,21029.28,Walk-in Customer,Bank Transfer,Completed,ORD820615,Automated migration
2022-02-05,Shock Absorber,Suspension system,8,4296.85,198.39,34374.8,Walk-in Customer,Cash,Completed,ORD820616,Automated migration
2022-02-05,Oil Filter,Engine system,2,289.3,70.19,578.6,Retail Client,GCash,Completed,ORD820617,Automated migration
2022-02-05,Shock Absorber,Suspension system,5,2181.89,380.74,10909.45,Retail Client,Cash,Completed,ORD820618,Automated migration
2022-02-06,Spark Plug,Ignition system,0,450.86,0.0,0.0,Walk-in Customer,Bank Transfer,Completed,ORD820619,Automated migration
2022-02-06,Shock Absorber,Suspension system,7,5966.98,19.95,41768.86,Walk-in Customer,Bank Transfer,Completed,ORD820620,Automated migration
2022-02-06,Clutch Kit,Transmission system,4,12513.85,131.66,50055.4,Walk-in Customer,GCash,Completed,ORD820621,Automated migration
2022-02-06,Battery,Electrical system,5,6938.39,449.11,34691.95,Retail Client,Bank Transfer,Completed,ORD820622,Automated migration
2022-02-06,Spark Plug,Ignition system,8,332.63,408.62,2661.04,Wholesale Client,Check,Completed,ORD820623,Automated migration
2022-02-06,Oil Filter,Engine system,0,225.46,0.0,0.0,Retail Client,Check,Completed,ORD820624,Automated migration
2022-02-06,Spark Plug,Ignition system,1,381.54,140.4,381.54,Retail Client,GCash,Completed,ORD820625,Automated migration
2022-02-06,Fuel Pump,Fuel system,1,5474.99,207.31,5474.99,Wholesale Client,Cash,Completed,ORD820626,Automated migration
2022-02-06,Shock Absorber,Suspension system,7,2948.17,80.62,20637.19,Wholesale Client,Cash,Completed,ORD820627,Automated migration
2022-02-06,Air Filter,Engine system,2,314.7,80.56,629.4,Walk-in Customer,Cash,Completed,ORD820628,Automated migration
2022-02-06,Air Filter,Engine system,2,251.65,90.02,503.3,Wholesale Client,Cash,Completed,ORD820629,Automated migration
2022-02-06,Alternator,Electrical system,3,9246.02,496.39,27738.06,Wholesale Client,GCash,Completed,ORD820630,Automated migration
2022-02-06,Battery,Electrical system,2,7973.08,410.23,15946.16,Retail Client,Bank Transfer,Completed,ORD820631,Automated migration
2022-02-06,Fuel Pump,Fuel system,7,5184.4,34.42,36290.8,Wholesale Client,Check,Completed,ORD820632,Automated migration
2022-02-06,Alternator,Electrical system,0,8011.74,0.0,0.0,Walk-in Customer,Check,Completed,ORD820633,Automated migration
2022-02-06,Oil Filter,Engine system,1,144.36,450.8,144.36,Walk-in Customer,Cash,Completed,ORD820634,Automated migration
2022-02-06,Alternator,Electrical system,7,10296.96,450.99,72078.72,Walk-in Customer,Cash,Completed,ORD820635,Automated migration
2022-02-07,Battery,Electrical system,5,8374.12,348.82,41870.6,Wholesale Client,GCash,Completed,ORD820636,Automated migration
2022-02-07,Battery,Electrical system,5,6945.24,370.7,34726.2,Walk-in Customer,Cash,Completed,ORD820637,Automated migration
2022-02-07,Brake Pad,Brake system,4,2297.42,116.26,9189.68,Retail Client,Bank Transfer,Completed,ORD820638,Automated migration
2022-02-07,Radiator,Cooling system,3,3032.82,371.82,9098.46,Retail Client,Cash,Completed,ORD820639,Automated migration
2022-02-07,Battery,Electrical system,3,7438.83,157.95,22316.49,Wholesale Client,Cash,Completed,ORD820640,Automated migration
2022-02-07,Battery,Electrical system,4,5306.51,268.05,21226.04,Walk-in Customer,Bank Transfer,Completed,ORD820641,Automated migration
2022-02-07,Battery,Electrical system,3,6066.14,391.89,18198.42,Wholesale Client,GCash,Completed,ORD820642,Automated migration
2022-02-07,Clutch Kit,Transmission system,8,9353.84,494.25,74830.72,Walk-in Customer,Bank Transfer,Completed,ORD820643,Automated migration
2022-02-07,Brake Pad,Brake system,1,2919.97,223.3,2919.97,Walk-in Customer,GCash,Completed,ORD820644,Automated migration
2022-02-07,Spark Plug,Ignition system,8,330.25,169.22,2642.0,Walk-in Customer,Cash,Completed,ORD820645,Automated migration
2022-02-07,Battery,Electrical system,0,8021.85,0.0,0.0,Retail Client,Check,Completed,ORD820646,Automated migration
2022-02-07,Alternator,Electrical system,1,8315.46,185.42,8315.46,Walk-in Customer,Cash,Completed,ORD820647,Automated migration
2022-02-07,Battery,Electrical system,8,5432.35,481.76,43458.8,Retail Client,GCash,Completed,ORD820648,Automated migration
2022-02-07,Shock Absorber,Suspension system,0,2907.68,0.0,0.0,Walk-in Customer,Bank Transfer,Completed,ORD820649,Automated migration
2022-02-07,Air Filter,Engine system,8,303.16,115.84,2425.28,Retail Client,Cash,Completed,ORD820650,Automated migration
2022-02-07,Spark Plug,Ignition system,0,589.04,0.0,0.0,Retail Client,Bank Transfer,Completed,ORD820651,Automated migration
2022-02-07,Fuel Pump,Fuel system,6,4324.53,100.16,25947.18,Retail Client,Cash,Completed,ORD820652,Automated migration
2022-02-07,Clutch Kit,Transmission system,4,11535.25,279.56,46141.0,Walk-in Customer,Bank Transfer,Completed,ORD820653,Automated migration
2022-02-07,Radiator,Cooling system,3,6638.18,97.26,19914.54,Wholesale Client,Cash,Completed,ORD820654,Automated migration
2022-02-07,Brake Pad,Brake system,6,2364.35,279.32,14186.1,Walk-in Customer,Bank Transfer,Completed,ORD820655,Automated migration
2022-02-08,Clutch Kit,Transmission system,4,12885.02,406.57,51540.08,Walk-in Customer,Bank Transfer,Completed,ORD820656,Automated migration
2022-02-08,Battery,Electrical system,7,7849.84,378.74,54948.88,Wholesale Client,Check,Completed,ORD820657,Automated migration
2022-02-08,Shock Absorber,Suspension system,1,3160.19,191.34,3160.19,Retail Client,GCash,Completed,ORD820658,Automated migration
2022-02-08,Battery,Electrical system,5,6582.52,4.86,32912.6,Wholesale Client,GCash,Completed,ORD820659,Automated migration
2022-02-08,Alternator,Electrical system,6,10368.49,410.54,62210.94,Retail Client,GCash,Completed,ORD820660,Automated migration
2022-02-08,Fuel Pump,Fuel system,5,3483.55,286.86,17417.75,Retail Client,GCash,Completed,ORD820661,Automated migration
2022-02-08,Spark Plug,Ignition system,3,480.94,436.37,1442.82,Retail Client,GCash,Completed,ORD820662,Automated migration
2022-02-08,Spark Plug,Ignition system,5,220.2,53.34,1101.0,Retail Client,Check,Completed,ORD820663,Automated migration
2022-02-08,Clutch Kit,Transmission system,0,12632.1,0.0,0.0,Wholesale Client,Bank Transfer,Completed,ORD820664,Automated migration
2022-02-08,Oil Filter,Engine system,4,222.7,492.2,890.8,Walk-in Customer,Bank Transfer,Completed,ORD820665,Automated migration
2022-02-08,Spark Plug,Ignition system,2,174.37,399.63,348.74,Wholesale Client,Cash,Completed,ORD820666,Automated migration
2022-02-08,Battery,Electrical system,2,6285.98,60.18,12571.96,Walk-in Customer,Check,Completed,ORD820667,Automated migration
2022-02-08,Air Filter,Engine system,0,334.82,0.0,0.0,Wholesale Client,Cash,Completed,ORD820668,Automated migration
2022-02-09,Oil Filter,Engine system,4,146.79,131.42,587.16,Wholesale Client,Check,Completed,ORD820669,Automated migration
2022-02-09,Fuel Pump,Fuel system,2,4744.47,105.27,9488.94,Walk-in Customer,Bank Transfer,Completed,ORD820670,Automated migration
2022-02-09,Battery,Electrical system,4,6253.64,285.7,25014.56,Walk-in Customer,GCash,Completed,ORD820671,Automated migration
2022-02-09,Radiator,Cooling system,3,6332.04,428.15,18996.12,Retail Client,GCash,Completed,ORD820672,Automated migration
2022-02-09,Shock Absorber,Suspension system,0,2794.73,0.0,0.0,Wholesale Client,GCash,Completed,ORD820673,Automated migration
2022-02-09,Shock Absorber,Suspension system,4,3129.38,429.25,12517.52,Retail Client,Check,Completed,ORD820674,Automated migration
2022-02-09,Brake Pad,Brake system,0,1695.57,0.0,0.0,Wholesale Client,Check,Completed,ORD820675,Automated migration
2022-02-09,Shock Absorber,Suspension system,5,3168.96,180.15,15844.8,Walk-in Customer,Bank Transfer,Completed,ORD820676,Automated migration
2022-02-09,Air Filter,Engine system,6,224.25,433.68,1345.5,Walk-in Customer,GCash,Completed,ORD820677,Automated migration
2022-02-09,Radiator,Cooling system,5,4950.54,255.22,24752.7,Walk-in Customer,Check,Completed,ORD820678,Automated migration
2022-02-09,Battery,Electrical system,4,6318.76,478.3,25275.04,Retail Client,Bank Transfer,Completed,ORD820679,Automated migration
2022-02-09,Oil Filter,Engine system,6,312.23,35.67,1873.38,Retail Client,Bank Transfer,Completed,ORD820680,Automated migration
2022-02-09,Fuel Pump,Fuel system,5,5438.56,355.22,27192.8,Walk-in Customer,Check,Completed,ORD820681,Automated migration
2022-02-09,Shock Absorber,Suspension system,5,5365.53,260.47,26827.65,Wholesale Client,Check,Completed,ORD820682,Automated migration
2022-02-09,Brake Pad,Brake system,0,1487.59,0.0,0.0,Retail Client,Bank Transfer,Completed,ORD820683,Automated migration
2022-02-09,Spark Plug,Ignition system,2,328.67,47.78,657.34,Wholesale Client,Cash,Completed,ORD820684,Automated migration
2022-02-09,Battery,Electrical system,8,7824.98,41.63,62599.84,Wholesale Client,GCash,Completed,ORD820685,Automated migration
2022-02-10,Battery,Electrical system,4,5146.78,368.8,20587.12,Wholesale Client,GCash,Completed,ORD820686,Automated migration
2022-02-10,Clutch Kit,Transmission system,2,5257.14,331.77,10514.28,Wholesale Client,Check,Completed,ORD820687,Automated migration
2022-02-10,Clutch Kit,Transmission system,4,9936.91,67.56,39747.64,Walk-in Customer,GCash,Completed,ORD820688,Automated migration
2022-02-10,Oil Filter,Engine system,6,230.86,319.76,1385.16,Wholesale Client,Bank Transfer,Completed,ORD820689,Automated migration
2022-02-10,Clutch Kit,Transmission system,3,12242.37,220.93,36727.11,Wholesale Client,Check,Completed,ORD820690,Automated migration
2022-02-10,Brake Pad,Brake system,4,1224.28,261.66,4897.12,Retail Client,Bank Transfer,Completed,ORD820691,Automated migration
2022-02-10,Shock Absorber,Suspension system,8,2037.43,461.04,16299.44,Wholesale Client,Bank Transfer,Completed,ORD820692,Automated migration
2022-02-10,Battery,Electrical system,4,6985.02,398.38,27940.08,Walk-in Customer,Bank Transfer,Completed,ORD820693,Automated migration
2022-02-10,Battery,Electrical system,8,6185.53,124.95,49484.24,Walk-in Customer,Check,Completed,ORD820694,Automated migration
2022-02-10,Spark Plug,Ignition system,4,185.64,312.66,742.56,Walk-in Customer,Bank Transfer,Completed,ORD820695,Automated migration
2022-02-10,Clutch Kit,Transmission system,4,8716.13,426.74,34864.52,Retail Client,GCash,Completed,ORD820696,Automated migration
2022-02-10,Alternator,Electrical system,7,10088.65,136.07,70620.55,Walk-in Customer,Check,Completed,ORD820697,Automated migration
2022-02-10,Fuel Pump,Fuel system,0,3184.67,0.0,0.0,Walk-in Customer,Cash,Completed,ORD820698,Automated migration
2022-02-10,Alternator,Electrical system,4,8345.98,357.6,33383.92,Walk-in Customer,Cash,Completed,ORD820699,Automated migration
2022-02-10,Alternator,Electrical system,2,7073.62,108.59,14147.24,Wholesale Client,Bank Transfer,Completed,ORD820700,Automated migration
2022-02-10,Fuel Pump,Fuel system,7,5636.21,15.87,39453.47,Retail Client,GCash,Completed,ORD820701,Automated migration
2022-02-10,Radiator,Cooling system,6,3428.31,235.07,20569.86,Retail Client,Bank Transfer,Completed,ORD820702,Automated migration
2022-02-10,Air Filter,Engine system,1,394.92,357.34,394.92,Wholesale Client,Check,Completed,ORD820703,Automated migration
2022-02-10,Air Filter,Engine system,3,292.17,385.5,876.51,Walk-in Customer,GCash,Completed,ORD820704,Automated migration
2022-02-10,Battery,Electrical system,4,8681.08,79.31,34724.32,Walk-in Customer,Cash,Completed,ORD820705,Automated migration
2022-02-10,Radiator,Cooling system,7,6831.12,99.36,47817.84,Retail Client,GCash,Completed,ORD820706,Automated migration
2022-02-10,Spark Plug,Ignition system,6,296.03,83.68,1776.18,Wholesale Client,Cash,Completed,ORD820707,Automated migration
2022-02-11,Spark Plug,Ignition system,0,585.98,0.0,0.0,Walk-in Customer,Check,Completed,ORD820708,Automated migration
2022-02-11,Fuel Pump,Fuel system,1,3619.25,249.96,3619.25,Walk-in Customer,Bank Transfer,Completed,ORD820709,Automated migration
2022-02-11,Air Filter,Engine system,5,328.91,350.66,1644.55,Retail Client,GCash,Completed,ORD820710,Automated migration
2022-02-11,Spark Plug,Ignition system,5,591.75,394.28,2958.75,Wholesale Client,Check,Completed,ORD820711,Automated migration
2022-02-11,Air Filter,Engine system,6,271.63,67.37,1629.78,Retail Client,Check,Completed,ORD820712,Automated migration
2022-02-11,Clutch Kit,Transmission system,4,9884.61,245.05,39538.44,Walk-in Customer,GCash,Completed,ORD820713,Automated migration
2022-02-11,Fuel Pump,Fuel system,7,3738.96,415.67,26172.72,Walk-in Customer,GCash,Completed,ORD820714,Automated migration
2022-02-11,Clutch Kit,Transmission system,2,9044.46,409.71,18088.92,Walk-in Customer,Bank Transfer,Completed,ORD820715,Automated migration
2022-02-11,Air Filter,Engine system,8,275.81,92.77,2206.48,Retail Client,Bank Transfer,Completed,ORD820716,Automated migration
2022-02-11,Fuel Pump,Fuel system,1,5462.3,269.48,5462.3,Wholesale Client,GCash,Completed,ORD820717,Automated migration
2022-02-11,Clutch Kit,Transmission system,2,10517.35,161.3,21034.7,Walk-in Customer,Bank Transfer,Completed,ORD820718,Automated migration
2022-02-11,Alternator,Electrical system,8,10294.46,21.89,82355.68,Retail Client,GCash,Completed,ORD820719,Automated migration
2022-02-11,Spark Plug,Ignition system,1,368.42,49.38,368.42,Walk-in Customer,Check,Completed,ORD820720,Automated migration
2022-02-11,Clutch Kit,Transmission system,4,5441.77,110.36,21767.08,Walk-in Customer,Cash,Completed,ORD820721,Automated migration
2022-02-11,Spark Plug,Ignition system,7,567.78,416.04,3974.46,Wholesale Client,Cash,Completed,ORD820722,Automated migration
2022-02-11,Clutch Kit,Transmission system,6,12398.24,397.12,74389.44,Retail Client,Bank Transfer,Completed,ORD820723,Automated migration
2022-02-11,Alternator,Electrical system,4,7389.68,107.95,29558.72,Walk-in Customer,Cash,Completed,ORD820724,Automated migration
2022-02-11,Spark Plug,Ignition system,8,323.4,96.56,2587.2,Walk-in Customer,GCash,Completed,ORD820725,Automated migration
2022-02-11,Clutch Kit,Transmission system,8,8736.66,52.76,69893.28,Walk-in Customer,Bank Transfer,Completed,ORD820726,Automated migration
2022-02-11,Battery,Electrical system,1,4834.05,90.2,4834.05,Wholesale Client,Bank Transfer,Completed,ORD820727,Automated migration
2022-02-11,Clutch Kit,Transmission system,7,13401.68,451.24,93811.76,Walk-in Customer,Bank Transfer,Completed,ORD820728,Automated migration
2022-02-11,Battery,Electrical system,6,8130.77,161.73,48784.62,Retail Client,GCash,Completed,ORD820729,Automated migration
2022-02-11,Clutch Kit,Transmission system,4,8240.08,226.2,32960.32,Wholesale Client,Cash,Completed,ORD820730,Automated migration
2022-02-11,Radiator,Cooling system,0,6105.66,0.0,0.0,Wholesale Client,Cash,Completed,ORD820731,Automated migration
2022-02-12,Spark Plug,Ignition system,5,159.77,410.97,798.85,Walk-in Customer,Bank Transfer,Completed,ORD820732,Automated migration
2022-02-12,Alternator,Electrical system,0,9301.85,0.0,0.0,Retail Client,GCash,Completed,ORD820733,Automated migration
2022-02-12,Fuel Pump,Fuel system,3,3548.47,405.54,10645.41,Retail Client,Check,Completed,ORD820734,Automated migration
2022-02-12,Alternator,Electrical system,5,10964.52,86.45,54822.6,Walk-in Customer,Cash,Completed,ORD820735,Automated migration
2022-02-12,Air Filter,Engine system,6,215.7,27.96,1294.2,Wholesale Client,Bank Transfer,Completed,ORD820736,Automated migration
2022-02-12,Battery,Electrical system,1,8348.93,113.36,8348.93,Walk-in Customer,Cash,Completed,ORD820737,Automated migration
2022-02-12,Air Filter,Engine system,4,304.88,159.66,1219.52,Walk-in Customer,GCash,Completed,ORD820738,Automated migration
2022-02-12,Clutch Kit,Transmission system,3,6378.78,336.82,19136.34,Wholesale Client,Check,Completed,ORD820739,Automated migration
2022-02-12,Spark Plug,Ignition system,6,280.4,197.16,1682.4,Retail Client,Bank Transfer,Completed,ORD820740,Automated migration
2022-02-12,Shock Absorber,Suspension system,0,4466.69,0.0,0.0,Wholesale Client,Cash,Completed,ORD820741,Automated migration
2022-02-12,Clutch Kit,Transmission system,6,11964.43,65.19,71786.58,Retail Client,Check,Completed,ORD820742,Automated migration
2022-02-12,Shock Absorber,Suspension system,6,4935.12,98.05,29610.72,Walk-in Customer,GCash,Completed,ORD820743,Automated migration
2022-02-12,Alternator,Electrical system,4,10883.86,161.71,43535.44,Walk-in Customer,Cash,Completed,ORD820744,Automated migration
2022-02-12,Battery,Electrical system,6,5826.34,95.24,34958.04,Wholesale Client,Cash,Completed,ORD820745,Automated migration
2022-02-12,Brake Pad,Brake system,5,2617.31,495.08,13086.55,Wholesale Client,GCash,Completed,ORD820746,Automated migration
2022-02-13,Spark Plug,Ignition system,3,458.41,78.0,1375.23,Walk-in Customer,Cash,Completed,ORD820747,Automated migration
2022-02-13,Air Filter,Engine system,3,389.79,463.36,1169.37,Wholesale Client,Cash,Completed,ORD820748,Automated migration
2022-02-13,Alternator,Electrical system,4,9250.31,11.37,37001.24,Retail Client,GCash,Completed,ORD820749,Automated migration
2022-02-13,Clutch Kit,Transmission system,8,11753.2,274.4,94025.6,Walk-in Customer,GCash,Completed,ORD820750,Automated migration
2022-02-13,Battery,Electrical system,8,4217.41,85.16,33739.28,Wholesale Client,GCash,Completed,ORD820751,Automated migration
2022-02-13,Air Filter,Engine system,7,330.95,4.17,2316.65,Wholesale Client,Bank Transfer,Completed,ORD820752,Automated migration
2022-02-13,Alternator,Electrical system,0,8462.48,0.0,0.0,Walk-in Customer,Check,Completed,ORD820753,Automated migration
2022-02-13,Battery,Electrical system,8,8883.06,49.8,71064.48,Wholesale Client,Check,Completed,ORD820754,Automated migration
2022-02-13,Brake Pad,Brake system,3,2351.5,228.99,7054.5,Walk-in Customer,Cash,Completed,ORD820755,Automated migration
2022-02-13,Spark Plug,Ignition system,8,287.22,244.97,2297.76,Walk-in Customer,GCash,Completed,ORD820756,Automated migration
2022-02-13,Fuel Pump,Fuel system,5,4099.2,151.16,20496.0,Walk-in Customer,Bank Transfer,Completed,ORD820757,Automated migration
2022-02-13,Radiator,Cooling system,6,8342.41,407.43,50054.46,Retail Client,Bank Transfer,Completed,ORD820758,Automated migration
2022-02-14,Fuel Pump,Fuel system,6,5456.19,43.9,32737.14,Wholesale Client,GCash,Completed,ORD820759,Automated migration
2022-02-14,Spark Plug,Ignition system,2,341.91,156.19,683.82,Walk-in Customer,Bank Transfer,Completed,ORD820760,Automated migration
2022-02-14,Clutch Kit,Transmission system,2,6860.82,69.29,13721.64,Walk-in Customer,GCash,Completed,ORD820761,Automated migration
2022-02-14,Radiator,Cooling system,8,8457.38,215.03,67659.04,Retail Client,GCash,Completed,ORD820762,Automated migration
2022-02-14,Alternator,Electrical system,8,9664.81,359.72,77318.48,Retail Client,Bank Transfer,Completed,ORD820763,Automated migration
2022-02-14,Air Filter,Engine system,5,376.03,207.02,1880.15,Wholesale Client,Bank Transfer,Completed,ORD820764,Automated migration
2022-02-14,Radiator,Cooling system,2,7674.65,53.39,15349.3,Retail Client,Cash,Completed,ORD820765,Automated migration
2022-02-14,Oil Filter,Engine system,3,249.09,115.46,747.27,Retail Client,Bank Transfer,Completed,ORD820766,Automated migration
2022-02-14,Shock Absorber,Suspension system,2,4260.46,302.36,8520.92,Walk-in Customer,Bank Transfer,Completed,ORD820767,Automated migration
2022-02-14,Battery,Electrical system,7,6369.23,81.89,44584.61,Retail Client,Cash,Completed,ORD820768,Automated migration
2022-02-14,Air Filter,Engine system,4,390.04,111.28,1560.16,Walk-in Customer,GCash,Completed,ORD820769,Automated migration
2022-02-14,Alternator,Electrical system,2,11635.52,492.81,23271.04,Walk-in Customer,Check,Completed,ORD820770,Automated migration
2022-02-14,Shock Absorber,Suspension system,3,3924.0,388.11,11772.0,Walk-in Customer,Check,Completed,ORD820771,Automated migration
2022-02-14,Battery,Electrical system,8,6626.15,437.89,53009.2,Retail Client,Cash,Completed,ORD820772,Automated migration
2022-02-15,Air Filter,Engine system,3,303.74,197.81,911.22,Walk-in Customer,Cash,Completed,ORD820773,Automated migration
2022-02-15,Clutch Kit,Transmission system,0,6708.65,0.0,0.0,Wholesale Client,Check,Completed,ORD820774,Automated migration
2022-02-15,Radiator,Cooling system,7,3998.92,147.21,27992.44,Retail Client,GCash,Completed,ORD820775,Automated migration
2022-02-15,Shock Absorber,Suspension system,1,5251.91,56.59,5251.91,Walk-in Customer,GCash,Completed,ORD820776,Automated migration
2022-02-15,Battery,Electrical system,5,6254.43,89.44,31272.15,Walk-in Customer,GCash,Completed,ORD820777,Automated migration
2022-02-15,Alternator,Electrical system,4,8620.37,324.29,34481.48,Walk-in Customer,GCash,Completed,ORD820778,Automated migration
2022-02-15,Alternator,Electrical system,1,10531.13,317.04,10531.13,Retail Client,Check,Completed,ORD820779,Automated migration
2022-02-15,Battery,Electrical system,8,5903.04,384.13,47224.32,Wholesale Client,GCash,Completed,ORD820780,Automated migration
2022-02-15,Brake Pad,Brake system,2,2969.06,25.66,5938.12,Wholesale Client,Bank Transfer,Completed,ORD820781,Automated migration
2022-02-15,Radiator,Cooling system,2,3705.32,65.79,7410.64,Retail Client,Cash,Completed,ORD820782,Automated migration
2022-02-15,Air Filter,Engine system,7,299.53,249.32,2096.71,Retail Client,Check,Completed,ORD820783,Automated migration
2022-02-15,Spark Plug,Ignition system,7,354.18,220.94,2479.26,Walk-in Customer,Cash,Completed,ORD820784,Automated migration
2022-02-15,Clutch Kit,Transmission system,4,10577.89,278.77,42311.56,Retail Client,Cash,Completed,ORD820785,Automated migration
2022-02-15,Brake Pad,Brake system,0,2702.54,0.0,0.0,Retail Client,GCash,Completed,ORD820786,Automated migration
2022-02-15,Oil Filter,Engine system,4,182.78,43.85,731.12,Retail Client,Check,Completed,ORD820787,Automated migration
2022-02-15,Brake Pad,Brake system,4,2605.51,345.76,10422.04,Walk-in Customer,GCash,Completed,ORD820788,Automated migration
2022-02-15,Oil Filter,Engine system,5,332.87,46.56,1664.35,Wholesale Client,Bank Transfer,Completed,ORD820789,Automated migration
2022-02-15,Battery,Electrical system,1,7792.21,421.65,7792.21,Retail Client,Bank Transfer,Completed,ORD820790,Automated migration
2022-02-15,Brake Pad,Brake system,1,2797.62,137.21,2797.62,Walk-in Customer,Check,Completed,ORD820791,Automated migration
2022-02-16,Spark Plug,Ignition system,0,199.19,0.0,0.0,Walk-in Customer,Cash,Completed,ORD820792,Automated migration
2022-02-16,Oil Filter,Engine system,4,206.76,423.9,827.04,Wholesale Client,Bank Transfer,Completed,ORD820793,Automated migration
2022-02-16,Oil Filter,Engine system,7,229.93,315.93,1609.51,Wholesale Client,GCash,Completed,ORD820794,Automated migration
2022-02-16,Radiator,Cooling system,3,3009.49,11.99,9028.47,Walk-in Customer,Cash,Completed,ORD820795,Automated migration
2022-02-16,Oil Filter,Engine system,6,203.51,166.9,1221.06,Walk-in Customer,GCash,Completed,ORD820796,Automated migration
2022-02-16,Spark Plug,Ignition system,4,264.49,33.92,1057.96,Wholesale Client,Bank Transfer,Completed,ORD820797,Automated migration
2022-02-16,Alternator,Electrical system,5,8706.81,362.2,43534.05,Walk-in Customer,Cash,Completed,ORD820798,Automated migration
2022-02-16,Spark Plug,Ignition system,5,525.22,461.14,2626.1,Wholesale Client,Check,Completed,ORD820799,Automated migration
2022-02-16,Brake Pad,Brake system,7,1557.39,230.31,10901.73,Walk-in Customer,Bank Transfer,Completed,ORD820800,Automated migration
2022-02-16,Battery,Electrical system,0,8175.53,0.0,0.0,Wholesale Client,Bank Transfer,Completed,ORD820801,Automated migration
2022-02-16,Spark Plug,Ignition system,5,509.79,444.01,2548.95,Wholesale Client,Cash,Completed,ORD820802,Automated migration
2022-02-16,Radiator,Cooling system,0,5034.91,0.0,0.0,Wholesale Client,GCash,Completed,ORD820803,Automated migration
2022-02-16,Brake Pad,Brake system,1,3188.57,375.77,3188.57,Walk-in Customer,Bank Transfer,Completed,ORD820804,Automated migration
2022-02-16,Radiator,Cooling system,6,3520.79,438.52,21124.74,Wholesale Client,Check,Completed,ORD820805,Automated migration
2022-02-16,Spark Plug,Ignition system,8,286.04,56.12,2288.32,Retail Client,GCash,Completed,ORD820806,Automated migration
2022-02-16,Shock Absorber,Suspension system,8,2112.21,241.33,16897.68,Walk-in Customer,GCash,Completed,ORD820807,Automated migration
2022-02-16,Fuel Pump,Fuel system,7,5795.98,261.81,40571.86,Wholesale Client,GCash,Completed,ORD820808,Automated migration
2022-02-16,Clutch Kit,Transmission system,2,6846.68,18.28,13693.36,Wholesale Client,Cash,Completed,ORD820809,Automated migration
2022-02-16,Radiator,Cooling system,0,7122.31,0.0,0.0,Walk-in Customer,Cash,Completed,ORD820810,Automated migration
2022-02-16,Shock Absorber,Suspension system,0,2463.96,0.0,0.0,Walk-in Customer,Bank Transfer,Completed,ORD820811,Automated migration
2022-02-16,Oil Filter,Engine system,4,259.71,104.92,1038.84,Retail Client,GCash,Completed,ORD820812,Automated migration
2022-02-16,Radiator,Cooling system,8,4914.9,220.56,39319.2,Retail Client,Bank Transfer,Completed,ORD820813,Automated migration
2022-02-16,Brake Pad,Brake system,4,1463.26,479.15,5853.04,Walk-in Customer,Cash,Completed,ORD820814,Automated migration
2022-02-17,Fuel Pump,Fuel system,8,3933.18,70.78,31465.44,Walk-in Customer,Bank Transfer,Completed,ORD820815,Automated migration
2022-02-17,Brake Pad,Brake system,1,1916.17,446.12,1916.17,Walk-in Customer,Check,Completed,ORD820816,Automated migration
2022-02-17,Brake Pad,Brake system,0,2282.69,0.0,0.0,Walk-in Customer,Cash,Completed,ORD820817,Automated migration
2022-02-17,Battery,Electrical system,0,4430.6,0.0,0.0,Wholesale Client,GCash,Completed,ORD820818,Automated migration
2022-02-17,Oil Filter,Engine system,5,178.11,408.72,890.55,Walk-in Customer,Cash,Completed,ORD820819,Automated migration
2022-02-17,Oil Filter,Engine system,2,123.23,401.18,246.46,Walk-in Customer,Check,Completed,ORD820820,Automated migration
2022-02-17,Shock Absorber,Suspension system,4,5080.15,355.11,20320.6,Wholesale Client,Check,Completed,ORD820821,Automated migration
2022-02-17,Spark Plug,Ignition system,2,537.49,308.47,1074.98,Wholesale Client,Check,Completed,ORD820822,Automated migration
2022-02-17,Fuel Pump,Fuel system,5,4539.77,15.13,22698.85,Wholesale Client,Cash,Completed,ORD820823,Automated migration
2022-02-17,Shock Absorber,Suspension system,7,5805.95,141.13,40641.65,Wholesale Client,GCash,Completed,ORD820824,Automated migration
2022-02-17,Battery,Electrical system,1,5629.35,324.73,5629.35,Wholesale Client,Check,Completed,ORD820825,Automated migration
2022-02-17,Oil Filter,Engine system,6,159.64,121.85,957.84,Retail Client,Check,Completed,ORD820826,Automated migration
2022-02-17,Alternator,Electrical system,5,8041.19,347.03,40205.95,Wholesale Client,Check,Completed,ORD820827,Automated migration
2022-02-17,Clutch Kit,Transmission system,3,6557.77,334.8,19673.31,Walk-in Customer,Check,Completed,ORD820828,Automated migration
2022-02-17,Oil Filter,Engine system,7,181.34,48.83,1269.38,Wholesale Client,GCash,Completed,ORD820829,Automated migration
2022-02-17,Battery,Electrical system,1,6991.3,342.75,6991.3,Walk-in Customer,Check,Completed,ORD820830,Automated migration
2022-02-17,Shock Absorber,Suspension system,0,2407.4,0.0,0.0,Retail Client,Cash,Completed,ORD820831,Automated migration
2022-02-17,Brake Pad,Brake system,7,2421.89,194.99,16953.23,Walk-in Customer,Check,Completed,ORD820832,Automated migration
2022-02-17,Spark Plug,Ignition system,5,284.88,397.17,1424.4,Walk-in Customer,Bank Transfer,Completed,ORD820833,Automated migration
2022-02-17,Fuel Pump,Fuel system,1,5122.27,305.75,5122.27,Walk-in Customer,Check,Completed,ORD820834,Automated migration
2022-02-18,Radiator,Cooling system,0,5215.34,0.0,0.0,Walk-in Customer,Cash,Completed,ORD820835,Automated migration
2022-02-18,Clutch Kit,Transmission system,5,5987.28,141.1,29936.4,Retail Client,GCash,Completed,ORD820836,Automated migration
2022-02-18,Oil Filter,Engine system,6,256.3,355.89,1537.8,Wholesale Client,Check,Completed,ORD820837,Automated migration
2022-02-18,Clutch Kit,Transmission system,3,10962.39,237.44,32887.17,Retail Client,Check,Completed,ORD820838,Automated migration
2022-02-18,Battery,Electrical system,2,5442.35,436.37,10884.7,Retail Client,GCash,Completed,ORD820839,Automated migration
2022-02-18,Alternator,Electrical system,0,7719.98,0.0,0.0,Wholesale Client,Check,Completed,ORD820840,Automated migration
2022-02-18,Alternator,Electrical system,2,10211.21,207.93,20422.42,Wholesale Client,Check,Completed,ORD820841,Automated migration
2022-02-18,Shock Absorber,Suspension system,8,3908.56,410.04,31268.48,Wholesale Client,Bank Transfer,Completed,ORD820842,Automated migration
2022-02-18,Brake Pad,Brake system,6,2590.52,288.97,15543.12,Walk-in Customer,GCash,Completed,ORD820843,Automated migration
2022-02-18,Battery,Electrical system,8,6881.76,16.73,55054.08,Retail Client,Check,Completed,ORD820844,Automated migration
2022-02-18,Alternator,Electrical system,7,11808.69,40.03,82660.83,Walk-in Customer,Bank Transfer,Completed,ORD820845,Automated migration
2022-02-18,Clutch Kit,Transmission system,1,9710.21,305.04,9710.21,Retail Client,Check,Completed,ORD820846,Automated migration
2022-02-18,Clutch Kit,Transmission system,4,10517.35,451.79,42069.4,Walk-in Customer,Cash,Completed,ORD820847,Automated migration
2022-02-18,Shock Absorber,Suspension system,8,6077.25,286.98,48618.0,Wholesale Client,Check,Completed,ORD820848,Automated migration
2022-02-18,Radiator,Cooling system,4,4005.05,347.53,16020.2,Walk-in Customer,Bank Transfer,Completed,ORD820849,Automated migration
2022-02-18,Air Filter,Engine system,7,315.63,286.43,2209.41,Walk-in Customer,Bank Transfer,Completed,ORD820850,Automated migration
2022-02-18,Radiator,Cooling system,7,3495.06,252.8,24465.42,Wholesale Client,Bank Transfer,Completed,ORD820851,Automated migration
2022-02-18,Oil Filter,Engine system,4,168.8,128.48,675.2,Walk-in Customer,Cash,Completed,ORD820852,Automated migration
2022-02-18,Oil Filter,Engine system,2,264.79,184.88,529.58,Retail Client,Bank Transfer,Completed,ORD820853,Automated migration
2022-02-18,Shock Absorber,Suspension system,2,5597.17,431.01,11194.34,Wholesale Client,Cash,Completed,ORD820854,Automated migration
2022-02-18,Oil Filter,Engine system,2,309.4,376.38,618.8,Wholesale Client,Check,Completed,ORD820855,Automated migration
2022-02-18,Shock Absorber,Suspension system,2,2948.86,367.18,5897.72,Wholesale Client,Cash,Completed,ORD820856,Automated migration
2022-02-18,Alternator,Electrical system,0,7838.0,0.0,0.0,Wholesale Client,Check,Completed,ORD820857,Automated migration
2022-02-18,Shock Absorber,Suspension system,8,3051.48,341.75,24411.84,Wholesale Client,Check,Completed,ORD820858,Automated migration
2022-02-18,Brake Pad,Brake system,8,3201.64,5.93,25613.12,Wholesale Client,Check,Completed,ORD820859,Automated migration
2022-02-19,Air Filter,Engine system,1,383.54,318.71,383.54,Wholesale Client,Bank Transfer,Completed,ORD820860,Automated migration
2022-02-19,Radiator,Cooling system,4,7813.9,127.67,31255.6,Walk-in Customer,Check,Completed,ORD820861,Automated migration
2022-02-19,Spark Plug,Ignition system,3,383.98,338.86,1151.94,Retail Client,Bank Transfer,Completed,ORD820862,Automated migration
2022-02-19,Air Filter,Engine system,1,202.39,48.85,202.39,Retail Client,Check,Completed,ORD820863,Automated migration
2022-02-19,Spark Plug,Ignition system,4,263.35,17.02,1053.4,Walk-in Customer,Cash,Completed,ORD820864,Automated migration
2022-02-19,Oil Filter,Engine system,3,337.62,319.04,1012.86,Walk-in Customer,Cash,Completed,ORD820865,Automated migration
2022-02-19,Oil Filter,Engine system,2,193.99,381.93,387.98,Walk-in Customer,GCash,Completed,ORD820866,Automated migration
2022-02-19,Brake Pad,Brake system,4,1877.51,330.24,7510.04,Retail Client,Check,Completed,ORD820867,Automated migration
2022-02-19,Battery,Electrical system,5,5286.68,390.37,26433.4,Wholesale Client,Cash,Completed,ORD820868,Automated migration
2022-02-19,Battery,Electrical system,5,8979.79,129.12,44898.95,Wholesale Client,GCash,Completed,ORD820869,Automated migration
2022-02-19,Alternator,Electrical system,7,11897.11,100.33,83279.77,Wholesale Client,GCash,Completed,ORD820870,Automated migration
2022-02-19,Alternator,Electrical system,2,9703.16,215.63,19406.32,Walk-in Customer,Cash,Completed,ORD820871,Automated migration
2022-02-19,Radiator,Cooling system,1,3209.17,35.21,3209.17,Walk-in Customer,Bank Transfer,Completed,ORD820872,Automated migration
2022-02-19,Air Filter,Engine system,7,229.77,320.17,1608.39,Retail Client,Check,Completed,ORD820873,Automated migration
2022-02-19,Brake Pad,Brake system,5,3280.62,287.32,16403.1,Walk-in Customer,Check,Completed,ORD820874,Automated migration
2022-02-19,Battery,Electrical system,6,8220.25,390.47,49321.5,Retail Client,GCash,Completed,ORD820875,Automated migration
2022-02-19,Battery,Electrical system,7,4606.02,267.65,32242.14,Wholesale Client,Bank Transfer,Completed,ORD820876,Automated migration
2022-02-19,Battery,Electrical system,0,7161.36,0.0,0.0,Walk-in Customer,Cash,Completed,ORD820877,Automated migration
2022-02-19,Clutch Kit,Transmission system,5,5724.11,229.82,28620.55,Wholesale Client,GCash,Completed,ORD820878,Automated migration
2022-02-19,Clutch Kit,Transmission system,0,13707.62,0.0,0.0,Walk-in Customer,GCash,Completed,ORD820879,Automated migration
2022-02-20,Battery,Electrical system,1,7153.09,179.63,7153.09,Retail Client,Check,Completed,ORD820880,Automated migration
2022-02-20,Brake Pad,Brake system,0,1644.11,0.0,0.0,Walk-in Customer,GCash,Completed,ORD820881,Automated migration
2022-02-20,Battery,Electrical system,1,7963.7,321.7,7963.7,Wholesale Client,Check,Completed,ORD820882,Automated migration
2022-02-20,Air Filter,Engine system,5,211.21,393.89,1056.05,Retail Client,Check,Completed,ORD820883,Automated migration
2022-02-20,Spark Plug,Ignition system,8,356.27,339.04,2850.16,Walk-in Customer,GCash,Completed,ORD820884,Automated migration
2022-02-20,Alternator,Electrical system,0,10677.3,0.0,0.0,Wholesale Client,Cash,Completed,ORD820885,Automated migration
2022-02-20,Oil Filter,Engine system,0,160.67,0.0,0.0,Walk-in Customer,GCash,Completed,ORD820886,Automated migration
2022-02-20,Brake Pad,Brake system,0,3280.72,0.0,0.0,Retail Client,Check,Completed,ORD820887,Automated migration
2022-02-20,Oil Filter,Engine system,1,304.45,53.17,304.45,Wholesale Client,GCash,Completed,ORD820888,Automated migration
2022-02-20,Spark Plug,Ignition system,6,301.8,417.95,1810.8,Walk-in Customer,Check,Completed,ORD820889,Automated migration
2022-02-20,Alternator,Electrical system,8,7686.65,418.21,61493.2,Retail Client,Cash,Completed,ORD820890,Automated migration
2022-02-20,Fuel Pump,Fuel system,1,3043.35,70.62,3043.35,Wholesale Client,GCash,Completed,ORD820891,Automated migration
2022-02-20,Clutch Kit,Transmission system,2,8947.95,462.84,17895.9,Retail Client,GCash,Completed,ORD820892,Automated migration
2022-02-20,Oil Filter,Engine system,6,294.42,7.82,1766.52,Wholesale Client,Cash,Completed,ORD820893,Automated migration
2022-02-20,Air Filter,Engine system,2,385.23,353.37,770.46,Walk-in Customer,Bank Transfer,Completed,ORD820894,Automated migration
2022-02-20,Shock Absorber,Suspension system,2,2927.72,319.91,5855.44,Walk-in Customer,Check,Completed,ORD820895,Automated migration
2022-02-20,Spark Plug,Ignition system,2,424.74,18.81,849.48,Retail Client,Check,Completed,ORD820896,Automated migration
2022-02-20,Radiator,Cooling system,5,5512.72,278.86,27563.6,Retail Client,Cash,Completed,ORD820897,Automated migration
2022-02-20,Oil Filter,Engine system,5,315.68,493.39,1578.4,Walk-in Customer,GCash,Completed,ORD820898,Automated migration
2022-02-20,Spark Plug,Ignition system,4,173.88,56.34,695.52,Retail Client,Check,Completed,ORD820899,Automated migration
2022-02-20,Brake Pad,Brake system,2,2741.33,21.56,5482.66,Walk-in Customer,Bank Transfer,Completed,ORD820900,Automated migration
2022-02-20,Spark Plug,Ignition system,6,263.12,308.41,1578.72,Wholesale Client,Cash,Completed,ORD820901,Automated migration
2022-02-20,Air Filter,Engine system,8,235.18,392.75,1881.44,Wholesale Client,Cash,Completed,ORD820902,Automated migration
2022-02-21,Shock Absorber,Suspension system,5,3885.8,373.54,19429.0,Wholesale Client,GCash,Completed,ORD820903,Automated migration
2022-02-21,Fuel Pump,Fuel system,3,2941.29,368.87,8823.87,Retail Client,Check,Completed,ORD820904,Automated migration
2022-02-21,Alternator,Electrical system,7,9925.46,27.17,69478.22,Wholesale Client,GCash,Completed,ORD820905,Automated migration
2022-02-21,Oil Filter,Engine system,7,144.52,186.74,1011.64,Wholesale Client,GCash,Completed,ORD820906,Automated migration
2022-02-21,Radiator,Cooling system,3,5015.35,16.05,15046.05,Walk-in Customer,Cash,Completed,ORD820907,Automated migration
2022-02-21,Brake Pad,Brake system,1,3158.8,229.29,3158.8,Retail Client,Bank Transfer,Completed,ORD820908,Automated migration
2022-02-21,Radiator,Cooling system,2,7737.28,319.0,15474.56,Walk-in Customer,GCash,Completed,ORD820909,Automated migration
2022-02-21,Alternator,Electrical system,6,11284.87,244.61,67709.22,Retail Client,Check,Completed,ORD820910,Automated migration
2022-02-21,Radiator,Cooling system,0,7380.11,0.0,0.0,Walk-in Customer,GCash,Completed,ORD820911,Automated migration
2022-02-21,Fuel Pump,Fuel system,6,5107.6,445.91,30645.6,Walk-in Customer,GCash,Completed,ORD820912,Automated migration
2022-02-21,Battery,Electrical system,0,4200.29,0.0,0.0,Wholesale Client,Cash,Completed,ORD820913,Automated migration
2022-02-21,Clutch Kit,Transmission system,6,9313.42,399.01,55880.52,Retail Client,Check,Completed,ORD820914,Automated migration
2022-02-21,Spark Plug,Ignition system,1,401.32,6.21,401.32,Walk-in Customer,Check,Completed,ORD820915,Automated migration
2022-02-21,Brake Pad,Brake system,5,1880.32,323.82,9401.6,Retail Client,Cash,Completed,ORD820916,Automated migration
2022-02-21,Radiator,Cooling system,2,7219.83,428.96,14439.66,Walk-in Customer,Cash,Completed,ORD820917,Automated migration
2022-02-22,Brake Pad,Brake system,6,1625.38,435.78,9752.28,Walk-in Customer,Check,Completed,ORD820918,Automated migration
2022-02-22,Alternator,Electrical system,6,11467.17,166.45,68803.02,Retail Client,Bank Transfer,Completed,ORD820919,Automated migration
2022-02-22,Radiator,Cooling system,8,6451.38,103.57,51611.04,Walk-in Customer,Cash,Completed,ORD820920,Automated migration
2022-02-22,Air Filter,Engine system,8,389.06,337.33,3112.48,Retail Client,Cash,Completed,ORD820921,Automated migration
2022-02-22,Fuel Pump,Fuel system,7,5286.1,182.79,37002.7,Retail Client,Cash,Completed,ORD820922,Automated migration
2022-02-22,Brake Pad,Brake system,5,1748.86,56.78,8744.3,Wholesale Client,GCash,Completed,ORD820923,Automated migration
2022-02-22,Fuel Pump,Fuel system,5,6540.7,251.78,32703.5,Wholesale Client,Bank Transfer,Completed,ORD820924,Automated migration
2022-02-22,Alternator,Electrical system,5,8726.13,243.11,43630.65,Walk-in Customer,Cash,Completed,ORD820925,Automated migration
2022-02-22,Clutch Kit,Transmission system,8,13095.06,225.99,104760.48,Wholesale Client,Cash,Completed,ORD820926,Automated migration
2022-02-22,Shock Absorber,Suspension system,1,2360.77,448.97,2360.77,Wholesale Client,Cash,Completed,ORD820927,Automated migration
2022-02-22,Brake Pad,Brake system,4,1457.66,73.98,5830.64,Retail Client,GCash,Completed,ORD820928,Automated migration
2022-02-22,Radiator,Cooling system,6,8817.45,270.72,52904.7,Retail Client,Check,Completed,ORD820929,Automated migration
2022-02-22,Battery,Electrical system,7,7688.55,10.74,53819.85,Retail Client,Cash,Completed,ORD820930,Automated migration
2022-02-22,Spark Plug,Ignition system,8,440.1,205.85,3520.8,Wholesale Client,Bank Transfer,Completed,ORD820931,Automated migration
2022-02-22,Oil Filter,Engine system,8,310.48,222.63,2483.84,Wholesale Client,GCash,Completed,ORD820932,Automated migration
2022-02-22,Brake Pad,Brake system,4,1721.6,185.95,6886.4,Wholesale Client,Cash,Completed,ORD820933,Automated migration
2022-02-22,Fuel Pump,Fuel system,4,4551.67,83.18,18206.68,Retail Client,Bank Transfer,Completed,ORD820934,Automated migration
2022-02-22,Brake Pad,Brake system,2,1570.89,58.46,3141.78,Wholesale Client,GCash,Completed,ORD820935,Automated migration
2022-02-22,Radiator,Cooling system,5,4106.98,281.24,20534.9,Retail Client,Bank Transfer,Completed,ORD820936,Automated migration
2022-02-23,Fuel Pump,Fuel system,7,4929.4,81.3,34505.8,Wholesale Client,Cash,Completed,ORD820937,Automated migration
2022-02-23,Battery,Electrical system,7,7842.59,473.89,54898.13,Wholesale Client,GCash,Completed,ORD820938,Automated migration
2022-02-23,Clutch Kit,Transmission system,8,7981.53,352.73,63852.24,Wholesale Client,Bank Transfer,Completed,ORD820939,Automated migration
2022-02-23,Oil Filter,Engine system,7,184.67,56.16,1292.69,Wholesale Client,Cash,Completed,ORD820940,Automated migration
2022-02-23,Clutch Kit,Transmission system,1,7772.74,200.81,7772.74,Retail Client,Check,Completed,ORD820941,Automated migration
2022-02-23,Alternator,Electrical system,5,7275.17,320.66,36375.85,Walk-in Customer,GCash,Completed,ORD820942,Automated migration
2022-02-23,Spark Plug,Ignition system,0,187.62,0.0,0.0,Wholesale Client,Cash,Completed,ORD820943,Automated migration
2022-02-23,Spark Plug,Ignition system,7,292.99,302.54,2050.93,Retail Client,Bank Transfer,Completed,ORD820944,Automated migration
2022-02-23,Brake Pad,Brake system,6,2050.15,186.42,12300.9,Wholesale Client,Bank Transfer,Completed,ORD820945,Automated migration
2022-02-23,Radiator,Cooling system,7,8245.81,43.8,57720.67,Walk-in Customer,Check,Completed,ORD820946,Automated migration
2022-02-23,Shock Absorber,Suspension system,4,2737.06,364.0,10948.24,Wholesale Client,Check,Completed,ORD820947,Automated migration
2022-02-23,Oil Filter,Engine system,1,135.91,151.62,135.91,Walk-in Customer,Bank Transfer,Completed,ORD820948,Automated migration
2022-02-23,Oil Filter,Engine system,6,122.11,204.73,732.66,Wholesale Client,Check,Completed,ORD820949,Automated migration
2022-02-23,Clutch Kit,Transmission system,7,11392.22,377.62,79745.54,Retail Client,GCash,Completed,ORD820950,Automated migration
2022-02-24,Battery,Electrical system,4,6769.33,21.12,27077.32,Wholesale Client,Bank Transfer,Completed,ORD820951,Automated migration
2022-02-24,Clutch Kit,Transmission system,7,7020.68,395.61,49144.76,Retail Client,Bank Transfer,Completed,ORD820952,Automated migration
2022-02-24,Shock Absorber,Suspension system,1,4942.16,446.34,4942.16,Wholesale Client,GCash,Completed,ORD820953,Automated migration
2022-02-24,Spark Plug,Ignition system,0,203.71,0.0,0.0,Wholesale Client,Check,Completed,ORD820954,Automated migration
2022-02-24,Oil Filter,Engine system,5,245.27,282.79,1226.35,Wholesale Client,Check,Completed,ORD820955,Automated migration
2022-02-24,Fuel Pump,Fuel system,8,5798.31,8.77,46386.48,Wholesale Client,GCash,Completed,ORD820956,Automated migration
2022-02-24,Brake Pad,Brake system,5,2260.4,346.64,11302.0,Wholesale Client,GCash,Completed,ORD820957,Automated migration
2022-02-24,Radiator,Cooling system,5,5517.08,456.05,27585.4,Wholesale Client,Cash,Completed,ORD820958,Automated migration
2022-02-24,Radiator,Cooling system,8,6833.68,38.41,54669.44,Retail Client,GCash,Completed,ORD820959,Automated migration
2022-02-24,Oil Filter,Engine system,2,235.93,436.22,471.86,Walk-in Customer,Bank Transfer,Completed,ORD820960,Automated migration
2022-02-24,Fuel Pump,Fuel system,1,4904.89,175.81,4904.89,Retail Client,Cash,Completed,ORD820961,Automated migration
2022-02-24,Clutch Kit,Transmission system,4,8357.13,242.45,33428.52,Wholesale Client,GCash,Completed,ORD820962,Automated migration
2022-02-24,Spark Plug,Ignition system,2,376.52,415.79,753.04,Walk-in Customer,Cash,Completed,ORD820963,Automated migration
2022-02-24,Shock Absorber,Suspension system,1,2524.55,65.62,2524.55,Retail Client,Check,Completed,ORD820964,Automated migration
2022-02-24,Radiator,Cooling system,5,3834.08,220.97,19170.4,Walk-in Customer,Bank Transfer,Completed,ORD820965,Automated migration
2022-02-24,Radiator,Cooling system,0,7466.76,0.0,0.0,Retail Client,GCash,Completed,ORD820966,Automated migration
2022-02-24,Brake Pad,Brake system,3,1907.09,104.92,5721.27,Retail Client,Check,Completed,ORD820967,Automated migration
2022-02-24,Alternator,Electrical system,0,10873.46,0.0,0.0,Wholesale Client,Cash,Completed,ORD820968,Automated migration
2022-02-24,Alternator,Electrical system,0,10965.28,0.0,0.0,Walk-in Customer,Cash,Completed,ORD820969,Automated migration
2022-02-24,Alternator,Electrical system,4,7216.41,150.82,28865.64,Retail Client,Cash,Completed,ORD820970,Automated migration
2022-02-24,Oil Filter,Engine system,3,246.9,100.01,740.7,Walk-in Customer,Bank Transfer,Completed,ORD820971,Automated migration
2022-02-24,Alternator,Electrical system,2,11229.31,470.92,22458.62,Walk-in Customer,Bank Transfer,Completed,ORD820972,Automated migration
2022-02-24,Brake Pad,Brake system,8,2995.84,306.48,23966.72,Walk-in Customer,Cash,Completed,ORD820973,Automated migration
2022-02-24,Oil Filter,Engine system,0,232.21,0.0,0.0,Walk-in Customer,GCash,Completed,ORD820974,Automated migration
2022-02-24,Brake Pad,Brake system,8,1209.96,362.67,9679.68,Retail Client,Check,Completed,ORD820975,Automated migration
2022-02-25,Oil Filter,Engine system,2,209.92,478.87,419.84,Retail Client,Bank Transfer,Completed,ORD820976,Automated migration
2022-02-25,Battery,Electrical system,3,6571.26,203.79,19713.78,Wholesale Client,Cash,Completed,ORD820977,Automated migration
2022-02-25,Alternator,Electrical system,8,7679.56,381.14,61436.48,Walk-in Customer,Bank Transfer,Completed,ORD820978,Automated migration
2022-02-25,Alternator,Electrical system,5,9468.56,192.39,47342.8,Wholesale Client,Bank Transfer,Completed,ORD820979,Automated migration
2022-02-25,Spark Plug,Ignition system,8,333.28,492.48,2666.24,Wholesale Client,GCash,Completed,ORD820980,Automated migration
2022-02-25,Shock Absorber,Suspension system,5,2806.84,499.36,14034.2,Wholesale Client,Cash,Completed,ORD820981,Automated migration
2022-02-25,Shock Absorber,Suspension system,8,4963.47,42.5,39707.76,Retail Client,Check,Completed,ORD820982,Automated migration
2022-02-25,Oil Filter,Engine system,1,285.36,446.21,285.36,Retail Client,Cash,Completed,ORD820983,Automated migration
2022-02-25,Spark Plug,Ignition system,5,240.12,422.01,1200.6,Wholesale Client,Cash,Completed,ORD820984,Automated migration
2022-02-25,Battery,Electrical system,7,5392.59,356.75,37748.13,Walk-in Customer,Bank Transfer,Completed,ORD820985,Automated migration
2022-02-25,Fuel Pump,Fuel system,7,5500.05,475.07,38500.35,Wholesale Client,Bank Transfer,Completed,ORD820986,Automated migration
2022-02-25,Shock Absorber,Suspension system,1,2549.86,244.67,2549.86,Retail Client,GCash,Completed,ORD820987,Automated migration
2022-02-25,Alternator,Electrical system,0,11151.56,0.0,0.0,Wholesale Client,Cash,Completed,ORD820988,Automated migration
2022-02-25,Battery,Electrical system,5,4763.68,310.98,23818.4,Retail Client,Cash,Completed,ORD820989,Automated migration
2022-02-25,Shock Absorber,Suspension system,3,3321.03,248.95,9963.09,Walk-in Customer,Bank Transfer,Completed,ORD820990,Automated migration
2022-02-25,Clutch Kit,Transmission system,8,5159.03,381.98,41272.24,Wholesale Client,Cash,Completed,ORD820991,Automated migration
2022-02-25,Shock Absorber,Suspension system,5,5837.93,221.28,29189.65,Retail Client,Cash,Completed,ORD820992,Automated migration
2022-02-25,Clutch Kit,Transmission system,4,12962.3,82.07,51849.2,Wholesale Client,GCash,Completed,ORD820993,Automated migration
2022-02-25,Battery,Electrical system,7,7820.06,284.43,54740.42,Wholesale Client,Check,Completed,ORD820994,Automated migration
2022-02-25,Clutch Kit,Transmission system,2,9560.17,195.69,19120.34,Wholesale Client,Check,Completed,ORD820995,Automated migration
2022-02-25,Radiator,Cooling system,5,3368.54,295.23,16842.7,Retail Client,Bank Transfer,Completed,ORD820996,Automated migration
2022-02-25,Oil Filter,Engine system,0,291.3,0.0,0.0,Walk-in Customer,Bank Transfer,Completed,ORD820997,Automated migration
2022-02-25,Alternator,Electrical system,6,8725.72,178.68,52354.32,Wholesale Client,Cash,Completed,ORD820998,Automated migration
2022-02-26,Spark Plug,Ignition system,4,416.64,455.19,1666.56,Retail Client,Bank Transfer,Completed,ORD820999,Automated migration
2022-02-26,Fuel Pump,Fuel system,2,2588.7,163.06,5177.4,Wholesale Client,Check,Completed,ORD821000,Automated migration
2022-02-26,Radiator,Cooling system,0,7175.75,0.0,0.0,Walk-in Customer,Cash,Completed,ORD821001,Automated migration
2022-02-26,Battery,Electrical system,6,5612.11,48.86,33672.66,Wholesale Client,Cash,Completed,ORD821002,Automated migration
2022-02-26,Fuel Pump,Fuel system,7,4762.46,382.45,33337.22,Wholesale Client,GCash,Completed,ORD821003,Automated migration
2022-02-26,Fuel Pump,Fuel system,6,3407.91,317.72,20447.46,Retail Client,GCash,Completed,ORD821004,Automated migration
2022-02-26,Radiator,Cooling system,0,4783.92,0.0,0.0,Walk-in Customer,Check,Completed,ORD821005,Automated migration
2022-02-26,Oil Filter,Engine system,1,279.43,289.1,279.43,Walk-in Customer,Bank Transfer,Completed,ORD821006,Automated migration
2022-02-26,Alternator,Electrical system,8,9376.34,104.87,75010.72,Retail Client,Bank Transfer,Completed,ORD821007,Automated migration
2022-02-26,Battery,Electrical system,8,5566.76,207.16,44534.08,Wholesale Client,Check,Completed,ORD821008,Automated migration
2022-02-26,Air Filter,Engine system,8,372.54,288.42,2980.32,Retail Client,Check,Completed,ORD821009,Automated migration
2022-02-26,Clutch Kit,Transmission system,6,13411.72,363.31,80470.32,Retail Client,GCash,Completed,ORD821010,Automated migration
2022-02-26,Shock Absorber,Suspension system,2,3081.68,373.22,6163.36,Wholesale Client,Check,Completed,ORD821011,Automated migration
2022-02-26,Fuel Pump,Fuel system,1,5352.67,422.98,5352.67,Wholesale Client,Bank Transfer,Completed,ORD821012,Automated migration
2022-02-26,Radiator,Cooling system,3,5435.2,56.78,16305.6,Retail Client,Cash,Completed,ORD821013,Automated migration
2022-02-27,Radiator,Cooling system,7,5912.29,495.65,41386.03,Wholesale Client,Cash,Completed,ORD821014,Automated migration
2022-02-27,Brake Pad,Brake system,4,1513.79,129.2,6055.16,Wholesale Client,GCash,Completed,ORD821015,Automated migration
2022-02-27,Shock Absorber,Suspension system,0,2248.97,0.0,0.0,Retail Client,Bank Transfer,Completed,ORD821016,Automated migration
2022-02-27,Alternator,Electrical system,6,11483.87,335.84,68903.22,Retail Client,Check,Completed,ORD821017,Automated migration
2022-02-27,Spark Plug,Ignition system,1,406.94,250.12,406.94,Retail Client,Bank Transfer,Completed,ORD821018,Automated migration
2022-02-27,Alternator,Electrical system,3,9999.11,386.6,29997.33,Wholesale Client,Bank Transfer,Completed,ORD821019,Automated migration
2022-02-27,Spark Plug,Ignition system,6,248.1,53.41,1488.6,Retail Client,Bank Transfer,Completed,ORD821020,Automated migration
2022-02-27,Battery,Electrical system,4,8314.5,27.96,33258.0,Walk-in Customer,Bank Transfer,Completed,ORD821021,Automated migration
2022-02-27,Fuel Pump,Fuel system,8,4407.02,341.37,35256.16,Wholesale Client,GCash,Completed,ORD821022,Automated migration
2022-02-27,Shock Absorber,Suspension system,5,5696.14,10.54,28480.7,Walk-in Customer,Cash,Completed,ORD821023,Automated migration
2022-02-27,Spark Plug,Ignition system,4,398.73,154.63,1594.92,Walk-in Customer,Bank Transfer,Completed,ORD821024,Automated migration
2022-02-27,Clutch Kit,Transmission system,3,12718.82,194.24,38156.46,Wholesale Client,Bank Transfer,Completed,ORD821025,Automated migration
2022-02-27,Alternator,Electrical system,3,8487.11,429.71,25461.33,Retail Client,Check,Completed,ORD821026,Automated migration
2022-02-27,Battery,Electrical system,0,5370.18,0.0,0.0,Retail Client,Check,Completed,ORD821027,Automated migration
2022-02-27,Battery,Electrical system,5,7586.93,438.38,37934.65,Retail Client,GCash,Completed,ORD821028,Automated migration
2022-02-27,Clutch Kit,Transmission system,1,8166.71,301.06,8166.71,Walk-in Customer,Bank Transfer,Completed,ORD821029,Automated migration
2022-02-27,Air Filter,Engine system,0,328.27,0.0,0.0,Retail Client,Check,Completed,ORD821030,Automated migration
2022-02-27,Air Filter,Engine system,6,240.02,152.77,1440.12,Walk-in Customer,Cash,Completed,ORD821031,Automated migration
2022-02-27,Brake Pad,Brake system,3,2387.64,484.83,7162.92,Walk-in Customer,GCash,Completed,ORD821032,Automated migration
2022-02-27,Fuel Pump,Fuel system,7,4652.64,367.59,32568.48,Wholesale Client,GCash,Completed,ORD821033,Automated migration
2022-02-27,Radiator,Cooling system,3,3506.39,183.8,10519.17,Wholesale Client,Check,Completed,ORD821034,Automated migration
2022-02-27,Air Filter,Engine system,0,384.62,0.0,0.0,Walk-in Customer,GCash,Completed,ORD821035,Automated migration
2022-02-27,Shock Absorber,Suspension system,3,3178.02,425.92,9534.06,Retail Client,Check,Completed,ORD821036,Automated migration
2022-02-27,Oil Filter,Engine system,4,137.31,479.02,549.24,Retail Client,Cash,Completed,ORD821037,Automated migration
2022-02-28,Clutch Kit,Transmission system,6,11960.23,464.14,71761.38,Walk-in Customer,Check,Completed,ORD821038,Automated migration
2022-02-28,Spark Plug,Ignition system,3,235.74,430.97,707.22,Wholesale Client,Bank Transfer,Completed,ORD821039,Automated migration
2022-02-28,Battery,Electrical system,2,6156.54,103.3,12313.08,Retail Client,Bank Transfer,Completed,ORD821040,Automated migration
2022-02-28,Battery,Electrical system,2,6042.62,72.97,12085.24,Wholesale Client,Bank Transfer,Completed,ORD821041,Automated migration
2022-02-28,Oil Filter,Engine system,7,326.83,184.82,2287.81,Walk-in Customer,Check,Completed,ORD821042,Automated migration
2022-02-28,Air Filter,Engine system,7,226.64,161.62,1586.48,Walk-in Customer,Check,Completed,ORD821043,Automated migration
2022-02-28,Battery,Electrical system,6,7680.52,128.11,46083.12,Retail Client,Cash,Completed,ORD821044,Automated migration
2022-02-28,Fuel Pump,Fuel system,3,4619.2,177.15,13857.6,Walk-in Customer,Cash,Completed,ORD821045,Automated migration
2022-02-28,Radiator,Cooling system,8,6717.95,151.25,53743.6,Wholesale Client,Bank Transfer,Completed,ORD821046,Automated migration
2022-02-28,Clutch Kit,Transmission system,0,10224.38,0.0,0.0,Wholesale Client,GCash,Completed,ORD821047,Automated migration
2022-02-28,Fuel Pump,Fuel system,7,3093.64,158.66,21655.48,Walk-in Customer,Check,Completed,ORD821048,Automated migration
2022-02-28,Radiator,Cooling system,1,4879.62,489.26,4879.62,Wholesale Client,Bank Transfer,Completed,ORD821049,Automated migration
2022-02-28,Battery,Electrical system,4,8513.96,131.61,34055.84,Wholesale Client,Bank Transfer,Completed,ORD821050,Automated migration
2022-02-28,Brake Pad,Brake system,5,2894.8,245.64,14474.0,Retail Client,Check,Completed,ORD821051,Automated migration
2022-02-28,Spark Plug,Ignition system,2,174.56,91.57,349.12,Wholesale Client,Bank Transfer,Completed,ORD821052,Automated migration
2022-02-28,Shock Absorber,Suspension system,6,2522.11,447.59,15132.66,Wholesale Client,Cash,Completed,ORD821053,Automated migration
2022-02-28,Fuel Pump,Fuel system,8,4683.4,246.49,37467.2,Walk-in Customer,GCash,Completed,ORD821054,Automated migration
2022-02-28,Fuel Pump,Fuel system,1,3416.8,142.06,3416.8,Retail Client,Bank Transfer,Completed,ORD821055,Automated migration
2022-02-28,Oil Filter,Engine system,0,231.5,0.0,0.0,Walk-in Customer,GCash,Completed,ORD821056,Automated migration
2022-02-28,Alternator,Electrical system,3,10841.27,338.45,32523.81,Wholesale Client,Cash,Completed,ORD821057,Automated migration
2022-02-28,Alternator,Electrical system,6,8867.79,464.57,53206.74,Retail Client,Bank Transfer,Completed,ORD821058,Automated migration
2022-02-28,Air Filter,Engine system,1,292.05,353.85,292.05,Wholesale Client,Check,Completed,ORD821059,Automated migration
2022-02-28,Oil Filter,Engine system,0,182.36,0.0,0.0,Retail Client,Check,Completed,ORD821060,Automated migration
2022-03-01,Oil Filter,Engine system,2,152.84,24.34,305.68,Walk-in Customer,Bank Transfer,Completed,ORD821061,Automated migration
2022-03-01,Air Filter,Engine system,1,309.43,301.15,309.43,Retail Client,Check,Completed,ORD821062,Automated migration
2022-03-01,Brake Pad,Brake system,3,3419.61,432.76,10258.83,Retail Client,Cash,Completed,ORD821063,Automated migration
2022-03-01,Brake Pad,Brake system,6,2992.83,142.47,17956.98,Walk-in Customer,GCash,Completed,ORD821064,Automated migration
2022-03-01,Radiator,Cooling system,7,7806.6,367.94,54646.2,Wholesale Client,GCash,Completed,ORD821065,Automated migration
2022-03-01,Alternator,Electrical system,5,9563.27,244.81,47816.35,Wholesale Client,Check,Completed,ORD821066,Automated migration
2022-03-01,Oil Filter,Engine system,6,122.56,211.27,735.36,Wholesale Client,GCash,Completed,ORD821067,Automated migration
2022-03-01,Battery,Electrical system,1,4202.19,170.87,4202.19,Wholesale Client,GCash,Completed,ORD821068,Automated migration
2022-03-01,Shock Absorber,Suspension system,8,4833.02,262.34,38664.16,Wholesale Client,Check,Completed,ORD821069,Automated migration
2022-03-01,Alternator,Electrical system,7,8501.97,492.09,59513.79,Walk-in Customer,Bank Transfer,Completed,ORD821070,Automated migration
2022-03-01,Clutch Kit,Transmission system,6,7659.33,23.86,45955.98,Retail Client,Cash,Completed,ORD821071,Automated migration
2022-03-01,Clutch Kit,Transmission system,6,8717.17,232.33,52303.02,Walk-in Customer,Bank Transfer,Completed,ORD821072,Automated migration
2022-03-01,Radiator,Cooling system,1,7611.88,8.13,7611.88,Walk-in Customer,Check,Completed,ORD821073,Automated migration
2022-03-01,Brake Pad,Brake system,6,1304.1,208.13,7824.6,Walk-in Customer,Bank Transfer,Completed,ORD821074,Automated migration
2022-03-01,Oil Filter,Engine system,7,289.34,224.97,2025.38,Wholesale Client,Bank Transfer,Completed,ORD821075,Automated migration
2022-03-01,Spark Plug,Ignition system,2,185.2,491.09,370.4,Wholesale Client,Cash,Completed,ORD821076,Automated migration
2022-03-01,Clutch Kit,Transmission system,0,5052.62,0.0,0.0,Retail Client,Cash,Completed,ORD821077,Automated migration
2022-03-01,Shock Absorber,Suspension system,7,5113.13,434.39,35791.91,Walk-in Customer,Check,Completed,ORD821078,Automated migration
2022-03-01,Oil Filter,Engine system,5,272.67,481.57,1363.35,Walk-in Customer,Check,Completed,ORD821079,Automated migration
2022-03-01,Alternator,Electrical system,2,7675.57,95.4,15351.14,Retail Client,GCash,Completed,ORD821080,Automated migration
2022-03-01,Spark Plug,Ignition system,7,441.88,324.87,3093.16,Wholesale Client,GCash,Completed,ORD821081,Automated migration
2022-03-01,Radiator,Cooling system,7,3888.99,210.94,27222.93,Retail Client,GCash,Completed,ORD821082,Automated migration
2022-03-01,Shock Absorber,Suspension system,7,4121.7,429.9,28851.9,Walk-in Customer,GCash,Completed,ORD821083,Automated migration
2022-03-02,Oil Filter,Engine system,6,112.73,3.94,676.38,Walk-in Customer,Check,Completed,ORD821084,Automated migration
2022-03-02,Shock Absorber,Suspension system,8,6495.62,18.51,51964.96,Wholesale Client,Check,Completed,ORD821085,Automated migration
2022-03-02,Spark Plug,Ignition system,0,387.74,0.0,0.0,Wholesale Client,Bank Transfer,Completed,ORD821086,Automated migration
2022-03-02,Radiator,Cooling system,6,8334.84,58.47,50009.04,Walk-in Customer,Bank Transfer,Completed,ORD821087,Automated migration
2022-03-02,Battery,Electrical system,0,4806.67,0.0,0.0,Walk-in Customer,GCash,Completed,ORD821088,Automated migration
2022-03-02,Fuel Pump,Fuel system,7,3544.46,109.85,24811.22,Walk-in Customer,Bank Transfer,Completed,ORD821089,Automated migration
2022-03-02,Brake Pad,Brake system,4,2862.89,195.19,11451.56,Wholesale Client,Bank Transfer,Completed,ORD821090,Automated migration
2022-03-02,Brake Pad,Brake system,3,1849.65,374.63,5548.95,Walk-in Customer,Check,Completed,ORD821091,Automated migration
2022-03-02,Brake Pad,Brake system,3,1559.52,246.09,4678.56,Wholesale Client,Check,Completed,ORD821092,Automated migration
2022-03-02,Spark Plug,Ignition system,3,400.57,499.63,1201.71,Wholesale Client,Bank Transfer,Completed,ORD821093,Automated migration
2022-03-02,Brake Pad,Brake system,2,3104.28,447.23,6208.56,Retail Client,Cash,Completed,ORD821094,Automated migration
2022-03-02,Battery,Electrical system,1,7087.81,60.34,7087.81,Retail Client,Check,Completed,ORD821095,Automated migration
2022-03-02,Fuel Pump,Fuel system,5,5962.18,385.05,29810.9,Walk-in Customer,Bank Transfer,Completed,ORD821096,Automated migration
2022-03-02,Clutch Kit,Transmission system,1,11357.64,463.32,11357.64,Wholesale Client,Check,Completed,ORD821097,Automated migration
2022-03-02,Alternator,Electrical system,1,11118.05,20.98,11118.05,Retail Client,GCash,Completed,ORD821098,Automated migration
2022-03-02,Spark Plug,Ignition system,5,220.66,146.06,1103.3,Wholesale Client,Check,Completed,ORD821099,Automated migration
2022-03-03,Fuel Pump,Fuel system,5,6186.22,61.49,30931.1,Retail Client,Check,Completed,ORD821100,Automated migration
2022-03-03,Air Filter,Engine system,3,366.96,236.83,1100.88,Wholesale Client,GCash,Completed,ORD821101,Automated migration
2022-03-03,Radiator,Cooling system,5,7291.2,207.5,36456.0,Walk-in Customer,GCash,Completed,ORD821102,Automated migration
2022-03-03,Clutch Kit,Transmission system,6,12084.94,69.0,72509.64,Wholesale Client,Check,Completed,ORD821103,Automated migration
2022-03-03,Shock Absorber,Suspension system,8,5575.73,180.89,44605.84,Retail Client,Check,Completed,ORD821104,Automated migration
2022-03-03,Air Filter,Engine system,8,388.73,42.39,3109.84,Wholesale Client,Check,Completed,ORD821105,Automated migration
2022-03-03,Battery,Electrical system,0,5966.33,0.0,0.0,Retail Client,GCash,Completed,ORD821106,Automated migration
2022-03-03,Clutch Kit,Transmission system,4,8773.75,442.89,35095.0,Walk-in Customer,Bank Transfer,Completed,ORD821107,Automated migration
2022-03-03,Fuel Pump,Fuel system,0,6221.52,0.0,0.0,Walk-in Customer,GCash,Completed,ORD821108,Automated migration
2022-03-03,Shock Absorber,Suspension system,3,5994.11,312.18,17982.33,Walk-in Customer,Check,Completed,ORD821109,Automated migration
2022-03-03,Battery,Electrical system,3,8404.87,42.14,25214.61,Walk-in Customer,Bank Transfer,Completed,ORD821110,Automated migration
2022-03-03,Brake Pad,Brake system,8,3481.43,141.96,27851.44,Retail Client,Bank Transfer,Completed,ORD821111,Automated migration
2022-03-03,Brake Pad,Brake system,0,1264.15,0.0,0.0,Walk-in Customer,Bank Transfer,Completed,ORD821112,Automated migration
2022-03-03,Radiator,Cooling system,6,8921.73,55.22,53530.38,Retail Client,Bank Transfer,Completed,ORD821113,Automated migration
2022-03-04,Clutch Kit,Transmission system,5,6114.32,378.28,30571.6,Retail Client,Check,Completed,ORD821114,Automated migration
2022-03-04,Oil Filter,Engine system,0,213.29,0.0,0.0,Retail Client,GCash,Completed,ORD821115,Automated migration
2022-03-04,Radiator,Cooling system,4,7001.53,407.54,28006.12,Walk-in Customer,GCash,Completed,ORD821116,Automated migration
2022-03-04,Clutch Kit,Transmission system,3,5947.04,258.23,17841.12,Retail Client,Bank Transfer,Completed,ORD821117,Automated migration
2022-03-04,Alternator,Electrical system,2,10558.2,414.22,21116.4,Retail Client,Cash,Completed,ORD821118,Automated migration
2022-03-04,Battery,Electrical system,2,6381.27,223.08,12762.54,Wholesale Client,Check,Completed,ORD821119,Automated migration
2022-03-04,Radiator,Cooling system,7,6818.77,498.26,47731.39,Walk-in Customer,Check,Completed,ORD821120,Automated migration
2022-03-04,Brake Pad,Brake system,2,2363.31,242.38,4726.62,Wholesale Client,GCash,Completed,ORD821121,Automated migration
2022-03-04,Spark Plug,Ignition system,7,363.01,373.25,2541.07,Walk-in Customer,Bank Transfer,Completed,ORD821122,Automated migration
2022-03-04,Oil Filter,Engine system,6,127.58,184.79,765.48,Wholesale Client,Cash,Completed,ORD821123,Automated migration
2022-03-04,Alternator,Electrical system,5,8524.62,187.23,42623.1,Wholesale Client,Check,Completed,ORD821124,Automated migration
2022-03-04,Brake Pad,Brake system,2,3002.72,210.88,6005.44,Wholesale Client,Bank Transfer,Completed,ORD821125,Automated migration
2022-03-04,Brake Pad,Brake system,7,1204.8,273.77,8433.6,Retail Client,Cash,Completed,ORD821126,Automated migration
2022-03-04,Shock Absorber,Suspension system,4,4545.94,450.14,18183.76,Wholesale Client,Check,Completed,ORD821127,Automated migration
2022-03-04,Brake Pad,Brake system,8,2663.86,380.84,21310.88,Walk-in Customer,Check,Completed,ORD821128,Automated migration
2022-03-04,Fuel Pump,Fuel system,1,6099.15,332.25,6099.15,Wholesale Client,Check,Completed,ORD821129,Automated migration
2022-03-04,Battery,Electrical system,5,6704.97,479.04,33524.85,Wholesale Client,Bank Transfer,Completed,ORD821130,Automated migration
2022-03-04,Brake Pad,Brake system,0,2515.59,0.0,0.0,Walk-in Customer,Bank Transfer,Completed,ORD821131,Automated migration
2022-03-04,Clutch Kit,Transmission system,1,6731.84,309.35,6731.84,Walk-in Customer,Cash,Completed,ORD821132,Automated migration
2022-03-04,Shock Absorber,Suspension system,8,6035.89,60.14,48287.12,Walk-in Customer,GCash,Completed,ORD821133,Automated migration
2022-03-04,Radiator,Cooling system,3,4471.72,352.81,13415.16,Walk-in Customer,Check,Completed,ORD821134,Automated migration
2022-03-04,Clutch Kit,Transmission system,5,8616.18,22.49,43080.9,Retail Client,Bank Transfer,Completed,ORD821135,Automated migration
2022-03-05,Battery,Electrical system,0,8298.24,0.0,0.0,Wholesale Client,Check,Completed,ORD821136,Automated migration
2022-03-05,Alternator,Electrical system,1,11898.93,270.89,11898.93,Wholesale Client,GCash,Completed,ORD821137,Automated migration
2022-03-05,Radiator,Cooling system,1,3925.36,476.08,3925.36,Walk-in Customer,GCash,Completed,ORD821138,Automated migration
2022-03-05,Oil Filter,Engine system,5,145.36,356.65,726.8,Wholesale Client,Check,Completed,ORD821139,Automated migration
2022-03-05,Fuel Pump,Fuel system,2,4357.7,162.11,8715.4,Wholesale Client,Cash,Completed,ORD821140,Automated migration
2022-03-05,Spark Plug,Ignition system,3,488.46,293.01,1465.38,Wholesale Client,Check,Completed,ORD821141,Automated migration
2022-03-05,Radiator,Cooling system,0,4910.02,0.0,0.0,Walk-in Customer,Check,Completed,ORD821142,Automated migration
2022-03-05,Shock Absorber,Suspension system,0,3833.72,0.0,0.0,Retail Client,Cash,Completed,ORD821143,Automated migration
2022-03-05,Clutch Kit,Transmission system,1,7216.84,277.35,7216.84,Retail Client,Bank Transfer,Completed,ORD821144,Automated migration
2022-03-05,Shock Absorber,Suspension system,1,5808.25,250.22,5808.25,Retail Client,Bank Transfer,Completed,ORD821145,Automated migration
2022-03-05,Spark Plug,Ignition system,8,578.68,480.68,4629.44,Walk-in Customer,Check,Completed,ORD821146,Automated migration
2022-03-05,Air Filter,Engine system,7,392.22,310.36,2745.54,Walk-in Customer,GCash,Completed,ORD821147,Automated migration
2022-03-05,Air Filter,Engine system,7,254.66,125.44,1782.62,Walk-in Customer,Check,Completed,ORD821148,Automated migration
2022-03-05,Spark Plug,Ignition system,8,276.59,80.71,2212.72,Walk-in Customer,Cash,Completed,ORD821149,Automated migration
2022-03-06,Battery,Electrical system,1,8152.49,362.54,8152.49,Wholesale Client,Check,Completed,ORD821150,Automated migration
2022-03-06,Oil Filter,Engine system,8,339.35,159.15,2714.8,Walk-in Customer,Bank Transfer,Completed,ORD821151,Automated migration
2022-03-06,Shock Absorber,Suspension system,4,3106.68,491.51,12426.72,Wholesale Client,GCash,Completed,ORD821152,Automated migration
2022-03-06,Oil Filter,Engine system,5,103.97,345.92,519.85,Walk-in Customer,Cash,Completed,ORD821153,Automated migration
2022-03-06,Air Filter,Engine system,0,334.54,0.0,0.0,Wholesale Client,Check,Completed,ORD821154,Automated migration
2022-03-06,Clutch Kit,Transmission system,1,12085.75,324.55,12085.75,Retail Client,Cash,Completed,ORD821155,Automated migration
2022-03-06,Alternator,Electrical system,5,11860.2,188.19,59301.0,Walk-in Customer,Bank Transfer,Completed,ORD821156,Automated migration
2022-03-06,Brake Pad,Brake system,0,1486.96,0.0,0.0,Wholesale Client,GCash,Completed,ORD821157,Automated migration
2022-03-06,Air Filter,Engine system,3,348.63,379.21,1045.89,Walk-in Customer,Bank Transfer,Completed,ORD821158,Automated migration
2022-03-06,Alternator,Electrical system,4,11042.07,110.57,44168.28,Wholesale Client,Bank Transfer,Completed,ORD821159,Automated migration
2022-03-06,Radiator,Cooling system,7,8427.05,353.48,58989.35,Retail Client,Cash,Completed,ORD821160,Automated migration
2022-03-06,Battery,Electrical system,1,8349.58,284.55,8349.58,Wholesale Client,GCash,Completed,ORD821161,Automated migration
2022-03-06,Oil Filter,Engine system,2,116.34,64.12,232.68,Retail Client,GCash,Completed,ORD821162,Automated migration
2022-03-07,Spark Plug,Ignition system,8,478.0,137.16,3824.0,Walk-in Customer,Cash,Completed,ORD821163,Automated migration
2022-03-07,Clutch Kit,Transmission system,7,5017.59,213.56,35123.13,Walk-in Customer,Cash,Completed,ORD821164,Automated migration
2022-03-07,Battery,Electrical system,6,5370.18,340.09,32221.08,Wholesale Client,Check,Completed,ORD821165,Automated migration
2022-03-07,Clutch Kit,Transmission system,0,12954.22,0.0,0.0,Retail Client,Cash,Completed,ORD821166,Automated migration
2022-03-07,Battery,Electrical system,8,6244.31,2.58,49954.48,Retail Client,Bank Transfer,Completed,ORD821167,Automated migration
2022-03-07,Oil Filter,Engine system,0,347.57,0.0,0.0,Retail Client,Check,Completed,ORD821168,Automated migration
2022-03-07,Spark Plug,Ignition system,3,224.02,155.4,672.06,Walk-in Customer,Cash,Completed,ORD821169,Automated migration
2022-03-07,Shock Absorber,Suspension system,6,5636.27,296.27,33817.62,Walk-in Customer,Bank Transfer,Completed,ORD821170,Automated migration
2022-03-07,Spark Plug,Ignition system,1,363.11,479.4,363.11,Retail Client,Bank Transfer,Completed,ORD821171,Automated migration
2022-03-07,Alternator,Electrical system,7,10820.49,312.67,75743.43,Walk-in Customer,Cash,Completed,ORD821172,Automated migration
2022-03-07,Air Filter,Engine system,0,275.48,0.0,0.0,Walk-in Customer,Cash,Completed,ORD821173,Automated migration
2022-03-07,Air Filter,Engine system,7,210.96,305.37,1476.72,Wholesale Client,Cash,Completed,ORD821174,Automated migration
2022-03-07,Air Filter,Engine system,8,210.44,424.96,1683.52,Wholesale Client,Cash,Completed,ORD821175,Automated migration
2022-03-07,Spark Plug,Ignition system,0,354.04,0.0,0.0,Wholesale Client,Check,Completed,ORD821176,Automated migration
2022-03-07,Fuel Pump,Fuel system,0,4543.35,0.0,0.0,Wholesale Client,GCash,Completed,ORD821177,Automated migration
2022-03-07,Alternator,Electrical system,0,9975.88,0.0,0.0,Retail Client,GCash,Completed,ORD821178,Automated migration
2022-03-07,Clutch Kit,Transmission system,4,8198.52,240.7,32794.08,Walk-in Customer,Check,Completed,ORD821179,Automated migration
2022-03-07,Spark Plug,Ignition system,2,508.66,30.25,1017.32,Wholesale Client,Check,Completed,ORD821180,Automated migration
2022-03-07,Radiator,Cooling system,8,7652.97,73.7,61223.76,Wholesale Client,Bank Transfer,Completed,ORD821181,Automated migration
2022-03-07,Fuel Pump,Fuel system,0,4829.56,0.0,0.0,Walk-in Customer,GCash,Completed,ORD821182,Automated migration
2022-03-07,Spark Plug,Ignition system,8,518.63,279.72,4149.04,Retail Client,Check,Completed,ORD821183,Automated migration
2022-03-08,Spark Plug,Ignition system,3,503.37,170.78,1510.11,Walk-in Customer,Check,Completed,ORD821184,Automated migration
2022-03-08,Oil Filter,Engine system,5,313.0,283.05,1565.0,Wholesale Client,Bank Transfer,Completed,ORD821185,Automated migration
2022-03-08,Fuel Pump,Fuel system,2,2971.82,438.05,5943.64,Retail Client,Check,Completed,ORD821186,Automated migration
2022-03-08,Air Filter,Engine system,3,338.64,233.27,1015.92,Retail Client,GCash,Completed,ORD821187,Automated migration
2022-03-08,Fuel Pump,Fuel system,6,3423.92,92.12,20543.52,Retail Client,Bank Transfer,Completed,ORD821188,Automated migration
2022-03-08,Alternator,Electrical system,5,7150.09,57.59,35750.45,Wholesale Client,Check,Completed,ORD821189,Automated migration
2022-03-08,Oil Filter,Engine system,5,110.98,14.84,554.9,Retail Client,Bank Transfer,Completed,ORD821190,Automated migration
2022-03-08,Spark Plug,Ignition system,4,473.48,169.91,1893.92,Walk-in Customer,GCash,Completed,ORD821191,Automated migration
2022-03-08,Spark Plug,Ignition system,0,229.23,0.0,0.0,Wholesale Client,Cash,Completed,ORD821192,Automated migration
2022-03-08,Brake Pad,Brake system,6,2706.2,442.51,16237.2,Wholesale Client,GCash,Completed,ORD821193,Automated migration
2022-03-08,Shock Absorber,Suspension system,3,3663.38,186.18,10990.14,Retail Client,Check,Completed,ORD821194,Automated migration
2022-03-08,Alternator,Electrical system,2,11413.62,65.4,22827.24,Retail Client,GCash,Completed,ORD821195,Automated migration
2022-03-08,Fuel Pump,Fuel system,5,5197.97,488.49,25989.85,Retail Client,Cash,Completed,ORD821196,Automated migration
2022-03-08,Clutch Kit,Transmission system,4,12106.29,163.84,48425.16,Retail Client,Bank Transfer,Completed,ORD821197,Automated migration
2022-03-08,Clutch Kit,Transmission system,7,6883.14,40.7,48181.98,Wholesale Client,Cash,Completed,ORD821198,Automated migration
2022-03-09,Battery,Electrical system,8,5871.33,259.45,46970.64,Retail Client,Bank Transfer,Completed,ORD821199,Automated migration
2022-03-09,Clutch Kit,Transmission system,7,11440.85,247.4,80085.95,Wholesale Client,Check,Completed,ORD821200,Automated migration
2022-03-09,Spark Plug,Ignition system,3,552.7,226.04,1658.1,Retail Client,Check,Completed,ORD821201,Automated migration
2022-03-09,Radiator,Cooling system,6,8332.25,285.69,49993.5,Wholesale Client,Bank Transfer,Completed,ORD821202,Automated migration
2022-03-09,Brake Pad,Brake system,1,1878.61,259.41,1878.61,Retail Client,Cash,Completed,ORD821203,Automated migration
2022-03-09,Clutch Kit,Transmission system,5,8834.92,233.78,44174.6,Wholesale Client,Bank Transfer,Completed,ORD821204,Automated migration
2022-03-09,Fuel Pump,Fuel system,4,4220.67,89.78,16882.68,Retail Client,Bank Transfer,Completed,ORD821205,Automated migration
2022-03-09,Fuel Pump,Fuel system,1,3825.33,250.88,3825.33,Walk-in Customer,Cash,Completed,ORD821206,Automated migration
2022-03-09,Spark Plug,Ignition system,1,203.36,180.12,203.36,Walk-in Customer,GCash,Completed,ORD821207,Automated migration
2022-03-09,Spark Plug,Ignition system,5,262.51,372.61,1312.55,Walk-in Customer,Bank Transfer,Completed,ORD821208,Automated migration
2022-03-09,Oil Filter,Engine system,2,349.6,376.19,699.2,Walk-in Customer,Bank Transfer,Completed,ORD821209,Automated migration
2022-03-09,Radiator,Cooling system,4,7933.85,391.56,31735.4,Wholesale Client,Check,Completed,ORD821210,Automated migration
2022-03-09,Shock Absorber,Suspension system,8,6451.74,475.74,51613.92,Wholesale Client,GCash,Completed,ORD821211,Automated migration
2022-03-09,Spark Plug,Ignition system,7,255.18,293.5,1786.26,Walk-in Customer,Check,Completed,ORD821212,Automated migration
2022-03-09,Fuel Pump,Fuel system,1,3908.84,93.92,3908.84,Walk-in Customer,Check,Completed,ORD821213,Automated migration
2022-03-09,Shock Absorber,Suspension system,7,5838.25,15.05,40867.75,Retail Client,GCash,Completed,ORD821214,Automated migration
2022-03-09,Air Filter,Engine system,7,362.08,417.15,2534.56,Wholesale Client,GCash,Completed,ORD821215,Automated migration
2022-03-09,Battery,Electrical system,6,7814.21,345.26,46885.26,Wholesale Client,Bank Transfer,Completed,ORD821216,Automated migration
2022-03-09,Oil Filter,Engine system,0,330.54,0.0,0.0,Retail Client,Bank Transfer,Completed,ORD821217,Automated migration
2022-03-09,Battery,Electrical system,3,8743.46,31.85,26230.38,Wholesale Client,GCash,Completed,ORD821218,Automated migration
2022-03-10,Fuel Pump,Fuel system,7,5375.51,152.32,37628.57,Retail Client,Cash,Completed,ORD821219,Automated migration
2022-03-10,Air Filter,Engine system,7,205.37,99.5,1437.59,Wholesale Client,Bank Transfer,Completed,ORD821220,Automated migration
2022-03-10,Spark Plug,Ignition system,4,446.81,34.99,1787.24,Retail Client,Bank Transfer,Completed,ORD821221,Automated migration
2022-03-10,Brake Pad,Brake system,5,3177.33,205.43,15886.65,Retail Client,Cash,Completed,ORD821222,Automated migration
2022-03-10,Clutch Kit,Transmission system,6,9304.26,34.38,55825.56,Retail Client,GCash,Completed,ORD821223,Automated migration
2022-03-10,Radiator,Cooling system,6,7907.38,332.4,47444.28,Retail Client,Bank Transfer,Completed,ORD821224,Automated migration
2022-03-10,Clutch Kit,Transmission system,7,7478.97,3.72,52352.79,Retail Client,Check,Completed,ORD821225,Automated migration
2022-03-10,Battery,Electrical system,3,6629.28,455.15,19887.84,Wholesale Client,Check,Completed,ORD821226,Automated migration
2022-03-10,Oil Filter,Engine system,0,284.32,0.0,0.0,Wholesale Client,Check,Completed,ORD821227,Automated migration
2022-03-10,Radiator,Cooling system,6,6678.17,404.99,40069.02,Retail Client,Check,Completed,ORD821228,Automated migration
2022-03-10,Brake Pad,Brake system,6,2253.0,455.42,13518.0,Retail Client,Cash,Completed,ORD821229,Automated migration
2022-03-10,Air Filter,Engine system,3,377.11,78.97,1131.33,Walk-in Customer,Bank Transfer,Completed,ORD821230,Automated migration
2022-03-10,Spark Plug,Ignition system,7,335.08,380.93,2345.56,Retail Client,Bank Transfer,Completed,ORD821231,Automated migration
2022-03-11,Alternator,Electrical system,8,10832.7,163.01,86661.6,Wholesale Client,GCash,Completed,ORD821232,Automated migration
2022-03-11,Spark Plug,Ignition system,8,170.09,13.36,1360.72,Walk-in Customer,Check,Completed,ORD821233,Automated migration
2022-03-11,Fuel Pump,Fuel system,6,6350.98,198.34,38105.88,Retail Client,Bank Transfer,Completed,ORD821234,Automated migration
2022-03-11,Brake Pad,Brake system,5,2741.68,232.12,13708.4,Wholesale Client,Cash,Completed,ORD821235,Automated migration
2022-03-11,Clutch Kit,Transmission system,3,11422.23,218.86,34266.69,Wholesale Client,Bank Transfer,Completed,ORD821236,Automated migration
2022-03-11,Brake Pad,Brake system,0,2596.07,0.0,0.0,Retail Client,Bank Transfer,Completed,ORD821237,Automated migration
2022-03-11,Clutch Kit,Transmission system,6,6516.08,335.7,39096.48,Retail Client,Bank Transfer,Completed,ORD821238,Automated migration
2022-03-11,Shock Absorber,Suspension system,5,2800.73,357.21,14003.65,Walk-in Customer,GCash,Completed,ORD821239,Automated migration
2022-03-11,Air Filter,Engine system,8,328.2,358.21,2625.6,Retail Client,Check,Completed,ORD821240,Automated migration
2022-03-11,Shock Absorber,Suspension system,0,4691.92,0.0,0.0,Retail Client,Check,Completed,ORD821241,Automated migration
2022-03-11,Spark Plug,Ignition system,5,558.94,99.99,2794.7,Retail Client,Check,Completed,ORD821242,Automated migration
2022-03-11,Air Filter,Engine system,5,364.11,339.98,1820.55,Retail Client,GCash,Completed,ORD821243,Automated migration
2022-03-11,Brake Pad,Brake system,2,1301.23,256.25,2602.46,Wholesale Client,Bank Transfer,Completed,ORD821244,Automated migration
2022-03-11,Oil Filter,Engine system,3,333.58,197.53,1000.74,Wholesale Client,Cash,Completed,ORD821245,Automated migration
2022-03-11,Spark Plug,Ignition system,1,310.46,86.81,310.46,Wholesale Client,Bank Transfer,Completed,ORD821246,Automated migration
2022-03-11,Battery,Electrical system,3,6293.88,33.01,18881.64,Wholesale Client,Bank Transfer,Completed,ORD821247,Automated migration
2022-03-11,Alternator,Electrical system,3,9055.48,383.77,27166.44,Wholesale Client,Cash,Completed,ORD821248,Automated migration
2022-03-11,Radiator,Cooling system,1,6599.2,490.71,6599.2,Walk-in Customer,Check,Completed,ORD821249,Automated migration
2022-03-11,Fuel Pump,Fuel system,2,5359.09,441.98,10718.18,Wholesale Client,Check,Completed,ORD821250,Automated migration
2022-03-11,Fuel Pump,Fuel system,0,5238.4,0.0,0.0,Walk-in Customer,Check,Completed,ORD821251,Automated migration
2022-03-11,Clutch Kit,Transmission system,3,9530.78,352.31,28592.34,Retail Client,GCash,Completed,ORD821252,Automated migration
2022-03-11,Oil Filter,Engine system,1,177.21,368.96,177.21,Retail Client,Cash,Completed,ORD821253,Automated migration
2022-03-11,Brake Pad,Brake system,5,2347.07,101.01,11735.35,Wholesale Client,GCash,Completed,ORD821254,Automated migration
2022-03-11,Spark Plug,Ignition system,7,482.67,164.34,3378.69,Wholesale Client,Bank Transfer,Completed,ORD821255,Automated migration
2022-03-12,Battery,Electrical system,4,7752.75,114.51,31011.0,Walk-in Customer,Bank Transfer,Completed,ORD821256,Automated migration
2022-03-12,Spark Plug,Ignition system,3,392.69,453.32,1178.07,Walk-in Customer,GCash,Completed,ORD821257,Automated migration
2022-03-12,Oil Filter,Engine system,6,230.37,91.77,1382.22,Walk-in Customer,Cash,Completed,ORD821258,Automated migration
2022-03-12,Shock Absorber,Suspension system,1,6291.48,26.05,6291.48,Retail Client,GCash,Completed,ORD821259,Automated migration
2022-03-12,Alternator,Electrical system,2,9963.15,415.61,19926.3,Retail Client,GCash,Completed,ORD821260,Automated migration
2022-03-12,Battery,Electrical system,7,5557.31,360.84,38901.17,Retail Client,Check,Completed,ORD821261,Automated migration
2022-03-12,Oil Filter,Engine system,3,175.78,288.21,527.34,Walk-in Customer,GCash,Completed,ORD821262,Automated migration
2022-03-12,Shock Absorber,Suspension system,1,6279.56,179.79,6279.56,Wholesale Client,GCash,Completed,ORD821263,Automated migration
2022-03-12,Shock Absorber,Suspension system,6,4273.82,367.46,25642.92,Retail Client,Check,Completed,ORD821264,Automated migration
2022-03-12,Battery,Electrical system,6,8270.21,379.43,49621.26,Wholesale Client,GCash,Completed,ORD821265,Automated migration
2022-03-12,Radiator,Cooling system,6,5781.91,226.8,34691.46,Wholesale Client,Check,Completed,ORD821266,Automated migration
2022-03-12,Fuel Pump,Fuel system,2,5716.89,97.86,11433.78,Retail Client,Cash,Completed,ORD821267,Automated migration
2022-03-12,Clutch Kit,Transmission system,5,9423.08,462.85,47115.4,Wholesale Client,Bank Transfer,Completed,ORD821268,Automated migration
2022-03-12,Shock Absorber,Suspension system,4,4884.72,294.15,19538.88,Wholesale Client,Cash,Completed,ORD821269,Automated migration
2022-03-12,Battery,Electrical system,2,4971.14,218.15,9942.28,Wholesale Client,Bank Transfer,Completed,ORD821270,Automated migration
2022-03-12,Fuel Pump,Fuel system,0,5429.08,0.0,0.0,Wholesale Client,GCash,Completed,ORD821271,Automated migration
2022-03-12,Shock Absorber,Suspension system,0,6146.61,0.0,0.0,Wholesale Client,Cash,Completed,ORD821272,Automated migration
2022-03-12,Radiator,Cooling system,7,8665.59,73.68,60659.13,Retail Client,GCash,Completed,ORD821273,Automated migration
2022-03-12,Alternator,Electrical system,1,10221.99,458.44,10221.99,Wholesale Client,Cash,Completed,ORD821274,Automated migration
2022-03-12,Battery,Electrical system,2,8148.75,126.44,16297.5,Wholesale Client,Check,Completed,ORD821275,Automated migration
2022-03-13,Battery,Electrical system,1,4546.37,286.31,4546.37,Wholesale Client,GCash,Completed,ORD821276,Automated migration
2022-03-13,Spark Plug,Ignition system,6,464.55,3.21,2787.3,Retail Client,Check,Completed,ORD821277,Automated migration
2022-03-13,Alternator,Electrical system,1,10868.72,208.92,10868.72,Wholesale Client,Bank Transfer,Completed,ORD821278,Automated migration
2022-03-13,Brake Pad,Brake system,2,2061.7,352.02,4123.4,Retail Client,Check,Completed,ORD821279,Automated migration
2022-03-13,Clutch Kit,Transmission system,1,9055.95,407.19,9055.95,Retail Client,GCash,Completed,ORD821280,Automated migration
2022-03-13,Brake Pad,Brake system,3,1796.51,451.14,5389.53,Wholesale Client,Check,Completed,ORD821281,Automated migration
2022-03-13,Brake Pad,Brake system,1,1874.19,188.86,1874.19,Wholesale Client,Cash,Completed,ORD821282,Automated migration
2022-03-13,Air Filter,Engine system,3,295.58,336.4,886.74,Retail Client,Cash,Completed,ORD821283,Automated migration
2022-03-13,Radiator,Cooling system,0,6991.93,0.0,0.0,Retail Client,Cash,Completed,ORD821284,Automated migration
2022-03-13,Clutch Kit,Transmission system,0,8380.99,0.0,0.0,Walk-in Customer,Bank Transfer,Completed,ORD821285,Automated migration
2022-03-13,Shock Absorber,Suspension system,5,4719.67,168.28,23598.35,Walk-in Customer,Bank Transfer,Completed,ORD821286,Automated migration
2022-03-13,Spark Plug,Ignition system,5,449.29,189.22,2246.45,Retail Client,Bank Transfer,Completed,ORD821287,Automated migration
2022-03-13,Alternator,Electrical system,0,9284.6,0.0,0.0,Walk-in Customer,Check,Completed,ORD821288,Automated migration
2022-03-13,Air Filter,Engine system,1,373.8,139.73,373.8,Walk-in Customer,GCash,Completed,ORD821289,Automated migration
2022-03-13,Shock Absorber,Suspension system,7,4317.11,330.11,30219.77,Retail Client,Bank Transfer,Completed,ORD821290,Automated migration
2022-03-13,Fuel Pump,Fuel system,0,6863.19,0.0,0.0,Walk-in Customer,Bank Transfer,Completed,ORD821291,Automated migration
2022-03-13,Spark Plug,Ignition system,7,330.07,306.3,2310.49,Retail Client,Bank Transfer,Completed,ORD821292,Automated migration
2022-03-13,Shock Absorber,Suspension system,1,5304.25,146.93,5304.25,Retail Client,GCash,Completed,ORD821293,Automated migration
2022-03-13,Brake Pad,Brake system,7,3032.69,150.67,21228.83,Walk-in Customer,Check,Completed,ORD821294,Automated migration
2022-03-13,Shock Absorber,Suspension system,1,4169.76,270.33,4169.76,Retail Client,GCash,Completed,ORD821295,Automated migration
2022-03-13,Alternator,Electrical system,1,9174.47,357.88,9174.47,Retail Client,Bank Transfer,Completed,ORD821296,Automated migration
2022-03-13,Radiator,Cooling system,3,7315.05,332.97,21945.15,Walk-in Customer,Cash,Completed,ORD821297,Automated migration
2022-03-13,Clutch Kit,Transmission system,7,5813.98,345.89,40697.86,Retail Client,Cash,Completed,ORD821298,Automated migration
2022-03-14,Battery,Electrical system,8,8831.24,218.48,70649.92,Retail Client,GCash,Completed,ORD821299,Automated migration
2022-03-14,Alternator,Electrical system,4,7438.4,44.57,29753.6,Walk-in Customer,GCash,Completed,ORD821300,Automated migration
2022-03-14,Oil Filter,Engine system,5,131.85,156.69,659.25,Wholesale Client,Cash,Completed,ORD821301,Automated migration
2022-03-14,Air Filter,Engine system,8,237.97,194.07,1903.76,Wholesale Client,Bank Transfer,Completed,ORD821302,Automated migration
2022-03-14,Brake Pad,Brake system,8,2726.61,295.39,21812.88,Retail Client,Check,Completed,ORD821303,Automated migration
2022-03-14,Clutch Kit,Transmission system,7,7843.34,408.07,54903.38,Wholesale Client,GCash,Completed,ORD821304,Automated migration
2022-03-14,Shock Absorber,Suspension system,2,4706.59,72.94,9413.18,Walk-in Customer,Cash,Completed,ORD821305,Automated migration
2022-03-14,Radiator,Cooling system,8,8942.01,61.73,71536.08,Walk-in Customer,Check,Completed,ORD821306,Automated migration
2022-03-14,Shock Absorber,Suspension system,4,5168.63,188.35,20674.52,Wholesale Client,GCash,Completed,ORD821307,Automated migration
2022-03-14,Spark Plug,Ignition system,0,565.42,0.0,0.0,Retail Client,Check,Completed,ORD821308,Automated migration
2022-03-14,Radiator,Cooling system,2,8946.38,273.97,17892.76,Wholesale Client,Check,Completed,ORD821309,Automated migration
2022-03-14,Fuel Pump,Fuel system,6,4259.78,263.92,25558.68,Wholesale Client,Bank Transfer,Completed,ORD821310,Automated migration
2022-03-14,Clutch Kit,Transmission system,6,5875.88,161.71,35255.28,Walk-in Customer,Cash,Completed,ORD821311,Automated migration
2022-03-14,Shock Absorber,Suspension system,2,4597.21,220.94,9194.42,Wholesale Client,Bank Transfer,Completed,ORD821312,Automated migration
2022-03-14,Spark Plug,Ignition system,3,511.96,97.83,1535.88,Walk-in Customer,Cash,Completed,ORD821313,Automated migration
2022-03-14,Oil Filter,Engine system,1,269.58,494.24,269.58,Retail Client,Check,Completed,ORD821314,Automated migration
2022-03-14,Brake Pad,Brake system,0,1420.91,0.0,0.0,Wholesale Client,GCash,Completed,ORD821315,Automated migration
2022-03-14,Alternator,Electrical system,8,10250.49,296.7,82003.92,Retail Client,Check,Completed,ORD821316,Automated migration
2022-03-15,Alternator,Electrical system,3,8983.22,151.34,26949.66,Walk-in Customer,GCash,Completed,ORD821317,Automated migration
2022-03-15,Alternator,Electrical system,7,11324.48,325.16,79271.36,Wholesale Client,Check,Completed,ORD821318,Automated migration
2022-03-15,Air Filter,Engine system,1,223.33,61.03,223.33,Walk-in Customer,GCash,Completed,ORD821319,Automated migration
2022-03-15,Oil Filter,Engine system,7,168.43,372.68,1179.01,Walk-in Customer,GCash,Completed,ORD821320,Automated migration
2022-03-15,Shock Absorber,Suspension system,6,3342.64,62.62,20055.84,Wholesale Client,Cash,Completed,ORD821321,Automated migration
2022-03-15,Battery,Electrical system,0,5968.98,0.0,0.0,Walk-in Customer,Check,Completed,ORD821322,Automated migration
2022-03-15,Clutch Kit,Transmission system,8,11423.74,395.03,91389.92,Retail Client,GCash,Completed,ORD821323,Automated migration
2022-03-15,Brake Pad,Brake system,2,1212.25,223.62,2424.5,Wholesale Client,Cash,Completed,ORD821324,Automated migration
2022-03-15,Brake Pad,Brake system,3,2701.07,43.91,8103.21,Wholesale Client,Cash,Completed,ORD821325,Automated migration
2022-03-15,Alternator,Electrical system,8,8492.89,483.14,67943.12,Retail Client,Check,Completed,ORD821326,Automated migration
2022-03-15,Spark Plug,Ignition system,4,170.77,472.9,683.08,Wholesale Client,Check,Completed,ORD821327,Automated migration
2022-03-15,Oil Filter,Engine system,7,273.78,261.33,1916.46,Wholesale Client,GCash,Completed,ORD821328,Automated migration
2022-03-16,Air Filter,Engine system,3,207.35,70.83,622.05,Retail Client,GCash,Completed,ORD821329,Automated migration
2022-03-16,Oil Filter,Engine system,5,169.35,364.55,846.75,Wholesale Client,Cash,Completed,ORD821330,Automated migration
2022-03-16,Radiator,Cooling system,6,6898.61,81.66,41391.66,Wholesale Client,Cash,Completed,ORD821331,Automated migration
2022-03-16,Battery,Electrical system,2,6679.52,35.28,13359.04,Walk-in Customer,Bank Transfer,Completed,ORD821332,Automated migration
2022-03-16,Fuel Pump,Fuel system,8,5222.25,209.84,41778.0,Retail Client,Bank Transfer,Completed,ORD821333,Automated migration
2022-03-16,Battery,Electrical system,0,8820.09,0.0,0.0,Retail Client,Cash,Completed,ORD821334,Automated migration
2022-03-16,Alternator,Electrical system,8,7549.95,274.18,60399.6,Retail Client,Bank Transfer,Completed,ORD821335,Automated migration
2022-03-16,Fuel Pump,Fuel system,5,6001.32,73.16,30006.6,Retail Client,Bank Transfer,Completed,ORD821336,Automated migration
2022-03-16,Alternator,Electrical system,6,11897.43,111.11,71384.58,Retail Client,Cash,Completed,ORD821337,Automated migration
2022-03-16,Clutch Kit,Transmission system,4,10299.44,403.4,41197.76,Retail Client,Bank Transfer,Completed,ORD821338,Automated migration
2022-03-16,Clutch Kit,Transmission system,4,10467.2,448.29,41868.8,Retail Client,Bank Transfer,Completed,ORD821339,Automated migration
2022-03-16,Brake Pad,Brake system,5,3054.0,338.91,15270.0,Walk-in Customer,Check,Completed,ORD821340,Automated migration
2022-03-16,Oil Filter,Engine system,2,164.77,343.33,329.54,Walk-in Customer,GCash,Completed,ORD821341,Automated migration
2022-03-16,Brake Pad,Brake system,6,2505.39,133.68,15032.34,Walk-in Customer,Bank Transfer,Completed,ORD821342,Automated migration
2022-03-16,Oil Filter,Engine system,6,276.7,91.55,1660.2,Wholesale Client,Check,Completed,ORD821343,Automated migration
2022-03-16,Radiator,Cooling system,6,6123.57,359.23,36741.42,Retail Client,Bank Transfer,Completed,ORD821344,Automated migration
2022-03-16,Radiator,Cooling system,6,7623.47,422.62,45740.82,Walk-in Customer,Cash,Completed,ORD821345,Automated migration
2022-03-16,Spark Plug,Ignition system,1,224.3,28.71,224.3,Walk-in Customer,Bank Transfer,Completed,ORD821346,Automated migration
2022-03-16,Air Filter,Engine system,6,335.41,466.22,2012.46,Retail Client,Check,Completed,ORD821347,Automated migration
2022-03-16,Clutch Kit,Transmission system,8,11280.94,202.74,90247.52,Walk-in Customer,GCash,Completed,ORD821348,Automated migration
2022-03-16,Battery,Electrical system,8,7748.34,122.11,61986.72,Walk-in Customer,Cash,Completed,ORD821349,Automated migration
2022-03-16,Brake Pad,Brake system,8,3278.74,87.41,26229.92,Wholesale Client,GCash,Completed,ORD821350,Automated migration
2022-03-17,Battery,Electrical system,7,5895.47,186.64,41268.29,Retail Client,Bank Transfer,Completed,ORD821351,Automated migration
2022-03-17,Clutch Kit,Transmission system,1,7610.58,241.56,7610.58,Wholesale Client,GCash,Completed,ORD821352,Automated migration
2022-03-17,Oil Filter,Engine system,6,154.37,152.41,926.22,Walk-in Customer,Cash,Completed,ORD821353,Automated migration
2022-03-17,Oil Filter,Engine system,7,114.37,2.95,800.59,Wholesale Client,Bank Transfer,Completed,ORD821354,Automated migration
2022-03-17,Fuel Pump,Fuel system,1,2523.19,445.1,2523.19,Retail Client,Check,Completed,ORD821355,Automated migration
2022-03-17,Air Filter,Engine system,1,286.16,98.77,286.16,Walk-in Customer,GCash,Completed,ORD821356,Automated migration
2022-03-17,Alternator,Electrical system,7,7034.55,384.72,49241.85,Wholesale Client,GCash,Completed,ORD821357,Automated migration
2022-03-17,Battery,Electrical system,5,5496.42,214.17,27482.1,Retail Client,Bank Transfer,Completed,ORD821358,Automated migration
2022-03-17,Shock Absorber,Suspension system,7,2728.25,176.87,19097.75,Wholesale Client,Cash,Completed,ORD821359,Automated migration
2022-03-17,Spark Plug,Ignition system,1,235.31,20.13,235.31,Wholesale Client,Check,Completed,ORD821360,Automated migration
2022-03-17,Air Filter,Engine system,2,333.24,474.19,666.48,Walk-in Customer,Bank Transfer,Completed,ORD821361,Automated migration
2022-03-17,Battery,Electrical system,7,6750.62,399.91,47254.34,Walk-in Customer,GCash,Completed,ORD821362,Automated migration
2022-03-18,Battery,Electrical system,8,7629.97,370.95,61039.76,Wholesale Client,GCash,Completed,ORD821363,Automated migration
2022-03-18,Alternator,Electrical system,0,7630.62,0.0,0.0,Wholesale Client,Cash,Completed,ORD821364,Automated migration
2022-03-18,Air Filter,Engine system,5,285.93,298.54,1429.65,Retail Client,Check,Completed,ORD821365,Automated migration
2022-03-18,Radiator,Cooling system,4,5915.58,380.45,23662.32,Retail Client,GCash,Completed,ORD821366,Automated migration
2022-03-18,Spark Plug,Ignition system,4,495.03,432.08,1980.12,Walk-in Customer,GCash,Completed,ORD821367,Automated migration
2022-03-18,Spark Plug,Ignition system,7,467.91,404.98,3275.37,Walk-in Customer,GCash,Completed,ORD821368,Automated migration
2022-03-18,Oil Filter,Engine system,2,157.35,66.15,314.7,Retail Client,Bank Transfer,Completed,ORD821369,Automated migration
2022-03-18,Brake Pad,Brake system,6,1240.62,99.82,7443.72,Retail Client,Check,Completed,ORD821370,Automated migration
2022-03-18,Clutch Kit,Transmission system,4,11301.43,490.06,45205.72,Retail Client,Bank Transfer,Completed,ORD821371,Automated migration
2022-03-18,Shock Absorber,Suspension system,0,4294.39,0.0,0.0,Walk-in Customer,Cash,Completed,ORD821372,Automated migration
2022-03-18,Alternator,Electrical system,4,8817.88,471.5,35271.52,Walk-in Customer,Check,Completed,ORD821373,Automated migration
2022-03-18,Fuel Pump,Fuel system,0,3317.88,0.0,0.0,Retail Client,Cash,Completed,ORD821374,Automated migration
2022-03-18,Spark Plug,Ignition system,4,362.43,454.24,1449.72,Retail Client,Check,Completed,ORD821375,Automated migration
2022-03-18,Radiator,Cooling system,7,5181.49,152.18,36270.43,Retail Client,Cash,Completed,ORD821376,Automated migration
2022-03-18,Fuel Pump,Fuel system,5,5835.81,180.69,29179.05,Walk-in Customer,Bank Transfer,Completed,ORD821377,Automated migration
2022-03-18,Radiator,Cooling system,3,6505.96,43.62,19517.88,Retail Client,GCash,Completed,ORD821378,Automated migration
2022-03-18,Air Filter,Engine system,3,238.59,222.88,715.77,Retail Client,Cash,Completed,ORD821379,Automated migration
2022-03-18,Radiator,Cooling system,7,8937.87,101.0,62565.09,Walk-in Customer,GCash,Completed,ORD821380,Automated migration
2022-03-18,Brake Pad,Brake system,3,2161.89,355.8,6485.67,Walk-in Customer,Bank Transfer,Completed,ORD821381,Automated migration
2022-03-18,Shock Absorber,Suspension system,1,6098.82,33.85,6098.82,Wholesale Client,Cash,Completed,ORD821382,Automated migration
2022-03-18,Oil Filter,Engine system,4,274.18,64.47,1096.72,Retail Client,Cash,Completed,ORD821383,Automated migration
2022-03-18,Battery,Electrical system,7,7423.47,435.13,51964.29,Retail Client,GCash,Completed,ORD821384,Automated migration
2022-03-18,Clutch Kit,Transmission system,6,10062.49,195.12,60374.94,Walk-in Customer,Bank Transfer,Completed,ORD821385,Automated migration
2022-03-18,Brake Pad,Brake system,0,1568.01,0.0,0.0,Retail Client,Cash,Completed,ORD821386,Automated migration
2022-03-19,Clutch Kit,Transmission system,4,7730.69,110.17,30922.76,Walk-in Customer,Bank Transfer,Completed,ORD821387,Automated migration
2022-03-19,Brake Pad,Brake system,3,1304.91,119.11,3914.73,Retail Client,GCash,Completed,ORD821388,Automated migration
2022-03-19,Brake Pad,Brake system,4,3208.78,25.76,12835.12,Retail Client,GCash,Completed,ORD821389,Automated migration
2022-03-19,Air Filter,Engine system,5,326.54,486.11,1632.7,Wholesale Client,Cash,Completed,ORD821390,Automated migration
2022-03-19,Brake Pad,Brake system,6,3266.17,147.45,19597.02,Retail Client,Cash,Completed,ORD821391,Automated migration
2022-03-19,Spark Plug,Ignition system,4,229.53,485.8,918.12,Walk-in Customer,Cash,Completed,ORD821392,Automated migration
2022-03-19,Radiator,Cooling system,8,4236.95,221.09,33895.6,Wholesale Client,Bank Transfer,Completed,ORD821393,Automated migration
2022-03-19,Oil Filter,Engine system,6,138.91,115.86,833.46,Walk-in Customer,Check,Completed,ORD821394,Automated migration
2022-03-19,Brake Pad,Brake system,7,1415.49,90.76,9908.43,Retail Client,GCash,Completed,ORD821395,Automated migration
2022-03-19,Oil Filter,Engine system,7,335.84,90.2,2350.88,Wholesale Client,Cash,Completed,ORD821396,Automated migration
2022-03-19,Brake Pad,Brake system,2,3080.25,343.68,6160.5,Retail Client,Cash,Completed,ORD821397,Automated migration
2022-03-19,Alternator,Electrical system,6,8226.27,454.57,49357.62,Wholesale Client,Cash,Completed,ORD821398,Automated migration
2022-03-19,Air Filter,Engine system,1,275.58,10.36,275.58,Retail Client,Cash,Completed,ORD821399,Automated migration
2022-03-19,Spark Plug,Ignition system,1,270.45,469.3,270.45,Walk-in Customer,Cash,Completed,ORD821400,Automated migration
2022-03-19,Alternator,Electrical system,8,10680.66,169.19,85445.28,Walk-in Customer,Cash,Completed,ORD821401,Automated migration
2022-03-19,Brake Pad,Brake system,7,2947.25,446.2,20630.75,Retail Client,Bank Transfer,Completed,ORD821402,Automated migration
2022-03-19,Shock Absorber,Suspension system,2,3097.14,271.76,6194.28,Wholesale Client,Cash,Completed,ORD821403,Automated migration
2022-03-19,Air Filter,Engine system,1,308.93,51.28,308.93,Wholesale Client,GCash,Completed,ORD821404,Automated migration
2022-03-19,Spark Plug,Ignition system,0,252.0,0.0,0.0,Wholesale Client,GCash,Completed,ORD821405,Automated migration
2022-03-19,Radiator,Cooling system,3,8530.15,342.21,25590.45,Walk-in Customer,Cash,Completed,ORD821406,Automated migration
2022-03-20,Alternator,Electrical system,3,7508.68,477.92,22526.04,Wholesale Client,Cash,Completed,ORD821407,Automated migration
2022-03-20,Alternator,Electrical system,5,11616.6,459.94,58083.0,Retail Client,GCash,Completed,ORD821408,Automated migration
2022-03-20,Battery,Electrical system,8,5674.22,90.68,45393.76,Wholesale Client,GCash,Completed,ORD821409,Automated migration
2022-03-20,Oil Filter,Engine system,4,187.1,51.96,748.4,Wholesale Client,Bank Transfer,Completed,ORD821410,Automated migration
2022-03-20,Alternator,Electrical system,0,11308.57,0.0,0.0,Retail Client,GCash,Completed,ORD821411,Automated migration
2022-03-20,Brake Pad,Brake system,6,2227.4,398.43,13364.4,Wholesale Client,Cash,Completed,ORD821412,Automated migration
2022-03-20,Oil Filter,Engine system,6,339.9,139.24,2039.4,Retail Client,Bank Transfer,Completed,ORD821413,Automated migration
2022-03-20,Brake Pad,Brake system,6,2011.0,247.1,12066.0,Wholesale Client,Check,Completed,ORD821414,Automated migration
2022-03-20,Brake Pad,Brake system,3,2081.33,274.67,6243.99,Walk-in Customer,Check,Completed,ORD821415,Automated migration
2022-03-20,Battery,Electrical system,1,6904.82,210.92,6904.82,Walk-in Customer,GCash,Completed,ORD821416,Automated migration
2022-03-20,Spark Plug,Ignition system,5,151.29,496.95,756.45,Retail Client,Bank Transfer,Completed,ORD821417,Automated migration
2022-03-20,Brake Pad,Brake system,1,1337.03,174.67,1337.03,Retail Client,Bank Transfer,Completed,ORD821418,Automated migration
2022-03-20,Brake Pad,Brake system,8,3435.19,456.48,27481.52,Retail Client,GCash,Completed,ORD821419,Automated migration
2022-03-20,Air Filter,Engine system,2,223.45,347.89,446.9,Retail Client,Check,Completed,ORD821420,Automated migration
2022-03-21,Battery,Electrical system,5,4270.42,53.0,21352.1,Walk-in Customer,Cash,Completed,ORD821421,Automated migration
2022-03-21,Oil Filter,Engine system,2,107.55,182.62,215.1,Retail Client,GCash,Completed,ORD821422,Automated migration
2022-03-21,Air Filter,Engine system,6,229.94,91.21,1379.64,Walk-in Customer,GCash,Completed,ORD821423,Automated migration
2022-03-21,Shock Absorber,Suspension system,6,5251.51,221.99,31509.06,Walk-in Customer,Cash,Completed,ORD821424,Automated migration
2022-03-21,Alternator,Electrical system,2,7300.0,321.23,14600.0,Walk-in Customer,GCash,Completed,ORD821425,Automated migration
2022-03-21,Air Filter,Engine system,6,366.54,339.95,2199.24,Wholesale Client,Bank Transfer,Completed,ORD821426,Automated migration
2022-03-21,Spark Plug,Ignition system,6,569.15,135.91,3414.9,Retail Client,Check,Completed,ORD821427,Automated migration
2022-03-21,Spark Plug,Ignition system,6,428.57,109.45,2571.42,Retail Client,Cash,Completed,ORD821428,Automated migration
2022-03-21,Shock Absorber,Suspension system,5,4937.15,202.55,24685.75,Wholesale Client,GCash,Completed,ORD821429,Automated migration
2022-03-21,Fuel Pump,Fuel system,6,3376.29,54.2,20257.74,Retail Client,Bank Transfer,Completed,ORD821430,Automated migration
2022-03-21,Air Filter,Engine system,3,256.44,270.78,769.32,Retail Client,GCash,Completed,ORD821431,Automated migration
2022-03-21,Radiator,Cooling system,3,6310.15,319.19,18930.45,Retail Client,GCash,Completed,ORD821432,Automated migration
2022-03-21,Alternator,Electrical system,0,9818.7,0.0,0.0,Wholesale Client,Cash,Completed,ORD821433,Automated migration
2022-03-21,Fuel Pump,Fuel system,1,6745.79,4.24,6745.79,Wholesale Client,Bank Transfer,Completed,ORD821434,Automated migration
2022-03-21,Clutch Kit,Transmission system,3,7830.25,195.32,23490.75,Wholesale Client,GCash,Completed,ORD821435,Automated migration
2022-03-21,Fuel Pump,Fuel system,6,6534.3,251.79,39205.8,Walk-in Customer,GCash,Completed,ORD821436,Automated migration
2022-03-21,Oil Filter,Engine system,6,219.24,434.41,1315.44,Retail Client,Bank Transfer,Completed,ORD821437,Automated migration
2022-03-21,Brake Pad,Brake system,7,1381.13,312.98,9667.91,Walk-in Customer,GCash,Completed,ORD821438,Automated migration
2022-03-21,Brake Pad,Brake system,2,3484.86,250.81,6969.72,Walk-in Customer,Bank Transfer,Completed,ORD821439,Automated migration
2022-03-21,Brake Pad,Brake system,5,1868.94,311.74,9344.7,Wholesale Client,Cash,Completed,ORD821440,Automated migration
2022-03-21,Spark Plug,Ignition system,3,598.65,303.44,1795.95,Retail Client,Check,Completed,ORD821441,Automated migration
2022-03-21,Air Filter,Engine system,2,353.26,154.77,706.52,Retail Client,Check,Completed,ORD821442,Automated migration
2022-03-21,Shock Absorber,Suspension system,5,2763.73,147.8,13818.65,Retail Client,Bank Transfer,Completed,ORD821443,Automated migration
2022-03-22,Alternator,Electrical system,1,7895.93,385.97,7895.93,Wholesale Client,Check,Completed,ORD821444,Automated migration
2022-03-22,Shock Absorber,Suspension system,2,6229.23,485.84,12458.46,Wholesale Client,Cash,Completed,ORD821445,Automated migration
2022-03-22,Radiator,Cooling system,6,5454.2,309.84,32725.2,Walk-in Customer,GCash,Completed,ORD821446,Automated migration
2022-03-22,Fuel Pump,Fuel system,8,6301.76,476.02,50414.08,Wholesale Client,Cash,Completed,ORD821447,Automated migration
2022-03-22,Clutch Kit,Transmission system,7,7365.45,437.77,51558.15,Walk-in Customer,Cash,Completed,ORD821448,Automated migration
2022-03-22,Spark Plug,Ignition system,8,153.57,426.53,1228.56,Wholesale Client,Check,Completed,ORD821449,Automated migration
2022-03-22,Oil Filter,Engine system,6,313.46,111.53,1880.76,Wholesale Client,Cash,Completed,ORD821450,Automated migration
2022-03-22,Shock Absorber,Suspension system,7,4891.18,450.06,34238.26,Wholesale Client,Cash,Completed,ORD821451,Automated migration
2022-03-22,Brake Pad,Brake system,1,3310.16,461.25,3310.16,Wholesale Client,GCash,Completed,ORD821452,Automated migration
2022-03-22,Fuel Pump,Fuel system,1,3927.78,498.22,3927.78,Wholesale Client,GCash,Completed,ORD821453,Automated migration
2022-03-22,Alternator,Electrical system,4,9272.89,272.54,37091.56,Wholesale Client,GCash,Completed,ORD821454,Automated migration
2022-03-22,Fuel Pump,Fuel system,0,6945.15,0.0,0.0,Wholesale Client,Cash,Completed,ORD821455,Automated migration
2022-03-22,Battery,Electrical system,7,5067.1,105.75,35469.7,Retail Client,Check,Completed,ORD821456,Automated migration
2022-03-22,Radiator,Cooling system,2,3501.55,34.63,7003.1,Wholesale Client,Cash,Completed,ORD821457,Automated migration
2022-03-22,Shock Absorber,Suspension system,6,4361.5,334.82,26169.0,Wholesale Client,GCash,Completed,ORD821458,Automated migration
2022-03-22,Alternator,Electrical system,6,8710.1,376.59,52260.6,Retail Client,GCash,Completed,ORD821459,Automated migration
2022-03-22,Battery,Electrical system,7,6377.5,344.42,44642.5,Retail Client,Check,Completed,ORD821460,Automated migration
2022-03-23,Oil Filter,Engine system,6,305.75,280.45,1834.5,Walk-in Customer,GCash,Completed,ORD821461,Automated migration
2022-03-23,Oil Filter,Engine system,2,180.93,493.18,361.86,Walk-in Customer,Bank Transfer,Completed,ORD821462,Automated migration
2022-03-23,Brake Pad,Brake system,7,3347.78,249.72,23434.46,Wholesale Client,Cash,Completed,ORD821463,Automated migration
2022-03-23,Radiator,Cooling system,8,7333.72,494.12,58669.76,Retail Client,Check,Completed,ORD821464,Automated migration
2022-03-23,Air Filter,Engine system,3,349.14,93.83,1047.42,Walk-in Customer,GCash,Completed,ORD821465,Automated migration
2022-03-23,Spark Plug,Ignition system,5,244.39,95.58,1221.95,Walk-in Customer,Cash,Completed,ORD821466,Automated migration
2022-03-23,Fuel Pump,Fuel system,0,3858.75,0.0,0.0,Wholesale Client,Cash,Completed,ORD821467,Automated migration
2022-03-23,Shock Absorber,Suspension system,6,3846.74,176.11,23080.44,Walk-in Customer,Check,Completed,ORD821468,Automated migration
2022-03-23,Alternator,Electrical system,2,9294.12,186.56,18588.24,Walk-in Customer,GCash,Completed,ORD821469,Automated migration
2022-03-23,Battery,Electrical system,4,8225.46,344.28,32901.84,Wholesale Client,Bank Transfer,Completed,ORD821470,Automated migration
2022-03-23,Alternator,Electrical system,1,7448.19,8.21,7448.19,Wholesale Client,Cash,Completed,ORD821471,Automated migration
2022-03-23,Oil Filter,Engine system,8,124.93,222.05,999.44,Walk-in Customer,Cash,Completed,ORD821472,Automated migration
2022-03-23,Battery,Electrical system,3,5114.4,227.31,15343.2,Wholesale Client,Cash,Completed,ORD821473,Automated migration
2022-03-23,Shock Absorber,Suspension system,1,3577.76,396.88,3577.76,Wholesale Client,Check,Completed,ORD821474,Automated migration
2022-03-23,Air Filter,Engine system,5,356.44,253.78,1782.2,Wholesale Client,Bank Transfer,Completed,ORD821475,Automated migration
2022-03-23,Battery,Electrical system,3,4020.79,454.53,12062.37,Retail Client,Cash,Completed,ORD821476,Automated migration
2022-03-23,Brake Pad,Brake system,5,3133.77,259.48,15668.85,Walk-in Customer,Bank Transfer,Completed,ORD821477,Automated migration
2022-03-23,Brake Pad,Brake system,6,1756.21,486.75,10537.26,Retail Client,Check,Completed,ORD821478,Automated migration
2022-03-23,Oil Filter,Engine system,6,132.22,318.14,793.32,Walk-in Customer,GCash,Completed,ORD821479,Automated migration
2022-03-23,Fuel Pump,Fuel system,8,3213.0,115.48,25704.0,Walk-in Customer,GCash,Completed,ORD821480,Automated migration
2022-03-23,Oil Filter,Engine system,6,310.76,313.66,1864.56,Wholesale Client,GCash,Completed,ORD821481,Automated migration
2022-03-23,Spark Plug,Ignition system,1,191.97,218.71,191.97,Walk-in Customer,GCash,Completed,ORD821482,Automated migration
2022-03-23,Oil Filter,Engine system,8,330.15,39.39,2641.2,Wholesale Client,Cash,Completed,ORD821483,Automated migration
2022-03-24,Fuel Pump,Fuel system,2,3578.75,448.95,7157.5,Wholesale Client,GCash,Completed,ORD821484,Automated migration
2022-03-24,Battery,Electrical system,4,7296.29,137.48,29185.16,Retail Client,Cash,Completed,ORD821485,Automated migration
2022-03-24,Alternator,Electrical system,7,11636.0,61.34,81452.0,Retail Client,Bank Transfer,Completed,ORD821486,Automated migration
2022-03-24,Brake Pad,Brake system,1,1377.98,422.31,1377.98,Retail Client,Check,Completed,ORD821487,Automated migration
2022-03-24,Shock Absorber,Suspension system,0,3861.85,0.0,0.0,Wholesale Client,Cash,Completed,ORD821488,Automated migration
2022-03-24,Battery,Electrical system,6,8448.57,316.78,50691.42,Wholesale Client,GCash,Completed,ORD821489,Automated migration
2022-03-24,Radiator,Cooling system,0,8421.83,0.0,0.0,Walk-in Customer,Cash,Completed,ORD821490,Automated migration
2022-03-24,Fuel Pump,Fuel system,5,4677.6,307.0,23388.0,Walk-in Customer,Cash,Completed,ORD821491,Automated migration
2022-03-24,Clutch Kit,Transmission system,4,13339.25,96.42,53357.0,Retail Client,Cash,Completed,ORD821492,Automated migration
2022-03-24,Spark Plug,Ignition system,5,201.65,108.48,1008.25,Wholesale Client,GCash,Completed,ORD821493,Automated migration
2022-03-24,Alternator,Electrical system,2,8337.95,240.79,16675.9,Retail Client,Bank Transfer,Completed,ORD821494,Automated migration
2022-03-24,Shock Absorber,Suspension system,7,3962.28,473.17,27735.96,Retail Client,Bank Transfer,Completed,ORD821495,Automated migration
2022-03-24,Spark Plug,Ignition system,4,582.84,51.45,2331.36,Walk-in Customer,Bank Transfer,Completed,ORD821496,Automated migration
2022-03-24,Spark Plug,Ignition system,7,345.06,223.08,2415.42,Walk-in Customer,Bank Transfer,Completed,ORD821497,Automated migration
2022-03-24,Oil Filter,Engine system,1,251.82,214.66,251.82,Walk-in Customer,Bank Transfer,Completed,ORD821498,Automated migration
2022-03-24,Alternator,Electrical system,7,7836.25,16.88,54853.75,Walk-in Customer,Bank Transfer,Completed,ORD821499,Automated migration
2022-03-24,Radiator,Cooling system,8,5113.52,14.97,40908.16,Retail Client,Bank Transfer,Completed,ORD821500,Automated migration
2022-03-24,Brake Pad,Brake system,5,1764.23,107.59,8821.15,Wholesale Client,Bank Transfer,Completed,ORD821501,Automated migration
2022-03-24,Fuel Pump,Fuel system,1,2543.35,344.15,2543.35,Walk-in Customer,Bank Transfer,Completed,ORD821502,Automated migration
2022-03-25,Oil Filter,Engine system,5,324.69,280.82,1623.45,Wholesale Client,Bank Transfer,Completed,ORD821503,Automated migration
2022-03-25,Clutch Kit,Transmission system,3,5926.28,139.02,17778.84,Walk-in Customer,Cash,Completed,ORD821504,Automated migration
2022-03-25,Battery,Electrical system,5,8066.97,99.08,40334.85,Retail Client,Check,Completed,ORD821505,Automated migration
2022-03-25,Air Filter,Engine system,4,284.25,62.05,1137.0,Retail Client,Bank Transfer,Completed,ORD821506,Automated migration
2022-03-25,Spark Plug,Ignition system,0,278.27,0.0,0.0,Walk-in Customer,Cash,Completed,ORD821507,Automated migration
2022-03-25,Radiator,Cooling system,2,8049.86,201.41,16099.72,Walk-in Customer,Cash,Completed,ORD821508,Automated migration
2022-03-25,Air Filter,Engine system,1,293.98,414.93,293.98,Wholesale Client,Bank Transfer,Completed,ORD821509,Automated migration
2022-03-25,Fuel Pump,Fuel system,5,4301.55,278.23,21507.75,Wholesale Client,Check,Completed,ORD821510,Automated migration
2022-03-25,Battery,Electrical system,4,7482.28,227.29,29929.12,Walk-in Customer,Cash,Completed,ORD821511,Automated migration
2022-03-25,Oil Filter,Engine system,1,107.32,23.92,107.32,Retail Client,GCash,Completed,ORD821512,Automated migration
2022-03-25,Fuel Pump,Fuel system,6,3518.54,44.01,21111.24,Walk-in Customer,Bank Transfer,Completed,ORD821513,Automated migration
2022-03-25,Air Filter,Engine system,4,376.66,21.54,1506.64,Retail Client,Bank Transfer,Completed,ORD821514,Automated migration
2022-03-25,Radiator,Cooling system,5,7127.53,395.81,35637.65,Wholesale Client,Bank Transfer,Completed,ORD821515,Automated migration
2022-03-25,Brake Pad,Brake system,7,1475.77,159.67,10330.39,Retail Client,Check,Completed,ORD821516,Automated migration
2022-03-25,Alternator,Electrical system,8,9637.94,288.94,77103.52,Walk-in Customer,Check,Completed,ORD821517,Automated migration
2022-03-25,Fuel Pump,Fuel system,7,3516.24,131.91,24613.68,Wholesale Client,Cash,Completed,ORD821518,Automated migration
2022-03-25,Clutch Kit,Transmission system,3,10935.33,367.63,32805.99,Retail Client,Cash,Completed,ORD821519,Automated migration
2022-03-25,Shock Absorber,Suspension system,0,2956.14,0.0,0.0,Walk-in Customer,GCash,Completed,ORD821520,Automated migration
2022-03-25,Battery,Electrical system,3,6438.23,170.23,19314.69,Walk-in Customer,Bank Transfer,Completed,ORD821521,Automated migration
2022-03-26,Shock Absorber,Suspension system,2,5815.13,52.83,11630.26,Retail Client,GCash,Completed,ORD821522,Automated migration
2022-03-26,Battery,Electrical system,7,8339.29,256.73,58375.03,Wholesale Client,GCash,Completed,ORD821523,Automated migration
2022-03-26,Radiator,Cooling system,6,3985.18,153.57,23911.08,Walk-in Customer,Cash,Completed,ORD821524,Automated migration
2022-03-26,Shock Absorber,Suspension system,1,5352.62,120.28,5352.62,Wholesale Client,GCash,Completed,ORD821525,Automated migration
2022-03-26,Air Filter,Engine system,7,332.38,226.32,2326.66,Wholesale Client,Cash,Completed,ORD821526,Automated migration
2022-03-26,Fuel Pump,Fuel system,6,3454.3,198.46,20725.8,Wholesale Client,Bank Transfer,Completed,ORD821527,Automated migration
2022-03-26,Shock Absorber,Suspension system,4,3664.01,24.57,14656.04,Wholesale Client,Check,Completed,ORD821528,Automated migration
2022-03-26,Radiator,Cooling system,3,5416.15,297.02,16248.45,Walk-in Customer,Check,Completed,ORD821529,Automated migration
2022-03-26,Alternator,Electrical system,0,10231.72,0.0,0.0,Retail Client,GCash,Completed,ORD821530,Automated migration
2022-03-26,Air Filter,Engine system,0,315.05,0.0,0.0,Retail Client,Cash,Completed,ORD821531,Automated migration
2022-03-26,Radiator,Cooling system,3,8295.6,349.76,24886.8,Wholesale Client,Check,Completed,ORD821532,Automated migration
2022-03-26,Alternator,Electrical system,3,10669.62,439.76,32008.86,Wholesale Client,Check,Completed,ORD821533,Automated migration
2022-03-26,Brake Pad,Brake system,3,1999.56,144.0,5998.68,Walk-in Customer,Bank Transfer,Completed,ORD821534,Automated migration
2022-03-26,Alternator,Electrical system,2,9516.2,350.24,19032.4,Wholesale Client,Bank Transfer,Completed,ORD821535,Automated migration
2022-03-26,Brake Pad,Brake system,5,2767.32,83.32,13836.6,Wholesale Client,Check,Completed,ORD821536,Automated migration
2022-03-26,Air Filter,Engine system,7,285.58,10.41,1999.06,Wholesale Client,Cash,Completed,ORD821537,Automated migration
2022-03-26,Air Filter,Engine system,5,393.91,291.58,1969.55,Wholesale Client,GCash,Completed,ORD821538,Automated migration
2022-03-26,Alternator,Electrical system,0,11094.63,0.0,0.0,Walk-in Customer,Bank Transfer,Completed,ORD821539,Automated migration
2022-03-26,Clutch Kit,Transmission system,8,6505.74,73.29,52045.92,Retail Client,Cash,Completed,ORD821540,Automated migration
2022-03-26,Fuel Pump,Fuel system,7,4707.98,175.39,32955.86,Walk-in Customer,Bank Transfer,Completed,ORD821541,Automated migration
2022-03-26,Radiator,Cooling system,5,5752.5,413.87,28762.5,Wholesale Client,Bank Transfer,Completed,ORD821542,Automated migration
2022-03-26,Alternator,Electrical system,4,10428.92,364.11,41715.68,Retail Client,GCash,Completed,ORD821543,Automated migration
2022-03-26,Spark Plug,Ignition system,2,310.74,15.45,621.48,Walk-in Customer,Check,Completed,ORD821544,Automated migration
2022-03-27,Alternator,Electrical system,3,11603.24,188.89,34809.72,Retail Client,Bank Transfer,Completed,ORD821545,Automated migration
2022-03-27,Clutch Kit,Transmission system,2,7387.78,339.53,14775.56,Wholesale Client,Check,Completed,ORD821546,Automated migration
2022-03-27,Radiator,Cooling system,4,4143.44,289.76,16573.76,Walk-in Customer,Bank Transfer,Completed,ORD821547,Automated migration
2022-03-27,Battery,Electrical system,7,6833.31,396.26,47833.17,Wholesale Client,Bank Transfer,Completed,ORD821548,Automated migration
2022-03-27,Air Filter,Engine system,7,385.45,73.57,2698.15,Walk-in Customer,GCash,Completed,ORD821549,Automated migration
2022-03-27,Oil Filter,Engine system,8,266.08,151.82,2128.64,Wholesale Client,Cash,Completed,ORD821550,Automated migration
2022-03-27,Air Filter,Engine system,7,208.19,141.51,1457.33,Walk-in Customer,Cash,Completed,ORD821551,Automated migration
2022-03-27,Shock Absorber,Suspension system,4,2022.91,176.13,8091.64,Retail Client,Cash,Completed,ORD821552,Automated migration
2022-03-27,Brake Pad,Brake system,5,3221.06,392.63,16105.3,Walk-in Customer,GCash,Completed,ORD821553,Automated migration
2022-03-27,Radiator,Cooling system,2,8975.49,98.36,17950.98,Walk-in Customer,Cash,Completed,ORD821554,Automated migration
2022-03-27,Spark Plug,Ignition system,0,362.93,0.0,0.0,Wholesale Client,GCash,Completed,ORD821555,Automated migration
2022-03-27,Battery,Electrical system,6,8834.53,49.07,53007.18,Wholesale Client,Bank Transfer,Completed,ORD821556,Automated migration
2022-03-27,Brake Pad,Brake system,6,2761.52,161.24,16569.12,Walk-in Customer,GCash,Completed,ORD821557,Automated migration
2022-03-27,Radiator,Cooling system,2,5497.87,99.76,10995.74,Wholesale Client,Cash,Completed,ORD821558,Automated migration
2022-03-27,Oil Filter,Engine system,7,236.46,187.98,1655.22,Wholesale Client,Cash,Completed,ORD821559,Automated migration
2022-03-28,Shock Absorber,Suspension system,5,4267.17,342.58,21335.85,Wholesale Client,Check,Completed,ORD821560,Automated migration
2022-03-28,Battery,Electrical system,7,6102.53,205.13,42717.71,Retail Client,Cash,Completed,ORD821561,Automated migration
2022-03-28,Alternator,Electrical system,2,10076.04,151.19,20152.08,Retail Client,Bank Transfer,Completed,ORD821562,Automated migration
2022-03-28,Oil Filter,Engine system,8,324.98,438.9,2599.84,Retail Client,Check,Completed,ORD821563,Automated migration
2022-03-28,Battery,Electrical system,0,6314.04,0.0,0.0,Walk-in Customer,Check,Completed,ORD821564,Automated migration
2022-03-28,Alternator,Electrical system,0,8350.87,0.0,0.0,Walk-in Customer,Cash,Completed,ORD821565,Automated migration
2022-03-28,Oil Filter,Engine system,1,305.49,282.72,305.49,Walk-in Customer,Bank Transfer,Completed,ORD821566,Automated migration
2022-03-28,Alternator,Electrical system,8,10696.82,26.51,85574.56,Retail Client,GCash,Completed,ORD821567,Automated migration
2022-03-28,Brake Pad,Brake system,3,3258.62,319.83,9775.86,Retail Client,Bank Transfer,Completed,ORD821568,Automated migration
2022-03-28,Air Filter,Engine system,7,324.73,100.35,2273.11,Retail Client,Cash,Completed,ORD821569,Automated migration
2022-03-28,Oil Filter,Engine system,1,229.96,123.6,229.96,Retail Client,Check,Completed,ORD821570,Automated migration
2022-03-28,Clutch Kit,Transmission system,7,8516.43,463.02,59615.01,Wholesale Client,Check,Completed,ORD821571,Automated migration
2022-03-28,Brake Pad,Brake system,3,3135.96,273.36,9407.88,Walk-in Customer,Check,Completed,ORD821572,Automated migration
2022-03-28,Battery,Electrical system,2,7180.99,92.4,14361.98,Walk-in Customer,GCash,Completed,ORD821573,Automated migration
2022-03-28,Clutch Kit,Transmission system,8,6803.16,240.23,54425.28,Wholesale Client,Cash,Completed,ORD821574,Automated migration
2022-03-28,Fuel Pump,Fuel system,4,4260.35,348.83,17041.4,Retail Client,Check,Completed,ORD821575,Automated migration
2022-03-28,Battery,Electrical system,2,4139.85,228.54,8279.7,Walk-in Customer,Check,Completed,ORD821576,Automated migration
2022-03-28,Oil Filter,Engine system,4,108.52,325.21,434.08,Walk-in Customer,Check,Completed,ORD821577,Automated migration
2022-03-28,Fuel Pump,Fuel system,2,4605.58,361.53,9211.16,Wholesale Client,Cash,Completed,ORD821578,Automated migration
2022-03-28,Fuel Pump,Fuel system,8,6351.28,251.6,50810.24,Wholesale Client,Check,Completed,ORD821579,Automated migration
2022-03-29,Brake Pad,Brake system,5,2708.65,281.57,13543.25,Wholesale Client,GCash,Completed,ORD821580,Automated migration
2022-03-29,Radiator,Cooling system,6,3409.26,419.66,20455.56,Wholesale Client,Check,Completed,ORD821581,Automated migration
2022-03-29,Oil Filter,Engine system,2,244.01,463.71,488.02,Walk-in Customer,Bank Transfer,Completed,ORD821582,Automated migration
2022-03-29,Fuel Pump,Fuel system,5,5130.22,414.94,25651.1,Retail Client,Cash,Completed,ORD821583,Automated migration
2022-03-29,Brake Pad,Brake system,3,1422.04,53.11,4266.12,Walk-in Customer,Check,Completed,ORD821584,Automated migration
2022-03-29,Spark Plug,Ignition system,3,197.44,440.38,592.32,Walk-in Customer,Check,Completed,ORD821585,Automated migration
2022-03-29,Alternator,Electrical system,0,10059.52,0.0,0.0,Retail Client,Cash,Completed,ORD821586,Automated migration
2022-03-29,Shock Absorber,Suspension system,5,4729.4,420.34,23647.0,Retail Client,Bank Transfer,Completed,ORD821587,Automated migration
2022-03-29,Shock Absorber,Suspension system,6,2599.47,318.7,15596.82,Walk-in Customer,GCash,Completed,ORD821588,Automated migration
2022-03-29,Radiator,Cooling system,7,5625.09,143.04,39375.63,Retail Client,GCash,Completed,ORD821589,Automated migration
2022-03-29,Clutch Kit,Transmission system,3,5774.16,12.12,17322.48,Walk-in Customer,Cash,Completed,ORD821590,Automated migration
2022-03-29,Air Filter,Engine system,2,378.66,179.78,757.32,Wholesale Client,Cash,Completed,ORD821591,Automated migration
2022-03-29,Brake Pad,Brake system,8,2341.2,416.2,18729.6,Walk-in Customer,Check,Completed,ORD821592,Automated migration
2022-03-29,Fuel Pump,Fuel system,8,6340.4,400.8,50723.2,Wholesale Client,Check,Completed,ORD821593,Automated migration
2022-03-30,Alternator,Electrical system,1,7635.96,258.62,7635.96,Retail Client,Cash,Completed,ORD821594,Automated migration
2022-03-30,Spark Plug,Ignition system,0,420.67,0.0,0.0,Wholesale Client,Cash,Completed,ORD821595,Automated migration
2022-03-30,Radiator,Cooling system,4,5342.56,178.95,21370.24,Retail Client,Bank Transfer,Completed,ORD821596,Automated migration
2022-03-30,Clutch Kit,Transmission system,3,12678.76,465.9,38036.28,Walk-in Customer,Bank Transfer,Completed,ORD821597,Automated migration
2022-03-30,Oil Filter,Engine system,0,236.49,0.0,0.0,Retail Client,Check,Completed,ORD821598,Automated migration
2022-03-30,Air Filter,Engine system,0,267.61,0.0,0.0,Wholesale Client,GCash,Completed,ORD821599,Automated migration
2022-03-30,Air Filter,Engine system,2,240.85,408.38,481.7,Wholesale Client,Cash,Completed,ORD821600,Automated migration
2022-03-30,Shock Absorber,Suspension system,1,5625.48,281.93,5625.48,Walk-in Customer,Cash,Completed,ORD821601,Automated migration
2022-03-30,Alternator,Electrical system,6,9990.74,306.22,59944.44,Retail Client,Check,Completed,ORD821602,Automated migration
2022-03-30,Radiator,Cooling system,0,3624.37,0.0,0.0,Wholesale Client,GCash,Completed,ORD821603,Automated migration
2022-03-30,Battery,Electrical system,7,5517.09,424.92,38619.63,Retail Client,Cash,Completed,ORD821604,Automated migration
2022-03-30,Air Filter,Engine system,3,306.84,430.15,920.52,Walk-in Customer,Cash,Completed,ORD821605,Automated migration
2022-03-30,Air Filter,Engine system,6,353.14,347.72,2118.84,Wholesale Client,Check,Completed,ORD821606,Automated migration
2022-03-30,Alternator,Electrical system,7,7589.96,307.83,53129.72,Wholesale Client,Bank Transfer,Completed,ORD821607,Automated migration
2022-03-30,Fuel Pump,Fuel system,6,6631.31,119.09,39787.86,Retail Client,Cash,Completed,ORD821608,Automated migration
2022-03-30,Battery,Electrical system,8,6840.24,495.47,54721.92,Retail Client,GCash,Completed,ORD821609,Automated migration
2022-03-30,Alternator,Electrical system,0,7633.58,0.0,0.0,Retail Client,Bank Transfer,Completed,ORD821610,Automated migration
2022-03-30,Fuel Pump,Fuel system,5,5210.87,445.21,26054.35,Wholesale Client,GCash,Completed,ORD821611,Automated migration
2022-03-30,Shock Absorber,Suspension system,1,4954.66,38.19,4954.66,Walk-in Customer,GCash,Completed,ORD821612,Automated migration
2022-03-30,Fuel Pump,Fuel system,3,4495.94,151.36,13487.82,Wholesale Client,Bank Transfer,Completed,ORD821613,Automated migration
2022-03-30,Clutch Kit,Transmission system,4,7869.73,270.71,31478.92,Retail Client,Cash,Completed,ORD821614,Automated migration
2022-03-30,Battery,Electrical system,7,5398.92,101.78,37792.44,Retail Client,GCash,Completed,ORD821615,Automated migration
2022-03-30,Clutch Kit,Transmission system,3,6104.73,362.46,18314.19,Retail Client,Cash,Completed,ORD821616,Automated migration
2022-03-30,Shock Absorber,Suspension system,7,6288.7,10.64,44020.9,Retail Client,Bank Transfer,Completed,ORD821617,Automated migration
2022-03-30,Oil Filter,Engine system,6,175.1,482.55,1050.6,Retail Client,Bank Transfer,Completed,ORD821618,Automated migration
2022-03-31,Air Filter,Engine system,6,276.93,22.21,1661.58,Retail Client,Check,Completed,ORD821619,Automated migration
2022-03-31,Battery,Electrical system,8,4261.3,152.57,34090.4,Walk-in Customer,Bank Transfer,Completed,ORD821620,Automated migration
2022-03-31,Oil Filter,Engine system,5,330.67,453.72,1653.35,Walk-in Customer,GCash,Completed,ORD821621,Automated migration
2022-03-31,Fuel Pump,Fuel system,6,6395.84,391.31,38375.04,Walk-in Customer,Cash,Completed,ORD821622,Automated migration
2022-03-31,Clutch Kit,Transmission system,6,13572.26,466.24,81433.56,Wholesale Client,Check,Completed,ORD821623,Automated migration
2022-03-31,Oil Filter,Engine system,8,165.03,480.15,1320.24,Wholesale Client,GCash,Completed,ORD821624,Automated migration
2022-03-31,Air Filter,Engine system,4,359.92,475.48,1439.68,Retail Client,GCash,Completed,ORD821625,Automated migration
2022-03-31,Fuel Pump,Fuel system,6,2673.73,137.13,16042.38,Wholesale Client,Bank Transfer,Completed,ORD821626,Automated migration
2022-03-31,Alternator,Electrical system,4,9842.21,160.49,39368.84,Wholesale Client,GCash,Completed,ORD821627,Automated migration
2022-03-31,Shock Absorber,Suspension system,0,3979.59,0.0,0.0,Wholesale Client,Cash,Completed,ORD821628,Automated migration
2022-03-31,Shock Absorber,Suspension system,8,2980.29,29.29,23842.32,Retail Client,Bank Transfer,Completed,ORD821629,Automated migration
2022-03-31,Alternator,Electrical system,7,7899.02,382.99,55293.14,Wholesale Client,Bank Transfer,Completed,ORD821630,Automated migration
2022-03-31,Brake Pad,Brake system,3,2649.78,73.45,7949.34,Walk-in Customer,Cash,Completed,ORD821631,Automated migration
2022-03-31,Alternator,Electrical system,0,7921.28,0.0,0.0,Walk-in Customer,Check,Completed,ORD821632,Automated migration
2022-03-31,Air Filter,Engine system,8,343.47,30.41,2747.76,Walk-in Customer,Bank Transfer,Completed,ORD821633,Automated migration
2022-03-31,Air Filter,Engine system,5,308.09,22.37,1540.45,Retail Client,Bank Transfer,Completed,ORD821634,Automated migration
2022-03-31,Alternator,Electrical system,8,9219.06,255.52,73752.48,Retail Client,GCash,Completed,ORD821635,Automated migration
2022-03-31,Oil Filter,Engine system,5,307.28,340.51,1536.4,Retail Client,Check,Completed,ORD821636,Automated migration
2022-03-31,Brake Pad,Brake system,0,1951.04,0.0,0.0,Wholesale Client,Bank Transfer,Completed,ORD821637,Automated migration
2022-04-01,Fuel Pump,Fuel system,7,6741.16,147.03,47188.12,Retail Client,GCash,Completed,ORD821638,Automated migration
2022-04-01,Air Filter,Engine system,4,386.06,455.94,1544.24,Retail Client,Cash,Completed,ORD821639,Automated migration
2022-04-01,Fuel Pump,Fuel system,8,5720.96,371.02,45767.68,Walk-in Customer,Bank Transfer,Completed,ORD821640,Automated migration
2022-04-01,Battery,Electrical system,0,7285.3,0.0,0.0,Retail Client,Check,Completed,ORD821641,Automated migration
2022-04-01,Alternator,Electrical system,3,9827.01,498.91,29481.03,Walk-in Customer,Check,Completed,ORD821642,Automated migration
2022-04-01,Clutch Kit,Transmission system,0,10463.92,0.0,0.0,Walk-in Customer,Check,Completed,ORD821643,Automated migration
2022-04-01,Radiator,Cooling system,3,8016.05,146.53,24048.15,Retail Client,Bank Transfer,Completed,ORD821644,Automated migration
2022-04-01,Fuel Pump,Fuel system,3,4551.2,374.09,13653.6,Retail Client,GCash,Completed,ORD821645,Automated migration
2022-04-01,Battery,Electrical system,5,4398.45,280.23,21992.25,Retail Client,Bank Transfer,Completed,ORD821646,Automated migration
2022-04-01,Oil Filter,Engine system,3,212.24,209.43,636.72,Walk-in Customer,GCash,Completed,ORD821647,Automated migration
2022-04-01,Battery,Electrical system,2,7027.73,397.93,14055.46,Wholesale Client,Bank Transfer,Completed,ORD821648,Automated migration
2022-04-01,Alternator,Electrical system,6,9105.11,491.62,54630.66,Walk-in Customer,Check,Completed,ORD821649,Automated migration
2022-04-01,Brake Pad,Brake system,7,1235.68,60.39,8649.76,Wholesale Client,Check,Completed,ORD821650,Automated migration
2022-04-01,Brake Pad,Brake system,0,3117.87,0.0,0.0,Retail Client,GCash,Completed,ORD821651,Automated migration
2022-04-01,Brake Pad,Brake system,8,3193.82,459.31,25550.56,Wholesale Client,Bank Transfer,Completed,ORD821652,Automated migration
2022-04-01,Battery,Electrical system,8,5207.17,146.7,41657.36,Wholesale Client,Bank Transfer,Completed,ORD821653,Automated migration
2022-04-01,Air Filter,Engine system,1,347.75,177.48,347.75,Wholesale Client,Check,Completed,ORD821654,Automated migration
2022-04-01,Battery,Electrical system,4,7788.3,350.06,31153.2,Walk-in Customer,GCash,Completed,ORD821655,Automated migration
2022-04-01,Brake Pad,Brake system,0,2565.17,0.0,0.0,Wholesale Client,Check,Completed,ORD821656,Automated migration
2022-04-01,Fuel Pump,Fuel system,7,3295.25,361.27,23066.75,Wholesale Client,Cash,Completed,ORD821657,Automated migration
2022-04-01,Radiator,Cooling system,7,5046.7,282.07,35326.9,Walk-in Customer,Check,Completed,ORD821658,Automated migration
2022-04-01,Fuel Pump,Fuel system,6,3933.6,89.21,23601.6,Retail Client,Cash,Completed,ORD821659,Automated migration
2022-04-02,Clutch Kit,Transmission system,4,10176.24,307.74,40704.96,Retail Client,Bank Transfer,Completed,ORD821660,Automated migration
2022-04-02,Brake Pad,Brake system,1,1862.04,243.32,1862.04,Retail Client,GCash,Completed,ORD821661,Automated migration
2022-04-02,Radiator,Cooling system,1,8547.1,333.22,8547.1,Retail Client,Cash,Completed,ORD821662,Automated migration
2022-04-02,Clutch Kit,Transmission system,8,11793.78,13.68,94350.24,Retail Client,GCash,Completed,ORD821663,Automated migration
2022-04-02,Shock Absorber,Suspension system,0,3662.93,0.0,0.0,Wholesale Client,Check,Completed,ORD821664,Automated migration
2022-04-02,Clutch Kit,Transmission system,2,12479.34,147.47,24958.68,Retail Client,Cash,Completed,ORD821665,Automated migration
2022-04-02,Battery,Electrical system,7,5315.28,432.25,37206.96,Wholesale Client,Cash,Completed,ORD821666,Automated migration
2022-04-02,Alternator,Electrical system,3,10636.81,163.56,31910.43,Walk-in Customer,Bank Transfer,Completed,ORD821667,Automated migration
2022-04-02,Shock Absorber,Suspension system,8,5024.37,37.04,40194.96,Walk-in Customer,Bank Transfer,Completed,ORD821668,Automated migration
2022-04-02,Battery,Electrical system,1,8661.84,397.1,8661.84,Wholesale Client,GCash,Completed,ORD821669,Automated migration
2022-04-02,Air Filter,Engine system,3,227.37,188.1,682.11,Retail Client,GCash,Completed,ORD821670,Automated migration
2022-04-02,Shock Absorber,Suspension system,2,4180.28,93.55,8360.56,Wholesale Client,Bank Transfer,Completed,ORD821671,Automated migration
2022-04-02,Spark Plug,Ignition system,1,577.87,428.58,577.87,Walk-in Customer,GCash,Completed,ORD821672,Automated migration
2022-04-02,Battery,Electrical system,1,6453.46,305.61,6453.46,Walk-in Customer,GCash,Completed,ORD821673,Automated migration
2022-04-02,Battery,Electrical system,4,7066.89,315.51,28267.56,Retail Client,Bank Transfer,Completed,ORD821674,Automated migration
2022-04-02,Clutch Kit,Transmission system,2,12901.01,420.35,25802.02,Wholesale Client,Check,Completed,ORD821675,Automated migration
2022-04-02,Battery,Electrical system,5,6717.07,147.71,33585.35,Retail Client,Cash,Completed,ORD821676,Automated migration
2022-04-02,Battery,Electrical system,7,5626.99,331.21,39388.93,Retail Client,GCash,Completed,ORD821677,Automated migration
2022-04-03,Alternator,Electrical system,5,10484.84,352.41,52424.2,Wholesale Client,Check,Completed,ORD821678,Automated migration
2022-04-03,Spark Plug,Ignition system,0,280.92,0.0,0.0,Walk-in Customer,GCash,Completed,ORD821679,Automated migration
2022-04-03,Air Filter,Engine system,8,354.36,130.8,2834.88,Wholesale Client,Check,Completed,ORD821680,Automated migration
2022-04-03,Shock Absorber,Suspension system,6,3794.06,456.18,22764.36,Wholesale Client,Check,Completed,ORD821681,Automated migration
2022-04-03,Fuel Pump,Fuel system,0,3888.3,0.0,0.0,Wholesale Client,GCash,Completed,ORD821682,Automated migration
2022-04-03,Clutch Kit,Transmission system,3,12015.97,55.16,36047.91,Walk-in Customer,Bank Transfer,Completed,ORD821683,Automated migration
2022-04-03,Oil Filter,Engine system,8,104.98,361.11,839.84,Wholesale Client,Cash,Completed,ORD821684,Automated migration
2022-04-03,Fuel Pump,Fuel system,8,2785.59,24.61,22284.72,Retail Client,Bank Transfer,Completed,ORD821685,Automated migration
2022-04-03,Brake Pad,Brake system,8,2109.71,358.91,16877.68,Wholesale Client,GCash,Completed,ORD821686,Automated migration
2022-04-03,Fuel Pump,Fuel system,6,3470.27,366.67,20821.62,Retail Client,Cash,Completed,ORD821687,Automated migration
2022-04-03,Clutch Kit,Transmission system,1,9513.49,395.67,9513.49,Retail Client,GCash,Completed,ORD821688,Automated migration
2022-04-03,Radiator,Cooling system,0,4380.03,0.0,0.0,Walk-in Customer,GCash,Completed,ORD821689,Automated migration
2022-04-03,Radiator,Cooling system,1,7877.98,188.93,7877.98,Wholesale Client,GCash,Completed,ORD821690,Automated migration
2022-04-03,Alternator,Electrical system,1,7369.45,361.06,7369.45,Walk-in Customer,Check,Completed,ORD821691,Automated migration
2022-04-03,Air Filter,Engine system,8,320.97,75.92,2567.76,Walk-in Customer,Check,Completed,ORD821692,Automated migration
2022-04-03,Oil Filter,Engine system,4,296.19,212.58,1184.76,Walk-in Customer,Cash,Completed,ORD821693,Automated migration
2022-04-03,Radiator,Cooling system,7,4216.0,132.13,29512.0,Walk-in Customer,Check,Completed,ORD821694,Automated migration
2022-04-04,Battery,Electrical system,1,5111.26,203.17,5111.26,Wholesale Client,Check,Completed,ORD821695,Automated migration
2022-04-04,Clutch Kit,Transmission system,8,7201.53,8.61,57612.24,Wholesale Client,Check,Completed,ORD821696,Automated migration
2022-04-04,Clutch Kit,Transmission system,1,9070.43,288.94,9070.43,Retail Client,Check,Completed,ORD821697,Automated migration
2022-04-04,Shock Absorber,Suspension system,5,4145.63,54.47,20728.15,Wholesale Client,Bank Transfer,Completed,ORD821698,Automated migration
2022-04-04,Alternator,Electrical system,1,9804.43,103.84,9804.43,Wholesale Client,GCash,Completed,ORD821699,Automated migration
2022-04-04,Brake Pad,Brake system,6,2617.92,236.76,15707.52,Walk-in Customer,GCash,Completed,ORD821700,Automated migration
2022-04-04,Shock Absorber,Suspension system,4,3853.36,370.26,15413.44,Retail Client,Cash,Completed,ORD821701,Automated migration
2022-04-04,Oil Filter,Engine system,6,317.86,134.07,1907.16,Retail Client,Check,Completed,ORD821702,Automated migration
2022-04-04,Fuel Pump,Fuel system,3,3948.27,354.43,11844.81,Walk-in Customer,Cash,Completed,ORD821703,Automated migration
2022-04-04,Battery,Electrical system,1,5878.43,378.44,5878.43,Retail Client,Cash,Completed,ORD821704,Automated migration
2022-04-04,Spark Plug,Ignition system,7,541.39,56.83,3789.73,Wholesale Client,Check,Completed,ORD821705,Automated migration
2022-04-04,Clutch Kit,Transmission system,7,6258.79,437.11,43811.53,Wholesale Client,Check,Completed,ORD821706,Automated migration
2022-04-04,Radiator,Cooling system,1,5612.88,147.11,5612.88,Walk-in Customer,Bank Transfer,Completed,ORD821707,Automated migration
2022-04-04,Oil Filter,Engine system,5,240.95,82.97,1204.75,Wholesale Client,GCash,Completed,ORD821708,Automated migration
2022-04-04,Clutch Kit,Transmission system,4,9248.99,105.31,36995.96,Wholesale Client,GCash,Completed,ORD821709,Automated migration
2022-04-04,Clutch Kit,Transmission system,7,5088.39,208.15,35618.73,Retail Client,Check,Completed,ORD821710,Automated migration
2022-04-05,Radiator,Cooling system,3,4195.61,46.92,12586.83,Wholesale Client,Bank Transfer,Completed,ORD821711,Automated migration
2022-04-05,Air Filter,Engine system,7,318.89,33.39,2232.23,Walk-in Customer,GCash,Completed,ORD821712,Automated migration
2022-04-05,Air Filter,Engine system,3,254.92,410.38,764.76,Wholesale Client,Bank Transfer,Completed,ORD821713,Automated migration
2022-04-05,Oil Filter,Engine system,6,333.58,280.56,2001.48,Walk-in Customer,GCash,Completed,ORD821714,Automated migration
2022-04-05,Oil Filter,Engine system,2,125.74,108.22,251.48,Retail Client,Bank Transfer,Completed,ORD821715,Automated migration
2022-04-05,Brake Pad,Brake system,8,2550.83,383.03,20406.64,Wholesale Client,Bank Transfer,Completed,ORD821716,Automated migration
2022-04-05,Spark Plug,Ignition system,2,151.2,115.92,302.4,Retail Client,Cash,Completed,ORD821717,Automated migration
2022-04-05,Brake Pad,Brake system,2,2293.57,0.12,4587.14,Retail Client,Cash,Completed,ORD821718,Automated migration
2022-04-05,Clutch Kit,Transmission system,7,8828.65,235.84,61800.55,Wholesale Client,Cash,Completed,ORD821719,Automated migration
2022-04-05,Clutch Kit,Transmission system,6,8395.79,192.76,50374.74,Wholesale Client,Bank Transfer,Completed,ORD821720,Automated migration
2022-04-05,Clutch Kit,Transmission system,5,9776.17,441.64,48880.85,Retail Client,GCash,Completed,ORD821721,Automated migration
2022-04-05,Brake Pad,Brake system,6,2489.12,245.05,14934.72,Wholesale Client,Cash,Completed,ORD821722,Automated migration
2022-04-06,Fuel Pump,Fuel system,2,2613.83,182.84,5227.66,Wholesale Client,Bank Transfer,Completed,ORD821723,Automated migration
2022-04-06,Spark Plug,Ignition system,8,544.33,460.3,4354.64,Retail Client,Check,Completed,ORD821724,Automated migration
2022-04-06,Brake Pad,Brake system,0,1650.42,0.0,0.0,Wholesale Client,GCash,Completed,ORD821725,Automated migration
2022-04-06,Oil Filter,Engine system,4,182.11,455.52,728.44,Wholesale Client,Cash,Completed,ORD821726,Automated migration
2022-04-06,Air Filter,Engine system,4,328.33,199.15,1313.32,Walk-in Customer,Bank Transfer,Completed,ORD821727,Automated migration
2022-04-06,Air Filter,Engine system,0,372.64,0.0,0.0,Wholesale Client,Check,Completed,ORD821728,Automated migration
2022-04-06,Brake Pad,Brake system,7,2924.85,323.77,20473.95,Walk-in Customer,Cash,Completed,ORD821729,Automated migration
2022-04-06,Fuel Pump,Fuel system,0,5258.14,0.0,0.0,Walk-in Customer,GCash,Completed,ORD821730,Automated migration
2022-04-06,Brake Pad,Brake system,1,2165.02,422.9,2165.02,Retail Client,Check,Completed,ORD821731,Automated migration
2022-04-06,Fuel Pump,Fuel system,1,6360.51,138.74,6360.51,Retail Client,Cash,Completed,ORD821732,Automated migration
2022-04-06,Fuel Pump,Fuel system,2,6575.76,293.42,13151.52,Wholesale Client,Cash,Completed,ORD821733,Automated migration
2022-04-06,Battery,Electrical system,0,4324.77,0.0,0.0,Walk-in Customer,GCash,Completed,ORD821734,Automated migration
2022-04-06,Alternator,Electrical system,2,9216.99,137.76,18433.98,Retail Client,Check,Completed,ORD821735,Automated migration
2022-04-06,Air Filter,Engine system,4,254.75,175.34,1019.0,Wholesale Client,Check,Completed,ORD821736,Automated migration
2022-04-06,Oil Filter,Engine system,7,122.04,459.01,854.28,Retail Client,Cash,Completed,ORD821737,Automated migration
2022-04-06,Fuel Pump,Fuel system,0,5950.25,0.0,0.0,Retail Client,GCash,Completed,ORD821738,Automated migration
2022-04-06,Shock Absorber,Suspension system,1,5947.39,471.62,5947.39,Wholesale Client,GCash,Completed,ORD821739,Automated migration
2022-04-06,Radiator,Cooling system,0,5275.86,0.0,0.0,Wholesale Client,GCash,Completed,ORD821740,Automated migration
2022-04-06,Brake Pad,Brake system,5,2152.16,417.64,10760.8,Wholesale Client,GCash,Completed,ORD821741,Automated migration
2022-04-06,Radiator,Cooling system,4,7185.35,132.27,28741.4,Wholesale Client,Bank Transfer,Completed,ORD821742,Automated migration
2022-04-06,Fuel Pump,Fuel system,8,4523.53,315.51,36188.24,Retail Client,Cash,Completed,ORD821743,Automated migration
2022-04-06,Brake Pad,Brake system,8,2508.04,496.88,20064.32,Wholesale Client,Bank Transfer,Completed,ORD821744,Automated migration
2022-04-07,Fuel Pump,Fuel system,8,4982.25,371.57,39858.0,Wholesale Client,Cash,Completed,ORD821745,Automated migration
2022-04-07,Radiator,Cooling system,3,5806.13,15.72,17418.39,Retail Client,GCash,Completed,ORD821746,Automated migration
2022-04-07,Brake Pad,Brake system,7,2549.69,186.14,17847.83,Wholesale Client,Cash,Completed,ORD821747,Automated migration
2022-04-07,Alternator,Electrical system,5,11346.65,3.95,56733.25,Wholesale Client,Check,Completed,ORD821748,Automated migration
2022-04-07,Fuel Pump,Fuel system,1,3342.0,179.0,3342.0,Retail Client,Check,Completed,ORD821749,Automated migration
2022-04-07,Air Filter,Engine system,7,361.84,228.22,2532.88,Walk-in Customer,Check,Completed,ORD821750,Automated migration
2022-04-07,Shock Absorber,Suspension system,3,3136.59,186.61,9409.77,Wholesale Client,Check,Completed,ORD821751,Automated migration
2022-04-07,Radiator,Cooling system,0,8824.59,0.0,0.0,Retail Client,Cash,Completed,ORD821752,Automated migration
2022-04-07,Battery,Electrical system,4,8769.91,200.38,35079.64,Retail Client,GCash,Completed,ORD821753,Automated migration
2022-04-07,Radiator,Cooling system,8,4190.77,486.21,33526.16,Retail Client,GCash,Completed,ORD821754,Automated migration
2022-04-07,Air Filter,Engine system,1,261.85,382.91,261.85,Wholesale Client,Check,Completed,ORD821755,Automated migration
2022-04-07,Brake Pad,Brake system,7,1201.94,73.75,8413.58,Retail Client,Bank Transfer,Completed,ORD821756,Automated migration
2022-04-07,Alternator,Electrical system,2,8180.92,101.66,16361.84,Retail Client,GCash,Completed,ORD821757,Automated migration
2022-04-07,Clutch Kit,Transmission system,5,5044.5,79.66,25222.5,Retail Client,Check,Completed,ORD821758,Automated migration
2022-04-07,Spark Plug,Ignition system,7,450.8,415.67,3155.6,Walk-in Customer,GCash,Completed,ORD821759,Automated migration
2022-04-08,Brake Pad,Brake system,5,2955.0,66.76,14775.0,Wholesale Client,Bank Transfer,Completed,ORD821760,Automated migration
2022-04-08,Oil Filter,Engine system,6,233.53,173.43,1401.18,Walk-in Customer,Cash,Completed,ORD821761,Automated migration
2022-04-08,Oil Filter,Engine system,2,291.96,184.57,583.92,Wholesale Client,Cash,Completed,ORD821762,Automated migration
2022-04-08,Alternator,Electrical system,3,7690.4,93.99,23071.2,Retail Client,Bank Transfer,Completed,ORD821763,Automated migration
2022-04-08,Alternator,Electrical system,5,8920.33,89.94,44601.65,Retail Client,Bank Transfer,Completed,ORD821764,Automated migration
2022-04-08,Battery,Electrical system,7,4174.13,479.26,29218.91,Wholesale Client,GCash,Completed,ORD821765,Automated migration
2022-04-08,Battery,Electrical system,8,8171.16,232.46,65369.28,Retail Client,Bank Transfer,Completed,ORD821766,Automated migration
2022-04-08,Battery,Electrical system,0,4804.42,0.0,0.0,Retail Client,Check,Completed,ORD821767,Automated migration
2022-04-08,Air Filter,Engine system,7,330.76,335.1,2315.32,Wholesale Client,Cash,Completed,ORD821768,Automated migration
2022-04-08,Battery,Electrical system,4,7710.33,57.98,30841.32,Wholesale Client,Bank Transfer,Completed,ORD821769,Automated migration
2022-04-08,Fuel Pump,Fuel system,8,6872.97,55.84,54983.76,Retail Client,Check,Completed,ORD821770,Automated migration
2022-04-08,Alternator,Electrical system,2,7034.78,474.1,14069.56,Walk-in Customer,Bank Transfer,Completed,ORD821771,Automated migration
2022-04-08,Clutch Kit,Transmission system,7,8913.99,232.38,62397.93,Retail Client,Cash,Completed,ORD821772,Automated migration
2022-04-08,Shock Absorber,Suspension system,5,2225.33,299.66,11126.65,Wholesale Client,Bank Transfer,Completed,ORD821773,Automated migration
2022-04-08,Fuel Pump,Fuel system,4,5950.75,11.77,23803.0,Wholesale Client,GCash,Completed,ORD821774,Automated migration
2022-04-08,Fuel Pump,Fuel system,6,2578.84,162.32,15473.04,Walk-in Customer,Cash,Completed,ORD821775,Automated migration
2022-04-08,Fuel Pump,Fuel system,0,4890.71,0.0,0.0,Wholesale Client,GCash,Completed,ORD821776,Automated migration
2022-04-08,Alternator,Electrical system,8,7472.86,363.39,59782.88,Walk-in Customer,Check,Completed,ORD821777,Automated migration
2022-04-09,Fuel Pump,Fuel system,7,5600.46,122.05,39203.22,Walk-in Customer,Check,Completed,ORD821778,Automated migration
2022-04-09,Alternator,Electrical system,5,8863.98,73.38,44319.9,Walk-in Customer,Cash,Completed,ORD821779,Automated migration
2022-04-09,Clutch Kit,Transmission system,1,8039.95,318.37,8039.95,Wholesale Client,Check,Completed,ORD821780,Automated migration
2022-04-09,Air Filter,Engine system,2,390.07,128.43,780.14,Walk-in Customer,Cash,Completed,ORD821781,Automated migration
2022-04-09,Alternator,Electrical system,3,9854.48,497.46,29563.44,Walk-in Customer,GCash,Completed,ORD821782,Automated migration
2022-04-09,Fuel Pump,Fuel system,7,3468.44,467.74,24279.08,Wholesale Client,GCash,Completed,ORD821783,Automated migration
2022-04-09,Clutch Kit,Transmission system,0,10441.6,0.0,0.0,Retail Client,Bank Transfer,Completed,ORD821784,Automated migration
2022-04-09,Air Filter,Engine system,6,241.43,391.03,1448.58,Walk-in Customer,GCash,Completed,ORD821785,Automated migration
2022-04-09,Radiator,Cooling system,7,6594.48,487.95,46161.36,Wholesale Client,Cash,Completed,ORD821786,Automated migration
2022-04-09,Spark Plug,Ignition system,0,469.05,0.0,0.0,Retail Client,Cash,Completed,ORD821787,Automated migration
2022-04-09,Oil Filter,Engine system,7,246.98,317.39,1728.86,Wholesale Client,Check,Completed,ORD821788,Automated migration
2022-04-09,Clutch Kit,Transmission system,0,8086.56,0.0,0.0,Wholesale Client,Bank Transfer,Completed,ORD821789,Automated migration
2022-04-09,Brake Pad,Brake system,7,3165.02,249.49,22155.14,Walk-in Customer,GCash,Completed,ORD821790,Automated migration
2022-04-09,Radiator,Cooling system,6,3193.6,426.15,19161.6,Retail Client,Check,Completed,ORD821791,Automated migration
2022-04-09,Alternator,Electrical system,3,10740.05,264.8,32220.15,Wholesale Client,Bank Transfer,Completed,ORD821792,Automated migration
2022-04-09,Shock Absorber,Suspension system,7,2133.04,312.43,14931.28,Retail Client,Bank Transfer,Completed,ORD821793,Automated migration
2022-04-10,Air Filter,Engine system,4,311.29,245.38,1245.16,Retail Client,Check,Completed,ORD821794,Automated migration
2022-04-10,Battery,Electrical system,1,4484.9,109.15,4484.9,Retail Client,Bank Transfer,Completed,ORD821795,Automated migration
2022-04-10,Brake Pad,Brake system,6,2465.16,176.01,14790.96,Retail Client,Check,Completed,ORD821796,Automated migration
2022-04-10,Fuel Pump,Fuel system,5,5336.24,332.12,26681.2,Walk-in Customer,Bank Transfer,Completed,ORD821797,Automated migration
2022-04-10,Spark Plug,Ignition system,6,372.67,231.96,2236.02,Wholesale Client,GCash,Completed,ORD821798,Automated migration
2022-04-10,Battery,Electrical system,4,4016.69,414.93,16066.76,Wholesale Client,GCash,Completed,ORD821799,Automated migration
2022-04-10,Battery,Electrical system,6,8871.24,205.15,53227.44,Walk-in Customer,Cash,Completed,ORD821800,Automated migration
2022-04-10,Brake Pad,Brake system,8,3497.49,299.78,27979.92,Walk-in Customer,Check,Completed,ORD821801,Automated migration
2022-04-10,Fuel Pump,Fuel system,3,3249.06,312.75,9747.18,Walk-in Customer,Cash,Completed,ORD821802,Automated migration
2022-04-10,Air Filter,Engine system,6,310.41,431.72,1862.46,Retail Client,Check,Completed,ORD821803,Automated migration
2022-04-10,Spark Plug,Ignition system,2,362.48,356.4,724.96,Retail Client,Bank Transfer,Completed,ORD821804,Automated migration
2022-04-10,Radiator,Cooling system,1,8366.67,103.5,8366.67,Wholesale Client,Check,Completed,ORD821805,Automated migration
2022-04-10,Oil Filter,Engine system,7,347.43,398.38,2432.01,Wholesale Client,Cash,Completed,ORD821806,Automated migration
2022-04-10,Brake Pad,Brake system,3,2263.09,481.24,6789.27,Retail Client,Cash,Completed,ORD821807,Automated migration
2022-04-10,Clutch Kit,Transmission system,7,12759.52,35.18,89316.64,Wholesale Client,Bank Transfer,Completed,ORD821808,Automated migration
2022-04-10,Oil Filter,Engine system,8,278.69,219.26,2229.52,Walk-in Customer,Cash,Completed,ORD821809,Automated migration
2022-04-10,Battery,Electrical system,0,5816.87,0.0,0.0,Walk-in Customer,Check,Completed,ORD821810,Automated migration
2022-04-10,Alternator,Electrical system,1,7729.92,131.25,7729.92,Walk-in Customer,Cash,Completed,ORD821811,Automated migration
2022-04-11,Battery,Electrical system,5,4709.75,121.53,23548.75,Wholesale Client,GCash,Completed,ORD821812,Automated migration
2022-04-11,Alternator,Electrical system,5,10210.18,37.03,51050.9,Walk-in Customer,Check,Completed,ORD821813,Automated migration
2022-04-11,Radiator,Cooling system,5,4771.75,222.34,23858.75,Wholesale Client,Bank Transfer,Completed,ORD821814,Automated migration
2022-04-11,Oil Filter,Engine system,0,290.33,0.0,0.0,Retail Client,Bank Transfer,Completed,ORD821815,Automated migration
2022-04-11,Spark Plug,Ignition system,5,403.59,356.9,2017.95,Wholesale Client,GCash,Completed,ORD821816,Automated migration
2022-04-11,Shock Absorber,Suspension system,7,5029.75,77.22,35208.25,Walk-in Customer,GCash,Completed,ORD821817,Automated migration
2022-04-11,Oil Filter,Engine system,4,314.79,128.65,1259.16,Retail Client,Cash,Completed,ORD821818,Automated migration
2022-04-11,Oil Filter,Engine system,4,137.09,6.03,548.36,Wholesale Client,Check,Completed,ORD821819,Automated migration
2022-04-11,Oil Filter,Engine system,2,343.1,321.93,686.2,Walk-in Customer,Bank Transfer,Completed,ORD821820,Automated migration
2022-04-11,Battery,Electrical system,7,7241.88,435.39,50693.16,Wholesale Client,GCash,Completed,ORD821821,Automated migration
2022-04-11,Battery,Electrical system,0,7343.72,0.0,0.0,Retail Client,Bank Transfer,Completed,ORD821822,Automated migration
2022-04-11,Radiator,Cooling system,3,4345.86,139.16,13037.58,Walk-in Customer,Cash,Completed,ORD821823,Automated migration
2022-04-11,Fuel Pump,Fuel system,7,4566.95,456.35,31968.65,Retail Client,GCash,Completed,ORD821824,Automated migration
2022-04-11,Fuel Pump,Fuel system,0,4293.21,0.0,0.0,Retail Client,Bank Transfer,Completed,ORD821825,Automated migration
2022-04-11,Radiator,Cooling system,8,8769.94,423.3,70159.52,Walk-in Customer,Cash,Completed,ORD821826,Automated migration
2022-04-11,Shock Absorber,Suspension system,8,3115.87,128.04,24926.96,Walk-in Customer,GCash,Completed,ORD821827,Automated migration
2022-04-11,Spark Plug,Ignition system,7,229.84,489.69,1608.88,Wholesale Client,Bank Transfer,Completed,ORD821828,Automated migration
2022-04-12,Spark Plug,Ignition system,1,557.76,66.27,557.76,Wholesale Client,Cash,Completed,ORD821829,Automated migration
2022-04-12,Spark Plug,Ignition system,3,413.55,290.64,1240.65,Wholesale Client,Cash,Completed,ORD821830,Automated migration
2022-04-12,Fuel Pump,Fuel system,1,3383.92,58.2,3383.92,Retail Client,Check,Completed,ORD821831,Automated migration
2022-04-12,Alternator,Electrical system,8,9946.88,299.15,79575.04,Wholesale Client,Cash,Completed,ORD821832,Automated migration
2022-04-12,Alternator,Electrical system,7,10886.98,97.4,76208.86,Walk-in Customer,Check,Completed,ORD821833,Automated migration
2022-04-12,Radiator,Cooling system,6,6608.12,246.3,39648.72,Retail Client,Bank Transfer,Completed,ORD821834,Automated migration
2022-04-12,Clutch Kit,Transmission system,4,13562.92,149.82,54251.68,Walk-in Customer,GCash,Completed,ORD821835,Automated migration
2022-04-12,Radiator,Cooling system,8,6018.37,312.96,48146.96,Retail Client,GCash,Completed,ORD821836,Automated migration
2022-04-12,Air Filter,Engine system,5,378.67,254.77,1893.35,Wholesale Client,GCash,Completed,ORD821837,Automated migration
2022-04-12,Alternator,Electrical system,6,10364.88,47.28,62189.28,Wholesale Client,Bank Transfer,Completed,ORD821838,Automated migration
2022-04-12,Spark Plug,Ignition system,1,493.28,106.61,493.28,Walk-in Customer,Bank Transfer,Completed,ORD821839,Automated migration
2022-04-12,Clutch Kit,Transmission system,7,5926.25,150.03,41483.75,Walk-in Customer,GCash,Completed,ORD821840,Automated migration
2022-04-12,Fuel Pump,Fuel system,2,3363.57,198.12,6727.14,Retail Client,GCash,Completed,ORD821841,Automated migration
2022-04-12,Fuel Pump,Fuel system,8,6915.19,326.75,55321.52,Wholesale Client,Bank Transfer,Completed,ORD821842,Automated migration
2022-04-12,Radiator,Cooling system,7,8605.98,417.22,60241.86,Wholesale Client,GCash,Completed,ORD821843,Automated migration
2022-04-12,Fuel Pump,Fuel system,5,6231.54,157.67,31157.7,Wholesale Client,Check,Completed,ORD821844,Automated migration
2022-04-12,Battery,Electrical system,0,7811.11,0.0,0.0,Wholesale Client,Cash,Completed,ORD821845,Automated migration
2022-04-12,Fuel Pump,Fuel system,2,6887.44,383.52,13774.88,Retail Client,GCash,Completed,ORD821846,Automated migration
2022-04-12,Radiator,Cooling system,4,7995.31,11.84,31981.24,Wholesale Client,Check,Completed,ORD821847,Automated migration
2022-04-12,Clutch Kit,Transmission system,8,11651.15,398.74,93209.2,Walk-in Customer,Check,Completed,ORD821848,Automated migration
2022-04-12,Alternator,Electrical system,1,8215.69,162.74,8215.69,Wholesale Client,Check,Completed,ORD821849,Automated migration
2022-04-12,Battery,Electrical system,7,5249.23,493.46,36744.61,Walk-in Customer,Check,Completed,ORD821850,Automated migration
2022-04-12,Alternator,Electrical system,0,10198.14,0.0,0.0,Wholesale Client,Bank Transfer,Completed,ORD821851,Automated migration
2022-04-13,Alternator,Electrical system,7,7671.42,374.91,53699.94,Wholesale Client,Check,Completed,ORD821852,Automated migration
2022-04-13,Brake Pad,Brake system,4,2520.4,280.92,10081.6,Wholesale Client,GCash,Completed,ORD821853,Automated migration
2022-04-13,Oil Filter,Engine system,8,290.7,130.36,2325.6,Walk-in Customer,Bank Transfer,Completed,ORD821854,Automated migration
2022-04-13,Brake Pad,Brake system,1,3202.67,349.63,3202.67,Walk-in Customer,Bank Transfer,Completed,ORD821855,Automated migration
2022-04-13,Shock Absorber,Suspension system,3,2828.63,234.16,8485.89,Wholesale Client,Bank Transfer,Completed,ORD821856,Automated migration
2022-04-13,Spark Plug,Ignition system,4,264.91,373.83,1059.64,Retail Client,GCash,Completed,ORD821857,Automated migration
2022-04-13,Battery,Electrical system,6,5981.54,243.18,35889.24,Retail Client,Cash,Completed,ORD821858,Automated migration
2022-04-13,Air Filter,Engine system,6,399.13,479.89,2394.78,Wholesale Client,Check,Completed,ORD821859,Automated migration
2022-04-13,Oil Filter,Engine system,5,258.59,367.22,1292.95,Walk-in Customer,Cash,Completed,ORD821860,Automated migration
2022-04-13,Clutch Kit,Transmission system,2,12187.32,423.15,24374.64,Retail Client,Check,Completed,ORD821861,Automated migration
2022-04-13,Alternator,Electrical system,6,11088.78,232.86,66532.68,Walk-in Customer,GCash,Completed,ORD821862,Automated migration
2022-04-13,Alternator,Electrical system,2,10239.2,169.9,20478.4,Walk-in Customer,Check,Completed,ORD821863,Automated migration
2022-04-13,Battery,Electrical system,4,4031.77,414.11,16127.08,Retail Client,Cash,Completed,ORD821864,Automated migration
2022-04-13,Fuel Pump,Fuel system,6,3177.23,427.79,19063.38,Walk-in Customer,Bank Transfer,Completed,ORD821865,Automated migration
2022-04-13,Spark Plug,Ignition system,5,551.96,357.45,2759.8,Walk-in Customer,GCash,Completed,ORD821866,Automated migration
2022-04-13,Brake Pad,Brake system,3,1909.51,50.45,5728.53,Walk-in Customer,Cash,Completed,ORD821867,Automated migration
2022-04-14,Fuel Pump,Fuel system,1,3973.57,157.67,3973.57,Retail Client,GCash,Completed,ORD821868,Automated migration
2022-04-14,Radiator,Cooling system,2,5545.7,135.54,11091.4,Retail Client,Bank Transfer,Completed,ORD821869,Automated migration
2022-04-14,Brake Pad,Brake system,7,1483.15,474.01,10382.05,Retail Client,Check,Completed,ORD821870,Automated migration
2022-04-14,Battery,Electrical system,0,6234.06,0.0,0.0,Wholesale Client,GCash,Completed,ORD821871,Automated migration
2022-04-14,Battery,Electrical system,1,4464.26,87.55,4464.26,Walk-in Customer,Cash,Completed,ORD821872,Automated migration
2022-04-14,Spark Plug,Ignition system,1,573.31,370.32,573.31,Wholesale Client,Bank Transfer,Completed,ORD821873,Automated migration
2022-04-14,Spark Plug,Ignition system,3,593.32,399.9,1779.96,Wholesale Client,Check,Completed,ORD821874,Automated migration
2022-04-14,Clutch Kit,Transmission system,1,13504.07,8.07,13504.07,Wholesale Client,Check,Completed,ORD821875,Automated migration
2022-04-14,Alternator,Electrical system,5,8801.96,154.99,44009.8,Retail Client,Check,Completed,ORD821876,Automated migration
2022-04-14,Spark Plug,Ignition system,1,442.69,405.08,442.69,Wholesale Client,Cash,Completed,ORD821877,Automated migration
2022-04-14,Fuel Pump,Fuel system,0,3133.31,0.0,0.0,Retail Client,GCash,Completed,ORD821878,Automated migration
2022-04-14,Brake Pad,Brake system,8,1558.24,347.54,12465.92,Retail Client,Cash,Completed,ORD821879,Automated migration
2022-04-14,Radiator,Cooling system,5,6705.33,411.63,33526.65,Wholesale Client,GCash,Completed,ORD821880,Automated migration
2022-04-14,Clutch Kit,Transmission system,2,11677.7,405.16,23355.4,Retail Client,Bank Transfer,Completed,ORD821881,Automated migration
2022-04-14,Brake Pad,Brake system,0,2344.38,0.0,0.0,Wholesale Client,Check,Completed,ORD821882,Automated migration
2022-04-14,Radiator,Cooling system,5,3170.87,12.92,15854.35,Retail Client,Check,Completed,ORD821883,Automated migration
2022-04-14,Brake Pad,Brake system,6,1306.95,188.52,7841.7,Walk-in Customer,GCash,Completed,ORD821884,Automated migration
2022-04-14,Alternator,Electrical system,0,8743.33,0.0,0.0,Retail Client,Cash,Completed,ORD821885,Automated migration
2022-04-14,Alternator,Electrical system,1,11843.65,232.22,11843.65,Wholesale Client,Check,Completed,ORD821886,Automated migration
2022-04-14,Oil Filter,Engine system,0,177.86,0.0,0.0,Wholesale Client,Bank Transfer,Completed,ORD821887,Automated migration
2022-04-15,Clutch Kit,Transmission system,5,13612.15,334.22,68060.75,Retail Client,Check,Completed,ORD821888,Automated migration
2022-04-15,Oil Filter,Engine system,3,131.46,257.37,394.38,Retail Client,GCash,Completed,ORD821889,Automated migration
2022-04-15,Alternator,Electrical system,6,8411.5,307.51,50469.0,Retail Client,GCash,Completed,ORD821890,Automated migration
2022-04-15,Brake Pad,Brake system,4,1955.84,486.98,7823.36,Walk-in Customer,Bank Transfer,Completed,ORD821891,Automated migration
2022-04-15,Fuel Pump,Fuel system,6,4186.47,72.61,25118.82,Walk-in Customer,Cash,Completed,ORD821892,Automated migration
2022-04-15,Air Filter,Engine system,3,395.91,7.16,1187.73,Walk-in Customer,Cash,Completed,ORD821893,Automated migration
2022-04-15,Brake Pad,Brake system,6,1941.82,286.04,11650.92,Wholesale Client,Bank Transfer,Completed,ORD821894,Automated migration
2022-04-15,Oil Filter,Engine system,6,213.03,107.42,1278.18,Walk-in Customer,Bank Transfer,Completed,ORD821895,Automated migration
2022-04-15,Alternator,Electrical system,4,10277.3,257.25,41109.2,Wholesale Client,Bank Transfer,Completed,ORD821896,Automated migration
2022-04-15,Radiator,Cooling system,5,7841.93,243.68,39209.65,Walk-in Customer,Check,Completed,ORD821897,Automated migration
2022-04-15,Fuel Pump,Fuel system,8,3682.89,390.98,29463.12,Wholesale Client,Cash,Completed,ORD821898,Automated migration
2022-04-15,Alternator,Electrical system,3,11875.44,415.04,35626.32,Retail Client,Bank Transfer,Completed,ORD821899,Automated migration
2022-04-15,Fuel Pump,Fuel system,4,4536.54,276.65,18146.16,Retail Client,GCash,Completed,ORD821900,Automated migration
2022-04-15,Clutch Kit,Transmission system,3,6275.38,340.29,18826.14,Retail Client,GCash,Completed,ORD821901,Automated migration
2022-04-15,Clutch Kit,Transmission system,2,10065.95,265.28,20131.9,Retail Client,Bank Transfer,Completed,ORD821902,Automated migration
2022-04-15,Clutch Kit,Transmission system,2,8370.25,50.07,16740.5,Retail Client,GCash,Completed,ORD821903,Automated migration
2022-04-15,Clutch Kit,Transmission system,6,12724.66,139.21,76347.96,Wholesale Client,Bank Transfer,Completed,ORD821904,Automated migration
2022-04-16,Battery,Electrical system,7,6340.02,68.06,44380.14,Wholesale Client,Cash,Completed,ORD821905,Automated migration
2022-04-16,Radiator,Cooling system,8,7008.72,104.38,56069.76,Walk-in Customer,Cash,Completed,ORD821906,Automated migration
2022-04-16,Battery,Electrical system,2,4718.96,411.22,9437.92,Retail Client,Check,Completed,ORD821907,Automated migration
2022-04-16,Battery,Electrical system,6,6957.08,124.29,41742.48,Wholesale Client,Cash,Completed,ORD821908,Automated migration
2022-04-16,Radiator,Cooling system,2,8355.83,61.74,16711.66,Walk-in Customer,GCash,Completed,ORD821909,Automated migration
2022-04-16,Shock Absorber,Suspension system,2,5025.07,380.29,10050.14,Retail Client,Cash,Completed,ORD821910,Automated migration
2022-04-16,Clutch Kit,Transmission system,1,11944.92,299.22,11944.92,Retail Client,Check,Completed,ORD821911,Automated migration
2022-04-16,Alternator,Electrical system,8,10714.56,227.18,85716.48,Retail Client,Bank Transfer,Completed,ORD821912,Automated migration
2022-04-16,Air Filter,Engine system,6,367.6,127.73,2205.6,Walk-in Customer,Check,Completed,ORD821913,Automated migration
2022-04-16,Oil Filter,Engine system,2,319.06,345.72,638.12,Wholesale Client,Bank Transfer,Completed,ORD821914,Automated migration
2022-04-16,Clutch Kit,Transmission system,1,5797.16,365.88,5797.16,Walk-in Customer,Bank Transfer,Completed,ORD821915,Automated migration
2022-04-16,Shock Absorber,Suspension system,6,3897.53,319.03,23385.18,Wholesale Client,Bank Transfer,Completed,ORD821916,Automated migration
2022-04-16,Clutch Kit,Transmission system,5,8776.81,418.15,43884.05,Wholesale Client,Cash,Completed,ORD821917,Automated migration
2022-04-16,Alternator,Electrical system,7,8213.72,247.49,57496.04,Walk-in Customer,Check,Completed,ORD821918,Automated migration
2022-04-16,Alternator,Electrical system,7,9803.35,418.71,68623.45,Wholesale Client,Check,Completed,ORD821919,Automated migration
2022-04-16,Oil Filter,Engine system,1,247.59,396.8,247.59,Retail Client,Cash,Completed,ORD821920,Automated migration
2022-04-16,Spark Plug,Ignition system,5,411.05,354.65,2055.25,Walk-in Customer,Check,Completed,ORD821921,Automated migration
2022-04-16,Air Filter,Engine system,5,329.42,220.12,1647.1,Wholesale Client,Cash,Completed,ORD821922,Automated migration
2022-04-16,Battery,Electrical system,0,5080.2,0.0,0.0,Retail Client,Cash,Completed,ORD821923,Automated migration
2022-04-16,Alternator,Electrical system,4,11603.35,400.95,46413.4,Walk-in Customer,Check,Completed,ORD821924,Automated migration
2022-04-17,Fuel Pump,Fuel system,5,6881.11,124.35,34405.55,Wholesale Client,Cash,Completed,ORD821925,Automated migration
2022-04-17,Shock Absorber,Suspension system,4,5458.75,80.3,21835.0,Walk-in Customer,Bank Transfer,Completed,ORD821926,Automated migration
2022-04-17,Fuel Pump,Fuel system,2,6301.24,428.32,12602.48,Wholesale Client,Bank Transfer,Completed,ORD821927,Automated migration
2022-04-17,Fuel Pump,Fuel system,4,2955.84,360.97,11823.36,Walk-in Customer,Check,Completed,ORD821928,Automated migration
2022-04-17,Oil Filter,Engine system,7,259.87,378.28,1819.09,Retail Client,Bank Transfer,Completed,ORD821929,Automated migration
2022-04-17,Fuel Pump,Fuel system,5,6126.54,447.89,30632.7,Retail Client,GCash,Completed,ORD821930,Automated migration
2022-04-17,Air Filter,Engine system,1,237.96,155.26,237.96,Walk-in Customer,Bank Transfer,Completed,ORD821931,Automated migration
2022-04-17,Battery,Electrical system,1,4993.1,45.27,4993.1,Walk-in Customer,Check,Completed,ORD821932,Automated migration
2022-04-17,Brake Pad,Brake system,5,2425.5,198.38,12127.5,Wholesale Client,Cash,Completed,ORD821933,Automated migration
2022-04-17,Oil Filter,Engine system,1,180.96,112.41,180.96,Retail Client,GCash,Completed,ORD821934,Automated migration
2022-04-17,Radiator,Cooling system,0,5966.96,0.0,0.0,Walk-in Customer,GCash,Completed,ORD821935,Automated migration
2022-04-17,Spark Plug,Ignition system,7,441.55,107.98,3090.85,Retail Client,Bank Transfer,Completed,ORD821936,Automated migration
2022-04-17,Air Filter,Engine system,7,367.59,207.26,2573.13,Walk-in Customer,GCash,Completed,ORD821937,Automated migration
2022-04-17,Brake Pad,Brake system,8,2536.06,313.63,20288.48,Wholesale Client,Bank Transfer,Completed,ORD821938,Automated migration
2022-04-17,Radiator,Cooling system,6,5221.37,450.03,31328.22,Retail Client,Bank Transfer,Completed,ORD821939,Automated migration
2022-04-17,Alternator,Electrical system,2,8608.31,413.72,17216.62,Walk-in Customer,GCash,Completed,ORD821940,Automated migration
2022-04-17,Alternator,Electrical system,8,10541.77,267.68,84334.16,Retail Client,GCash,Completed,ORD821941,Automated migration
2022-04-18,Clutch Kit,Transmission system,3,9187.58,287.13,27562.74,Retail Client,Check,Completed,ORD821942,Automated migration
2022-04-18,Shock Absorber,Suspension system,6,2290.96,497.89,13745.76,Retail Client,Check,Completed,ORD821943,Automated migration
2022-04-18,Fuel Pump,Fuel system,7,6404.1,73.94,44828.7,Walk-in Customer,Bank Transfer,Completed,ORD821944,Automated migration
2022-04-18,Radiator,Cooling system,4,8684.11,363.88,34736.44,Walk-in Customer,Check,Completed,ORD821945,Automated migration
2022-04-18,Brake Pad,Brake system,6,1694.97,226.06,10169.82,Walk-in Customer,Bank Transfer,Completed,ORD821946,Automated migration
2022-04-18,Spark Plug,Ignition system,8,575.82,72.12,4606.56,Walk-in Customer,Bank Transfer,Completed,ORD821947,Automated migration
2022-04-18,Oil Filter,Engine system,0,278.03,0.0,0.0,Wholesale Client,Cash,Completed,ORD821948,Automated migration
2022-04-18,Oil Filter,Engine system,1,232.44,365.19,232.44,Walk-in Customer,GCash,Completed,ORD821949,Automated migration
2022-04-18,Oil Filter,Engine system,2,308.93,14.74,617.86,Wholesale Client,Cash,Completed,ORD821950,Automated migration
2022-04-18,Alternator,Electrical system,1,11730.74,287.0,11730.74,Walk-in Customer,Check,Completed,ORD821951,Automated migration
2022-04-18,Battery,Electrical system,7,4692.55,171.65,32847.85,Retail Client,Bank Transfer,Completed,ORD821952,Automated migration
2022-04-18,Brake Pad,Brake system,6,3221.85,249.84,19331.1,Retail Client,Bank Transfer,Completed,ORD821953,Automated migration
2022-04-18,Spark Plug,Ignition system,3,308.04,323.61,924.12,Retail Client,Bank Transfer,Completed,ORD821954,Automated migration
2022-04-18,Alternator,Electrical system,8,8288.84,439.65,66310.72,Retail Client,Cash,Completed,ORD821955,Automated migration
2022-04-18,Alternator,Electrical system,2,7008.64,492.56,14017.28,Retail Client,Cash,Completed,ORD821956,Automated migration
2022-04-18,Battery,Electrical system,4,4138.27,452.57,16553.08,Walk-in Customer,Bank Transfer,Completed,ORD821957,Automated migration
2022-04-18,Brake Pad,Brake system,3,2663.91,249.1,7991.73,Walk-in Customer,GCash,Completed,ORD821958,Automated migration
2022-04-18,Alternator,Electrical system,2,9998.59,286.99,19997.18,Wholesale Client,GCash,Completed,ORD821959,Automated migration
2022-04-18,Shock Absorber,Suspension system,0,4799.37,0.0,0.0,Walk-in Customer,Cash,Completed,ORD821960,Automated migration
2022-04-18,Radiator,Cooling system,1,5094.32,90.21,5094.32,Walk-in Customer,GCash,Completed,ORD821961,Automated migration
2022-04-18,Shock Absorber,Suspension system,3,4715.77,498.67,14147.31,Wholesale Client,Check,Completed,ORD821962,Automated migration
2022-04-18,Shock Absorber,Suspension system,1,5009.17,32.73,5009.17,Retail Client,Bank Transfer,Completed,ORD821963,Automated migration
2022-04-18,Spark Plug,Ignition system,7,234.75,202.14,1643.25,Wholesale Client,Cash,Completed,ORD821964,Automated migration
2022-04-19,Oil Filter,Engine system,1,311.94,45.48,311.94,Walk-in Customer,Bank Transfer,Completed,ORD821965,Automated migration
2022-04-19,Clutch Kit,Transmission system,3,7543.05,67.74,22629.15,Retail Client,Bank Transfer,Completed,ORD821966,Automated migration
2022-04-19,Battery,Electrical system,6,5885.33,245.23,35311.98,Wholesale Client,Cash,Completed,ORD821967,Automated migration
2022-04-19,Clutch Kit,Transmission system,7,10486.97,152.95,73408.79,Wholesale Client,Cash,Completed,ORD821968,Automated migration
2022-04-19,Spark Plug,Ignition system,1,288.2,293.73,288.2,Walk-in Customer,GCash,Completed,ORD821969,Automated migration
2022-04-19,Air Filter,Engine system,8,205.59,483.38,1644.72,Wholesale Client,GCash,Completed,ORD821970,Automated migration
2022-04-19,Clutch Kit,Transmission system,0,12413.72,0.0,0.0,Walk-in Customer,Check,Completed,ORD821971,Automated migration
2022-04-19,Clutch Kit,Transmission system,5,11130.2,22.36,55651.0,Retail Client,Cash,Completed,ORD821972,Automated migration
2022-04-19,Brake Pad,Brake system,3,2838.54,36.48,8515.62,Retail Client,Check,Completed,ORD821973,Automated migration
2022-04-19,Oil Filter,Engine system,0,111.31,0.0,0.0,Wholesale Client,GCash,Completed,ORD821974,Automated migration
2022-04-19,Radiator,Cooling system,0,8426.37,0.0,0.0,Walk-in Customer,Bank Transfer,Completed,ORD821975,Automated migration
2022-04-19,Battery,Electrical system,3,5858.92,418.89,17576.76,Retail Client,GCash,Completed,ORD821976,Automated migration
2022-04-19,Oil Filter,Engine system,3,255.44,129.09,766.32,Wholesale Client,Bank Transfer,Completed,ORD821977,Automated migration
2022-04-19,Radiator,Cooling system,6,7141.69,207.94,42850.14,Wholesale Client,Check,Completed,ORD821978,Automated migration
2022-04-19,Spark Plug,Ignition system,7,264.04,5.21,1848.28,Walk-in Customer,Check,Completed,ORD821979,Automated migration
2022-04-19,Shock Absorber,Suspension system,2,4983.33,111.49,9966.66,Walk-in Customer,Cash,Completed,ORD821980,Automated migration
2022-04-19,Brake Pad,Brake system,7,1352.95,268.47,9470.65,Retail Client,Bank Transfer,Completed,ORD821981,Automated migration
2022-04-19,Radiator,Cooling system,8,4718.63,427.75,37749.04,Wholesale Client,Cash,Completed,ORD821982,Automated migration
2022-04-19,Battery,Electrical system,3,8751.05,277.37,26253.15,Wholesale Client,GCash,Completed,ORD821983,Automated migration
2022-04-19,Clutch Kit,Transmission system,0,9220.61,0.0,0.0,Retail Client,Cash,Completed,ORD821984,Automated migration
2022-04-19,Air Filter,Engine system,6,236.9,381.27,1421.4,Retail Client,GCash,Completed,ORD821985,Automated migration
2022-04-19,Oil Filter,Engine system,5,209.53,71.38,1047.65,Walk-in Customer,Cash,Completed,ORD821986,Automated migration
2022-04-19,Spark Plug,Ignition system,5,169.69,7.11,848.45,Retail Client,Bank Transfer,Completed,ORD821987,Automated migration
2022-04-19,Brake Pad,Brake system,5,2262.68,450.78,11313.4,Retail Client,Check,Completed,ORD821988,Automated migration
2022-04-20,Radiator,Cooling system,8,3381.9,91.98,27055.2,Retail Client,Bank Transfer,Completed,ORD821989,Automated migration
2022-04-20,Air Filter,Engine system,7,213.88,122.89,1497.16,Walk-in Customer,Bank Transfer,Completed,ORD821990,Automated migration
2022-04-20,Brake Pad,Brake system,8,3417.61,28.36,27340.88,Walk-in Customer,Cash,Completed,ORD821991,Automated migration
2022-04-20,Clutch Kit,Transmission system,8,5157.16,360.24,41257.28,Walk-in Customer,Bank Transfer,Completed,ORD821992,Automated migration
2022-04-20,Air Filter,Engine system,2,380.3,342.16,760.6,Retail Client,Check,Completed,ORD821993,Automated migration
2022-04-20,Oil Filter,Engine system,0,303.43,0.0,0.0,Walk-in Customer,Cash,Completed,ORD821994,Automated migration
2022-04-20,Air Filter,Engine system,8,214.78,324.43,1718.24,Wholesale Client,Check,Completed,ORD821995,Automated migration
2022-04-20,Oil Filter,Engine system,6,212.42,374.03,1274.52,Walk-in Customer,Check,Completed,ORD821996,Automated migration
2022-04-20,Fuel Pump,Fuel system,7,4656.08,449.29,32592.56,Wholesale Client,Bank Transfer,Completed,ORD821997,Automated migration
2022-04-20,Brake Pad,Brake system,4,2665.31,87.18,10661.24,Wholesale Client,Bank Transfer,Completed,ORD821998,Automated migration
2022-04-20,Fuel Pump,Fuel system,0,4442.81,0.0,0.0,Wholesale Client,GCash,Completed,ORD821999,Automated migration
2022-04-20,Shock Absorber,Suspension system,6,5198.09,270.75,31188.54,Retail Client,Check,Completed,ORD822000,Automated migration
2022-04-20,Fuel Pump,Fuel system,3,6738.46,210.57,20215.38,Wholesale Client,Check,Completed,ORD822001,Automated migration
2022-04-20,Shock Absorber,Suspension system,6,4085.83,168.9,24514.98,Walk-in Customer,Check,Completed,ORD822002,Automated migration
2022-04-21,Clutch Kit,Transmission system,3,7214.06,356.29,21642.18,Walk-in Customer,GCash,Completed,ORD822003,Automated migration
2022-04-21,Shock Absorber,Suspension system,8,5880.97,396.04,47047.76,Wholesale Client,Bank Transfer,Completed,ORD822004,Automated migration
2022-04-21,Battery,Electrical system,2,6351.16,271.41,12702.32,Wholesale Client,Bank Transfer,Completed,ORD822005,Automated migration
2022-04-21,Air Filter,Engine system,3,243.44,275.85,730.32,Retail Client,Check,Completed,ORD822006,Automated migration
2022-04-21,Brake Pad,Brake system,7,1254.82,103.23,8783.74,Walk-in Customer,GCash,Completed,ORD822007,Automated migration
2022-04-21,Oil Filter,Engine system,2,260.31,287.53,520.62,Retail Client,GCash,Completed,ORD822008,Automated migration
2022-04-21,Fuel Pump,Fuel system,7,3605.64,369.23,25239.48,Wholesale Client,Bank Transfer,Completed,ORD822009,Automated migration
2022-04-21,Alternator,Electrical system,1,7428.75,4.33,7428.75,Retail Client,Bank Transfer,Completed,ORD822010,Automated migration
2022-04-21,Fuel Pump,Fuel system,5,3413.53,75.3,17067.65,Retail Client,Bank Transfer,Completed,ORD822011,Automated migration
2022-04-21,Fuel Pump,Fuel system,5,5125.52,414.13,25627.6,Wholesale Client,Bank Transfer,Completed,ORD822012,Automated migration
2022-04-21,Radiator,Cooling system,4,3609.0,280.94,14436.0,Retail Client,GCash,Completed,ORD822013,Automated migration
2022-04-21,Alternator,Electrical system,8,11551.16,204.84,92409.28,Walk-in Customer,Check,Completed,ORD822014,Automated migration
2022-04-21,Spark Plug,Ignition system,1,448.74,73.32,448.74,Wholesale Client,Cash,Completed,ORD822015,Automated migration
2022-04-21,Brake Pad,Brake system,6,2287.47,238.44,13724.82,Retail Client,Bank Transfer,Completed,ORD822016,Automated migration
2022-04-21,Oil Filter,Engine system,2,211.83,9.93,423.66,Wholesale Client,Bank Transfer,Completed,ORD822017,Automated migration
2022-04-21,Alternator,Electrical system,5,7344.45,67.47,36722.25,Wholesale Client,Check,Completed,ORD822018,Automated migration
2022-04-21,Alternator,Electrical system,3,11807.88,160.35,35423.64,Walk-in Customer,Cash,Completed,ORD822019,Automated migration
2022-04-21,Oil Filter,Engine system,7,103.99,445.52,727.93,Wholesale Client,GCash,Completed,ORD822020,Automated migration
2022-04-21,Radiator,Cooling system,3,6080.54,491.02,18241.62,Retail Client,Check,Completed,ORD822021,Automated migration
2022-04-21,Brake Pad,Brake system,0,2693.63,0.0,0.0,Walk-in Customer,Bank Transfer,Completed,ORD822022,Automated migration
2022-04-21,Shock Absorber,Suspension system,6,3518.83,136.42,21112.98,Walk-in Customer,Check,Completed,ORD822023,Automated migration
2022-04-21,Fuel Pump,Fuel system,8,2641.18,436.02,21129.44,Walk-in Customer,Cash,Completed,ORD822024,Automated migration
2022-04-21,Radiator,Cooling system,6,4197.85,235.06,25187.1,Wholesale Client,Cash,Completed,ORD822025,Automated migration
2022-04-22,Battery,Electrical system,5,5833.97,256.29,29169.85,Wholesale Client,Check,Completed,ORD822026,Automated migration
2022-04-22,Brake Pad,Brake system,5,2853.97,276.19,14269.85,Wholesale Client,Bank Transfer,Completed,ORD822027,Automated migration
2022-04-22,Alternator,Electrical system,7,11593.88,42.4,81157.16,Walk-in Customer,Bank Transfer,Completed,ORD822028,Automated migration
2022-04-22,Air Filter,Engine system,2,361.25,53.52,722.5,Retail Client,GCash,Completed,ORD822029,Automated migration
2022-04-22,Alternator,Electrical system,2,9859.54,118.47,19719.08,Retail Client,Cash,Completed,ORD822030,Automated migration
2022-04-22,Air Filter,Engine system,5,374.03,308.73,1870.15,Retail Client,Check,Completed,ORD822031,Automated migration
2022-04-22,Alternator,Electrical system,1,7280.83,69.36,7280.83,Walk-in Customer,Cash,Completed,ORD822032,Automated migration
2022-04-22,Alternator,Electrical system,1,7019.21,395.8,7019.21,Retail Client,GCash,Completed,ORD822033,Automated migration
2022-04-22,Alternator,Electrical system,6,8602.02,264.67,51612.12,Wholesale Client,GCash,Completed,ORD822034,Automated migration
2022-04-22,Oil Filter,Engine system,2,217.3,365.78,434.6,Walk-in Customer,Cash,Completed,ORD822035,Automated migration
2022-04-22,Brake Pad,Brake system,8,1214.52,87.93,9716.16,Retail Client,Bank Transfer,Completed,ORD822036,Automated migration
2022-04-22,Clutch Kit,Transmission system,3,11299.7,351.43,33899.1,Retail Client,GCash,Completed,ORD822037,Automated migration
2022-04-22,Fuel Pump,Fuel system,3,3230.91,317.65,9692.73,Walk-in Customer,Bank Transfer,Completed,ORD822038,Automated migration
2022-04-22,Clutch Kit,Transmission system,4,6964.32,125.47,27857.28,Wholesale Client,GCash,Completed,ORD822039,Automated migration
2022-04-22,Radiator,Cooling system,4,7525.78,32.33,30103.12,Retail Client,Check,Completed,ORD822040,Automated migration
2022-04-22,Air Filter,Engine system,6,215.99,382.22,1295.94,Walk-in Customer,Check,Completed,ORD822041,Automated migration
2022-04-22,Alternator,Electrical system,5,9940.69,458.17,49703.45,Wholesale Client,Cash,Completed,ORD822042,Automated migration
2022-04-22,Fuel Pump,Fuel system,7,4111.51,405.48,28780.57,Wholesale Client,Check,Completed,ORD822043,Automated migration
2022-04-22,Shock Absorber,Suspension system,5,4456.63,372.48,22283.15,Retail Client,GCash,Completed,ORD822044,Automated migration
2022-04-22,Fuel Pump,Fuel system,6,4592.25,230.82,27553.5,Wholesale Client,Check,Completed,ORD822045,Automated migration
2022-04-22,Shock Absorber,Suspension system,2,2639.37,375.28,5278.74,Wholesale Client,Cash,Completed,ORD822046,Automated migration
2022-04-22,Fuel Pump,Fuel system,6,6953.93,316.1,41723.58,Wholesale Client,Bank Transfer,Completed,ORD822047,Automated migration
2022-04-22,Battery,Electrical system,2,4755.19,473.02,9510.38,Retail Client,Cash,Completed,ORD822048,Automated migration
2022-04-23,Shock Absorber,Suspension system,2,3219.01,98.88,6438.02,Wholesale Client,Check,Completed,ORD822049,Automated migration
2022-04-23,Radiator,Cooling system,8,4666.02,94.97,37328.16,Walk-in Customer,Check,Completed,ORD822050,Automated migration
2022-04-23,Battery,Electrical system,2,6436.71,332.89,12873.42,Wholesale Client,Cash,Completed,ORD822051,Automated migration
2022-04-23,Fuel Pump,Fuel system,7,5235.18,70.74,36646.26,Walk-in Customer,Check,Completed,ORD822052,Automated migration
2022-04-23,Battery,Electrical system,7,4064.84,154.0,28453.88,Retail Client,Bank Transfer,Completed,ORD822053,Automated migration
2022-04-23,Oil Filter,Engine system,6,252.91,299.56,1517.46,Walk-in Customer,Bank Transfer,Completed,ORD822054,Automated migration
2022-04-23,Fuel Pump,Fuel system,2,4163.05,485.22,8326.1,Retail Client,Cash,Completed,ORD822055,Automated migration
2022-04-23,Fuel Pump,Fuel system,6,3607.49,472.29,21644.94,Walk-in Customer,GCash,Completed,ORD822056,Automated migration
2022-04-23,Shock Absorber,Suspension system,4,4497.48,288.61,17989.92,Wholesale Client,GCash,Completed,ORD822057,Automated migration
2022-04-23,Fuel Pump,Fuel system,3,5686.47,304.69,17059.41,Retail Client,Check,Completed,ORD822058,Automated migration
2022-04-23,Air Filter,Engine system,5,302.19,47.79,1510.95,Retail Client,Bank Transfer,Completed,ORD822059,Automated migration
2022-04-23,Clutch Kit,Transmission system,7,9164.2,450.22,64149.4,Walk-in Customer,Bank Transfer,Completed,ORD822060,Automated migration
2022-04-23,Shock Absorber,Suspension system,6,5498.45,395.64,32990.7,Wholesale Client,GCash,Completed,ORD822061,Automated migration
2022-04-23,Air Filter,Engine system,7,249.32,316.53,1745.24,Wholesale Client,Bank Transfer,Completed,ORD822062,Automated migration
2022-04-23,Clutch Kit,Transmission system,2,12053.16,478.33,24106.32,Wholesale Client,Bank Transfer,Completed,ORD822063,Automated migration
2022-04-23,Spark Plug,Ignition system,1,283.03,30.28,283.03,Retail Client,Bank Transfer,Completed,ORD822064,Automated migration
2022-04-23,Battery,Electrical system,6,7503.23,426.35,45019.38,Wholesale Client,Bank Transfer,Completed,ORD822065,Automated migration
2022-04-23,Brake Pad,Brake system,4,1258.15,325.82,5032.6,Wholesale Client,Cash,Completed,ORD822066,Automated migration
2022-04-24,Brake Pad,Brake system,7,2639.55,277.63,18476.85,Walk-in Customer,Check,Completed,ORD822067,Automated migration
2022-04-24,Alternator,Electrical system,4,9279.72,98.89,37118.88,Walk-in Customer,Check,Completed,ORD822068,Automated migration
2022-04-24,Brake Pad,Brake system,2,1942.45,8.48,3884.9,Retail Client,Bank Transfer,Completed,ORD822069,Automated migration
2022-04-24,Fuel Pump,Fuel system,2,3918.71,360.25,7837.42,Walk-in Customer,Cash,Completed,ORD822070,Automated migration
2022-04-24,Fuel Pump,Fuel system,6,3300.99,306.54,19805.94,Retail Client,Bank Transfer,Completed,ORD822071,Automated migration
2022-04-24,Oil Filter,Engine system,0,320.81,0.0,0.0,Retail Client,GCash,Completed,ORD822072,Automated migration
2022-04-24,Alternator,Electrical system,1,7699.56,51.13,7699.56,Retail Client,GCash,Completed,ORD822073,Automated migration
2022-04-24,Fuel Pump,Fuel system,5,4021.71,206.32,20108.55,Retail Client,Check,Completed,ORD822074,Automated migration
2022-04-24,Clutch Kit,Transmission system,0,9722.11,0.0,0.0,Walk-in Customer,Check,Completed,ORD822075,Automated migration
2022-04-24,Clutch Kit,Transmission system,1,12329.28,224.25,12329.28,Retail Client,Bank Transfer,Completed,ORD822076,Automated migration
2022-04-24,Spark Plug,Ignition system,0,440.14,0.0,0.0,Walk-in Customer,Cash,Completed,ORD822077,Automated migration
2022-04-24,Spark Plug,Ignition system,7,169.08,109.5,1183.56,Retail Client,GCash,Completed,ORD822078,Automated migration
2022-04-24,Clutch Kit,Transmission system,5,7906.55,377.98,39532.75,Walk-in Customer,Check,Completed,ORD822079,Automated migration
2022-04-24,Clutch Kit,Transmission system,4,9430.05,334.82,37720.2,Walk-in Customer,Check,Completed,ORD822080,Automated migration
2022-04-24,Air Filter,Engine system,3,317.93,104.42,953.79,Walk-in Customer,Check,Completed,ORD822081,Automated migration
2022-04-24,Fuel Pump,Fuel system,1,5117.12,184.06,5117.12,Retail Client,Check,Completed,ORD822082,Automated migration
2022-04-24,Brake Pad,Brake system,8,1216.9,313.84,9735.2,Walk-in Customer,Bank Transfer,Completed,ORD822083,Automated migration
2022-04-24,Clutch Kit,Transmission system,5,9597.92,79.93,47989.6,Retail Client,Bank Transfer,Completed,ORD822084,Automated migration
2022-04-24,Spark Plug,Ignition system,5,554.07,196.32,2770.35,Walk-in Customer,Bank Transfer,Completed,ORD822085,Automated migration
2022-04-25,Shock Absorber,Suspension system,8,5465.07,102.3,43720.56,Retail Client,Cash,Completed,ORD822086,Automated migration
2022-04-25,Alternator,Electrical system,3,8000.71,285.1,24002.13,Walk-in Customer,Bank Transfer,Completed,ORD822087,Automated migration
2022-04-25,Oil Filter,Engine system,4,190.23,27.18,760.92,Walk-in Customer,GCash,Completed,ORD822088,Automated migration
2022-04-25,Spark Plug,Ignition system,8,160.72,6.18,1285.76,Retail Client,Bank Transfer,Completed,ORD822089,Automated migration
2022-04-25,Shock Absorber,Suspension system,6,5239.86,228.94,31439.16,Wholesale Client,GCash,Completed,ORD822090,Automated migration
2022-04-25,Shock Absorber,Suspension system,8,4685.33,397.5,37482.64,Walk-in Customer,GCash,Completed,ORD822091,Automated migration
2022-04-25,Oil Filter,Engine system,1,321.1,426.34,321.1,Walk-in Customer,Cash,Completed,ORD822092,Automated migration
2022-04-25,Radiator,Cooling system,0,4820.68,0.0,0.0,Wholesale Client,GCash,Completed,ORD822093,Automated migration
2022-04-25,Air Filter,Engine system,5,243.06,95.39,1215.3,Wholesale Client,Bank Transfer,Completed,ORD822094,Automated migration
2022-04-25,Radiator,Cooling system,6,6921.76,148.73,41530.56,Retail Client,Cash,Completed,ORD822095,Automated migration
2022-04-25,Brake Pad,Brake system,4,2250.93,466.12,9003.72,Retail Client,Cash,Completed,ORD822096,Automated migration
2022-04-25,Shock Absorber,Suspension system,2,2064.55,43.05,4129.1,Retail Client,Check,Completed,ORD822097,Automated migration
2022-04-26,Air Filter,Engine system,7,212.66,345.9,1488.62,Retail Client,Cash,Completed,ORD822098,Automated migration
2022-04-26,Battery,Electrical system,0,4185.81,0.0,0.0,Wholesale Client,Check,Completed,ORD822099,Automated migration
2022-04-26,Brake Pad,Brake system,0,2526.55,0.0,0.0,Retail Client,Cash,Completed,ORD822100,Automated migration
2022-04-26,Radiator,Cooling system,7,4216.19,133.64,29513.33,Walk-in Customer,Bank Transfer,Completed,ORD822101,Automated migration
2022-04-26,Spark Plug,Ignition system,7,514.66,497.92,3602.62,Retail Client,Check,Completed,ORD822102,Automated migration
2022-04-26,Spark Plug,Ignition system,0,278.93,0.0,0.0,Retail Client,Bank Transfer,Completed,ORD822103,Automated migration
2022-04-26,Shock Absorber,Suspension system,8,2737.53,329.3,21900.24,Wholesale Client,GCash,Completed,ORD822104,Automated migration
2022-04-26,Fuel Pump,Fuel system,6,3282.83,200.89,19696.98,Wholesale Client,Bank Transfer,Completed,ORD822105,Automated migration
2022-04-26,Brake Pad,Brake system,7,2754.13,203.91,19278.91,Wholesale Client,Cash,Completed,ORD822106,Automated migration
2022-04-26,Brake Pad,Brake system,5,3326.85,322.73,16634.25,Wholesale Client,GCash,Completed,ORD822107,Automated migration
2022-04-26,Fuel Pump,Fuel system,8,6632.34,491.36,53058.72,Retail Client,Bank Transfer,Completed,ORD822108,Automated migration
2022-04-26,Oil Filter,Engine system,2,344.31,396.14,688.62,Walk-in Customer,Check,Completed,ORD822109,Automated migration
2022-04-26,Battery,Electrical system,1,8952.52,272.0,8952.52,Walk-in Customer,Cash,Completed,ORD822110,Automated migration
2022-04-26,Radiator,Cooling system,8,6987.82,82.35,55902.56,Retail Client,Bank Transfer,Completed,ORD822111,Automated migration
2022-04-26,Alternator,Electrical system,5,10659.27,398.46,53296.35,Walk-in Customer,Check,Completed,ORD822112,Automated migration
2022-04-26,Spark Plug,Ignition system,5,487.42,343.9,2437.1,Retail Client,GCash,Completed,ORD822113,Automated migration
2022-04-27,Spark Plug,Ignition system,0,551.93,0.0,0.0,Walk-in Customer,Cash,Completed,ORD822114,Automated migration
2022-04-27,Brake Pad,Brake system,1,2798.36,153.28,2798.36,Wholesale Client,Bank Transfer,Completed,ORD822115,Automated migration
2022-04-27,Clutch Kit,Transmission system,1,13563.96,95.5,13563.96,Retail Client,Cash,Completed,ORD822116,Automated migration
2022-04-27,Alternator,Electrical system,3,7928.57,388.03,23785.71,Retail Client,Cash,Completed,ORD822117,Automated migration
2022-04-27,Shock Absorber,Suspension system,1,3898.63,178.76,3898.63,Wholesale Client,Cash,Completed,ORD822118,Automated migration
2022-04-27,Fuel Pump,Fuel system,6,4187.12,151.89,25122.72,Walk-in Customer,Check,Completed,ORD822119,Automated migration
2022-04-27,Shock Absorber,Suspension system,0,4249.98,0.0,0.0,Wholesale Client,Cash,Completed,ORD822120,Automated migration
2022-04-27,Shock Absorber,Suspension system,6,5388.13,384.89,32328.78,Wholesale Client,Bank Transfer,Completed,ORD822121,Automated migration
2022-04-27,Air Filter,Engine system,6,207.73,243.72,1246.38,Retail Client,Check,Completed,ORD822122,Automated migration
2022-04-27,Clutch Kit,Transmission system,1,5746.68,362.14,5746.68,Walk-in Customer,Cash,Completed,ORD822123,Automated migration
2022-04-27,Battery,Electrical system,5,5206.89,492.0,26034.45,Retail Client,Bank Transfer,Completed,ORD822124,Automated migration
2022-04-27,Clutch Kit,Transmission system,7,6949.0,205.3,48643.0,Retail Client,GCash,Completed,ORD822125,Automated migration
2022-04-27,Clutch Kit,Transmission system,7,5621.9,90.62,39353.3,Wholesale Client,Check,Completed,ORD822126,Automated migration
2022-04-27,Radiator,Cooling system,1,7189.3,245.55,7189.3,Wholesale Client,Bank Transfer,Completed,ORD822127,Automated migration
2022-04-28,Radiator,Cooling system,5,5560.39,343.4,27801.95,Retail Client,GCash,Completed,ORD822128,Automated migration
2022-04-28,Shock Absorber,Suspension system,3,2025.62,387.87,6076.86,Walk-in Customer,GCash,Completed,ORD822129,Automated migration
2022-04-28,Air Filter,Engine system,4,236.54,170.04,946.16,Walk-in Customer,Check,Completed,ORD822130,Automated migration
2022-04-28,Shock Absorber,Suspension system,1,2456.92,69.6,2456.92,Walk-in Customer,Cash,Completed,ORD822131,Automated migration
2022-04-28,Shock Absorber,Suspension system,5,5574.52,214.99,27872.6,Walk-in Customer,Bank Transfer,Completed,ORD822132,Automated migration
2022-04-28,Battery,Electrical system,7,4167.68,218.15,29173.76,Walk-in Customer,Check,Completed,ORD822133,Automated migration
2022-04-28,Alternator,Electrical system,1,8313.88,474.33,8313.88,Wholesale Client,Check,Completed,ORD822134,Automated migration
2022-04-28,Clutch Kit,Transmission system,3,13159.55,437.77,39478.65,Retail Client,Cash,Completed,ORD822135,Automated migration
2022-04-28,Alternator,Electrical system,2,10323.2,223.05,20646.4,Walk-in Customer,Bank Transfer,Completed,ORD822136,Automated migration
2022-04-28,Shock Absorber,Suspension system,1,6368.89,328.13,6368.89,Walk-in Customer,Check,Completed,ORD822137,Automated migration
2022-04-28,Clutch Kit,Transmission system,0,7090.23,0.0,0.0,Retail Client,Bank Transfer,Completed,ORD822138,Automated migration
2022-04-28,Battery,Electrical system,0,5859.29,0.0,0.0,Walk-in Customer,Cash,Completed,ORD822139,Automated migration
2022-04-29,Radiator,Cooling system,8,3053.14,440.19,24425.12,Retail Client,Bank Transfer,Completed,ORD822140,Automated migration
2022-04-29,Shock Absorber,Suspension system,3,2849.0,237.38,8547.0,Wholesale Client,GCash,Completed,ORD822141,Automated migration
2022-04-29,Brake Pad,Brake system,6,2471.97,313.51,14831.82,Retail Client,GCash,Completed,ORD822142,Automated migration
2022-04-29,Clutch Kit,Transmission system,2,12750.67,34.0,25501.34,Walk-in Customer,Cash,Completed,ORD822143,Automated migration
2022-04-29,Spark Plug,Ignition system,6,527.9,180.86,3167.4,Retail Client,Bank Transfer,Completed,ORD822144,Automated migration
2022-04-29,Air Filter,Engine system,6,208.58,160.24,1251.48,Wholesale Client,Cash,Completed,ORD822145,Automated migration
2022-04-29,Fuel Pump,Fuel system,6,4524.23,418.19,27145.38,Retail Client,GCash,Completed,ORD822146,Automated migration
2022-04-29,Oil Filter,Engine system,8,322.19,323.02,2577.52,Walk-in Customer,GCash,Completed,ORD822147,Automated migration
2022-04-29,Oil Filter,Engine system,8,171.91,386.55,1375.28,Wholesale Client,Cash,Completed,ORD822148,Automated migration
2022-04-29,Alternator,Electrical system,8,7424.21,445.83,59393.68,Retail Client,Cash,Completed,ORD822149,Automated migration
2022-04-29,Radiator,Cooling system,6,4685.0,325.08,28110.0,Wholesale Client,Bank Transfer,Completed,ORD822150,Automated migration
2022-04-29,Radiator,Cooling system,7,6068.64,193.05,42480.48,Walk-in Customer,GCash,Completed,ORD822151,Automated migration
2022-04-29,Fuel Pump,Fuel system,1,5611.41,487.61,5611.41,Walk-in Customer,Cash,Completed,ORD822152,Automated migration
2022-04-29,Radiator,Cooling system,4,8248.51,297.22,32994.04,Retail Client,Bank Transfer,Completed,ORD822153,Automated migration
2022-04-29,Spark Plug,Ignition system,3,306.83,153.17,920.49,Wholesale Client,Check,Completed,ORD822154,Automated migration
2022-04-29,Radiator,Cooling system,6,7018.11,94.18,42108.66,Walk-in Customer,GCash,Completed,ORD822155,Automated migration
2022-04-29,Spark Plug,Ignition system,5,470.68,276.45,2353.4,Retail Client,Check,Completed,ORD822156,Automated migration
2022-04-29,Alternator,Electrical system,4,10192.98,102.87,40771.92,Walk-in Customer,Bank Transfer,Completed,ORD822157,Automated migration
2022-04-29,Shock Absorber,Suspension system,5,3105.35,242.17,15526.75,Wholesale Client,Check,Completed,ORD822158,Automated migration
2022-04-29,Brake Pad,Brake system,4,2593.76,126.27,10375.04,Wholesale Client,Check,Completed,ORD822159,Automated migration
2022-04-30,Spark Plug,Ignition system,4,567.51,227.38,2270.04,Walk-in Customer,Bank Transfer,Completed,ORD822160,Automated migration
2022-04-30,Spark Plug,Ignition system,4,172.95,213.85,691.8,Wholesale Client,Cash,Completed,ORD822161,Automated migration
2022-04-30,Battery,Electrical system,6,5565.71,69.86,33394.26,Retail Client,Bank Transfer,Completed,ORD822162,Automated migration
2022-04-30,Air Filter,Engine system,1,255.47,274.25,255.47,Wholesale Client,GCash,Completed,ORD822163,Automated migration
2022-04-30,Battery,Electrical system,3,4199.69,330.15,12599.07,Retail Client,Cash,Completed,ORD822164,Automated migration
2022-04-30,Fuel Pump,Fuel system,4,3778.85,120.34,15115.4,Retail Client,Bank Transfer,Completed,ORD822165,Automated migration
2022-04-30,Spark Plug,Ignition system,2,160.33,292.06,320.66,Retail Client,GCash,Completed,ORD822166,Automated migration
2022-04-30,Spark Plug,Ignition system,8,427.33,477.24,3418.64,Retail Client,Bank Transfer,Completed,ORD822167,Automated migration
2022-04-30,Alternator,Electrical system,1,8230.96,203.2,8230.96,Retail Client,Check,Completed,ORD822168,Automated migration
2022-04-30,Brake Pad,Brake system,3,1842.78,1.58,5528.34,Walk-in Customer,Bank Transfer,Completed,ORD822169,Automated migration
2022-04-30,Oil Filter,Engine system,6,211.54,116.09,1269.24,Retail Client,Check,Completed,ORD822170,Automated migration
2022-04-30,Shock Absorber,Suspension system,2,5326.24,192.24,10652.48,Walk-in Customer,Check,Completed,ORD822171,Automated migration
2022-04-30,Clutch Kit,Transmission system,4,6846.16,336.66,27384.64,Wholesale Client,Bank Transfer,Completed,ORD822172,Automated migration
2022-05-01,Shock Absorber,Suspension system,8,4770.37,419.11,38162.96,Walk-in Customer,GCash,Completed,ORD822173,Automated migration
2022-05-01,Brake Pad,Brake system,1,2582.19,349.46,2582.19,Wholesale Client,GCash,Completed,ORD822174,Automated migration
2022-05-01,Spark Plug,Ignition system,3,291.4,202.55,874.2,Retail Client,Bank Transfer,Completed,ORD822175,Automated migration
2022-05-01,Battery,Electrical system,7,8803.28,343.25,61622.96,Walk-in Customer,GCash,Completed,ORD822176,Automated migration
2022-05-01,Shock Absorber,Suspension system,0,3749.91,0.0,0.0,Wholesale Client,Bank Transfer,Completed,ORD822177,Automated migration
2022-05-01,Air Filter,Engine system,7,287.26,222.66,2010.82,Wholesale Client,Cash,Completed,ORD822178,Automated migration
2022-05-01,Radiator,Cooling system,5,4371.34,183.3,21856.7,Wholesale Client,Check,Completed,ORD822179,Automated migration
2022-05-01,Brake Pad,Brake system,3,3163.39,322.5,9490.17,Walk-in Customer,GCash,Completed,ORD822180,Automated migration
2022-05-01,Battery,Electrical system,5,4239.89,114.29,21199.45,Walk-in Customer,GCash,Completed,ORD822181,Automated migration
2022-05-01,Oil Filter,Engine system,8,112.52,39.63,900.16,Wholesale Client,Check,Completed,ORD822182,Automated migration
2022-05-01,Radiator,Cooling system,2,8151.0,139.26,16302.0,Retail Client,GCash,Completed,ORD822183,Automated migration
2022-05-01,Radiator,Cooling system,2,6123.05,115.91,12246.1,Retail Client,Cash,Completed,ORD822184,Automated migration
2022-05-02,Clutch Kit,Transmission system,7,13478.14,447.46,94346.98,Retail Client,Cash,Completed,ORD822185,Automated migration
2022-05-02,Oil Filter,Engine system,1,116.85,50.76,116.85,Retail Client,Cash,Completed,ORD822186,Automated migration
2022-05-02,Clutch Kit,Transmission system,5,11508.88,76.36,57544.4,Retail Client,GCash,Completed,ORD822187,Automated migration
2022-05-02,Fuel Pump,Fuel system,2,5948.57,256.62,11897.14,Retail Client,Cash,Completed,ORD822188,Automated migration
2022-05-02,Brake Pad,Brake system,2,1311.19,77.95,2622.38,Retail Client,GCash,Completed,ORD822189,Automated migration
2022-05-02,Oil Filter,Engine system,4,215.6,227.47,862.4,Walk-in Customer,Cash,Completed,ORD822190,Automated migration
2022-05-02,Brake Pad,Brake system,0,1354.27,0.0,0.0,Wholesale Client,GCash,Completed,ORD822191,Automated migration
2022-05-02,Radiator,Cooling system,7,6173.36,244.98,43213.52,Wholesale Client,Check,Completed,ORD822192,Automated migration
2022-05-02,Clutch Kit,Transmission system,5,12077.46,288.74,60387.3,Walk-in Customer,Check,Completed,ORD822193,Automated migration
2022-05-02,Clutch Kit,Transmission system,6,6502.06,428.96,39012.36,Retail Client,Cash,Completed,ORD822194,Automated migration
2022-05-02,Alternator,Electrical system,5,11209.73,57.77,56048.65,Wholesale Client,Check,Completed,ORD822195,Automated migration
2022-05-02,Radiator,Cooling system,5,3143.26,243.61,15716.3,Retail Client,GCash,Completed,ORD822196,Automated migration
2022-05-02,Brake Pad,Brake system,7,3189.95,395.26,22329.65,Walk-in Customer,GCash,Completed,ORD822197,Automated migration
2022-05-02,Battery,Electrical system,3,4711.58,450.25,14134.74,Wholesale Client,Bank Transfer,Completed,ORD822198,Automated migration
2022-05-02,Battery,Electrical system,7,7564.45,185.78,52951.15,Retail Client,Check,Completed,ORD822199,Automated migration
2022-05-02,Battery,Electrical system,0,5226.83,0.0,0.0,Retail Client,Cash,Completed,ORD822200,Automated migration
2022-05-03,Air Filter,Engine system,5,293.02,193.28,1465.1,Walk-in Customer,Check,Completed,ORD822201,Automated migration
2022-05-03,Oil Filter,Engine system,4,188.69,256.28,754.76,Wholesale Client,Cash,Completed,ORD822202,Automated migration
2022-05-03,Alternator,Electrical system,5,8657.26,155.17,43286.3,Walk-in Customer,GCash,Completed,ORD822203,Automated migration
2022-05-03,Alternator,Electrical system,2,10721.69,280.8,21443.38,Retail Client,Cash,Completed,ORD822204,Automated migration
2022-05-03,Clutch Kit,Transmission system,5,5217.26,201.71,26086.3,Walk-in Customer,Check,Completed,ORD822205,Automated migration
2022-05-03,Oil Filter,Engine system,5,171.23,25.46,856.15,Walk-in Customer,Cash,Completed,ORD822206,Automated migration
2022-05-03,Shock Absorber,Suspension system,6,5436.38,18.08,32618.28,Walk-in Customer,Cash,Completed,ORD822207,Automated migration
2022-05-03,Battery,Electrical system,5,7303.08,219.93,36515.4,Walk-in Customer,Bank Transfer,Completed,ORD822208,Automated migration
2022-05-03,Brake Pad,Brake system,3,1414.34,191.94,4243.02,Wholesale Client,GCash,Completed,ORD822209,Automated migration
2022-05-03,Air Filter,Engine system,4,202.42,66.47,809.68,Wholesale Client,GCash,Completed,ORD822210,Automated migration
2022-05-03,Brake Pad,Brake system,6,2458.23,127.57,14749.38,Retail Client,Cash,Completed,ORD822211,Automated migration
2022-05-03,Brake Pad,Brake system,0,1810.67,0.0,0.0,Wholesale Client,Cash,Completed,ORD822212,Automated migration
2022-05-03,Shock Absorber,Suspension system,2,6161.7,246.74,12323.4,Retail Client,Check,Completed,ORD822213,Automated migration
2022-05-03,Oil Filter,Engine system,5,312.65,477.83,1563.25,Wholesale Client,Bank Transfer,Completed,ORD822214,Automated migration
2022-05-03,Clutch Kit,Transmission system,2,11009.77,417.68,22019.54,Walk-in Customer,Bank Transfer,Completed,ORD822215,Automated migration
2022-05-03,Spark Plug,Ignition system,0,345.24,0.0,0.0,Wholesale Client,Bank Transfer,Completed,ORD822216,Automated migration
2022-05-03,Shock Absorber,Suspension system,6,2230.79,295.85,13384.74,Wholesale Client,Cash,Completed,ORD822217,Automated migration
2022-05-04,Spark Plug,Ignition system,3,546.34,124.37,1639.02,Retail Client,Cash,Completed,ORD822218,Automated migration
2022-05-04,Battery,Electrical system,6,6096.46,165.61,36578.76,Retail Client,GCash,Completed,ORD822219,Automated migration
2022-05-04,Oil Filter,Engine system,7,337.12,331.44,2359.84,Wholesale Client,Cash,Completed,ORD822220,Automated migration
2022-05-04,Battery,Electrical system,6,4770.23,236.59,28621.38,Retail Client,Bank Transfer,Completed,ORD822221,Automated migration
2022-05-04,Alternator,Electrical system,4,8178.41,439.55,32713.64,Wholesale Client,Check,Completed,ORD822222,Automated migration
2022-05-04,Battery,Electrical system,6,8247.25,143.23,49483.5,Walk-in Customer,GCash,Completed,ORD822223,Automated migration
2022-05-04,Brake Pad,Brake system,5,2564.93,426.6,12824.65,Retail Client,Cash,Completed,ORD822224,Automated migration
2022-05-04,Air Filter,Engine system,2,308.07,246.32,616.14,Retail Client,GCash,Completed,ORD822225,Automated migration
2022-05-04,Air Filter,Engine system,7,235.51,66.74,1648.57,Wholesale Client,Bank Transfer,Completed,ORD822226,Automated migration
2022-05-04,Air Filter,Engine system,2,378.58,165.07,757.16,Retail Client,Cash,Completed,ORD822227,Automated migration
2022-05-04,Oil Filter,Engine system,0,305.36,0.0,0.0,Retail Client,GCash,Completed,ORD822228,Automated migration
2022-05-04,Shock Absorber,Suspension system,1,3202.99,145.71,3202.99,Walk-in Customer,Cash,Completed,ORD822229,Automated migration
2022-05-04,Brake Pad,Brake system,1,2263.37,426.2,2263.37,Retail Client,Cash,Completed,ORD822230,Automated migration
2022-05-04,Oil Filter,Engine system,3,272.26,16.02,816.78,Wholesale Client,GCash,Completed,ORD822231,Automated migration
2022-05-04,Shock Absorber,Suspension system,5,6282.67,153.2,31413.35,Walk-in Customer,Check,Completed,ORD822232,Automated migration
2022-05-04,Spark Plug,Ignition system,4,449.81,105.27,1799.24,Wholesale Client,GCash,Completed,ORD822233,Automated migration
2022-05-04,Air Filter,Engine system,1,211.75,437.57,211.75,Retail Client,Cash,Completed,ORD822234,Automated migration
2022-05-04,Brake Pad,Brake system,2,2862.37,141.24,5724.74,Wholesale Client,Bank Transfer,Completed,ORD822235,Automated migration
2022-05-04,Shock Absorber,Suspension system,6,3844.46,464.94,23066.76,Walk-in Customer,Bank Transfer,Completed,ORD822236,Automated migration
2022-05-04,Shock Absorber,Suspension system,0,3638.94,0.0,0.0,Wholesale Client,GCash,Completed,ORD822237,Automated migration
2022-05-05,Air Filter,Engine system,0,368.22,0.0,0.0,Wholesale Client,Check,Completed,ORD822238,Automated migration
2022-05-05,Shock Absorber,Suspension system,7,4962.48,198.74,34737.36,Walk-in Customer,Bank Transfer,Completed,ORD822239,Automated migration
2022-05-05,Brake Pad,Brake system,5,2914.15,353.69,14570.75,Walk-in Customer,Bank Transfer,Completed,ORD822240,Automated migration
2022-05-05,Air Filter,Engine system,2,390.86,207.9,781.72,Wholesale Client,Bank Transfer,Completed,ORD822241,Automated migration
2022-05-05,Air Filter,Engine system,2,248.0,301.96,496.0,Wholesale Client,GCash,Completed,ORD822242,Automated migration
2022-05-05,Battery,Electrical system,0,7854.3,0.0,0.0,Walk-in Customer,Bank Transfer,Completed,ORD822243,Automated migration
2022-05-05,Oil Filter,Engine system,5,184.29,52.3,921.45,Walk-in Customer,GCash,Completed,ORD822244,Automated migration
2022-05-05,Brake Pad,Brake system,5,2764.82,428.89,13824.1,Walk-in Customer,Bank Transfer,Completed,ORD822245,Automated migration
2022-05-05,Clutch Kit,Transmission system,3,8914.44,474.91,26743.32,Retail Client,Check,Completed,ORD822246,Automated migration
2022-05-05,Clutch Kit,Transmission system,7,5400.62,166.3,37804.34,Wholesale Client,Cash,Completed,ORD822247,Automated migration
2022-05-05,Battery,Electrical system,7,8570.53,304.38,59993.71,Retail Client,Bank Transfer,Completed,ORD822248,Automated migration
2022-05-05,Shock Absorber,Suspension system,4,3351.27,326.03,13405.08,Retail Client,GCash,Completed,ORD822249,Automated migration
2022-05-05,Battery,Electrical system,4,4021.43,114.61,16085.72,Retail Client,Check,Completed,ORD822250,Automated migration
2022-05-06,Air Filter,Engine system,6,209.55,38.05,1257.3,Wholesale Client,Check,Completed,ORD822251,Automated migration
2022-05-06,Clutch Kit,Transmission system,4,11920.11,331.66,47680.44,Wholesale Client,GCash,Completed,ORD822252,Automated migration
2022-05-06,Alternator,Electrical system,3,11628.15,194.51,34884.45,Walk-in Customer,Bank Transfer,Completed,ORD822253,Automated migration
2022-05-06,Clutch Kit,Transmission system,3,5127.9,214.75,15383.7,Wholesale Client,GCash,Completed,ORD822254,Automated migration
2022-05-06,Air Filter,Engine system,1,225.98,374.71,225.98,Wholesale Client,GCash,Completed,ORD822255,Automated migration
2022-05-06,Radiator,Cooling system,6,3971.17,213.22,23827.02,Walk-in Customer,GCash,Completed,ORD822256,Automated migration
2022-05-06,Alternator,Electrical system,4,8547.46,271.16,34189.84,Walk-in Customer,Cash,Completed,ORD822257,Automated migration
2022-05-06,Brake Pad,Brake system,1,3161.97,1.66,3161.97,Retail Client,Cash,Completed,ORD822258,Automated migration
2022-05-06,Brake Pad,Brake system,1,2959.27,168.76,2959.27,Walk-in Customer,Check,Completed,ORD822259,Automated migration
2022-05-06,Shock Absorber,Suspension system,4,5534.74,178.13,22138.96,Retail Client,Bank Transfer,Completed,ORD822260,Automated migration
2022-05-06,Battery,Electrical system,3,6726.52,125.14,20179.56,Retail Client,Cash,Completed,ORD822261,Automated migration
2022-05-06,Brake Pad,Brake system,2,1986.83,261.04,3973.66,Walk-in Customer,GCash,Completed,ORD822262,Automated migration
2022-05-06,Fuel Pump,Fuel system,0,4030.81,0.0,0.0,Wholesale Client,Check,Completed,ORD822263,Automated migration
2022-05-06,Clutch Kit,Transmission system,6,6911.24,95.07,41467.44,Walk-in Customer,Check,Completed,ORD822264,Automated migration
2022-05-06,Spark Plug,Ignition system,7,400.86,228.93,2806.02,Wholesale Client,Bank Transfer,Completed,ORD822265,Automated migration
2022-05-06,Air Filter,Engine system,0,290.58,0.0,0.0,Retail Client,Bank Transfer,Completed,ORD822266,Automated migration
2022-05-06,Fuel Pump,Fuel system,5,4369.9,418.76,21849.5,Wholesale Client,Check,Completed,ORD822267,Automated migration
2022-05-06,Brake Pad,Brake system,1,2567.69,280.71,2567.69,Retail Client,GCash,Completed,ORD822268,Automated migration
2022-05-07,Clutch Kit,Transmission system,8,11533.13,170.35,92265.04,Walk-in Customer,Cash,Completed,ORD822269,Automated migration
2022-05-07,Spark Plug,Ignition system,4,391.69,212.82,1566.76,Retail Client,Cash,Completed,ORD822270,Automated migration
2022-05-07,Radiator,Cooling system,2,7175.44,407.85,14350.88,Retail Client,Bank Transfer,Completed,ORD822271,Automated migration
2022-05-07,Battery,Electrical system,1,8875.65,181.89,8875.65,Wholesale Client,Bank Transfer,Completed,ORD822272,Automated migration
2022-05-07,Battery,Electrical system,0,4130.74,0.0,0.0,Wholesale Client,Bank Transfer,Completed,ORD822273,Automated migration
2022-05-07,Alternator,Electrical system,2,11657.05,301.45,23314.1,Retail Client,Bank Transfer,Completed,ORD822274,Automated migration
2022-05-07,Alternator,Electrical system,4,10839.99,159.16,43359.96,Retail Client,GCash,Completed,ORD822275,Automated migration
2022-05-07,Oil Filter,Engine system,1,157.88,138.26,157.88,Walk-in Customer,Cash,Completed,ORD822276,Automated migration
2022-05-07,Clutch Kit,Transmission system,4,5903.92,201.82,23615.68,Retail Client,Bank Transfer,Completed,ORD822277,Automated migration
2022-05-07,Alternator,Electrical system,5,8345.24,26.03,41726.2,Retail Client,Cash,Completed,ORD822278,Automated migration
2022-05-07,Alternator,Electrical system,7,7212.62,404.75,50488.34,Wholesale Client,Cash,Completed,ORD822279,Automated migration
2022-05-07,Brake Pad,Brake system,8,3258.56,123.79,26068.48,Wholesale Client,GCash,Completed,ORD822280,Automated migration
2022-05-07,Oil Filter,Engine system,1,257.71,8.42,257.71,Retail Client,GCash,Completed,ORD822281,Automated migration
2022-05-07,Clutch Kit,Transmission system,3,13906.82,2.64,41720.46,Walk-in Customer,Bank Transfer,Completed,ORD822282,Automated migration
2022-05-07,Shock Absorber,Suspension system,8,3070.6,214.86,24564.8,Walk-in Customer,Check,Completed,ORD822283,Automated migration
2022-05-07,Clutch Kit,Transmission system,4,8098.41,202.26,32393.64,Walk-in Customer,Check,Completed,ORD822284,Automated migration
2022-05-07,Radiator,Cooling system,3,6698.31,444.78,20094.93,Walk-in Customer,Check,Completed,ORD822285,Automated migration
2022-05-07,Oil Filter,Engine system,7,100.36,57.31,702.52,Walk-in Customer,GCash,Completed,ORD822286,Automated migration
2022-05-07,Brake Pad,Brake system,2,3073.23,290.1,6146.46,Walk-in Customer,GCash,Completed,ORD822287,Automated migration
2022-05-08,Air Filter,Engine system,3,399.63,372.44,1198.89,Walk-in Customer,Cash,Completed,ORD822288,Automated migration
2022-05-08,Brake Pad,Brake system,3,1836.06,56.31,5508.18,Retail Client,GCash,Completed,ORD822289,Automated migration
2022-05-08,Air Filter,Engine system,6,221.39,103.17,1328.34,Retail Client,GCash,Completed,ORD822290,Automated migration
2022-05-08,Fuel Pump,Fuel system,5,6897.63,189.36,34488.15,Walk-in Customer,Bank Transfer,Completed,ORD822291,Automated migration
2022-05-08,Spark Plug,Ignition system,2,243.05,176.59,486.1,Walk-in Customer,GCash,Completed,ORD822292,Automated migration
2022-05-08,Shock Absorber,Suspension system,4,3968.53,126.06,15874.12,Wholesale Client,Check,Completed,ORD822293,Automated migration
2022-05-08,Air Filter,Engine system,0,349.66,0.0,0.0,Walk-in Customer,Bank Transfer,Completed,ORD822294,Automated migration
2022-05-08,Battery,Electrical system,1,8406.53,70.35,8406.53,Wholesale Client,GCash,Completed,ORD822295,Automated migration
2022-05-08,Air Filter,Engine system,7,357.14,264.8,2499.98,Walk-in Customer,Check,Completed,ORD822296,Automated migration
2022-05-08,Radiator,Cooling system,3,5696.06,344.22,17088.18,Wholesale Client,Check,Completed,ORD822297,Automated migration
2022-05-08,Radiator,Cooling system,2,5882.1,219.06,11764.2,Retail Client,Cash,Completed,ORD822298,Automated migration
2022-05-08,Shock Absorber,Suspension system,6,2984.93,474.26,17909.58,Walk-in Customer,GCash,Completed,ORD822299,Automated migration
2022-05-08,Radiator,Cooling system,5,6132.17,344.95,30660.85,Wholesale Client,Bank Transfer,Completed,ORD822300,Automated migration
2022-05-08,Air Filter,Engine system,1,313.43,442.4,313.43,Retail Client,Bank Transfer,Completed,ORD822301,Automated migration
2022-05-08,Spark Plug,Ignition system,8,535.13,287.21,4281.04,Walk-in Customer,GCash,Completed,ORD822302,Automated migration
2022-05-08,Clutch Kit,Transmission system,0,6341.87,0.0,0.0,Retail Client,Bank Transfer,Completed,ORD822303,Automated migration
2022-05-08,Oil Filter,Engine system,5,100.37,96.71,501.85,Retail Client,Bank Transfer,Completed,ORD822304,Automated migration
2022-05-08,Radiator,Cooling system,4,6517.15,314.42,26068.6,Walk-in Customer,Bank Transfer,Completed,ORD822305,Automated migration
2022-05-08,Battery,Electrical system,7,7123.1,445.13,49861.7,Wholesale Client,Cash,Completed,ORD822306,Automated migration
2022-05-08,Fuel Pump,Fuel system,7,5915.17,266.24,41406.19,Wholesale Client,GCash,Completed,ORD822307,Automated migration
2022-05-08,Clutch Kit,Transmission system,0,11207.56,0.0,0.0,Retail Client,GCash,Completed,ORD822308,Automated migration
2022-05-08,Battery,Electrical system,0,5024.8,0.0,0.0,Wholesale Client,Cash,Completed,ORD822309,Automated migration
2022-05-08,Clutch Kit,Transmission system,7,11465.88,110.37,80261.16,Retail Client,GCash,Completed,ORD822310,Automated migration
2022-05-09,Air Filter,Engine system,4,202.34,293.75,809.36,Retail Client,Bank Transfer,Completed,ORD822311,Automated migration
2022-05-09,Spark Plug,Ignition system,1,303.37,118.35,303.37,Retail Client,Cash,Completed,ORD822312,Automated migration
2022-05-09,Oil Filter,Engine system,8,286.6,469.14,2292.8,Retail Client,Cash,Completed,ORD822313,Automated migration
2022-05-09,Radiator,Cooling system,8,4002.23,378.66,32017.84,Walk-in Customer,Cash,Completed,ORD822314,Automated migration
2022-05-09,Spark Plug,Ignition system,6,549.36,50.05,3296.16,Walk-in Customer,GCash,Completed,ORD822315,Automated migration
2022-05-09,Air Filter,Engine system,6,339.28,467.33,2035.68,Wholesale Client,GCash,Completed,ORD822316,Automated migration
2022-05-09,Alternator,Electrical system,0,10336.49,0.0,0.0,Retail Client,GCash,Completed,ORD822317,Automated migration
2022-05-09,Spark Plug,Ignition system,0,479.6,0.0,0.0,Retail Client,GCash,Completed,ORD822318,Automated migration
2022-05-09,Brake Pad,Brake system,4,2259.97,330.83,9039.88,Retail Client,GCash,Completed,ORD822319,Automated migration
2022-05-09,Alternator,Electrical system,3,8833.21,378.29,26499.63,Wholesale Client,Check,Completed,ORD822320,Automated migration
2022-05-09,Alternator,Electrical system,2,9368.65,3.81,18737.3,Wholesale Client,Cash,Completed,ORD822321,Automated migration
2022-05-09,Battery,Electrical system,1,4424.14,78.77,4424.14,Retail Client,GCash,Completed,ORD822322,Automated migration
2022-05-09,Alternator,Electrical system,6,8146.29,406.3,48877.74,Wholesale Client,Bank Transfer,Completed,ORD822323,Automated migration
2022-05-10,Oil Filter,Engine system,8,265.13,107.79,2121.04,Wholesale Client,Check,Completed,ORD822324,Automated migration
2022-05-10,Oil Filter,Engine system,7,169.79,130.11,1188.53,Retail Client,Cash,Completed,ORD822325,Automated migration
2022-05-10,Battery,Electrical system,4,5877.63,267.72,23510.52,Retail Client,Cash,Completed,ORD822326,Automated migration
2022-05-10,Air Filter,Engine system,3,347.4,266.77,1042.2,Retail Client,Check,Completed,ORD822327,Automated migration
2022-05-10,Oil Filter,Engine system,2,113.21,89.9,226.42,Retail Client,GCash,Completed,ORD822328,Automated migration
2022-05-10,Air Filter,Engine system,8,371.66,271.84,2973.28,Retail Client,GCash,Completed,ORD822329,Automated migration
2022-05-10,Fuel Pump,Fuel system,8,4919.05,129.83,39352.4,Wholesale Client,GCash,Completed,ORD822330,Automated migration
2022-05-10,Air Filter,Engine system,6,298.1,418.95,1788.6,Retail Client,GCash,Completed,ORD822331,Automated migration
2022-05-10,Clutch Kit,Transmission system,2,10623.56,35.72,21247.12,Walk-in Customer,Cash,Completed,ORD822332,Automated migration
2022-05-10,Shock Absorber,Suspension system,2,5066.03,496.38,10132.06,Wholesale Client,Cash,Completed,ORD822333,Automated migration
2022-05-10,Air Filter,Engine system,0,355.06,0.0,0.0,Walk-in Customer,Cash,Completed,ORD822334,Automated migration
2022-05-10,Alternator,Electrical system,5,7824.62,371.1,39123.1,Walk-in Customer,Cash,Completed,ORD822335,Automated migration
2022-05-10,Spark Plug,Ignition system,7,578.89,49.13,4052.23,Walk-in Customer,Bank Transfer,Completed,ORD822336,Automated migration
2022-05-10,Oil Filter,Engine system,0,279.81,0.0,0.0,Wholesale Client,Bank Transfer,Completed,ORD822337,Automated migration
2022-05-11,Alternator,Electrical system,8,10228.04,376.26,81824.32,Wholesale Client,GCash,Completed,ORD822338,Automated migration
2022-05-11,Clutch Kit,Transmission system,2,10403.13,288.19,20806.26,Wholesale Client,Bank Transfer,Completed,ORD822339,Automated migration
2022-05-11,Clutch Kit,Transmission system,1,6355.2,412.18,6355.2,Wholesale Client,Cash,Completed,ORD822340,Automated migration
2022-05-11,Battery,Electrical system,7,4201.92,217.34,29413.44,Retail Client,Cash,Completed,ORD822341,Automated migration
2022-05-11,Air Filter,Engine system,4,377.16,188.95,1508.64,Walk-in Customer,Bank Transfer,Completed,ORD822342,Automated migration
2022-05-11,Fuel Pump,Fuel system,8,3737.86,74.98,29902.88,Wholesale Client,Cash,Completed,ORD822343,Automated migration
2022-05-11,Battery,Electrical system,2,7988.5,255.84,15977.0,Wholesale Client,Bank Transfer,Completed,ORD822344,Automated migration
2022-05-11,Fuel Pump,Fuel system,4,6197.1,392.57,24788.4,Wholesale Client,Cash,Completed,ORD822345,Automated migration
2022-05-11,Shock Absorber,Suspension system,0,3830.29,0.0,0.0,Retail Client,Check,Completed,ORD822346,Automated migration
2022-05-11,Oil Filter,Engine system,5,296.63,8.5,1483.15,Walk-in Customer,GCash,Completed,ORD822347,Automated migration
2022-05-11,Alternator,Electrical system,0,8339.05,0.0,0.0,Retail Client,Cash,Completed,ORD822348,Automated migration
2022-05-11,Radiator,Cooling system,8,3745.59,277.9,29964.72,Walk-in Customer,Cash,Completed,ORD822349,Automated migration
2022-05-11,Radiator,Cooling system,2,6284.87,236.82,12569.74,Retail Client,GCash,Completed,ORD822350,Automated migration
2022-05-11,Spark Plug,Ignition system,8,441.48,199.85,3531.84,Retail Client,GCash,Completed,ORD822351,Automated migration
2022-05-11,Brake Pad,Brake system,6,2623.87,147.58,15743.22,Retail Client,Bank Transfer,Completed,ORD822352,Automated migration
2022-05-11,Radiator,Cooling system,2,3124.26,439.72,6248.52,Walk-in Customer,GCash,Completed,ORD822353,Automated migration
2022-05-11,Clutch Kit,Transmission system,6,6924.87,154.79,41549.22,Wholesale Client,Cash,Completed,ORD822354,Automated migration
2022-05-11,Air Filter,Engine system,6,258.33,491.1,1549.98,Wholesale Client,GCash,Completed,ORD822355,Automated migration
2022-05-11,Fuel Pump,Fuel system,4,6398.23,21.16,25592.92,Wholesale Client,GCash,Completed,ORD822356,Automated migration
2022-05-11,Fuel Pump,Fuel system,8,5574.33,146.92,44594.64,Walk-in Customer,Cash,Completed,ORD822357,Automated migration
2022-05-11,Shock Absorber,Suspension system,6,3384.78,396.05,20308.68,Wholesale Client,Cash,Completed,ORD822358,Automated migration
2022-05-11,Alternator,Electrical system,5,8207.22,348.7,41036.1,Walk-in Customer,GCash,Completed,ORD822359,Automated migration
2022-05-12,Brake Pad,Brake system,7,2603.22,348.6,18222.54,Walk-in Customer,Bank Transfer,Completed,ORD822360,Automated migration
2022-05-12,Radiator,Cooling system,0,8958.76,0.0,0.0,Wholesale Client,GCash,Completed,ORD822361,Automated migration
2022-05-12,Spark Plug,Ignition system,3,586.38,411.97,1759.14,Retail Client,Bank Transfer,Completed,ORD822362,Automated migration
2022-05-12,Alternator,Electrical system,6,10642.26,403.35,63853.56,Retail Client,Cash,Completed,ORD822363,Automated migration
2022-05-12,Oil Filter,Engine system,7,231.55,360.63,1620.85,Retail Client,Cash,Completed,ORD822364,Automated migration
2022-05-12,Spark Plug,Ignition system,1,433.89,99.0,433.89,Retail Client,GCash,Completed,ORD822365,Automated migration
2022-05-12,Fuel Pump,Fuel system,3,2676.45,203.32,8029.35,Retail Client,Cash,Completed,ORD822366,Automated migration
2022-05-12,Oil Filter,Engine system,8,224.17,480.85,1793.36,Wholesale Client,Cash,Completed,ORD822367,Automated migration
2022-05-12,Clutch Kit,Transmission system,6,12010.22,360.14,72061.32,Walk-in Customer,Cash,Completed,ORD822368,Automated migration
2022-05-12,Brake Pad,Brake system,3,3086.8,498.63,9260.4,Retail Client,Cash,Completed,ORD822369,Automated migration
2022-05-12,Battery,Electrical system,1,6748.7,418.8,6748.7,Walk-in Customer,Cash,Completed,ORD822370,Automated migration
2022-05-12,Battery,Electrical system,5,6361.37,351.42,31806.85,Wholesale Client,Bank Transfer,Completed,ORD822371,Automated migration
2022-05-12,Battery,Electrical system,0,8411.41,0.0,0.0,Walk-in Customer,GCash,Completed,ORD822372,Automated migration
2022-05-12,Fuel Pump,Fuel system,5,3102.67,28.97,15513.35,Wholesale Client,Cash,Completed,ORD822373,Automated migration
2022-05-12,Clutch Kit,Transmission system,4,5979.71,146.12,23918.84,Retail Client,Check,Completed,ORD822374,Automated migration
2022-05-12,Fuel Pump,Fuel system,0,5139.51,0.0,0.0,Wholesale Client,GCash,Completed,ORD822375,Automated migration
2022-05-12,Brake Pad,Brake system,3,2595.11,252.93,7785.33,Retail Client,GCash,Completed,ORD822376,Automated migration
2022-05-13,Fuel Pump,Fuel system,5,4382.21,46.11,21911.05,Retail Client,Bank Transfer,Completed,ORD822377,Automated migration
2022-05-13,Clutch Kit,Transmission system,8,8665.23,373.57,69321.84,Wholesale Client,Cash,Completed,ORD822378,Automated migration
2022-05-13,Spark Plug,Ignition system,7,571.02,214.33,3997.14,Walk-in Customer,Cash,Completed,ORD822379,Automated migration
2022-05-13,Alternator,Electrical system,2,9132.58,423.27,18265.16,Retail Client,GCash,Completed,ORD822380,Automated migration
2022-05-13,Clutch Kit,Transmission system,3,8251.9,198.92,24755.7,Walk-in Customer,Cash,Completed,ORD822381,Automated migration
2022-05-13,Battery,Electrical system,2,7424.54,36.34,14849.08,Walk-in Customer,GCash,Completed,ORD822382,Automated migration
2022-05-13,Brake Pad,Brake system,3,1784.26,170.27,5352.78,Retail Client,Check,Completed,ORD822383,Automated migration
2022-05-13,Battery,Electrical system,1,6426.93,423.72,6426.93,Wholesale Client,GCash,Completed,ORD822384,Automated migration
2022-05-13,Clutch Kit,Transmission system,4,7613.61,481.56,30454.44,Retail Client,GCash,Completed,ORD822385,Automated migration
2022-05-13,Clutch Kit,Transmission system,0,12144.3,0.0,0.0,Wholesale Client,GCash,Completed,ORD822386,Automated migration
2022-05-13,Radiator,Cooling system,3,5861.32,333.55,17583.96,Walk-in Customer,GCash,Completed,ORD822387,Automated migration
2022-05-13,Air Filter,Engine system,3,246.75,187.15,740.25,Walk-in Customer,Cash,Completed,ORD822388,Automated migration
2022-05-13,Alternator,Electrical system,5,9257.67,346.98,46288.35,Walk-in Customer,Cash,Completed,ORD822389,Automated migration
2022-05-13,Oil Filter,Engine system,1,300.82,142.88,300.82,Retail Client,Cash,Completed,ORD822390,Automated migration
2022-05-13,Radiator,Cooling system,2,5417.13,298.93,10834.26,Walk-in Customer,Check,Completed,ORD822391,Automated migration
2022-05-13,Radiator,Cooling system,8,6850.5,379.75,54804.0,Walk-in Customer,Check,Completed,ORD822392,Automated migration
2022-05-14,Radiator,Cooling system,2,6211.59,183.09,12423.18,Wholesale Client,GCash,Completed,ORD822393,Automated migration
2022-05-14,Fuel Pump,Fuel system,1,3824.83,386.15,3824.83,Wholesale Client,GCash,Completed,ORD822394,Automated migration
2022-05-14,Spark Plug,Ignition system,1,233.23,390.17,233.23,Retail Client,Bank Transfer,Completed,ORD822395,Automated migration
2022-05-14,Battery,Electrical system,6,6819.58,480.31,40917.48,Retail Client,Check,Completed,ORD822396,Automated migration
2022-05-14,Clutch Kit,Transmission system,7,6395.01,320.12,44765.07,Wholesale Client,Check,Completed,ORD822397,Automated migration
2022-05-14,Shock Absorber,Suspension system,2,5371.74,154.75,10743.48,Walk-in Customer,GCash,Completed,ORD822398,Automated migration
2022-05-14,Fuel Pump,Fuel system,5,5425.85,449.26,27129.25,Walk-in Customer,GCash,Completed,ORD822399,Automated migration
2022-05-14,Radiator,Cooling system,0,8383.5,0.0,0.0,Wholesale Client,Cash,Completed,ORD822400,Automated migration
2022-05-14,Oil Filter,Engine system,6,185.33,274.63,1111.98,Retail Client,Check,Completed,ORD822401,Automated migration
2022-05-14,Clutch Kit,Transmission system,2,8907.31,133.02,17814.62,Walk-in Customer,Check,Completed,ORD822402,Automated migration
2022-05-14,Fuel Pump,Fuel system,6,5336.59,461.73,32019.54,Retail Client,Cash,Completed,ORD822403,Automated migration
2022-05-14,Battery,Electrical system,1,7360.06,342.84,7360.06,Retail Client,GCash,Completed,ORD822404,Automated migration
2022-05-14,Oil Filter,Engine system,5,345.12,375.21,1725.6,Wholesale Client,GCash,Completed,ORD822405,Automated migration
2022-05-14,Battery,Electrical system,8,4744.76,293.81,37958.08,Wholesale Client,Bank Transfer,Completed,ORD822406,Automated migration
2022-05-14,Air Filter,Engine system,2,295.68,111.87,591.36,Retail Client,Check,Completed,ORD822407,Automated migration
2022-05-14,Battery,Electrical system,1,8992.22,58.39,8992.22,Wholesale Client,GCash,Completed,ORD822408,Automated migration
2022-05-14,Alternator,Electrical system,3,11071.57,167.42,33214.71,Retail Client,Cash,Completed,ORD822409,Automated migration
2022-05-14,Battery,Electrical system,8,4279.93,324.14,34239.44,Retail Client,Bank Transfer,Completed,ORD822410,Automated migration
2022-05-14,Fuel Pump,Fuel system,0,4539.12,0.0,0.0,Retail Client,GCash,Completed,ORD822411,Automated migration
2022-05-14,Battery,Electrical system,2,4251.5,184.18,8503.0,Walk-in Customer,Bank Transfer,Completed,ORD822412,Automated migration
2022-05-15,Shock Absorber,Suspension system,7,3992.13,140.75,27944.91,Retail Client,Cash,Completed,ORD822413,Automated migration
2022-05-15,Brake Pad,Brake system,6,2954.82,205.82,17728.92,Retail Client,GCash,Completed,ORD822414,Automated migration
2022-05-15,Air Filter,Engine system,8,359.73,372.93,2877.84,Wholesale Client,Check,Completed,ORD822415,Automated migration
2022-05-15,Air Filter,Engine system,2,313.08,466.24,626.16,Retail Client,Bank Transfer,Completed,ORD822416,Automated migration
2022-05-15,Battery,Electrical system,8,7373.16,131.4,58985.28,Retail Client,GCash,Completed,ORD822417,Automated migration
2022-05-15,Shock Absorber,Suspension system,3,2401.34,66.33,7204.02,Wholesale Client,Bank Transfer,Completed,ORD822418,Automated migration
2022-05-15,Spark Plug,Ignition system,5,562.12,200.66,2810.6,Wholesale Client,Cash,Completed,ORD822419,Automated migration
2022-05-15,Air Filter,Engine system,3,369.91,449.56,1109.73,Retail Client,Cash,Completed,ORD822420,Automated migration
2022-05-15,Oil Filter,Engine system,2,100.12,56.31,200.24,Wholesale Client,GCash,Completed,ORD822421,Automated migration
2022-05-15,Brake Pad,Brake system,7,2340.22,286.72,16381.54,Wholesale Client,Check,Completed,ORD822422,Automated migration
2022-05-15,Spark Plug,Ignition system,3,351.37,445.7,1054.11,Walk-in Customer,Bank Transfer,Completed,ORD822423,Automated migration
2022-05-15,Radiator,Cooling system,0,7355.92,0.0,0.0,Retail Client,Bank Transfer,Completed,ORD822424,Automated migration
2022-05-16,Battery,Electrical system,4,6551.34,486.54,26205.36,Retail Client,Check,Completed,ORD822425,Automated migration
2022-05-16,Radiator,Cooling system,0,4419.05,0.0,0.0,Retail Client,Bank Transfer,Completed,ORD822426,Automated migration
2022-05-16,Battery,Electrical system,7,6670.91,463.84,46696.37,Wholesale Client,Check,Completed,ORD822427,Automated migration
2022-05-16,Brake Pad,Brake system,1,1232.23,80.74,1232.23,Retail Client,Check,Completed,ORD822428,Automated migration
2022-05-16,Alternator,Electrical system,3,8305.49,465.29,24916.47,Wholesale Client,GCash,Completed,ORD822429,Automated migration
2022-05-16,Shock Absorber,Suspension system,7,3052.39,213.01,21366.73,Retail Client,GCash,Completed,ORD822430,Automated migration
2022-05-16,Clutch Kit,Transmission system,2,9891.61,497.96,19783.22,Wholesale Client,Cash,Completed,ORD822431,Automated migration
2022-05-16,Spark Plug,Ignition system,7,581.9,11.46,4073.3,Walk-in Customer,Check,Completed,ORD822432,Automated migration
2022-05-16,Alternator,Electrical system,7,9391.61,30.54,65741.27,Wholesale Client,GCash,Completed,ORD822433,Automated migration
2022-05-16,Clutch Kit,Transmission system,2,12740.91,7.73,25481.82,Retail Client,Check,Completed,ORD822434,Automated migration
2022-05-16,Alternator,Electrical system,2,7902.24,314.59,15804.48,Wholesale Client,GCash,Completed,ORD822435,Automated migration
2022-05-16,Battery,Electrical system,5,4074.16,167.53,20370.8,Wholesale Client,Cash,Completed,ORD822436,Automated migration
2022-05-16,Battery,Electrical system,2,7662.45,261.42,15324.9,Retail Client,Cash,Completed,ORD822437,Automated migration
2022-05-16,Fuel Pump,Fuel system,6,6860.12,377.48,41160.72,Retail Client,Bank Transfer,Completed,ORD822438,Automated migration
2022-05-17,Oil Filter,Engine system,8,172.2,273.36,1377.6,Retail Client,GCash,Completed,ORD822439,Automated migration
2022-05-17,Air Filter,Engine system,5,359.68,475.7,1798.4,Walk-in Customer,GCash,Completed,ORD822440,Automated migration
2022-05-17,Oil Filter,Engine system,4,226.84,145.93,907.36,Retail Client,Bank Transfer,Completed,ORD822441,Automated migration
2022-05-17,Oil Filter,Engine system,8,238.39,33.01,1907.12,Retail Client,Bank Transfer,Completed,ORD822442,Automated migration
2022-05-17,Shock Absorber,Suspension system,8,4283.91,481.21,34271.28,Retail Client,Check,Completed,ORD822443,Automated migration
2022-05-17,Fuel Pump,Fuel system,2,3558.76,271.98,7117.52,Wholesale Client,Check,Completed,ORD822444,Automated migration
2022-05-17,Spark Plug,Ignition system,8,496.1,328.36,3968.8,Retail Client,Check,Completed,ORD822445,Automated migration
2022-05-17,Battery,Electrical system,1,8817.62,31.74,8817.62,Walk-in Customer,Check,Completed,ORD822446,Automated migration
2022-05-17,Oil Filter,Engine system,8,223.12,270.99,1784.96,Walk-in Customer,Check,Completed,ORD822447,Automated migration
2022-05-17,Brake Pad,Brake system,2,1936.27,288.4,3872.54,Wholesale Client,Cash,Completed,ORD822448,Automated migration
2022-05-17,Clutch Kit,Transmission system,0,8587.34,0.0,0.0,Retail Client,GCash,Completed,ORD822449,Automated migration
2022-05-17,Air Filter,Engine system,4,376.6,331.79,1506.4,Wholesale Client,Check,Completed,ORD822450,Automated migration
2022-05-17,Oil Filter,Engine system,5,271.4,284.6,1357.0,Retail Client,Cash,Completed,ORD822451,Automated migration
2022-05-17,Radiator,Cooling system,8,4055.44,373.24,32443.52,Wholesale Client,Bank Transfer,Completed,ORD822452,Automated migration
2022-05-17,Brake Pad,Brake system,8,2104.3,296.8,16834.4,Retail Client,GCash,Completed,ORD822453,Automated migration
2022-05-17,Oil Filter,Engine system,4,146.42,123.31,585.68,Retail Client,Bank Transfer,Completed,ORD822454,Automated migration
2022-05-17,Spark Plug,Ignition system,3,395.78,450.76,1187.34,Walk-in Customer,Cash,Completed,ORD822455,Automated migration
2022-05-17,Battery,Electrical system,2,5303.64,342.23,10607.28,Wholesale Client,GCash,Completed,ORD822456,Automated migration
2022-05-18,Shock Absorber,Suspension system,2,6112.79,171.68,12225.58,Retail Client,GCash,Completed,ORD822457,Automated migration
2022-05-18,Oil Filter,Engine system,3,317.08,111.14,951.24,Walk-in Customer,Bank Transfer,Completed,ORD822458,Automated migration
2022-05-18,Spark Plug,Ignition system,8,197.79,355.31,1582.32,Wholesale Client,Bank Transfer,Completed,ORD822459,Automated migration
2022-05-18,Shock Absorber,Suspension system,8,3182.82,193.14,25462.56,Walk-in Customer,Bank Transfer,Completed,ORD822460,Automated migration
2022-05-18,Oil Filter,Engine system,5,289.0,386.5,1445.0,Wholesale Client,Bank Transfer,Completed,ORD822461,Automated migration
2022-05-18,Air Filter,Engine system,3,261.32,311.59,783.96,Walk-in Customer,Cash,Completed,ORD822462,Automated migration
2022-05-18,Shock Absorber,Suspension system,7,2741.67,99.57,19191.69,Walk-in Customer,Bank Transfer,Completed,ORD822463,Automated migration
2022-05-18,Radiator,Cooling system,0,3516.06,0.0,0.0,Wholesale Client,GCash,Completed,ORD822464,Automated migration
2022-05-18,Radiator,Cooling system,1,4951.48,226.84,4951.48,Wholesale Client,Bank Transfer,Completed,ORD822465,Automated migration
2022-05-18,Alternator,Electrical system,3,10644.66,183.06,31933.98,Retail Client,Check,Completed,ORD822466,Automated migration
2022-05-18,Clutch Kit,Transmission system,1,7143.34,213.13,7143.34,Wholesale Client,Cash,Completed,ORD822467,Automated migration
2022-05-18,Oil Filter,Engine system,4,338.18,74.84,1352.72,Walk-in Customer,Cash,Completed,ORD822468,Automated migration
2022-05-18,Alternator,Electrical system,0,10881.67,0.0,0.0,Retail Client,Check,Completed,ORD822469,Automated migration
2022-05-18,Oil Filter,Engine system,8,336.99,61.01,2695.92,Walk-in Customer,Check,Completed,ORD822470,Automated migration
2022-05-18,Oil Filter,Engine system,2,289.44,3.36,578.88,Wholesale Client,GCash,Completed,ORD822471,Automated migration
2022-05-18,Clutch Kit,Transmission system,8,10020.24,383.49,80161.92,Wholesale Client,GCash,Completed,ORD822472,Automated migration
2022-05-18,Fuel Pump,Fuel system,8,6140.94,404.7,49127.52,Wholesale Client,Check,Completed,ORD822473,Automated migration
2022-05-18,Fuel Pump,Fuel system,8,4369.81,377.14,34958.48,Walk-in Customer,Check,Completed,ORD822474,Automated migration
2022-05-18,Radiator,Cooling system,2,3829.31,353.05,7658.62,Walk-in Customer,Bank Transfer,Completed,ORD822475,Automated migration
2022-05-18,Clutch Kit,Transmission system,5,11595.99,210.98,57979.95,Wholesale Client,Bank Transfer,Completed,ORD822476,Automated migration
2022-05-18,Brake Pad,Brake system,8,1496.46,479.0,11971.68,Retail Client,Cash,Completed,ORD822477,Automated migration
2022-05-18,Fuel Pump,Fuel system,0,3112.56,0.0,0.0,Retail Client,Cash,Completed,ORD822478,Automated migration
2022-05-18,Brake Pad,Brake system,4,2056.76,114.79,8227.04,Walk-in Customer,GCash,Completed,ORD822479,Automated migration
2022-05-19,Brake Pad,Brake system,1,3038.42,434.24,3038.42,Retail Client,GCash,Completed,ORD822480,Automated migration
2022-05-19,Fuel Pump,Fuel system,5,4662.38,260.89,23311.9,Walk-in Customer,Check,Completed,ORD822481,Automated migration
2022-05-19,Alternator,Electrical system,4,8516.31,425.56,34065.24,Walk-in Customer,Check,Completed,ORD822482,Automated migration
2022-05-19,Oil Filter,Engine system,7,136.02,481.55,952.14,Walk-in Customer,GCash,Completed,ORD822483,Automated migration
2022-05-19,Shock Absorber,Suspension system,7,5237.12,146.33,36659.84,Wholesale Client,GCash,Completed,ORD822484,Automated migration
2022-05-19,Brake Pad,Brake system,5,3145.72,492.39,15728.6,Walk-in Customer,GCash,Completed,ORD822485,Automated migration
2022-05-19,Radiator,Cooling system,3,8698.22,34.8,26094.66,Retail Client,GCash,Completed,ORD822486,Automated migration
2022-05-19,Brake Pad,Brake system,3,3123.58,63.15,9370.74,Walk-in Customer,GCash,Completed,ORD822487,Automated migration
2022-05-19,Radiator,Cooling system,1,3353.91,369.15,3353.91,Retail Client,GCash,Completed,ORD822488,Automated migration
2022-05-19,Radiator,Cooling system,7,3960.9,358.77,27726.3,Wholesale Client,Bank Transfer,Completed,ORD822489,Automated migration
2022-05-19,Clutch Kit,Transmission system,2,11902.42,202.01,23804.84,Walk-in Customer,Cash,Completed,ORD822490,Automated migration
2022-05-19,Brake Pad,Brake system,2,3269.66,240.04,6539.32,Wholesale Client,Bank Transfer,Completed,ORD822491,Automated migration
2022-05-19,Clutch Kit,Transmission system,4,9354.5,189.45,37418.0,Walk-in Customer,Cash,Completed,ORD822492,Automated migration
2022-05-19,Brake Pad,Brake system,1,2375.13,387.76,2375.13,Walk-in Customer,Check,Completed,ORD822493,Automated migration
2022-05-19,Clutch Kit,Transmission system,3,11566.01,196.25,34698.03,Walk-in Customer,GCash,Completed,ORD822494,Automated migration
2022-05-20,Shock Absorber,Suspension system,2,2284.95,343.74,4569.9,Retail Client,Check,Completed,ORD822495,Automated migration
2022-05-20,Oil Filter,Engine system,2,339.17,463.04,678.34,Wholesale Client,GCash,Completed,ORD822496,Automated migration
2022-05-20,Brake Pad,Brake system,3,2904.29,440.78,8712.87,Retail Client,Check,Completed,ORD822497,Automated migration
2022-05-20,Oil Filter,Engine system,1,260.09,118.14,260.09,Walk-in Customer,GCash,Completed,ORD822498,Automated migration
2022-05-20,Brake Pad,Brake system,5,2702.64,351.24,13513.2,Retail Client,GCash,Completed,ORD822499,Automated migration
2022-05-20,Clutch Kit,Transmission system,4,7401.0,61.08,29604.0,Walk-in Customer,Check,Completed,ORD822500,Automated migration
2022-05-20,Spark Plug,Ignition system,2,513.71,144.92,1027.42,Retail Client,Bank Transfer,Completed,ORD822501,Automated migration
2022-05-20,Radiator,Cooling system,7,6667.28,362.51,46670.96,Retail Client,Check,Completed,ORD822502,Automated migration
2022-05-20,Air Filter,Engine system,2,314.21,220.07,628.42,Retail Client,Cash,Completed,ORD822503,Automated migration
2022-05-20,Spark Plug,Ignition system,7,491.89,455.33,3443.23,Walk-in Customer,Cash,Completed,ORD822504,Automated migration
2022-05-20,Shock Absorber,Suspension system,5,2622.24,475.62,13111.2,Walk-in Customer,GCash,Completed,ORD822505,Automated migration
2022-05-20,Brake Pad,Brake system,0,3068.34,0.0,0.0,Retail Client,GCash,Completed,ORD822506,Automated migration
2022-05-20,Battery,Electrical system,0,6739.9,0.0,0.0,Retail Client,Cash,Completed,ORD822507,Automated migration
2022-05-21,Clutch Kit,Transmission system,7,10459.22,469.86,73214.54,Wholesale Client,Check,Completed,ORD822508,Automated migration
2022-05-21,Spark Plug,Ignition system,5,450.31,178.68,2251.55,Retail Client,Check,Completed,ORD822509,Automated migration
2022-05-21,Air Filter,Engine system,3,203.47,488.99,610.41,Retail Client,Check,Completed,ORD822510,Automated migration
2022-05-21,Oil Filter,Engine system,5,127.37,33.2,636.85,Retail Client,GCash,Completed,ORD822511,Automated migration
2022-05-21,Air Filter,Engine system,2,328.58,83.74,657.16,Walk-in Customer,Bank Transfer,Completed,ORD822512,Automated migration
2022-05-21,Alternator,Electrical system,4,7994.2,138.59,31976.8,Walk-in Customer,GCash,Completed,ORD822513,Automated migration
2022-05-21,Oil Filter,Engine system,3,327.91,288.27,983.73,Wholesale Client,Cash,Completed,ORD822514,Automated migration
2022-05-21,Oil Filter,Engine system,7,123.23,483.71,862.61,Retail Client,Check,Completed,ORD822515,Automated migration
2022-05-21,Brake Pad,Brake system,2,1465.79,78.7,2931.58,Walk-in Customer,Check,Completed,ORD822516,Automated migration
2022-05-21,Shock Absorber,Suspension system,2,2240.77,302.92,4481.54,Walk-in Customer,Cash,Completed,ORD822517,Automated migration
2022-05-21,Alternator,Electrical system,6,9013.48,64.75,54080.88,Retail Client,Cash,Completed,ORD822518,Automated migration
2022-05-21,Oil Filter,Engine system,0,211.62,0.0,0.0,Walk-in Customer,Bank Transfer,Completed,ORD822519,Automated migration
2022-05-21,Spark Plug,Ignition system,3,566.47,373.39,1699.41,Retail Client,Cash,Completed,ORD822520,Automated migration
2022-05-21,Oil Filter,Engine system,3,207.86,168.66,623.58,Walk-in Customer,Cash,Completed,ORD822521,Automated migration
2022-05-21,Shock Absorber,Suspension system,4,5494.92,51.81,21979.68,Wholesale Client,GCash,Completed,ORD822522,Automated migration
2022-05-21,Alternator,Electrical system,4,7113.55,279.19,28454.2,Wholesale Client,GCash,Completed,ORD822523,Automated migration
2022-05-22,Air Filter,Engine system,5,396.4,75.06,1982.0,Wholesale Client,Check,Completed,ORD822524,Automated migration
2022-05-22,Air Filter,Engine system,3,340.13,183.36,1020.39,Wholesale Client,Check,Completed,ORD822525,Automated migration
2022-05-22,Air Filter,Engine system,3,343.13,284.44,1029.39,Wholesale Client,GCash,Completed,ORD822526,Automated migration
2022-05-22,Air Filter,Engine system,1,245.77,226.87,245.77,Retail Client,Bank Transfer,Completed,ORD822527,Automated migration
2022-05-22,Battery,Electrical system,5,6748.47,269.82,33742.35,Wholesale Client,Bank Transfer,Completed,ORD822528,Automated migration
2022-05-22,Spark Plug,Ignition system,0,266.71,0.0,0.0,Retail Client,GCash,Completed,ORD822529,Automated migration
2022-05-22,Brake Pad,Brake system,7,3339.43,211.23,23376.01,Wholesale Client,GCash,Completed,ORD822530,Automated migration
2022-05-22,Spark Plug,Ignition system,8,372.69,30.15,2981.52,Walk-in Customer,Cash,Completed,ORD822531,Automated migration
2022-05-22,Alternator,Electrical system,6,9130.99,295.41,54785.94,Wholesale Client,GCash,Completed,ORD822532,Automated migration
2022-05-22,Brake Pad,Brake system,4,2421.41,472.58,9685.64,Retail Client,Bank Transfer,Completed,ORD822533,Automated migration
2022-05-22,Radiator,Cooling system,2,7966.61,342.22,15933.22,Walk-in Customer,Cash,Completed,ORD822534,Automated migration
2022-05-22,Radiator,Cooling system,0,4498.18,0.0,0.0,Retail Client,Cash,Completed,ORD822535,Automated migration
2022-05-22,Battery,Electrical system,7,6822.14,384.21,47754.98,Wholesale Client,Bank Transfer,Completed,ORD822536,Automated migration
2022-05-22,Radiator,Cooling system,1,5225.33,295.06,5225.33,Wholesale Client,Bank Transfer,Completed,ORD822537,Automated migration
2022-05-22,Battery,Electrical system,2,8728.85,125.64,17457.7,Retail Client,GCash,Completed,ORD822538,Automated migration
2022-05-22,Shock Absorber,Suspension system,6,2012.29,22.06,12073.74,Retail Client,Cash,Completed,ORD822539,Automated migration
2022-05-22,Air Filter,Engine system,3,205.33,455.73,615.99,Wholesale Client,GCash,Completed,ORD822540,Automated migration
2022-05-22,Shock Absorber,Suspension system,6,3242.76,471.6,19456.56,Wholesale Client,GCash,Completed,ORD822541,Automated migration
2022-05-22,Clutch Kit,Transmission system,0,9899.35,0.0,0.0,Walk-in Customer,Cash,Completed,ORD822542,Automated migration
2022-05-22,Shock Absorber,Suspension system,1,2666.59,15.24,2666.59,Walk-in Customer,Cash,Completed,ORD822543,Automated migration
2022-05-22,Air Filter,Engine system,7,216.89,254.18,1518.23,Wholesale Client,Check,Completed,ORD822544,Automated migration
2022-05-22,Spark Plug,Ignition system,0,357.88,0.0,0.0,Retail Client,Bank Transfer,Completed,ORD822545,Automated migration
2022-05-22,Air Filter,Engine system,4,272.22,265.35,1088.88,Wholesale Client,Check,Completed,ORD822546,Automated migration
2022-05-22,Spark Plug,Ignition system,6,228.74,352.03,1372.44,Retail Client,Cash,Completed,ORD822547,Automated migration
2022-05-22,Brake Pad,Brake system,5,2422.89,264.06,12114.45,Wholesale Client,Check,Completed,ORD822548,Automated migration
2022-05-23,Battery,Electrical system,4,6480.87,102.28,25923.48,Walk-in Customer,Cash,Completed,ORD822549,Automated migration
2022-05-23,Spark Plug,Ignition system,3,423.13,78.29,1269.39,Wholesale Client,Bank Transfer,Completed,ORD822550,Automated migration
2022-05-23,Battery,Electrical system,6,8115.97,39.47,48695.82,Walk-in Customer,Cash,Completed,ORD822551,Automated migration
2022-05-23,Brake Pad,Brake system,7,1243.66,28.79,8705.62,Wholesale Client,Check,Completed,ORD822552,Automated migration
2022-05-23,Battery,Electrical system,1,5553.01,165.17,5553.01,Walk-in Customer,Cash,Completed,ORD822553,Automated migration
2022-05-23,Alternator,Electrical system,0,9234.66,0.0,0.0,Wholesale Client,Check,Completed,ORD822554,Automated migration
2022-05-23,Radiator,Cooling system,0,3117.89,0.0,0.0,Walk-in Customer,Bank Transfer,Completed,ORD822555,Automated migration
2022-05-23,Clutch Kit,Transmission system,8,5611.5,357.45,44892.0,Walk-in Customer,Bank Transfer,Completed,ORD822556,Automated migration
2022-05-23,Fuel Pump,Fuel system,3,5504.69,353.86,16514.07,Wholesale Client,GCash,Completed,ORD822557,Automated migration
2022-05-23,Radiator,Cooling system,8,3227.39,294.82,25819.12,Walk-in Customer,Check,Completed,ORD822558,Automated migration
2022-05-23,Oil Filter,Engine system,8,347.42,319.44,2779.36,Walk-in Customer,Cash,Completed,ORD822559,Automated migration
2022-05-23,Shock Absorber,Suspension system,7,5083.2,406.83,35582.4,Wholesale Client,Bank Transfer,Completed,ORD822560,Automated migration
2022-05-23,Battery,Electrical system,6,8777.26,74.22,52663.56,Wholesale Client,Bank Transfer,Completed,ORD822561,Automated migration
2022-05-23,Shock Absorber,Suspension system,7,4569.58,124.12,31987.06,Retail Client,Bank Transfer,Completed,ORD822562,Automated migration
2022-05-23,Brake Pad,Brake system,3,2895.03,483.52,8685.09,Walk-in Customer,Bank Transfer,Completed,ORD822563,Automated migration
2022-05-23,Oil Filter,Engine system,7,301.75,33.5,2112.25,Wholesale Client,GCash,Completed,ORD822564,Automated migration
2022-05-23,Brake Pad,Brake system,0,1692.99,0.0,0.0,Retail Client,Check,Completed,ORD822565,Automated migration
2022-05-23,Alternator,Electrical system,1,9053.71,420.51,9053.71,Walk-in Customer,Cash,Completed,ORD822566,Automated migration
2022-05-23,Alternator,Electrical system,8,11718.57,399.59,93748.56,Retail Client,Bank Transfer,Completed,ORD822567,Automated migration
2022-05-23,Brake Pad,Brake system,1,1392.05,222.23,1392.05,Retail Client,Bank Transfer,Completed,ORD822568,Automated migration
2022-05-23,Alternator,Electrical system,8,11640.38,447.08,93123.04,Wholesale Client,GCash,Completed,ORD822569,Automated migration
2022-05-23,Alternator,Electrical system,7,11734.02,441.72,82138.14,Walk-in Customer,GCash,Completed,ORD822570,Automated migration
2022-05-23,Clutch Kit,Transmission system,5,8939.01,5.77,44695.05,Retail Client,Cash,Completed,ORD822571,Automated migration
2022-05-24,Clutch Kit,Transmission system,0,8769.09,0.0,0.0,Wholesale Client,Check,Completed,ORD822572,Automated migration
2022-05-24,Brake Pad,Brake system,3,2074.57,42.56,6223.71,Walk-in Customer,Check,Completed,ORD822573,Automated migration
2022-05-24,Alternator,Electrical system,2,9554.49,249.84,19108.98,Walk-in Customer,Bank Transfer,Completed,ORD822574,Automated migration
2022-05-24,Oil Filter,Engine system,6,239.92,252.34,1439.52,Wholesale Client,Check,Completed,ORD822575,Automated migration
2022-05-24,Air Filter,Engine system,4,208.63,177.32,834.52,Walk-in Customer,Cash,Completed,ORD822576,Automated migration
2022-05-24,Alternator,Electrical system,6,7562.46,213.57,45374.76,Wholesale Client,GCash,Completed,ORD822577,Automated migration
2022-05-24,Shock Absorber,Suspension system,4,5033.87,404.24,20135.48,Walk-in Customer,GCash,Completed,ORD822578,Automated migration
2022-05-24,Battery,Electrical system,5,4535.04,465.51,22675.2,Walk-in Customer,Check,Completed,ORD822579,Automated migration
2022-05-24,Radiator,Cooling system,0,8308.6,0.0,0.0,Wholesale Client,Bank Transfer,Completed,ORD822580,Automated migration
2022-05-24,Battery,Electrical system,8,5243.27,132.42,41946.16,Walk-in Customer,Check,Completed,ORD822581,Automated migration
2022-05-24,Radiator,Cooling system,7,6070.2,75.84,42491.4,Wholesale Client,Cash,Completed,ORD822582,Automated migration
2022-05-24,Clutch Kit,Transmission system,5,5919.89,71.17,29599.45,Wholesale Client,GCash,Completed,ORD822583,Automated migration
2022-05-24,Radiator,Cooling system,8,6280.27,0.17,50242.16,Walk-in Customer,GCash,Completed,ORD822584,Automated migration
2022-05-24,Clutch Kit,Transmission system,6,9794.33,250.9,58765.98,Walk-in Customer,Cash,Completed,ORD822585,Automated migration
2022-05-24,Brake Pad,Brake system,4,2108.93,75.67,8435.72,Walk-in Customer,Check,Completed,ORD822586,Automated migration
2022-05-24,Battery,Electrical system,0,7116.2,0.0,0.0,Retail Client,Cash,Completed,ORD822587,Automated migration
2022-05-25,Spark Plug,Ignition system,1,413.92,378.34,413.92,Walk-in Customer,GCash,Completed,ORD822588,Automated migration
2022-05-25,Oil Filter,Engine system,2,349.64,436.57,699.28,Walk-in Customer,Check,Completed,ORD822589,Automated migration
2022-05-25,Spark Plug,Ignition system,3,363.8,203.82,1091.4,Retail Client,Bank Transfer,Completed,ORD822590,Automated migration
2022-05-25,Spark Plug,Ignition system,0,563.26,0.0,0.0,Wholesale Client,Cash,Completed,ORD822591,Automated migration
2022-05-25,Fuel Pump,Fuel system,0,6595.04,0.0,0.0,Wholesale Client,Bank Transfer,Completed,ORD822592,Automated migration
2022-05-25,Shock Absorber,Suspension system,2,3179.82,308.14,6359.64,Wholesale Client,Bank Transfer,Completed,ORD822593,Automated migration
2022-05-25,Spark Plug,Ignition system,4,273.12,393.85,1092.48,Wholesale Client,Check,Completed,ORD822594,Automated migration
2022-05-25,Shock Absorber,Suspension system,7,6034.59,465.68,42242.13,Retail Client,GCash,Completed,ORD822595,Automated migration
2022-05-25,Oil Filter,Engine system,8,243.31,273.31,1946.48,Retail Client,Cash,Completed,ORD822596,Automated migration
2022-05-25,Shock Absorber,Suspension system,8,2654.57,135.75,21236.56,Wholesale Client,Bank Transfer,Completed,ORD822597,Automated migration
2022-05-25,Clutch Kit,Transmission system,1,12085.49,419.87,12085.49,Walk-in Customer,GCash,Completed,ORD822598,Automated migration
2022-05-25,Battery,Electrical system,4,6729.58,308.23,26918.32,Walk-in Customer,GCash,Completed,ORD822599,Automated migration
2022-05-25,Oil Filter,Engine system,8,210.09,465.15,1680.72,Wholesale Client,Bank Transfer,Completed,ORD822600,Automated migration
2022-05-26,Fuel Pump,Fuel system,4,6905.03,401.79,27620.12,Retail Client,Cash,Completed,ORD822601,Automated migration
2022-05-26,Oil Filter,Engine system,2,280.6,339.76,561.2,Retail Client,Check,Completed,ORD822602,Automated migration
2022-05-26,Spark Plug,Ignition system,6,550.12,22.24,3300.72,Retail Client,Cash,Completed,ORD822603,Automated migration
2022-05-26,Alternator,Electrical system,6,10413.83,30.93,62482.98,Walk-in Customer,Check,Completed,ORD822604,Automated migration
2022-05-26,Battery,Electrical system,5,5242.76,487.93,26213.8,Walk-in Customer,GCash,Completed,ORD822605,Automated migration
2022-05-26,Clutch Kit,Transmission system,4,7948.88,299.75,31795.52,Wholesale Client,Check,Completed,ORD822606,Automated migration
2022-05-26,Air Filter,Engine system,0,318.82,0.0,0.0,Walk-in Customer,Bank Transfer,Completed,ORD822607,Automated migration
2022-05-26,Radiator,Cooling system,8,8827.65,125.11,70621.2,Retail Client,Bank Transfer,Completed,ORD822608,Automated migration
2022-05-26,Battery,Electrical system,4,7927.59,370.28,31710.36,Walk-in Customer,Check,Completed,ORD822609,Automated migration
2022-05-26,Shock Absorber,Suspension system,6,2225.01,394.59,13350.06,Wholesale Client,GCash,Completed,ORD822610,Automated migration
2022-05-26,Radiator,Cooling system,5,5541.54,182.09,27707.7,Wholesale Client,Bank Transfer,Completed,ORD822611,Automated migration
2022-05-26,Oil Filter,Engine system,7,295.63,154.26,2069.41,Wholesale Client,GCash,Completed,ORD822612,Automated migration
2022-05-26,Clutch Kit,Transmission system,0,8826.36,0.0,0.0,Retail Client,Bank Transfer,Completed,ORD822613,Automated migration
2022-05-26,Battery,Electrical system,6,7916.4,427.14,47498.4,Retail Client,Check,Completed,ORD822614,Automated migration
2022-05-26,Radiator,Cooling system,0,3650.39,0.0,0.0,Walk-in Customer,Bank Transfer,Completed,ORD822615,Automated migration
2022-05-26,Spark Plug,Ignition system,0,154.12,0.0,0.0,Walk-in Customer,Check,Completed,ORD822616,Automated migration
2022-05-26,Brake Pad,Brake system,1,1602.29,147.06,1602.29,Wholesale Client,Check,Completed,ORD822617,Automated migration
2022-05-27,Shock Absorber,Suspension system,4,3805.56,381.9,15222.24,Walk-in Customer,Cash,Completed,ORD822618,Automated migration
2022-05-27,Air Filter,Engine system,1,215.81,140.47,215.81,Retail Client,Cash,Completed,ORD822619,Automated migration
2022-05-27,Clutch Kit,Transmission system,4,9800.68,258.53,39202.72,Wholesale Client,Cash,Completed,ORD822620,Automated migration
2022-05-27,Clutch Kit,Transmission system,0,5975.13,0.0,0.0,Walk-in Customer,Check,Completed,ORD822621,Automated migration
2022-05-27,Shock Absorber,Suspension system,8,2575.33,437.31,20602.64,Retail Client,Bank Transfer,Completed,ORD822622,Automated migration
2022-05-27,Air Filter,Engine system,4,289.22,497.11,1156.88,Wholesale Client,Bank Transfer,Completed,ORD822623,Automated migration
2022-05-27,Battery,Electrical system,1,4736.37,55.45,4736.37,Retail Client,Cash,Completed,ORD822624,Automated migration
2022-05-27,Clutch Kit,Transmission system,4,7059.27,379.86,28237.08,Wholesale Client,Bank Transfer,Completed,ORD822625,Automated migration
2022-05-27,Battery,Electrical system,5,7482.17,364.75,37410.85,Walk-in Customer,Cash,Completed,ORD822626,Automated migration
2022-05-27,Clutch Kit,Transmission system,5,13763.33,317.78,68816.65,Wholesale Client,Bank Transfer,Completed,ORD822627,Automated migration
2022-05-27,Radiator,Cooling system,2,3740.44,278.75,7480.88,Retail Client,Bank Transfer,Completed,ORD822628,Automated migration
2022-05-27,Fuel Pump,Fuel system,4,2712.17,337.91,10848.68,Wholesale Client,Bank Transfer,Completed,ORD822629,Automated migration
2022-05-27,Fuel Pump,Fuel system,4,5434.93,169.27,21739.72,Retail Client,GCash,Completed,ORD822630,Automated migration
2022-05-27,Alternator,Electrical system,2,11722.32,77.08,23444.64,Walk-in Customer,Check,Completed,ORD822631,Automated migration
2022-05-27,Clutch Kit,Transmission system,7,11139.55,310.4,77976.85,Retail Client,Check,Completed,ORD822632,Automated migration
2022-05-27,Battery,Electrical system,3,5214.48,146.73,15643.44,Walk-in Customer,GCash,Completed,ORD822633,Automated migration
2022-05-27,Brake Pad,Brake system,0,1640.74,0.0,0.0,Walk-in Customer,Check,Completed,ORD822634,Automated migration
2022-05-27,Alternator,Electrical system,7,8768.15,6.31,61377.05,Walk-in Customer,Cash,Completed,ORD822635,Automated migration
2022-05-27,Oil Filter,Engine system,6,340.58,413.35,2043.48,Wholesale Client,Bank Transfer,Completed,ORD822636,Automated migration
2022-05-27,Air Filter,Engine system,6,321.78,396.41,1930.68,Retail Client,Bank Transfer,Completed,ORD822637,Automated migration
2022-05-27,Radiator,Cooling system,3,4986.14,114.76,14958.42,Wholesale Client,Cash,Completed,ORD822638,Automated migration
2022-05-27,Alternator,Electrical system,8,7345.62,436.29,58764.96,Wholesale Client,Check,Completed,ORD822639,Automated migration
2022-05-27,Clutch Kit,Transmission system,1,12583.04,172.67,12583.04,Retail Client,Bank Transfer,Completed,ORD822640,Automated migration
2022-05-28,Fuel Pump,Fuel system,4,3678.49,26.74,14713.96,Walk-in Customer,GCash,Completed,ORD822641,Automated migration
2022-05-28,Alternator,Electrical system,7,10013.84,108.72,70096.88,Walk-in Customer,Cash,Completed,ORD822642,Automated migration
2022-05-28,Fuel Pump,Fuel system,3,5396.42,61.67,16189.26,Walk-in Customer,Check,Completed,ORD822643,Automated migration
2022-05-28,Clutch Kit,Transmission system,6,12235.15,283.95,73410.9,Wholesale Client,GCash,Completed,ORD822644,Automated migration
2022-05-28,Radiator,Cooling system,5,5887.45,351.54,29437.25,Wholesale Client,Cash,Completed,ORD822645,Automated migration
2022-05-28,Shock Absorber,Suspension system,2,3142.07,116.28,6284.14,Retail Client,Check,Completed,ORD822646,Automated migration
2022-05-28,Brake Pad,Brake system,4,1504.06,101.87,6016.24,Walk-in Customer,GCash,Completed,ORD822647,Automated migration
2022-05-28,Brake Pad,Brake system,8,1741.57,284.01,13932.56,Retail Client,GCash,Completed,ORD822648,Automated migration
2022-05-28,Clutch Kit,Transmission system,7,5270.75,459.98,36895.25,Retail Client,GCash,Completed,ORD822649,Automated migration
2022-05-28,Clutch Kit,Transmission system,8,13317.38,355.85,106539.04,Walk-in Customer,GCash,Completed,ORD822650,Automated migration
2022-05-28,Brake Pad,Brake system,1,1303.0,58.49,1303.0,Retail Client,GCash,Completed,ORD822651,Automated migration
2022-05-28,Air Filter,Engine system,0,212.61,0.0,0.0,Walk-in Customer,Check,Completed,ORD822652,Automated migration
2022-05-28,Battery,Electrical system,6,4573.07,455.02,27438.42,Walk-in Customer,Check,Completed,ORD822653,Automated migration
2022-05-28,Alternator,Electrical system,0,9738.71,0.0,0.0,Wholesale Client,GCash,Completed,ORD822654,Automated migration
2022-05-28,Battery,Electrical system,1,5443.82,458.63,5443.82,Retail Client,Bank Transfer,Completed,ORD822655,Automated migration
2022-05-28,Spark Plug,Ignition system,1,415.33,377.56,415.33,Wholesale Client,Bank Transfer,Completed,ORD822656,Automated migration
2022-05-29,Clutch Kit,Transmission system,2,6754.89,154.67,13509.78,Walk-in Customer,Bank Transfer,Completed,ORD822657,Automated migration
2022-05-29,Air Filter,Engine system,0,239.71,0.0,0.0,Retail Client,Check,Completed,ORD822658,Automated migration
2022-05-29,Brake Pad,Brake system,0,2051.13,0.0,0.0,Wholesale Client,Bank Transfer,Completed,ORD822659,Automated migration
2022-05-29,Shock Absorber,Suspension system,1,3491.33,451.47,3491.33,Retail Client,Check,Completed,ORD822660,Automated migration
2022-05-29,Battery,Electrical system,6,5343.36,36.91,32060.16,Walk-in Customer,Check,Completed,ORD822661,Automated migration
2022-05-29,Radiator,Cooling system,1,7253.75,352.04,7253.75,Retail Client,Bank Transfer,Completed,ORD822662,Automated migration
2022-05-29,Shock Absorber,Suspension system,8,3457.69,199.41,27661.52,Walk-in Customer,Bank Transfer,Completed,ORD822663,Automated migration
2022-05-29,Air Filter,Engine system,8,323.04,183.64,2584.32,Walk-in Customer,GCash,Completed,ORD822664,Automated migration
2022-05-29,Battery,Electrical system,8,5011.51,276.98,40092.08,Wholesale Client,Check,Completed,ORD822665,Automated migration
2022-05-29,Battery,Electrical system,7,7924.56,263.98,55471.92,Walk-in Customer,Check,Completed,ORD822666,Automated migration
2022-05-29,Shock Absorber,Suspension system,8,6477.53,330.21,51820.24,Wholesale Client,Cash,Completed,ORD822667,Automated migration
2022-05-29,Air Filter,Engine system,5,360.57,214.38,1802.85,Wholesale Client,Check,Completed,ORD822668,Automated migration
2022-05-29,Oil Filter,Engine system,7,324.2,11.69,2269.4,Walk-in Customer,GCash,Completed,ORD822669,Automated migration
2022-05-29,Air Filter,Engine system,1,226.54,440.59,226.54,Wholesale Client,Check,Completed,ORD822670,Automated migration
2022-05-29,Battery,Electrical system,0,5513.63,0.0,0.0,Retail Client,Cash,Completed,ORD822671,Automated migration
2022-05-29,Brake Pad,Brake system,1,3003.12,180.6,3003.12,Walk-in Customer,Bank Transfer,Completed,ORD822672,Automated migration
2022-05-29,Shock Absorber,Suspension system,7,4056.13,353.03,28392.91,Walk-in Customer,GCash,Completed,ORD822673,Automated migration
2022-05-29,Radiator,Cooling system,6,6612.74,392.03,39676.44,Retail Client,GCash,Completed,ORD822674,Automated migration
2022-05-29,Alternator,Electrical system,6,11699.83,217.87,70198.98,Retail Client,GCash,Completed,ORD822675,Automated migration
2022-05-29,Oil Filter,Engine system,7,183.57,293.82,1284.99,Wholesale Client,Cash,Completed,ORD822676,Automated migration
2022-05-29,Fuel Pump,Fuel system,4,6623.12,52.62,26492.48,Walk-in Customer,Bank Transfer,Completed,ORD822677,Automated migration
2022-05-29,Fuel Pump,Fuel system,7,6250.48,22.69,43753.36,Wholesale Client,GCash,Completed,ORD822678,Automated migration
2022-05-29,Oil Filter,Engine system,2,131.58,434.82,263.16,Wholesale Client,Cash,Completed,ORD822679,Automated migration
2022-05-29,Air Filter,Engine system,1,326.42,109.78,326.42,Walk-in Customer,Bank Transfer,Completed,ORD822680,Automated migration
2022-05-30,Air Filter,Engine system,7,234.34,413.64,1640.38,Wholesale Client,Check,Completed,ORD822681,Automated migration
2022-05-30,Clutch Kit,Transmission system,2,13275.88,305.51,26551.76,Walk-in Customer,Bank Transfer,Completed,ORD822682,Automated migration
2022-05-30,Air Filter,Engine system,1,297.09,325.97,297.09,Walk-in Customer,GCash,Completed,ORD822683,Automated migration
2022-05-30,Radiator,Cooling system,7,4442.22,68.12,31095.54,Wholesale Client,Cash,Completed,ORD822684,Automated migration
2022-05-30,Clutch Kit,Transmission system,5,5056.22,32.96,25281.1,Wholesale Client,Cash,Completed,ORD822685,Automated migration
2022-05-30,Alternator,Electrical system,5,11873.62,305.21,59368.1,Wholesale Client,Cash,Completed,ORD822686,Automated migration
2022-05-30,Fuel Pump,Fuel system,2,4423.32,373.77,8846.64,Retail Client,Bank Transfer,Completed,ORD822687,Automated migration
2022-05-30,Shock Absorber,Suspension system,0,5693.67,0.0,0.0,Retail Client,GCash,Completed,ORD822688,Automated migration
2022-05-30,Air Filter,Engine system,7,214.18,215.09,1499.26,Wholesale Client,Cash,Completed,ORD822689,Automated migration
2022-05-30,Shock Absorber,Suspension system,4,6077.23,414.99,24308.92,Walk-in Customer,Cash,Completed,ORD822690,Automated migration
2022-05-30,Clutch Kit,Transmission system,5,11292.14,113.5,56460.7,Walk-in Customer,GCash,Completed,ORD822691,Automated migration
2022-05-30,Battery,Electrical system,8,6865.42,432.6,54923.36,Wholesale Client,Bank Transfer,Completed,ORD822692,Automated migration
2022-05-30,Oil Filter,Engine system,4,169.76,236.11,679.04,Retail Client,Check,Completed,ORD822693,Automated migration
2022-05-30,Oil Filter,Engine system,8,331.42,488.7,2651.36,Retail Client,Bank Transfer,Completed,ORD822694,Automated migration
2022-05-30,Spark Plug,Ignition system,1,165.98,166.15,165.98,Retail Client,Bank Transfer,Completed,ORD822695,Automated migration
2022-05-30,Spark Plug,Ignition system,2,180.92,446.2,361.84,Retail Client,Bank Transfer,Completed,ORD822696,Automated migration
2022-05-31,Clutch Kit,Transmission system,3,8036.56,459.2,24109.68,Wholesale Client,Cash,Completed,ORD822697,Automated migration
2022-05-31,Radiator,Cooling system,8,5612.53,372.67,44900.24,Wholesale Client,GCash,Completed,ORD822698,Automated migration
2022-05-31,Radiator,Cooling system,4,8585.69,251.69,34342.76,Walk-in Customer,Bank Transfer,Completed,ORD822699,Automated migration
2022-05-31,Fuel Pump,Fuel system,3,4221.81,490.7,12665.43,Walk-in Customer,Bank Transfer,Completed,ORD822700,Automated migration
2022-05-31,Brake Pad,Brake system,8,1309.1,167.0,10472.8,Wholesale Client,Check,Completed,ORD822701,Automated migration
2022-05-31,Air Filter,Engine system,6,272.02,309.94,1632.12,Wholesale Client,Cash,Completed,ORD822702,Automated migration
2022-05-31,Battery,Electrical system,2,5029.95,91.39,10059.9,Retail Client,Cash,Completed,ORD822703,Automated migration
2022-05-31,Fuel Pump,Fuel system,1,2691.27,314.47,2691.27,Wholesale Client,Cash,Completed,ORD822704,Automated migration
2022-05-31,Spark Plug,Ignition system,1,577.97,498.39,577.97,Wholesale Client,Check,Completed,ORD822705,Automated migration
2022-05-31,Oil Filter,Engine system,0,135.58,0.0,0.0,Wholesale Client,Check,Completed,ORD822706,Automated migration
2022-05-31,Air Filter,Engine system,2,233.64,11.9,467.28,Walk-in Customer,Bank Transfer,Completed,ORD822707,Automated migration
2022-05-31,Fuel Pump,Fuel system,4,5643.85,41.58,22575.4,Retail Client,Cash,Completed,ORD822708,Automated migration
2022-05-31,Brake Pad,Brake system,2,2206.8,156.87,4413.6,Walk-in Customer,Bank Transfer,Completed,ORD822709,Automated migration
2022-05-31,Air Filter,Engine system,2,371.99,379.77,743.98,Walk-in Customer,Cash,Completed,ORD822710,Automated migration
2022-05-31,Fuel Pump,Fuel system,1,4017.67,431.41,4017.67,Retail Client,Bank Transfer,Completed,ORD822711,Automated migration
2022-05-31,Shock Absorber,Suspension system,5,2143.96,141.26,10719.8,Wholesale Client,Cash,Completed,ORD822712,Automated migration
2022-06-01,Spark Plug,Ignition system,2,358.66,275.37,717.32,Wholesale Client,Bank Transfer,Completed,ORD822713,Automated migration
2022-06-01,Spark Plug,Ignition system,1,171.67,491.28,171.67,Wholesale Client,GCash,Completed,ORD822714,Automated migration
2022-06-01,Air Filter,Engine system,3,338.01,289.49,1014.03,Retail Client,Bank Transfer,Completed,ORD822715,Automated migration
2022-06-01,Brake Pad,Brake system,0,3220.06,0.0,0.0,Wholesale Client,Cash,Completed,ORD822716,Automated migration
2022-06-01,Alternator,Electrical system,1,9713.81,313.43,9713.81,Retail Client,GCash,Completed,ORD822717,Automated migration
2022-06-01,Oil Filter,Engine system,2,339.96,179.59,679.92,Retail Client,Bank Transfer,Completed,ORD822718,Automated migration
2022-06-01,Brake Pad,Brake system,0,2031.1,0.0,0.0,Retail Client,Cash,Completed,ORD822719,Automated migration
2022-06-01,Battery,Electrical system,7,6846.97,288.8,47928.79,Walk-in Customer,Cash,Completed,ORD822720,Automated migration
2022-06-01,Oil Filter,Engine system,6,335.73,454.42,2014.38,Walk-in Customer,Cash,Completed,ORD822721,Automated migration
2022-06-01,Clutch Kit,Transmission system,6,11454.16,238.75,68724.96,Retail Client,GCash,Completed,ORD822722,Automated migration
2022-06-01,Clutch Kit,Transmission system,4,11249.49,62.65,44997.96,Retail Client,GCash,Completed,ORD822723,Automated migration
2022-06-01,Radiator,Cooling system,5,8171.33,10.26,40856.65,Wholesale Client,Check,Completed,ORD822724,Automated migration
2022-06-01,Battery,Electrical system,2,5670.87,4.02,11341.74,Retail Client,Bank Transfer,Completed,ORD822725,Automated migration
2022-06-01,Alternator,Electrical system,7,8062.58,189.74,56438.06,Wholesale Client,GCash,Completed,ORD822726,Automated migration
2022-06-01,Brake Pad,Brake system,4,1443.27,268.62,5773.08,Retail Client,Cash,Completed,ORD822727,Automated migration
2022-06-01,Oil Filter,Engine system,2,154.71,110.66,309.42,Wholesale Client,Cash,Completed,ORD822728,Automated migration
2022-06-01,Air Filter,Engine system,0,314.26,0.0,0.0,Walk-in Customer,Check,Completed,ORD822729,Automated migration
2022-06-01,Fuel Pump,Fuel system,3,2525.28,382.15,7575.84,Walk-in Customer,Check,Completed,ORD822730,Automated migration
2022-06-01,Spark Plug,Ignition system,0,218.16,0.0,0.0,Retail Client,Cash,Completed,ORD822731,Automated migration
2022-06-01,Battery,Electrical system,7,5099.72,68.04,35698.04,Retail Client,Bank Transfer,Completed,ORD822732,Automated migration
2022-06-01,Shock Absorber,Suspension system,5,5394.07,498.01,26970.35,Walk-in Customer,Check,Completed,ORD822733,Automated migration
2022-06-01,Oil Filter,Engine system,2,121.93,296.71,243.86,Walk-in Customer,Check,Completed,ORD822734,Automated migration
2022-06-01,Brake Pad,Brake system,6,1306.78,476.63,7840.68,Retail Client,Check,Completed,ORD822735,Automated migration
2022-06-02,Air Filter,Engine system,2,291.51,176.86,583.02,Retail Client,Cash,Completed,ORD822736,Automated migration
2022-06-02,Shock Absorber,Suspension system,7,6004.68,347.45,42032.76,Retail Client,Cash,Completed,ORD822737,Automated migration
2022-06-02,Alternator,Electrical system,1,11005.77,420.93,11005.77,Retail Client,Cash,Completed,ORD822738,Automated migration
2022-06-02,Spark Plug,Ignition system,6,465.19,84.12,2791.14,Walk-in Customer,GCash,Completed,ORD822739,Automated migration
2022-06-02,Fuel Pump,Fuel system,8,6035.54,261.13,48284.32,Wholesale Client,Cash,Completed,ORD822740,Automated migration
2022-06-02,Oil Filter,Engine system,1,208.43,386.4,208.43,Walk-in Customer,Check,Completed,ORD822741,Automated migration
2022-06-02,Clutch Kit,Transmission system,5,7990.84,275.3,39954.2,Walk-in Customer,Bank Transfer,Completed,ORD822742,Automated migration
2022-06-02,Shock Absorber,Suspension system,2,5167.9,47.1,10335.8,Walk-in Customer,Cash,Completed,ORD822743,Automated migration
2022-06-02,Fuel Pump,Fuel system,3,4654.38,382.79,13963.14,Walk-in Customer,GCash,Completed,ORD822744,Automated migration
2022-06-02,Clutch Kit,Transmission system,6,10477.91,77.29,62867.46,Walk-in Customer,Check,Completed,ORD822745,Automated migration
2022-06-02,Clutch Kit,Transmission system,4,7985.29,441.03,31941.16,Retail Client,Cash,Completed,ORD822746,Automated migration
2022-06-02,Brake Pad,Brake system,7,1573.78,26.99,11016.46,Walk-in Customer,GCash,Completed,ORD822747,Automated migration
2022-06-02,Clutch Kit,Transmission system,2,10627.45,419.34,21254.9,Retail Client,GCash,Completed,ORD822748,Automated migration
2022-06-02,Air Filter,Engine system,4,217.74,139.37,870.96,Wholesale Client,GCash,Completed,ORD822749,Automated migration
2022-06-02,Clutch Kit,Transmission system,1,5594.35,486.97,5594.35,Wholesale Client,GCash,Completed,ORD822750,Automated migration
2022-06-02,Brake Pad,Brake system,0,1493.44,0.0,0.0,Walk-in Customer,GCash,Completed,ORD822751,Automated migration
2022-06-02,Radiator,Cooling system,2,4314.11,65.6,8628.22,Walk-in Customer,Check,Completed,ORD822752,Automated migration
2022-06-02,Fuel Pump,Fuel system,2,5629.54,51.62,11259.08,Wholesale Client,GCash,Completed,ORD822753,Automated migration
2022-06-02,Brake Pad,Brake system,8,1415.14,167.73,11321.12,Retail Client,Check,Completed,ORD822754,Automated migration
2022-06-02,Battery,Electrical system,3,4014.43,492.18,12043.29,Retail Client,Bank Transfer,Completed,ORD822755,Automated migration
2022-06-02,Shock Absorber,Suspension system,7,4068.19,198.94,28477.33,Walk-in Customer,Cash,Completed,ORD822756,Automated migration
2022-06-02,Brake Pad,Brake system,1,2772.71,325.88,2772.71,Walk-in Customer,Cash,Completed,ORD822757,Automated migration
2022-06-02,Alternator,Electrical system,7,8492.69,432.59,59448.83,Retail Client,GCash,Completed,ORD822758,Automated migration
2022-06-02,Alternator,Electrical system,0,8318.35,0.0,0.0,Walk-in Customer,Bank Transfer,Completed,ORD822759,Automated migration
2022-06-03,Battery,Electrical system,6,4811.01,283.74,28866.06,Retail Client,Cash,Completed,ORD822760,Automated migration
2022-06-03,Shock Absorber,Suspension system,0,4254.89,0.0,0.0,Wholesale Client,Check,Completed,ORD822761,Automated migration
2022-06-03,Battery,Electrical system,6,6302.52,376.57,37815.12,Retail Client,Check,Completed,ORD822762,Automated migration
2022-06-03,Battery,Electrical system,2,4420.56,256.07,8841.12,Wholesale Client,Bank Transfer,Completed,ORD822763,Automated migration
2022-06-03,Air Filter,Engine system,4,316.24,389.4,1264.96,Wholesale Client,Bank Transfer,Completed,ORD822764,Automated migration
2022-06-03,Shock Absorber,Suspension system,6,3761.82,98.17,22570.92,Wholesale Client,GCash,Completed,ORD822765,Automated migration
2022-06-03,Oil Filter,Engine system,6,185.95,151.15,1115.7,Walk-in Customer,Check,Completed,ORD822766,Automated migration
2022-06-03,Shock Absorber,Suspension system,3,2582.64,84.47,7747.92,Retail Client,Check,Completed,ORD822767,Automated migration
2022-06-03,Alternator,Electrical system,4,11843.29,127.86,47373.16,Wholesale Client,GCash,Completed,ORD822768,Automated migration
2022-06-03,Clutch Kit,Transmission system,5,7399.0,75.65,36995.0,Walk-in Customer,Cash,Completed,ORD822769,Automated migration
2022-06-03,Oil Filter,Engine system,1,284.98,465.15,284.98,Retail Client,GCash,Completed,ORD822770,Automated migration
2022-06-03,Alternator,Electrical system,6,8318.35,100.51,49910.1,Wholesale Client,GCash,Completed,ORD822771,Automated migration
2022-06-03,Radiator,Cooling system,7,8844.65,93.33,61912.55,Wholesale Client,Cash,Completed,ORD822772,Automated migration
2022-06-03,Clutch Kit,Transmission system,3,7024.22,130.37,21072.66,Retail Client,Cash,Completed,ORD822773,Automated migration
2022-06-03,Alternator,Electrical system,1,10532.03,182.92,10532.03,Walk-in Customer,Check,Completed,ORD822774,Automated migration
2022-06-03,Air Filter,Engine system,5,396.03,133.54,1980.15,Wholesale Client,Check,Completed,ORD822775,Automated migration
2022-06-03,Shock Absorber,Suspension system,5,5582.3,200.69,27911.5,Walk-in Customer,Bank Transfer,Completed,ORD822776,Automated migration
2022-06-03,Spark Plug,Ignition system,5,585.17,218.29,2925.85,Walk-in Customer,Check,Completed,ORD822777,Automated migration
2022-06-03,Battery,Electrical system,6,8655.97,297.32,51935.82,Walk-in Customer,Check,Completed,ORD822778,Automated migration
2022-06-03,Battery,Electrical system,3,8529.72,63.24,25589.16,Retail Client,Bank Transfer,Completed,ORD822779,Automated migration
2022-06-03,Fuel Pump,Fuel system,0,4909.69,0.0,0.0,Retail Client,Bank Transfer,Completed,ORD822780,Automated migration
2022-06-04,Alternator,Electrical system,5,7926.82,199.55,39634.1,Retail Client,Bank Transfer,Completed,ORD822781,Automated migration
2022-06-04,Oil Filter,Engine system,6,199.27,422.12,1195.62,Retail Client,Cash,Completed,ORD822782,Automated migration
2022-06-04,Air Filter,Engine system,7,374.02,138.09,2618.14,Retail Client,Bank Transfer,Completed,ORD822783,Automated migration
2022-06-04,Radiator,Cooling system,2,5308.84,466.56,10617.68,Wholesale Client,Cash,Completed,ORD822784,Automated migration
2022-06-04,Clutch Kit,Transmission system,3,7230.31,448.63,21690.93,Wholesale Client,Cash,Completed,ORD822785,Automated migration
2022-06-04,Fuel Pump,Fuel system,4,3460.71,404.8,13842.84,Wholesale Client,Check,Completed,ORD822786,Automated migration
2022-06-04,Shock Absorber,Suspension system,3,2469.12,453.73,7407.36,Retail Client,Cash,Completed,ORD822787,Automated migration
2022-06-04,Shock Absorber,Suspension system,8,5698.78,459.88,45590.24,Retail Client,Cash,Completed,ORD822788,Automated migration
2022-06-04,Fuel Pump,Fuel system,8,4509.85,458.08,36078.8,Walk-in Customer,Bank Transfer,Completed,ORD822789,Automated migration
2022-06-04,Brake Pad,Brake system,3,2034.32,484.73,6102.96,Wholesale Client,GCash,Completed,ORD822790,Automated migration
2022-06-04,Clutch Kit,Transmission system,7,7337.85,422.07,51364.95,Walk-in Customer,Check,Completed,ORD822791,Automated migration
2022-06-04,Alternator,Electrical system,7,7969.98,482.44,55789.86,Walk-in Customer,Cash,Completed,ORD822792,Automated migration
2022-06-04,Fuel Pump,Fuel system,2,3501.54,222.35,7003.08,Wholesale Client,GCash,Completed,ORD822793,Automated migration
2022-06-04,Battery,Electrical system,5,6033.69,97.49,30168.45,Retail Client,Cash,Completed,ORD822794,Automated migration
2022-06-04,Air Filter,Engine system,0,385.0,0.0,0.0,Walk-in Customer,Bank Transfer,Completed,ORD822795,Automated migration
2022-06-04,Shock Absorber,Suspension system,8,2282.97,463.79,18263.76,Wholesale Client,Bank Transfer,Completed,ORD822796,Automated migration
2022-06-04,Air Filter,Engine system,0,384.15,0.0,0.0,Wholesale Client,GCash,Completed,ORD822797,Automated migration
2022-06-04,Alternator,Electrical system,4,7931.54,231.56,31726.16,Retail Client,Cash,Completed,ORD822798,Automated migration
2022-06-04,Air Filter,Engine system,4,245.34,286.83,981.36,Retail Client,GCash,Completed,ORD822799,Automated migration
2022-06-04,Clutch Kit,Transmission system,1,9449.39,82.24,9449.39,Retail Client,GCash,Completed,ORD822800,Automated migration
2022-06-05,Battery,Electrical system,5,5755.32,77.09,28776.6,Wholesale Client,GCash,Completed,ORD822801,Automated migration
2022-06-05,Oil Filter,Engine system,2,243.9,315.58,487.8,Wholesale Client,GCash,Completed,ORD822802,Automated migration
2022-06-05,Brake Pad,Brake system,5,3422.63,176.12,17113.15,Walk-in Customer,GCash,Completed,ORD822803,Automated migration
2022-06-05,Brake Pad,Brake system,2,1546.79,346.61,3093.58,Wholesale Client,GCash,Completed,ORD822804,Automated migration
2022-06-05,Clutch Kit,Transmission system,2,5012.82,181.8,10025.64,Wholesale Client,GCash,Completed,ORD822805,Automated migration
2022-06-05,Spark Plug,Ignition system,2,251.99,213.41,503.98,Walk-in Customer,Bank Transfer,Completed,ORD822806,Automated migration
2022-06-05,Shock Absorber,Suspension system,6,2412.37,24.48,14474.22,Wholesale Client,Cash,Completed,ORD822807,Automated migration
2022-06-05,Battery,Electrical system,7,7939.56,60.4,55576.92,Walk-in Customer,GCash,Completed,ORD822808,Automated migration
2022-06-05,Battery,Electrical system,0,4493.35,0.0,0.0,Wholesale Client,Cash,Completed,ORD822809,Automated migration
2022-06-05,Battery,Electrical system,1,5771.1,422.66,5771.1,Walk-in Customer,GCash,Completed,ORD822810,Automated migration
2022-06-05,Alternator,Electrical system,7,10331.1,420.91,72317.7,Wholesale Client,Bank Transfer,Completed,ORD822811,Automated migration
2022-06-05,Battery,Electrical system,7,5001.52,221.31,35010.64,Wholesale Client,GCash,Completed,ORD822812,Automated migration
2022-06-05,Spark Plug,Ignition system,3,591.97,491.24,1775.91,Retail Client,GCash,Completed,ORD822813,Automated migration
2022-06-05,Alternator,Electrical system,4,8268.78,76.98,33075.12,Walk-in Customer,GCash,Completed,ORD822814,Automated migration
2022-06-05,Brake Pad,Brake system,5,2131.56,188.51,10657.8,Walk-in Customer,Bank Transfer,Completed,ORD822815,Automated migration
2022-06-06,Air Filter,Engine system,6,248.45,448.54,1490.7,Walk-in Customer,Check,Completed,ORD822816,Automated migration
2022-06-06,Alternator,Electrical system,1,9657.86,135.78,9657.86,Walk-in Customer,Check,Completed,ORD822817,Automated migration
2022-06-06,Alternator,Electrical system,3,7031.56,334.5,21094.68,Retail Client,Bank Transfer,Completed,ORD822818,Automated migration
2022-06-06,Clutch Kit,Transmission system,5,6336.47,444.24,31682.35,Retail Client,GCash,Completed,ORD822819,Automated migration
2022-06-06,Brake Pad,Brake system,6,2720.53,254.36,16323.18,Wholesale Client,Check,Completed,ORD822820,Automated migration
2022-06-06,Oil Filter,Engine system,7,264.21,193.06,1849.47,Wholesale Client,Bank Transfer,Completed,ORD822821,Automated migration
2022-06-06,Air Filter,Engine system,5,263.68,284.34,1318.4,Retail Client,Cash,Completed,ORD822822,Automated migration
2022-06-06,Alternator,Electrical system,6,11886.77,133.83,71320.62,Retail Client,Bank Transfer,Completed,ORD822823,Automated migration
2022-06-06,Battery,Electrical system,4,4084.53,466.67,16338.12,Retail Client,Check,Completed,ORD822824,Automated migration
2022-06-06,Oil Filter,Engine system,5,212.71,248.33,1063.55,Retail Client,Cash,Completed,ORD822825,Automated migration
2022-06-06,Air Filter,Engine system,2,203.63,84.36,407.26,Retail Client,Cash,Completed,ORD822826,Automated migration
2022-06-06,Oil Filter,Engine system,7,124.02,364.48,868.14,Retail Client,GCash,Completed,ORD822827,Automated migration
2022-06-06,Alternator,Electrical system,3,9857.87,375.95,29573.61,Wholesale Client,Check,Completed,ORD822828,Automated migration
2022-06-06,Clutch Kit,Transmission system,7,8653.85,283.2,60576.95,Walk-in Customer,Check,Completed,ORD822829,Automated migration
2022-06-06,Alternator,Electrical system,2,9131.81,446.6,18263.62,Retail Client,Cash,Completed,ORD822830,Automated migration
2022-06-06,Brake Pad,Brake system,7,2699.68,337.48,18897.76,Retail Client,Check,Completed,ORD822831,Automated migration
2022-06-06,Oil Filter,Engine system,8,233.69,237.58,1869.52,Walk-in Customer,Check,Completed,ORD822832,Automated migration
2022-06-07,Spark Plug,Ignition system,4,241.36,301.31,965.44,Walk-in Customer,Check,Completed,ORD822833,Automated migration
2022-06-07,Radiator,Cooling system,3,3185.26,256.25,9555.78,Walk-in Customer,Bank Transfer,Completed,ORD822834,Automated migration
2022-06-07,Spark Plug,Ignition system,1,215.13,79.27,215.13,Walk-in Customer,Cash,Completed,ORD822835,Automated migration
2022-06-07,Air Filter,Engine system,5,297.26,189.07,1486.3,Wholesale Client,Check,Completed,ORD822836,Automated migration
2022-06-07,Shock Absorber,Suspension system,0,5199.35,0.0,0.0,Retail Client,GCash,Completed,ORD822837,Automated migration
2022-06-07,Clutch Kit,Transmission system,7,8560.79,154.59,59925.53,Walk-in Customer,Check,Completed,ORD822838,Automated migration
2022-06-07,Battery,Electrical system,4,6861.98,296.54,27447.92,Wholesale Client,Cash,Completed,ORD822839,Automated migration
2022-06-07,Spark Plug,Ignition system,6,550.74,213.32,3304.44,Retail Client,Bank Transfer,Completed,ORD822840,Automated migration
2022-06-07,Air Filter,Engine system,0,281.34,0.0,0.0,Wholesale Client,Bank Transfer,Completed,ORD822841,Automated migration
2022-06-07,Shock Absorber,Suspension system,3,2169.36,369.56,6508.08,Wholesale Client,Check,Completed,ORD822842,Automated migration
2022-06-07,Shock Absorber,Suspension system,7,2355.85,441.37,16490.95,Walk-in Customer,Bank Transfer,Completed,ORD822843,Automated migration
2022-06-07,Oil Filter,Engine system,6,155.69,102.94,934.14,Walk-in Customer,Bank Transfer,Completed,ORD822844,Automated migration
2022-06-07,Air Filter,Engine system,2,273.6,55.06,547.2,Walk-in Customer,GCash,Completed,ORD822845,Automated migration
2022-06-07,Battery,Electrical system,3,6132.83,117.39,18398.49,Retail Client,Bank Transfer,Completed,ORD822846,Automated migration
2022-06-07,Clutch Kit,Transmission system,8,12564.46,381.73,100515.68,Walk-in Customer,Check,Completed,ORD822847,Automated migration
2022-06-08,Battery,Electrical system,6,5240.07,486.19,31440.42,Wholesale Client,Bank Transfer,Completed,ORD822848,Automated migration
2022-06-08,Radiator,Cooling system,4,7713.39,395.85,30853.56,Wholesale Client,Cash,Completed,ORD822849,Automated migration
2022-06-08,Oil Filter,Engine system,3,288.25,121.23,864.75,Walk-in Customer,Bank Transfer,Completed,ORD822850,Automated migration
2022-06-08,Oil Filter,Engine system,7,171.27,287.46,1198.89,Wholesale Client,Check,Completed,ORD822851,Automated migration
2022-06-08,Air Filter,Engine system,8,351.81,418.39,2814.48,Walk-in Customer,GCash,Completed,ORD822852,Automated migration
2022-06-08,Spark Plug,Ignition system,0,416.99,0.0,0.0,Walk-in Customer,Check,Completed,ORD822853,Automated migration
2022-06-08,Oil Filter,Engine system,7,280.89,109.26,1966.23,Walk-in Customer,Bank Transfer,Completed,ORD822854,Automated migration
2022-06-08,Spark Plug,Ignition system,2,196.63,3.99,393.26,Walk-in Customer,Check,Completed,ORD822855,Automated migration
2022-06-08,Air Filter,Engine system,2,223.03,239.37,446.06,Retail Client,Check,Completed,ORD822856,Automated migration
2022-06-08,Radiator,Cooling system,8,5086.49,143.53,40691.92,Walk-in Customer,Check,Completed,ORD822857,Automated migration
2022-06-08,Fuel Pump,Fuel system,7,6101.59,65.96,42711.13,Retail Client,Cash,Completed,ORD822858,Automated migration
2022-06-08,Air Filter,Engine system,0,260.35,0.0,0.0,Walk-in Customer,Check,Completed,ORD822859,Automated migration
2022-06-08,Battery,Electrical system,1,4741.91,305.47,4741.91,Walk-in Customer,Cash,Completed,ORD822860,Automated migration
2022-06-08,Brake Pad,Brake system,5,1445.26,389.39,7226.3,Retail Client,Check,Completed,ORD822861,Automated migration
2022-06-08,Battery,Electrical system,5,6643.83,297.45,33219.15,Retail Client,Bank Transfer,Completed,ORD822862,Automated migration
2022-06-08,Shock Absorber,Suspension system,0,4499.2,0.0,0.0,Wholesale Client,Cash,Completed,ORD822863,Automated migration
2022-06-09,Radiator,Cooling system,5,6315.3,94.58,31576.5,Walk-in Customer,Bank Transfer,Completed,ORD822864,Automated migration
2022-06-09,Battery,Electrical system,3,4423.21,111.41,13269.63,Walk-in Customer,Bank Transfer,Completed,ORD822865,Automated migration
2022-06-09,Spark Plug,Ignition system,4,550.61,95.25,2202.44,Wholesale Client,GCash,Completed,ORD822866,Automated migration
2022-06-09,Air Filter,Engine system,3,238.98,228.76,716.94,Retail Client,Bank Transfer,Completed,ORD822867,Automated migration
2022-06-09,Spark Plug,Ignition system,1,158.42,116.0,158.42,Wholesale Client,Check,Completed,ORD822868,Automated migration
2022-06-09,Clutch Kit,Transmission system,0,5294.03,0.0,0.0,Walk-in Customer,Bank Transfer,Completed,ORD822869,Automated migration
2022-06-09,Oil Filter,Engine system,4,195.36,291.28,781.44,Retail Client,GCash,Completed,ORD822870,Automated migration
2022-06-09,Shock Absorber,Suspension system,7,6001.71,32.21,42011.97,Wholesale Client,GCash,Completed,ORD822871,Automated migration
2022-06-09,Radiator,Cooling system,3,8048.83,29.22,24146.49,Retail Client,Bank Transfer,Completed,ORD822872,Automated migration
2022-06-09,Brake Pad,Brake system,2,3074.65,304.75,6149.3,Wholesale Client,Check,Completed,ORD822873,Automated migration
2022-06-09,Fuel Pump,Fuel system,2,4518.05,168.39,9036.1,Retail Client,GCash,Completed,ORD822874,Automated migration
2022-06-09,Brake Pad,Brake system,8,3486.24,311.8,27889.92,Retail Client,Cash,Completed,ORD822875,Automated migration
2022-06-09,Air Filter,Engine system,2,266.04,286.81,532.08,Retail Client,GCash,Completed,ORD822876,Automated migration
2022-06-10,Spark Plug,Ignition system,0,248.76,0.0,0.0,Wholesale Client,Check,Completed,ORD822877,Automated migration
2022-06-10,Shock Absorber,Suspension system,1,5303.28,61.43,5303.28,Wholesale Client,Check,Completed,ORD822878,Automated migration
2022-06-10,Air Filter,Engine system,7,371.18,71.0,2598.26,Wholesale Client,Bank Transfer,Completed,ORD822879,Automated migration
2022-06-10,Spark Plug,Ignition system,0,228.1,0.0,0.0,Walk-in Customer,Bank Transfer,Completed,ORD822880,Automated migration
2022-06-10,Air Filter,Engine system,1,388.31,86.52,388.31,Retail Client,Bank Transfer,Completed,ORD822881,Automated migration
2022-06-10,Brake Pad,Brake system,3,1266.8,135.43,3800.4,Retail Client,Cash,Completed,ORD822882,Automated migration
2022-06-10,Clutch Kit,Transmission system,4,9126.07,473.27,36504.28,Walk-in Customer,Cash,Completed,ORD822883,Automated migration
2022-06-10,Shock Absorber,Suspension system,2,6309.25,330.96,12618.5,Retail Client,Bank Transfer,Completed,ORD822884,Automated migration
2022-06-10,Fuel Pump,Fuel system,0,4477.06,0.0,0.0,Walk-in Customer,Check,Completed,ORD822885,Automated migration
2022-06-10,Clutch Kit,Transmission system,7,11566.83,479.22,80967.81,Wholesale Client,Check,Completed,ORD822886,Automated migration
2022-06-10,Radiator,Cooling system,6,3635.23,393.33,21811.38,Walk-in Customer,GCash,Completed,ORD822887,Automated migration
2022-06-10,Air Filter,Engine system,6,271.95,270.81,1631.7,Walk-in Customer,Check,Completed,ORD822888,Automated migration
2022-06-11,Shock Absorber,Suspension system,2,3527.65,436.1,7055.3,Retail Client,GCash,Completed,ORD822889,Automated migration
2022-06-11,Fuel Pump,Fuel system,0,6111.99,0.0,0.0,Walk-in Customer,Bank Transfer,Completed,ORD822890,Automated migration
2022-06-11,Battery,Electrical system,8,5408.74,127.36,43269.92,Walk-in Customer,GCash,Completed,ORD822891,Automated migration
2022-06-11,Shock Absorber,Suspension system,3,4822.4,225.68,14467.2,Retail Client,GCash,Completed,ORD822892,Automated migration
2022-06-11,Brake Pad,Brake system,1,1397.69,23.57,1397.69,Walk-in Customer,Check,Completed,ORD822893,Automated migration
2022-06-11,Spark Plug,Ignition system,5,592.13,276.4,2960.65,Walk-in Customer,Cash,Completed,ORD822894,Automated migration
2022-06-11,Shock Absorber,Suspension system,0,5883.29,0.0,0.0,Wholesale Client,Bank Transfer,Completed,ORD822895,Automated migration
2022-06-11,Spark Plug,Ignition system,2,308.63,293.88,617.26,Walk-in Customer,Bank Transfer,Completed,ORD822896,Automated migration
2022-06-11,Brake Pad,Brake system,5,2891.0,448.7,14455.0,Retail Client,Check,Completed,ORD822897,Automated migration
2022-06-11,Brake Pad,Brake system,2,1526.84,246.11,3053.68,Wholesale Client,Bank Transfer,Completed,ORD822898,Automated migration
2022-06-11,Spark Plug,Ignition system,8,354.48,81.77,2835.84,Wholesale Client,Bank Transfer,Completed,ORD822899,Automated migration
2022-06-11,Brake Pad,Brake system,1,2064.07,188.44,2064.07,Wholesale Client,Bank Transfer,Completed,ORD822900,Automated migration
2022-06-11,Spark Plug,Ignition system,3,483.02,0.75,1449.06,Walk-in Customer,GCash,Completed,ORD822901,Automated migration
2022-06-11,Radiator,Cooling system,4,4812.25,438.6,19249.0,Retail Client,Bank Transfer,Completed,ORD822902,Automated migration
2022-06-11,Clutch Kit,Transmission system,5,5105.69,232.31,25528.45,Retail Client,Cash,Completed,ORD822903,Automated migration
2022-06-11,Oil Filter,Engine system,6,291.49,342.18,1748.94,Retail Client,Bank Transfer,Completed,ORD822904,Automated migration
2022-06-11,Shock Absorber,Suspension system,7,3158.2,351.0,22107.4,Retail Client,Check,Completed,ORD822905,Automated migration
2022-06-11,Spark Plug,Ignition system,2,576.43,298.87,1152.86,Wholesale Client,Check,Completed,ORD822906,Automated migration
2022-06-11,Radiator,Cooling system,2,5714.1,249.0,11428.2,Wholesale Client,GCash,Completed,ORD822907,Automated migration
2022-06-11,Fuel Pump,Fuel system,2,2578.92,40.28,5157.84,Wholesale Client,Bank Transfer,Completed,ORD822908,Automated migration
2022-06-11,Brake Pad,Brake system,2,1263.89,184.44,2527.78,Walk-in Customer,GCash,Completed,ORD822909,Automated migration
2022-06-11,Oil Filter,Engine system,4,129.26,161.29,517.04,Wholesale Client,GCash,Completed,ORD822910,Automated migration
2022-06-11,Brake Pad,Brake system,5,1926.35,332.42,9631.75,Walk-in Customer,Check,Completed,ORD822911,Automated migration
2022-06-11,Battery,Electrical system,3,6316.36,360.1,18949.08,Retail Client,Check,Completed,ORD822912,Automated migration
2022-06-12,Oil Filter,Engine system,4,266.02,476.98,1064.08,Retail Client,Check,Completed,ORD822913,Automated migration
2022-06-12,Alternator,Electrical system,5,10316.23,311.75,51581.15,Retail Client,Bank Transfer,Completed,ORD822914,Automated migration
2022-06-12,Spark Plug,Ignition system,3,475.73,111.52,1427.19,Walk-in Customer,Cash,Completed,ORD822915,Automated migration
2022-06-12,Radiator,Cooling system,8,8110.01,112.22,64880.08,Retail Client,Cash,Completed,ORD822916,Automated migration
2022-06-12,Brake Pad,Brake system,2,1417.03,414.42,2834.06,Retail Client,Bank Transfer,Completed,ORD822917,Automated migration
2022-06-12,Clutch Kit,Transmission system,1,11401.06,269.16,11401.06,Wholesale Client,Check,Completed,ORD822918,Automated migration
2022-06-12,Battery,Electrical system,4,8468.15,51.99,33872.6,Walk-in Customer,Cash,Completed,ORD822919,Automated migration
2022-06-12,Radiator,Cooling system,8,6223.4,194.73,49787.2,Wholesale Client,GCash,Completed,ORD822920,Automated migration
2022-06-12,Air Filter,Engine system,6,235.53,464.03,1413.18,Wholesale Client,Check,Completed,ORD822921,Automated migration
2022-06-12,Spark Plug,Ignition system,5,384.35,387.97,1921.75,Wholesale Client,Check,Completed,ORD822922,Automated migration
2022-06-12,Battery,Electrical system,4,7875.35,59.38,31501.4,Wholesale Client,GCash,Completed,ORD822923,Automated migration
2022-06-12,Radiator,Cooling system,2,3670.76,70.45,7341.52,Wholesale Client,GCash,Completed,ORD822924,Automated migration
2022-06-12,Alternator,Electrical system,3,7915.11,152.82,23745.33,Retail Client,Cash,Completed,ORD822925,Automated migration
2022-06-12,Brake Pad,Brake system,4,2423.36,397.92,9693.44,Retail Client,Bank Transfer,Completed,ORD822926,Automated migration
2022-06-12,Clutch Kit,Transmission system,1,5810.43,431.35,5810.43,Wholesale Client,GCash,Completed,ORD822927,Automated migration
2022-06-12,Oil Filter,Engine system,4,243.84,263.42,975.36,Walk-in Customer,GCash,Completed,ORD822928,Automated migration
2022-06-12,Alternator,Electrical system,8,7099.51,109.67,56796.08,Wholesale Client,Check,Completed,ORD822929,Automated migration
2022-06-12,Air Filter,Engine system,2,341.25,31.19,682.5,Wholesale Client,GCash,Completed,ORD822930,Automated migration
2022-06-12,Clutch Kit,Transmission system,5,6740.53,198.01,33702.65,Retail Client,Cash,Completed,ORD822931,Automated migration
2022-06-12,Air Filter,Engine system,5,361.92,135.08,1809.6,Walk-in Customer,GCash,Completed,ORD822932,Automated migration
2022-06-12,Fuel Pump,Fuel system,8,5601.01,462.45,44808.08,Walk-in Customer,GCash,Completed,ORD822933,Automated migration
2022-06-12,Air Filter,Engine system,7,279.62,348.75,1957.34,Retail Client,Check,Completed,ORD822934,Automated migration
2022-06-12,Spark Plug,Ignition system,3,229.79,277.91,689.37,Retail Client,Check,Completed,ORD822935,Automated migration
2022-06-12,Spark Plug,Ignition system,7,333.38,373.49,2333.66,Walk-in Customer,Bank Transfer,Completed,ORD822936,Automated migration
2022-06-12,Clutch Kit,Transmission system,6,6593.3,227.44,39559.8,Retail Client,Check,Completed,ORD822937,Automated migration
2022-06-13,Alternator,Electrical system,0,11865.74,0.0,0.0,Retail Client,GCash,Completed,ORD822938,Automated migration
2022-06-13,Spark Plug,Ignition system,3,472.6,76.18,1417.8,Walk-in Customer,GCash,Completed,ORD822939,Automated migration
2022-06-13,Brake Pad,Brake system,7,2895.5,364.16,20268.5,Retail Client,Check,Completed,ORD822940,Automated migration
2022-06-13,Air Filter,Engine system,6,390.53,241.14,2343.18,Wholesale Client,Cash,Completed,ORD822941,Automated migration
2022-06-13,Battery,Electrical system,5,8127.61,83.52,40638.05,Walk-in Customer,Cash,Completed,ORD822942,Automated migration
2022-06-13,Spark Plug,Ignition system,1,429.53,233.54,429.53,Wholesale Client,Check,Completed,ORD822943,Automated migration
2022-06-13,Shock Absorber,Suspension system,8,5126.57,176.17,41012.56,Walk-in Customer,Check,Completed,ORD822944,Automated migration
2022-06-13,Clutch Kit,Transmission system,4,8149.49,248.74,32597.96,Walk-in Customer,Cash,Completed,ORD822945,Automated migration
2022-06-13,Battery,Electrical system,6,5843.2,476.67,35059.2,Wholesale Client,Check,Completed,ORD822946,Automated migration
2022-06-13,Oil Filter,Engine system,5,243.69,47.1,1218.45,Wholesale Client,Check,Completed,ORD822947,Automated migration
2022-06-13,Radiator,Cooling system,8,6559.06,445.55,52472.48,Retail Client,Bank Transfer,Completed,ORD822948,Automated migration
2022-06-13,Spark Plug,Ignition system,4,452.02,314.14,1808.08,Retail Client,Check,Completed,ORD822949,Automated migration
2022-06-13,Brake Pad,Brake system,0,2223.62,0.0,0.0,Walk-in Customer,Check,Completed,ORD822950,Automated migration
2022-06-13,Oil Filter,Engine system,6,205.76,494.23,1234.56,Wholesale Client,Cash,Completed,ORD822951,Automated migration
2022-06-13,Oil Filter,Engine system,6,221.11,281.22,1326.66,Walk-in Customer,Check,Completed,ORD822952,Automated migration
2022-06-13,Shock Absorber,Suspension system,4,4516.17,342.79,18064.68,Walk-in Customer,Bank Transfer,Completed,ORD822953,Automated migration
2022-06-13,Radiator,Cooling system,1,8721.65,96.77,8721.65,Walk-in Customer,Bank Transfer,Completed,ORD822954,Automated migration
2022-06-13,Battery,Electrical system,7,5212.66,419.45,36488.62,Walk-in Customer,Bank Transfer,Completed,ORD822955,Automated migration
2022-06-13,Battery,Electrical system,8,8042.14,53.41,64337.12,Wholesale Client,Bank Transfer,Completed,ORD822956,Automated migration
2022-06-13,Radiator,Cooling system,4,4896.22,396.17,19584.88,Retail Client,Check,Completed,ORD822957,Automated migration
2022-06-13,Fuel Pump,Fuel system,2,3032.2,443.81,6064.4,Retail Client,GCash,Completed,ORD822958,Automated migration
2022-06-13,Brake Pad,Brake system,7,1289.89,200.11,9029.23,Walk-in Customer,Cash,Completed,ORD822959,Automated migration
2022-06-13,Clutch Kit,Transmission system,2,7435.04,416.78,14870.08,Wholesale Client,Cash,Completed,ORD822960,Automated migration
2022-06-13,Air Filter,Engine system,8,375.45,286.57,3003.6,Retail Client,Cash,Completed,ORD822961,Automated migration
2022-06-14,Radiator,Cooling system,8,6306.39,309.43,50451.12,Walk-in Customer,Check,Completed,ORD822962,Automated migration
2022-06-14,Alternator,Electrical system,8,8738.16,492.12,69905.28,Retail Client,Cash,Completed,ORD822963,Automated migration
2022-06-14,Shock Absorber,Suspension system,5,6118.39,23.62,30591.95,Retail Client,Cash,Completed,ORD822964,Automated migration
2022-06-14,Battery,Electrical system,6,4509.11,444.3,27054.66,Walk-in Customer,Bank Transfer,Completed,ORD822965,Automated migration
2022-06-14,Air Filter,Engine system,5,277.48,48.55,1387.4,Wholesale Client,GCash,Completed,ORD822966,Automated migration
2022-06-14,Clutch Kit,Transmission system,4,8887.94,284.74,35551.76,Walk-in Customer,Check,Completed,ORD822967,Automated migration
2022-06-14,Alternator,Electrical system,8,9360.52,207.22,74884.16,Walk-in Customer,Cash,Completed,ORD822968,Automated migration
2022-06-14,Alternator,Electrical system,3,9138.63,444.28,27415.89,Retail Client,Cash,Completed,ORD822969,Automated migration
2022-06-14,Radiator,Cooling system,4,4818.1,484.46,19272.4,Retail Client,Cash,Completed,ORD822970,Automated migration
2022-06-14,Shock Absorber,Suspension system,4,4993.69,477.35,19974.76,Walk-in Customer,Check,Completed,ORD822971,Automated migration
2022-06-14,Brake Pad,Brake system,4,3362.0,188.91,13448.0,Retail Client,Cash,Completed,ORD822972,Automated migration
2022-06-14,Fuel Pump,Fuel system,6,6425.09,68.46,38550.54,Wholesale Client,GCash,Completed,ORD822973,Automated migration
2022-06-14,Brake Pad,Brake system,1,2600.67,165.89,2600.67,Retail Client,Bank Transfer,Completed,ORD822974,Automated migration
2022-06-14,Air Filter,Engine system,4,299.78,240.2,1199.12,Wholesale Client,Bank Transfer,Completed,ORD822975,Automated migration
2022-06-14,Fuel Pump,Fuel system,5,5187.79,300.39,25938.95,Wholesale Client,GCash,Completed,ORD822976,Automated migration
2022-06-14,Spark Plug,Ignition system,8,251.35,3.05,2010.8,Retail Client,GCash,Completed,ORD822977,Automated migration
2022-06-14,Fuel Pump,Fuel system,5,3481.73,83.11,17408.65,Walk-in Customer,Cash,Completed,ORD822978,Automated migration
2022-06-14,Spark Plug,Ignition system,6,207.48,92.42,1244.88,Retail Client,Cash,Completed,ORD822979,Automated migration
2022-06-14,Spark Plug,Ignition system,2,434.99,231.66,869.98,Retail Client,Check,Completed,ORD822980,Automated migration
2022-06-15,Clutch Kit,Transmission system,3,10557.37,277.84,31672.11,Walk-in Customer,Bank Transfer,Completed,ORD822981,Automated migration
2022-06-15,Brake Pad,Brake system,2,2544.25,152.64,5088.5,Walk-in Customer,Bank Transfer,Completed,ORD822982,Automated migration
2022-06-15,Fuel Pump,Fuel system,1,4327.36,488.75,4327.36,Wholesale Client,Check,Completed,ORD822983,Automated migration
2022-06-15,Oil Filter,Engine system,1,212.16,27.37,212.16,Retail Client,Cash,Completed,ORD822984,Automated migration
2022-06-15,Radiator,Cooling system,1,4549.96,227.05,4549.96,Wholesale Client,Check,Completed,ORD822985,Automated migration
2022-06-15,Fuel Pump,Fuel system,3,4104.8,70.57,12314.4,Wholesale Client,Bank Transfer,Completed,ORD822986,Automated migration
2022-06-15,Shock Absorber,Suspension system,1,3603.83,150.14,3603.83,Walk-in Customer,Check,Completed,ORD822987,Automated migration
2022-06-15,Radiator,Cooling system,4,8084.43,301.52,32337.72,Retail Client,Bank Transfer,Completed,ORD822988,Automated migration
2022-06-15,Shock Absorber,Suspension system,8,4404.42,111.12,35235.36,Retail Client,GCash,Completed,ORD822989,Automated migration
2022-06-15,Alternator,Electrical system,1,10441.9,119.82,10441.9,Walk-in Customer,GCash,Completed,ORD822990,Automated migration
2022-06-15,Air Filter,Engine system,8,294.89,267.47,2359.12,Retail Client,Cash,Completed,ORD822991,Automated migration
2022-06-15,Brake Pad,Brake system,7,2449.6,98.15,17147.2,Wholesale Client,Check,Completed,ORD822992,Automated migration
2022-06-15,Fuel Pump,Fuel system,1,3910.57,61.11,3910.57,Walk-in Customer,Bank Transfer,Completed,ORD822993,Automated migration
2022-06-15,Fuel Pump,Fuel system,3,6669.62,364.47,20008.86,Wholesale Client,Cash,Completed,ORD822994,Automated migration
2022-06-15,Clutch Kit,Transmission system,1,8206.16,342.78,8206.16,Retail Client,Bank Transfer,Completed,ORD822995,Automated migration
2022-06-15,Battery,Electrical system,7,4438.11,239.6,31066.77,Walk-in Customer,Check,Completed,ORD822996,Automated migration
2022-06-15,Oil Filter,Engine system,6,247.21,32.65,1483.26,Wholesale Client,GCash,Completed,ORD822997,Automated migration
2022-06-15,Battery,Electrical system,2,6938.3,287.8,13876.6,Wholesale Client,Check,Completed,ORD822998,Automated migration
2022-06-15,Fuel Pump,Fuel system,0,5243.16,0.0,0.0,Walk-in Customer,Cash,Completed,ORD822999,Automated migration
2022-06-15,Alternator,Electrical system,0,9661.33,0.0,0.0,Walk-in Customer,Bank Transfer,Completed,ORD823000,Automated migration
2022-06-16,Oil Filter,Engine system,0,232.82,0.0,0.0,Retail Client,Bank Transfer,Completed,ORD823001,Automated migration
2022-06-16,Alternator,Electrical system,1,9701.51,204.8,9701.51,Walk-in Customer,Bank Transfer,Completed,ORD823002,Automated migration
2022-06-16,Brake Pad,Brake system,4,2096.68,368.06,8386.72,Walk-in Customer,Bank Transfer,Completed,ORD823003,Automated migration
2022-06-16,Oil Filter,Engine system,5,209.51,280.52,1047.55,Wholesale Client,Check,Completed,ORD823004,Automated migration
2022-06-16,Oil Filter,Engine system,5,288.56,63.21,1442.8,Walk-in Customer,Cash,Completed,ORD823005,Automated migration
2022-06-16,Brake Pad,Brake system,2,1364.35,372.6,2728.7,Wholesale Client,Cash,Completed,ORD823006,Automated migration
2022-06-16,Radiator,Cooling system,8,6242.69,319.65,49941.52,Wholesale Client,Cash,Completed,ORD823007,Automated migration
2022-06-16,Air Filter,Engine system,5,350.12,264.56,1750.6,Wholesale Client,Bank Transfer,Completed,ORD823008,Automated migration
2022-06-16,Radiator,Cooling system,3,5552.72,380.27,16658.16,Retail Client,Check,Completed,ORD823009,Automated migration
2022-06-16,Alternator,Electrical system,2,10630.6,319.1,21261.2,Retail Client,Bank Transfer,Completed,ORD823010,Automated migration
2022-06-16,Clutch Kit,Transmission system,1,11978.25,289.06,11978.25,Walk-in Customer,Check,Completed,ORD823011,Automated migration
2022-06-16,Radiator,Cooling system,5,6458.63,443.75,32293.15,Retail Client,GCash,Completed,ORD823012,Automated migration
2022-06-16,Shock Absorber,Suspension system,7,4596.91,185.2,32178.37,Retail Client,Check,Completed,ORD823013,Automated migration
2022-06-16,Oil Filter,Engine system,3,155.25,394.66,465.75,Retail Client,Bank Transfer,Completed,ORD823014,Automated migration
2022-06-16,Shock Absorber,Suspension system,0,5459.61,0.0,0.0,Walk-in Customer,Bank Transfer,Completed,ORD823015,Automated migration
2022-06-17,Battery,Electrical system,0,7730.64,0.0,0.0,Retail Client,Cash,Completed,ORD823016,Automated migration
2022-06-17,Oil Filter,Engine system,1,102.61,479.26,102.61,Walk-in Customer,GCash,Completed,ORD823017,Automated migration
2022-06-17,Radiator,Cooling system,2,6877.91,157.57,13755.82,Retail Client,GCash,Completed,ORD823018,Automated migration
2022-06-17,Air Filter,Engine system,0,338.02,0.0,0.0,Wholesale Client,Cash,Completed,ORD823019,Automated migration
2022-06-17,Air Filter,Engine system,4,265.55,439.66,1062.2,Wholesale Client,GCash,Completed,ORD823020,Automated migration
2022-06-17,Spark Plug,Ignition system,6,181.36,171.63,1088.16,Walk-in Customer,Check,Completed,ORD823021,Automated migration
2022-06-17,Battery,Electrical system,6,4699.3,219.94,28195.8,Retail Client,Bank Transfer,Completed,ORD823022,Automated migration
2022-06-17,Oil Filter,Engine system,3,152.25,121.0,456.75,Walk-in Customer,Cash,Completed,ORD823023,Automated migration
2022-06-17,Fuel Pump,Fuel system,8,3947.91,436.91,31583.28,Wholesale Client,Cash,Completed,ORD823024,Automated migration
2022-06-17,Radiator,Cooling system,7,6993.95,42.97,48957.65,Wholesale Client,Check,Completed,ORD823025,Automated migration
2022-06-17,Spark Plug,Ignition system,7,405.64,178.53,2839.48,Retail Client,Cash,Completed,ORD823026,Automated migration
2022-06-17,Radiator,Cooling system,3,5357.32,339.42,16071.96,Retail Client,GCash,Completed,ORD823027,Automated migration
2022-06-17,Shock Absorber,Suspension system,7,2817.7,14.09,19723.9,Retail Client,Check,Completed,ORD823028,Automated migration
2022-06-17,Battery,Electrical system,0,5715.58,0.0,0.0,Retail Client,Bank Transfer,Completed,ORD823029,Automated migration
2022-06-18,Alternator,Electrical system,6,11036.19,128.21,66217.14,Walk-in Customer,Check,Completed,ORD823030,Automated migration
2022-06-18,Air Filter,Engine system,1,324.69,348.28,324.69,Wholesale Client,GCash,Completed,ORD823031,Automated migration
2022-06-18,Clutch Kit,Transmission system,4,8686.35,132.8,34745.4,Wholesale Client,Cash,Completed,ORD823032,Automated migration
2022-06-18,Spark Plug,Ignition system,8,396.09,67.68,3168.72,Retail Client,Cash,Completed,ORD823033,Automated migration
2022-06-18,Brake Pad,Brake system,7,2165.31,211.11,15157.17,Walk-in Customer,Cash,Completed,ORD823034,Automated migration
2022-06-18,Radiator,Cooling system,4,5719.73,264.43,22878.92,Walk-in Customer,GCash,Completed,ORD823035,Automated migration
2022-06-18,Spark Plug,Ignition system,0,408.91,0.0,0.0,Walk-in Customer,Cash,Completed,ORD823036,Automated migration
2022-06-18,Shock Absorber,Suspension system,6,3170.57,378.09,19023.42,Walk-in Customer,Cash,Completed,ORD823037,Automated migration
2022-06-18,Brake Pad,Brake system,8,2434.14,429.1,19473.12,Walk-in Customer,Check,Completed,ORD823038,Automated migration
2022-06-18,Fuel Pump,Fuel system,5,3003.49,353.46,15017.45,Wholesale Client,Check,Completed,ORD823039,Automated migration
2022-06-18,Shock Absorber,Suspension system,1,4040.81,444.13,4040.81,Retail Client,Check,Completed,ORD823040,Automated migration
2022-06-18,Alternator,Electrical system,6,11195.72,410.38,67174.32,Walk-in Customer,Cash,Completed,ORD823041,Automated migration
2022-06-18,Radiator,Cooling system,3,6543.89,380.0,19631.67,Retail Client,Check,Completed,ORD823042,Automated migration
2022-06-18,Clutch Kit,Transmission system,7,8988.69,373.71,62920.83,Walk-in Customer,GCash,Completed,ORD823043,Automated migration
2022-06-18,Spark Plug,Ignition system,6,277.78,237.45,1666.68,Retail Client,Bank Transfer,Completed,ORD823044,Automated migration
2022-06-18,Spark Plug,Ignition system,0,422.27,0.0,0.0,Walk-in Customer,Cash,Completed,ORD823045,Automated migration
2022-06-18,Spark Plug,Ignition system,8,521.66,436.67,4173.28,Retail Client,GCash,Completed,ORD823046,Automated migration
2022-06-18,Battery,Electrical system,2,5743.4,393.76,11486.8,Retail Client,Bank Transfer,Completed,ORD823047,Automated migration
2022-06-18,Brake Pad,Brake system,3,3257.21,305.61,9771.63,Walk-in Customer,Bank Transfer,Completed,ORD823048,Automated migration
2022-06-18,Shock Absorber,Suspension system,2,2032.95,378.98,4065.9,Retail Client,Cash,Completed,ORD823049,Automated migration
2022-06-19,Shock Absorber,Suspension system,4,2448.67,107.55,9794.68,Wholesale Client,Bank Transfer,Completed,ORD823050,Automated migration
2022-06-19,Clutch Kit,Transmission system,1,5535.48,241.36,5535.48,Walk-in Customer,Bank Transfer,Completed,ORD823051,Automated migration
2022-06-19,Brake Pad,Brake system,2,2926.5,271.99,5853.0,Wholesale Client,Cash,Completed,ORD823052,Automated migration
2022-06-19,Brake Pad,Brake system,6,3460.82,432.78,20764.92,Walk-in Customer,Check,Completed,ORD823053,Automated migration
2022-06-19,Brake Pad,Brake system,2,2058.35,495.93,4116.7,Wholesale Client,GCash,Completed,ORD823054,Automated migration
2022-06-19,Radiator,Cooling system,0,4590.09,0.0,0.0,Walk-in Customer,GCash,Completed,ORD823055,Automated migration
2022-06-19,Battery,Electrical system,1,4539.41,414.22,4539.41,Retail Client,Cash,Completed,ORD823056,Automated migration
2022-06-19,Radiator,Cooling system,6,6155.04,49.61,36930.24,Wholesale Client,GCash,Completed,ORD823057,Automated migration
2022-06-19,Shock Absorber,Suspension system,0,2671.89,0.0,0.0,Wholesale Client,Check,Completed,ORD823058,Automated migration
2022-06-19,Air Filter,Engine system,2,355.81,15.9,711.62,Wholesale Client,GCash,Completed,ORD823059,Automated migration
2022-06-19,Battery,Electrical system,2,4350.39,180.2,8700.78,Wholesale Client,Cash,Completed,ORD823060,Automated migration
2022-06-19,Fuel Pump,Fuel system,7,4641.08,156.49,32487.56,Retail Client,Cash,Completed,ORD823061,Automated migration
2022-06-19,Spark Plug,Ignition system,2,300.09,398.97,600.18,Retail Client,Cash,Completed,ORD823062,Automated migration
2022-06-19,Spark Plug,Ignition system,7,190.26,376.32,1331.82,Retail Client,Check,Completed,ORD823063,Automated migration
2022-06-19,Brake Pad,Brake system,1,1451.06,270.27,1451.06,Wholesale Client,Cash,Completed,ORD823064,Automated migration
2022-06-19,Alternator,Electrical system,6,9478.07,92.82,56868.42,Retail Client,Bank Transfer,Completed,ORD823065,Automated migration
2022-06-19,Radiator,Cooling system,6,7754.08,499.4,46524.48,Retail Client,GCash,Completed,ORD823066,Automated migration
2022-06-19,Shock Absorber,Suspension system,0,4046.55,0.0,0.0,Wholesale Client,GCash,Completed,ORD823067,Automated migration
2022-06-19,Air Filter,Engine system,2,365.01,379.79,730.02,Wholesale Client,GCash,Completed,ORD823068,Automated migration
2022-06-19,Fuel Pump,Fuel system,2,2917.79,198.66,5835.58,Retail Client,Bank Transfer,Completed,ORD823069,Automated migration
2022-06-19,Spark Plug,Ignition system,4,489.9,70.96,1959.6,Walk-in Customer,Cash,Completed,ORD823070,Automated migration
2022-06-19,Radiator,Cooling system,7,7787.02,237.23,54509.14,Retail Client,Check,Completed,ORD823071,Automated migration
2022-06-19,Spark Plug,Ignition system,2,339.3,312.75,678.6,Wholesale Client,Cash,Completed,ORD823072,Automated migration
2022-06-20,Shock Absorber,Suspension system,6,2355.06,232.81,14130.36,Wholesale Client,Cash,Completed,ORD823073,Automated migration
2022-06-20,Radiator,Cooling system,5,7962.97,179.55,39814.85,Walk-in Customer,Bank Transfer,Completed,ORD823074,Automated migration
2022-06-20,Battery,Electrical system,0,4657.07,0.0,0.0,Retail Client,Cash,Completed,ORD823075,Automated migration
2022-06-20,Clutch Kit,Transmission system,1,6536.57,214.93,6536.57,Wholesale Client,Bank Transfer,Completed,ORD823076,Automated migration
2022-06-20,Radiator,Cooling system,7,6336.02,395.58,44352.14,Walk-in Customer,Check,Completed,ORD823077,Automated migration
2022-06-20,Spark Plug,Ignition system,7,320.72,29.39,2245.04,Retail Client,Bank Transfer,Completed,ORD823078,Automated migration
2022-06-20,Shock Absorber,Suspension system,4,2106.36,374.6,8425.44,Wholesale Client,Cash,Completed,ORD823079,Automated migration
2022-06-20,Oil Filter,Engine system,0,222.67,0.0,0.0,Walk-in Customer,GCash,Completed,ORD823080,Automated migration
2022-06-20,Battery,Electrical system,4,4218.06,201.83,16872.24,Walk-in Customer,GCash,Completed,ORD823081,Automated migration
2022-06-20,Oil Filter,Engine system,2,308.4,392.71,616.8,Retail Client,Bank Transfer,Completed,ORD823082,Automated migration
2022-06-20,Clutch Kit,Transmission system,6,7433.77,472.27,44602.62,Retail Client,GCash,Completed,ORD823083,Automated migration
2022-06-20,Spark Plug,Ignition system,8,334.6,137.16,2676.8,Retail Client,GCash,Completed,ORD823084,Automated migration
2022-06-20,Brake Pad,Brake system,1,3495.1,99.65,3495.1,Walk-in Customer,Check,Completed,ORD823085,Automated migration
2022-06-20,Air Filter,Engine system,5,380.53,0.75,1902.65,Retail Client,GCash,Completed,ORD823086,Automated migration
2022-06-21,Air Filter,Engine system,0,309.71,0.0,0.0,Wholesale Client,GCash,Completed,ORD823087,Automated migration
2022-06-21,Battery,Electrical system,7,5196.36,55.61,36374.52,Retail Client,Cash,Completed,ORD823088,Automated migration
2022-06-21,Alternator,Electrical system,4,7595.55,399.16,30382.2,Retail Client,Cash,Completed,ORD823089,Automated migration
2022-06-21,Oil Filter,Engine system,2,305.1,69.43,610.2,Wholesale Client,GCash,Completed,ORD823090,Automated migration
2022-06-21,Oil Filter,Engine system,8,336.27,288.58,2690.16,Wholesale Client,Cash,Completed,ORD823091,Automated migration
2022-06-21,Air Filter,Engine system,8,359.03,168.42,2872.24,Walk-in Customer,Cash,Completed,ORD823092,Automated migration
2022-06-21,Shock Absorber,Suspension system,4,3748.29,20.32,14993.16,Retail Client,Bank Transfer,Completed,ORD823093,Automated migration
2022-06-21,Spark Plug,Ignition system,6,203.43,48.39,1220.58,Retail Client,Check,Completed,ORD823094,Automated migration
2022-06-21,Alternator,Electrical system,8,11411.9,159.17,91295.2,Walk-in Customer,Bank Transfer,Completed,ORD823095,Automated migration
2022-06-21,Fuel Pump,Fuel system,8,3136.85,286.67,25094.8,Wholesale Client,GCash,Completed,ORD823096,Automated migration
2022-06-21,Spark Plug,Ignition system,4,512.21,332.37,2048.84,Retail Client,Bank Transfer,Completed,ORD823097,Automated migration
2022-06-21,Fuel Pump,Fuel system,3,3749.8,205.56,11249.4,Wholesale Client,Bank Transfer,Completed,ORD823098,Automated migration
2022-06-22,Oil Filter,Engine system,4,170.85,445.29,683.4,Wholesale Client,Check,Completed,ORD823099,Automated migration
2022-06-22,Shock Absorber,Suspension system,2,5222.51,47.75,10445.02,Walk-in Customer,GCash,Completed,ORD823100,Automated migration
2022-06-22,Air Filter,Engine system,2,341.27,269.54,682.54,Retail Client,GCash,Completed,ORD823101,Automated migration
2022-06-22,Spark Plug,Ignition system,8,351.03,461.22,2808.24,Wholesale Client,Cash,Completed,ORD823102,Automated migration
2022-06-22,Battery,Electrical system,2,4168.4,173.33,8336.8,Retail Client,Check,Completed,ORD823103,Automated migration
2022-06-22,Fuel Pump,Fuel system,2,4604.06,394.83,9208.12,Wholesale Client,GCash,Completed,ORD823104,Automated migration
2022-06-22,Radiator,Cooling system,2,8706.21,111.13,17412.42,Wholesale Client,Cash,Completed,ORD823105,Automated migration
2022-06-22,Radiator,Cooling system,1,3956.82,47.35,3956.82,Walk-in Customer,GCash,Completed,ORD823106,Automated migration
2022-06-22,Alternator,Electrical system,8,7580.98,209.34,60647.84,Retail Client,GCash,Completed,ORD823107,Automated migration
2022-06-22,Fuel Pump,Fuel system,0,3790.89,0.0,0.0,Wholesale Client,Cash,Completed,ORD823108,Automated migration
2022-06-22,Air Filter,Engine system,7,320.32,109.53,2242.24,Wholesale Client,Check,Completed,ORD823109,Automated migration
2022-06-22,Air Filter,Engine system,0,217.05,0.0,0.0,Walk-in Customer,GCash,Completed,ORD823110,Automated migration
2022-06-22,Shock Absorber,Suspension system,1,2133.31,361.7,2133.31,Walk-in Customer,GCash,Completed,ORD823111,Automated migration
2022-06-22,Brake Pad,Brake system,6,1357.88,44.79,8147.28,Retail Client,Bank Transfer,Completed,ORD823112,Automated migration
2022-06-22,Air Filter,Engine system,7,347.09,217.61,2429.63,Wholesale Client,GCash,Completed,ORD823113,Automated migration
2022-06-22,Radiator,Cooling system,6,7352.44,485.32,44114.64,Wholesale Client,GCash,Completed,ORD823114,Automated migration
2022-06-22,Shock Absorber,Suspension system,6,6444.09,426.07,38664.54,Wholesale Client,Check,Completed,ORD823115,Automated migration
2022-06-22,Alternator,Electrical system,1,8664.48,3.42,8664.48,Wholesale Client,GCash,Completed,ORD823116,Automated migration
2022-06-22,Shock Absorber,Suspension system,2,3167.63,174.86,6335.26,Wholesale Client,Cash,Completed,ORD823117,Automated migration
2022-06-22,Battery,Electrical system,8,4845.38,470.1,38763.04,Retail Client,GCash,Completed,ORD823118,Automated migration
2022-06-22,Brake Pad,Brake system,6,2242.05,1.9,13452.3,Wholesale Client,Check,Completed,ORD823119,Automated migration
2022-06-23,Battery,Electrical system,2,8279.63,138.03,16559.26,Retail Client,Check,Completed,ORD823120,Automated migration
2022-06-23,Clutch Kit,Transmission system,7,9595.73,422.15,67170.11,Walk-in Customer,Bank Transfer,Completed,ORD823121,Automated migration
2022-06-23,Shock Absorber,Suspension system,1,4980.76,289.09,4980.76,Walk-in Customer,GCash,Completed,ORD823122,Automated migration
2022-06-23,Air Filter,Engine system,0,282.56,0.0,0.0,Retail Client,Bank Transfer,Completed,ORD823123,Automated migration
2022-06-23,Radiator,Cooling system,2,3753.32,156.6,7506.64,Wholesale Client,GCash,Completed,ORD823124,Automated migration
2022-06-23,Air Filter,Engine system,4,345.21,439.35,1380.84,Wholesale Client,GCash,Completed,ORD823125,Automated migration
2022-06-23,Brake Pad,Brake system,1,1973.44,318.6,1973.44,Wholesale Client,Bank Transfer,Completed,ORD823126,Automated migration
2022-06-23,Fuel Pump,Fuel system,4,5086.74,86.03,20346.96,Wholesale Client,Bank Transfer,Completed,ORD823127,Automated migration
2022-06-23,Alternator,Electrical system,1,7505.38,355.13,7505.38,Wholesale Client,GCash,Completed,ORD823128,Automated migration
2022-06-23,Clutch Kit,Transmission system,2,9172.39,1.26,18344.78,Walk-in Customer,Check,Completed,ORD823129,Automated migration
2022-06-23,Radiator,Cooling system,3,5024.18,293.38,15072.54,Wholesale Client,GCash,Completed,ORD823130,Automated migration
2022-06-23,Clutch Kit,Transmission system,8,7495.05,400.69,59960.4,Walk-in Customer,Cash,Completed,ORD823131,Automated migration
2022-06-23,Battery,Electrical system,4,8330.86,9.14,33323.44,Retail Client,Cash,Completed,ORD823132,Automated migration
2022-06-23,Brake Pad,Brake system,1,1570.3,439.08,1570.3,Wholesale Client,GCash,Completed,ORD823133,Automated migration
2022-06-23,Alternator,Electrical system,2,8235.67,14.65,16471.34,Walk-in Customer,Check,Completed,ORD823134,Automated migration
2022-06-23,Radiator,Cooling system,8,5543.3,411.9,44346.4,Retail Client,Check,Completed,ORD823135,Automated migration
2022-06-23,Alternator,Electrical system,8,8925.25,493.73,71402.0,Retail Client,GCash,Completed,ORD823136,Automated migration
2022-06-24,Spark Plug,Ignition system,1,417.6,275.38,417.6,Walk-in Customer,Cash,Completed,ORD823137,Automated migration
2022-06-24,Alternator,Electrical system,4,7162.17,6.6,28648.68,Wholesale Client,Check,Completed,ORD823138,Automated migration
2022-06-24,Spark Plug,Ignition system,1,487.6,248.19,487.6,Retail Client,Check,Completed,ORD823139,Automated migration
2022-06-24,Air Filter,Engine system,1,376.93,378.84,376.93,Retail Client,Bank Transfer,Completed,ORD823140,Automated migration
2022-06-24,Clutch Kit,Transmission system,4,5886.7,324.01,23546.8,Walk-in Customer,Check,Completed,ORD823141,Automated migration
2022-06-24,Fuel Pump,Fuel system,0,5329.09,0.0,0.0,Retail Client,GCash,Completed,ORD823142,Automated migration
2022-06-24,Fuel Pump,Fuel system,3,4019.64,82.82,12058.92,Retail Client,Cash,Completed,ORD823143,Automated migration
2022-06-24,Brake Pad,Brake system,8,2415.51,433.61,19324.08,Wholesale Client,Cash,Completed,ORD823144,Automated migration
2022-06-24,Brake Pad,Brake system,7,2577.11,28.12,18039.77,Retail Client,Check,Completed,ORD823145,Automated migration
2022-06-24,Battery,Electrical system,1,6133.76,276.26,6133.76,Walk-in Customer,Cash,Completed,ORD823146,Automated migration
2022-06-24,Brake Pad,Brake system,2,3255.64,338.42,6511.28,Walk-in Customer,Check,Completed,ORD823147,Automated migration
2022-06-24,Shock Absorber,Suspension system,7,5487.02,267.74,38409.14,Wholesale Client,Bank Transfer,Completed,ORD823148,Automated migration
2022-06-24,Air Filter,Engine system,7,375.66,279.83,2629.62,Retail Client,Cash,Completed,ORD823149,Automated migration
2022-06-24,Radiator,Cooling system,8,3089.55,361.4,24716.4,Walk-in Customer,Bank Transfer,Completed,ORD823150,Automated migration
2022-06-24,Shock Absorber,Suspension system,8,2141.65,84.86,17133.2,Wholesale Client,Bank Transfer,Completed,ORD823151,Automated migration
2022-06-24,Brake Pad,Brake system,3,3215.58,482.0,9646.74,Retail Client,Cash,Completed,ORD823152,Automated migration
2022-06-24,Oil Filter,Engine system,0,297.34,0.0,0.0,Wholesale Client,Check,Completed,ORD823153,Automated migration
2022-06-24,Shock Absorber,Suspension system,4,3792.85,236.08,15171.4,Wholesale Client,Check,Completed,ORD823154,Automated migration
2022-06-24,Alternator,Electrical system,6,10098.72,59.2,60592.32,Walk-in Customer,Bank Transfer,Completed,ORD823155,Automated migration
2022-06-24,Alternator,Electrical system,5,7274.59,57.72,36372.95,Wholesale Client,Bank Transfer,Completed,ORD823156,Automated migration
2022-06-24,Battery,Electrical system,1,4022.06,463.87,4022.06,Retail Client,GCash,Completed,ORD823157,Automated migration
2022-06-24,Air Filter,Engine system,8,353.37,446.39,2826.96,Retail Client,Bank Transfer,Completed,ORD823158,Automated migration
2022-06-24,Alternator,Electrical system,8,11328.51,288.94,90628.08,Wholesale Client,Bank Transfer,Completed,ORD823159,Automated migration
2022-06-25,Air Filter,Engine system,0,260.29,0.0,0.0,Retail Client,Check,Completed,ORD823160,Automated migration
2022-06-25,Air Filter,Engine system,5,371.63,23.43,1858.15,Retail Client,Bank Transfer,Completed,ORD823161,Automated migration
2022-06-25,Battery,Electrical system,7,7598.48,381.83,53189.36,Walk-in Customer,Check,Completed,ORD823162,Automated migration
2022-06-25,Battery,Electrical system,3,5155.44,433.87,15466.32,Walk-in Customer,Bank Transfer,Completed,ORD823163,Automated migration
2022-06-25,Radiator,Cooling system,8,3544.29,1.57,28354.32,Retail Client,Cash,Completed,ORD823164,Automated migration
2022-06-25,Shock Absorber,Suspension system,6,3168.1,496.81,19008.6,Wholesale Client,Check,Completed,ORD823165,Automated migration
2022-06-25,Fuel Pump,Fuel system,7,3610.52,168.48,25273.64,Walk-in Customer,Cash,Completed,ORD823166,Automated migration
2022-06-25,Clutch Kit,Transmission system,1,13152.5,453.8,13152.5,Wholesale Client,Cash,Completed,ORD823167,Automated migration
2022-06-25,Spark Plug,Ignition system,5,494.28,248.88,2471.4,Retail Client,Bank Transfer,Completed,ORD823168,Automated migration
2022-06-25,Radiator,Cooling system,2,5258.28,469.44,10516.56,Retail Client,Check,Completed,ORD823169,Automated migration
2022-06-25,Spark Plug,Ignition system,6,158.49,147.82,950.94,Wholesale Client,Check,Completed,ORD823170,Automated migration
2022-06-25,Radiator,Cooling system,6,7638.98,234.28,45833.88,Retail Client,Bank Transfer,Completed,ORD823171,Automated migration
2022-06-25,Shock Absorber,Suspension system,1,2122.92,101.79,2122.92,Walk-in Customer,Check,Completed,ORD823172,Automated migration
2022-06-25,Fuel Pump,Fuel system,6,6124.79,377.35,36748.74,Wholesale Client,GCash,Completed,ORD823173,Automated migration
2022-06-25,Air Filter,Engine system,3,219.54,159.03,658.62,Retail Client,Cash,Completed,ORD823174,Automated migration
2022-06-26,Radiator,Cooling system,1,8043.22,251.63,8043.22,Wholesale Client,Check,Completed,ORD823175,Automated migration
2022-06-26,Battery,Electrical system,0,4809.99,0.0,0.0,Retail Client,Bank Transfer,Completed,ORD823176,Automated migration
2022-06-26,Battery,Electrical system,8,6014.13,73.75,48113.04,Wholesale Client,GCash,Completed,ORD823177,Automated migration
2022-06-26,Air Filter,Engine system,7,283.32,125.34,1983.24,Retail Client,Check,Completed,ORD823178,Automated migration
2022-06-26,Spark Plug,Ignition system,2,365.21,33.8,730.42,Walk-in Customer,GCash,Completed,ORD823179,Automated migration
2022-06-26,Spark Plug,Ignition system,8,585.1,200.44,4680.8,Wholesale Client,GCash,Completed,ORD823180,Automated migration
2022-06-26,Oil Filter,Engine system,2,154.47,264.51,308.94,Walk-in Customer,Check,Completed,ORD823181,Automated migration
2022-06-26,Battery,Electrical system,0,7986.66,0.0,0.0,Walk-in Customer,Check,Completed,ORD823182,Automated migration
2022-06-26,Brake Pad,Brake system,0,2796.02,0.0,0.0,Wholesale Client,GCash,Completed,ORD823183,Automated migration
2022-06-26,Air Filter,Engine system,5,357.64,343.65,1788.2,Walk-in Customer,GCash,Completed,ORD823184,Automated migration
2022-06-26,Spark Plug,Ignition system,6,483.99,478.5,2903.94,Wholesale Client,Check,Completed,ORD823185,Automated migration
2022-06-26,Radiator,Cooling system,0,4885.62,0.0,0.0,Walk-in Customer,Bank Transfer,Completed,ORD823186,Automated migration
2022-06-26,Shock Absorber,Suspension system,0,5315.35,0.0,0.0,Walk-in Customer,Check,Completed,ORD823187,Automated migration
2022-06-26,Fuel Pump,Fuel system,5,3646.11,218.17,18230.55,Retail Client,Cash,Completed,ORD823188,Automated migration
2022-06-26,Clutch Kit,Transmission system,4,6324.46,90.46,25297.84,Retail Client,Check,Completed,ORD823189,Automated migration
2022-06-26,Shock Absorber,Suspension system,3,2811.18,353.08,8433.54,Retail Client,GCash,Completed,ORD823190,Automated migration
2022-06-26,Alternator,Electrical system,1,10807.88,417.96,10807.88,Wholesale Client,Check,Completed,ORD823191,Automated migration
2022-06-26,Oil Filter,Engine system,1,342.18,53.3,342.18,Retail Client,Cash,Completed,ORD823192,Automated migration
2022-06-26,Brake Pad,Brake system,8,2055.48,144.48,16443.84,Walk-in Customer,Check,Completed,ORD823193,Automated migration
2022-06-27,Fuel Pump,Fuel system,2,6729.99,417.77,13459.98,Walk-in Customer,Cash,Completed,ORD823194,Automated migration
2022-06-27,Oil Filter,Engine system,2,146.8,449.24,293.6,Walk-in Customer,Check,Completed,ORD823195,Automated migration
2022-06-27,Alternator,Electrical system,4,7921.92,198.76,31687.68,Wholesale Client,Cash,Completed,ORD823196,Automated migration
2022-06-27,Battery,Electrical system,8,4126.37,35.73,33010.96,Wholesale Client,Cash,Completed,ORD823197,Automated migration
2022-06-27,Alternator,Electrical system,6,11619.25,222.82,69715.5,Retail Client,Bank Transfer,Completed,ORD823198,Automated migration
2022-06-27,Air Filter,Engine system,4,316.66,104.34,1266.64,Wholesale Client,Check,Completed,ORD823199,Automated migration
2022-06-27,Radiator,Cooling system,4,5260.41,111.94,21041.64,Retail Client,Check,Completed,ORD823200,Automated migration
2022-06-27,Oil Filter,Engine system,4,295.63,216.62,1182.52,Retail Client,Cash,Completed,ORD823201,Automated migration
2022-06-27,Oil Filter,Engine system,0,285.36,0.0,0.0,Wholesale Client,Bank Transfer,Completed,ORD823202,Automated migration
2022-06-27,Brake Pad,Brake system,5,2616.3,306.37,13081.5,Walk-in Customer,Bank Transfer,Completed,ORD823203,Automated migration
2022-06-27,Oil Filter,Engine system,3,284.54,112.43,853.62,Wholesale Client,GCash,Completed,ORD823204,Automated migration
2022-06-27,Brake Pad,Brake system,8,3180.71,80.03,25445.68,Walk-in Customer,Cash,Completed,ORD823205,Automated migration
2022-06-28,Fuel Pump,Fuel system,0,3843.09,0.0,0.0,Walk-in Customer,Check,Completed,ORD823206,Automated migration
2022-06-28,Brake Pad,Brake system,6,2852.61,226.28,17115.66,Walk-in Customer,Bank Transfer,Completed,ORD823207,Automated migration
2022-06-28,Shock Absorber,Suspension system,2,4488.34,151.86,8976.68,Retail Client,Check,Completed,ORD823208,Automated migration
2022-06-28,Oil Filter,Engine system,5,105.85,361.39,529.25,Walk-in Customer,Check,Completed,ORD823209,Automated migration
2022-06-28,Air Filter,Engine system,6,349.64,496.86,2097.84,Wholesale Client,Cash,Completed,ORD823210,Automated migration
2022-06-28,Air Filter,Engine system,8,202.05,357.43,1616.4,Retail Client,GCash,Completed,ORD823211,Automated migration
2022-06-28,Brake Pad,Brake system,2,2974.79,452.06,5949.58,Wholesale Client,GCash,Completed,ORD823212,Automated migration
2022-06-28,Radiator,Cooling system,4,6253.28,456.93,25013.12,Walk-in Customer,GCash,Completed,ORD823213,Automated migration
2022-06-28,Brake Pad,Brake system,5,3401.37,123.63,17006.85,Retail Client,Cash,Completed,ORD823214,Automated migration
2022-06-28,Spark Plug,Ignition system,5,180.26,76.98,901.3,Wholesale Client,Bank Transfer,Completed,ORD823215,Automated migration
2022-06-28,Air Filter,Engine system,1,323.64,364.69,323.64,Wholesale Client,Bank Transfer,Completed,ORD823216,Automated migration
2022-06-28,Air Filter,Engine system,3,371.06,290.45,1113.18,Walk-in Customer,Bank Transfer,Completed,ORD823217,Automated migration
2022-06-28,Oil Filter,Engine system,3,288.76,122.8,866.28,Retail Client,Bank Transfer,Completed,ORD823218,Automated migration
2022-06-28,Battery,Electrical system,2,6960.48,66.13,13920.96,Walk-in Customer,Cash,Completed,ORD823219,Automated migration
2022-06-28,Oil Filter,Engine system,8,349.96,115.25,2799.68,Retail Client,Bank Transfer,Completed,ORD823220,Automated migration
2022-06-29,Brake Pad,Brake system,0,2221.96,0.0,0.0,Wholesale Client,Check,Completed,ORD823221,Automated migration
2022-06-29,Oil Filter,Engine system,2,337.84,58.95,675.68,Retail Client,Check,Completed,ORD823222,Automated migration
2022-06-29,Spark Plug,Ignition system,1,366.5,154.5,366.5,Wholesale Client,Bank Transfer,Completed,ORD823223,Automated migration
2022-06-29,Alternator,Electrical system,0,8919.65,0.0,0.0,Walk-in Customer,Bank Transfer,Completed,ORD823224,Automated migration
2022-06-29,Oil Filter,Engine system,3,325.42,170.95,976.26,Retail Client,GCash,Completed,ORD823225,Automated migration
2022-06-29,Battery,Electrical system,7,4380.07,114.54,30660.49,Wholesale Client,Bank Transfer,Completed,ORD823226,Automated migration
2022-06-29,Battery,Electrical system,2,8720.77,427.49,17441.54,Wholesale Client,Check,Completed,ORD823227,Automated migration
2022-06-29,Brake Pad,Brake system,8,2647.98,199.32,21183.84,Wholesale Client,Cash,Completed,ORD823228,Automated migration
2022-06-29,Air Filter,Engine system,6,224.09,404.33,1344.54,Retail Client,Cash,Completed,ORD823229,Automated migration
2022-06-29,Oil Filter,Engine system,2,264.96,439.68,529.92,Wholesale Client,Bank Transfer,Completed,ORD823230,Automated migration
2022-06-29,Radiator,Cooling system,0,4146.31,0.0,0.0,Walk-in Customer,Cash,Completed,ORD823231,Automated migration
2022-06-29,Fuel Pump,Fuel system,3,6370.27,177.31,19110.81,Wholesale Client,Cash,Completed,ORD823232,Automated migration
2022-06-29,Spark Plug,Ignition system,2,195.17,319.92,390.34,Wholesale Client,GCash,Completed,ORD823233,Automated migration
2022-06-30,Shock Absorber,Suspension system,7,6127.96,230.5,42895.72,Retail Client,Bank Transfer,Completed,ORD823234,Automated migration
2022-06-30,Oil Filter,Engine system,2,193.59,370.62,387.18,Retail Client,GCash,Completed,ORD823235,Automated migration
2022-06-30,Clutch Kit,Transmission system,8,7126.4,409.32,57011.2,Walk-in Customer,Bank Transfer,Completed,ORD823236,Automated migration
2022-06-30,Oil Filter,Engine system,2,283.99,484.56,567.98,Wholesale Client,Check,Completed,ORD823237,Automated migration
2022-06-30,Air Filter,Engine system,6,298.54,191.1,1791.24,Walk-in Customer,GCash,Completed,ORD823238,Automated migration
2022-06-30,Spark Plug,Ignition system,2,415.01,493.09,830.02,Wholesale Client,Bank Transfer,Completed,ORD823239,Automated migration
2022-06-30,Fuel Pump,Fuel system,0,3246.68,0.0,0.0,Wholesale Client,Bank Transfer,Completed,ORD823240,Automated migration
2022-06-30,Radiator,Cooling system,0,8300.52,0.0,0.0,Wholesale Client,Bank Transfer,Completed,ORD823241,Automated migration
2022-06-30,Clutch Kit,Transmission system,2,13753.94,160.32,27507.88,Wholesale Client,Check,Completed,ORD823242,Automated migration
2022-06-30,Battery,Electrical system,2,4089.95,253.96,8179.9,Wholesale Client,Check,Completed,ORD823243,Automated migration
2022-06-30,Oil Filter,Engine system,2,190.6,461.99,381.2,Walk-in Customer,Bank Transfer,Completed,ORD823244,Automated migration
2022-06-30,Alternator,Electrical system,6,7843.87,79.51,47063.22,Retail Client,Bank Transfer,Completed,ORD823245,Automated migration
2022-06-30,Alternator,Electrical system,8,7916.76,364.67,63334.08,Walk-in Customer,Check,Completed,ORD823246,Automated migration
2022-06-30,Radiator,Cooling system,7,4032.62,205.59,28228.34,Walk-in Customer,Bank Transfer,Completed,ORD823247,Automated migration
2022-06-30,Air Filter,Engine system,1,370.22,84.76,370.22,Retail Client,GCash,Completed,ORD823248,Automated migration
2022-06-30,Alternator,Electrical system,4,9848.66,87.5,39394.64,Retail Client,Cash,Completed,ORD823249,Automated migration
2022-06-30,Battery,Electrical system,2,8157.38,221.69,16314.76,Retail Client,Check,Completed,ORD823250,Automated migration
2022-06-30,Air Filter,Engine system,4,383.71,445.93,1534.84,Retail Client,Bank Transfer,Completed,ORD823251,Automated migration
2022-06-30,Spark Plug,Ignition system,2,180.04,417.98,360.08,Walk-in Customer,Cash,Completed,ORD823252,Automated migration
2022-06-30,Spark Plug,Ignition system,1,172.46,380.13,172.46,Walk-in Customer,GCash,Completed,ORD823253,Automated migration
2022-07-01,Spark Plug,Ignition system,8,428.63,67.23,3429.04,Wholesale Client,Check,Completed,ORD823254,Automated migration
2022-07-01,Alternator,Electrical system,3,8911.61,2.89,26734.83,Retail Client,Check,Completed,ORD823255,Automated migration
2022-07-01,Clutch Kit,Transmission system,2,9152.63,329.54,18305.26,Wholesale Client,Check,Completed,ORD823256,Automated migration
2022-07-01,Battery,Electrical system,1,8617.34,374.18,8617.34,Retail Client,Check,Completed,ORD823257,Automated migration
2022-07-01,Brake Pad,Brake system,6,1847.17,354.36,11083.02,Walk-in Customer,Bank Transfer,Completed,ORD823258,Automated migration
2022-07-01,Air Filter,Engine system,5,245.65,86.73,1228.25,Wholesale Client,Check,Completed,ORD823259,Automated migration
2022-07-01,Shock Absorber,Suspension system,6,4965.66,428.69,29793.96,Walk-in Customer,Cash,Completed,ORD823260,Automated migration
2022-07-01,Spark Plug,Ignition system,6,201.6,321.46,1209.6,Walk-in Customer,Bank Transfer,Completed,ORD823261,Automated migration
2022-07-01,Alternator,Electrical system,6,8498.35,469.35,50990.1,Walk-in Customer,Cash,Completed,ORD823262,Automated migration
2022-07-01,Fuel Pump,Fuel system,4,6549.68,143.85,26198.72,Walk-in Customer,GCash,Completed,ORD823263,Automated migration
2022-07-01,Brake Pad,Brake system,7,2280.7,447.38,15964.9,Walk-in Customer,Bank Transfer,Completed,ORD823264,Automated migration
2022-07-01,Battery,Electrical system,0,6109.95,0.0,0.0,Walk-in Customer,GCash,Completed,ORD823265,Automated migration
2022-07-01,Oil Filter,Engine system,4,145.02,487.34,580.08,Wholesale Client,Check,Completed,ORD823266,Automated migration
2022-07-01,Shock Absorber,Suspension system,5,5862.57,50.04,29312.85,Walk-in Customer,Check,Completed,ORD823267,Automated migration
2022-07-01,Alternator,Electrical system,7,10098.61,282.32,70690.27,Retail Client,Bank Transfer,Completed,ORD823268,Automated migration
2022-07-01,Air Filter,Engine system,2,257.41,109.6,514.82,Wholesale Client,Bank Transfer,Completed,ORD823269,Automated migration
2022-07-01,Alternator,Electrical system,7,7841.09,134.33,54887.63,Wholesale Client,Bank Transfer,Completed,ORD823270,Automated migration
2022-07-02,Battery,Electrical system,4,6243.18,380.43,24972.72,Retail Client,GCash,Completed,ORD823271,Automated migration
2022-07-02,Radiator,Cooling system,8,5218.34,112.7,41746.72,Retail Client,Check,Completed,ORD823272,Automated migration
2022-07-02,Radiator,Cooling system,7,4037.74,257.86,28264.18,Walk-in Customer,Bank Transfer,Completed,ORD823273,Automated migration
2022-07-02,Air Filter,Engine system,0,319.12,0.0,0.0,Retail Client,Bank Transfer,Completed,ORD823274,Automated migration
2022-07-02,Shock Absorber,Suspension system,4,2784.71,195.41,11138.84,Wholesale Client,GCash,Completed,ORD823275,Automated migration
2022-07-02,Oil Filter,Engine system,0,308.81,0.0,0.0,Retail Client,GCash,Completed,ORD823276,Automated migration
2022-07-02,Clutch Kit,Transmission system,1,7356.65,213.67,7356.65,Wholesale Client,Check,Completed,ORD823277,Automated migration
2022-07-02,Alternator,Electrical system,4,8110.64,252.59,32442.56,Walk-in Customer,Bank Transfer,Completed,ORD823278,Automated migration
2022-07-02,Spark Plug,Ignition system,7,173.05,363.87,1211.35,Retail Client,Check,Completed,ORD823279,Automated migration
2022-07-02,Battery,Electrical system,4,8480.49,424.54,33921.96,Retail Client,Check,Completed,ORD823280,Automated migration
2022-07-02,Battery,Electrical system,8,8623.08,450.66,68984.64,Retail Client,Bank Transfer,Completed,ORD823281,Automated migration
2022-07-02,Alternator,Electrical system,8,8863.84,258.76,70910.72,Walk-in Customer,Cash,Completed,ORD823282,Automated migration
2022-07-02,Brake Pad,Brake system,7,2293.37,347.89,16053.59,Walk-in Customer,Cash,Completed,ORD823283,Automated migration
2022-07-02,Clutch Kit,Transmission system,4,8010.69,348.75,32042.76,Walk-in Customer,Check,Completed,ORD823284,Automated migration
2022-07-02,Radiator,Cooling system,3,5180.05,376.45,15540.15,Wholesale Client,Cash,Completed,ORD823285,Automated migration
2022-07-02,Air Filter,Engine system,3,341.18,222.1,1023.54,Wholesale Client,GCash,Completed,ORD823286,Automated migration
2022-07-02,Air Filter,Engine system,6,296.61,220.02,1779.66,Retail Client,Cash,Completed,ORD823287,Automated migration
2022-07-02,Shock Absorber,Suspension system,1,4465.97,67.82,4465.97,Walk-in Customer,GCash,Completed,ORD823288,Automated migration
2022-07-02,Battery,Electrical system,7,8556.12,321.19,59892.84,Retail Client,Cash,Completed,ORD823289,Automated migration
2022-07-02,Clutch Kit,Transmission system,8,8878.17,109.01,71025.36,Wholesale Client,Cash,Completed,ORD823290,Automated migration
2022-07-03,Spark Plug,Ignition system,6,241.96,339.87,1451.76,Retail Client,Check,Completed,ORD823291,Automated migration
2022-07-03,Air Filter,Engine system,5,359.76,318.84,1798.8,Retail Client,Bank Transfer,Completed,ORD823292,Automated migration
2022-07-03,Brake Pad,Brake system,1,2797.28,29.34,2797.28,Walk-in Customer,Check,Completed,ORD823293,Automated migration
2022-07-03,Clutch Kit,Transmission system,6,11145.15,221.39,66870.9,Wholesale Client,Check,Completed,ORD823294,Automated migration
2022-07-03,Brake Pad,Brake system,0,2953.83,0.0,0.0,Wholesale Client,GCash,Completed,ORD823295,Automated migration
2022-07-03,Shock Absorber,Suspension system,3,6245.77,290.11,18737.31,Retail Client,Cash,Completed,ORD823296,Automated migration
2022-07-03,Shock Absorber,Suspension system,1,4528.34,209.34,4528.34,Wholesale Client,GCash,Completed,ORD823297,Automated migration
2022-07-03,Shock Absorber,Suspension system,1,4058.94,457.21,4058.94,Retail Client,Check,Completed,ORD823298,Automated migration
2022-07-03,Oil Filter,Engine system,4,142.9,293.66,571.6,Retail Client,Cash,Completed,ORD823299,Automated migration
2022-07-03,Oil Filter,Engine system,8,271.74,332.43,2173.92,Retail Client,GCash,Completed,ORD823300,Automated migration
2022-07-03,Radiator,Cooling system,0,3677.73,0.0,0.0,Wholesale Client,Check,Completed,ORD823301,Automated migration
2022-07-03,Air Filter,Engine system,6,319.76,31.75,1918.56,Wholesale Client,Check,Completed,ORD823302,Automated migration
2022-07-03,Air Filter,Engine system,5,251.69,303.63,1258.45,Retail Client,Bank Transfer,Completed,ORD823303,Automated migration
2022-07-03,Clutch Kit,Transmission system,8,11682.49,138.97,93459.92,Retail Client,Cash,Completed,ORD823304,Automated migration
2022-07-03,Alternator,Electrical system,7,10623.4,55.82,74363.8,Wholesale Client,Cash,Completed,ORD823305,Automated migration
2022-07-03,Battery,Electrical system,4,7316.62,338.9,29266.48,Wholesale Client,Cash,Completed,ORD823306,Automated migration
2022-07-03,Battery,Electrical system,4,8412.42,290.46,33649.68,Walk-in Customer,GCash,Completed,ORD823307,Automated migration
2022-07-03,Fuel Pump,Fuel system,0,3398.71,0.0,0.0,Wholesale Client,Cash,Completed,ORD823308,Automated migration
2022-07-03,Shock Absorber,Suspension system,0,6216.12,0.0,0.0,Retail Client,Check,Completed,ORD823309,Automated migration
2022-07-04,Shock Absorber,Suspension system,0,2916.14,0.0,0.0,Walk-in Customer,Cash,Completed,ORD823310,Automated migration
2022-07-04,Shock Absorber,Suspension system,2,3809.5,264.35,7619.0,Walk-in Customer,Check,Completed,ORD823311,Automated migration
2022-07-04,Radiator,Cooling system,4,8054.68,163.12,32218.72,Retail Client,Cash,Completed,ORD823312,Automated migration
2022-07-04,Brake Pad,Brake system,8,2367.58,289.73,18940.64,Wholesale Client,GCash,Completed,ORD823313,Automated migration
2022-07-04,Radiator,Cooling system,1,3451.57,269.92,3451.57,Wholesale Client,Cash,Completed,ORD823314,Automated migration
2022-07-04,Alternator,Electrical system,2,10999.05,203.07,21998.1,Retail Client,Cash,Completed,ORD823315,Automated migration
2022-07-04,Clutch Kit,Transmission system,2,12566.05,120.05,25132.1,Retail Client,Check,Completed,ORD823316,Automated migration
2022-07-04,Brake Pad,Brake system,6,1647.62,450.68,9885.72,Wholesale Client,Bank Transfer,Completed,ORD823317,Automated migration
2022-07-04,Spark Plug,Ignition system,5,511.38,190.74,2556.9,Walk-in Customer,GCash,Completed,ORD823318,Automated migration
2022-07-04,Fuel Pump,Fuel system,8,5562.1,437.52,44496.8,Retail Client,Cash,Completed,ORD823319,Automated migration
2022-07-04,Air Filter,Engine system,4,362.1,465.22,1448.4,Retail Client,Bank Transfer,Completed,ORD823320,Automated migration
2022-07-04,Fuel Pump,Fuel system,3,4335.2,9.28,13005.6,Retail Client,GCash,Completed,ORD823321,Automated migration
2022-07-05,Fuel Pump,Fuel system,3,2540.3,275.66,7620.9,Wholesale Client,Check,Completed,ORD823322,Automated migration
2022-07-05,Air Filter,Engine system,3,322.01,324.51,966.03,Wholesale Client,Cash,Completed,ORD823323,Automated migration
2022-07-05,Radiator,Cooling system,3,5252.6,66.48,15757.8,Walk-in Customer,Bank Transfer,Completed,ORD823324,Automated migration
2022-07-05,Fuel Pump,Fuel system,5,3500.38,382.05,17501.9,Wholesale Client,Cash,Completed,ORD823325,Automated migration
2022-07-05,Fuel Pump,Fuel system,4,5558.51,485.45,22234.04,Wholesale Client,Bank Transfer,Completed,ORD823326,Automated migration
2022-07-05,Alternator,Electrical system,5,11371.39,284.98,56856.95,Wholesale Client,GCash,Completed,ORD823327,Automated migration
2022-07-05,Radiator,Cooling system,6,5466.68,499.53,32800.08,Retail Client,GCash,Completed,ORD823328,Automated migration
2022-07-05,Air Filter,Engine system,6,280.65,231.8,1683.9,Walk-in Customer,Check,Completed,ORD823329,Automated migration
2022-07-05,Oil Filter,Engine system,1,132.34,290.74,132.34,Walk-in Customer,Check,Completed,ORD823330,Automated migration
2022-07-05,Brake Pad,Brake system,0,3388.03,0.0,0.0,Retail Client,Check,Completed,ORD823331,Automated migration
2022-07-05,Brake Pad,Brake system,6,2496.45,64.41,14978.7,Wholesale Client,Check,Completed,ORD823332,Automated migration
2022-07-05,Alternator,Electrical system,7,11743.14,284.6,82201.98,Wholesale Client,GCash,Completed,ORD823333,Automated migration
2022-07-05,Fuel Pump,Fuel system,6,5246.23,295.0,31477.38,Walk-in Customer,GCash,Completed,ORD823334,Automated migration
2022-07-05,Spark Plug,Ignition system,5,488.17,367.4,2440.85,Wholesale Client,Check,Completed,ORD823335,Automated migration
2022-07-05,Shock Absorber,Suspension system,2,3674.76,390.49,7349.52,Retail Client,Bank Transfer,Completed,ORD823336,Automated migration
2022-07-05,Spark Plug,Ignition system,4,386.34,24.43,1545.36,Wholesale Client,GCash,Completed,ORD823337,Automated migration
2022-07-05,Fuel Pump,Fuel system,3,5214.05,373.02,15642.15,Walk-in Customer,Cash,Completed,ORD823338,Automated migration
2022-07-05,Brake Pad,Brake system,6,1222.64,2.21,7335.84,Retail Client,Bank Transfer,Completed,ORD823339,Automated migration
2022-07-05,Air Filter,Engine system,7,385.99,73.4,2701.93,Walk-in Customer,Cash,Completed,ORD823340,Automated migration
2022-07-06,Spark Plug,Ignition system,0,541.82,0.0,0.0,Walk-in Customer,Cash,Completed,ORD823341,Automated migration
2022-07-06,Radiator,Cooling system,1,3100.1,258.29,3100.1,Walk-in Customer,Check,Completed,ORD823342,Automated migration
2022-07-06,Brake Pad,Brake system,8,2281.18,16.59,18249.44,Walk-in Customer,Check,Completed,ORD823343,Automated migration
2022-07-06,Battery,Electrical system,4,4798.84,392.95,19195.36,Walk-in Customer,GCash,Completed,ORD823344,Automated migration
2022-07-06,Air Filter,Engine system,5,324.22,354.71,1621.1,Retail Client,Cash,Completed,ORD823345,Automated migration
2022-07-06,Spark Plug,Ignition system,5,524.24,15.49,2621.2,Wholesale Client,Check,Completed,ORD823346,Automated migration
2022-07-06,Oil Filter,Engine system,1,255.6,130.51,255.6,Walk-in Customer,Check,Completed,ORD823347,Automated migration
2022-07-06,Oil Filter,Engine system,8,330.3,489.5,2642.4,Retail Client,Bank Transfer,Completed,ORD823348,Automated migration
2022-07-06,Clutch Kit,Transmission system,2,12914.12,42.59,25828.24,Walk-in Customer,Bank Transfer,Completed,ORD823349,Automated migration
2022-07-06,Air Filter,Engine system,7,323.14,204.52,2261.98,Walk-in Customer,Check,Completed,ORD823350,Automated migration
2022-07-06,Shock Absorber,Suspension system,2,5409.63,325.82,10819.26,Walk-in Customer,Bank Transfer,Completed,ORD823351,Automated migration
2022-07-06,Radiator,Cooling system,3,7772.42,153.68,23317.26,Wholesale Client,Cash,Completed,ORD823352,Automated migration
2022-07-06,Fuel Pump,Fuel system,3,6839.64,328.32,20518.92,Wholesale Client,Bank Transfer,Completed,ORD823353,Automated migration
2022-07-06,Alternator,Electrical system,0,7259.15,0.0,0.0,Wholesale Client,Check,Completed,ORD823354,Automated migration
2022-07-06,Brake Pad,Brake system,1,2341.56,485.34,2341.56,Retail Client,GCash,Completed,ORD823355,Automated migration
2022-07-06,Alternator,Electrical system,2,11829.99,73.31,23659.98,Wholesale Client,Cash,Completed,ORD823356,Automated migration
2022-07-06,Clutch Kit,Transmission system,7,6740.39,229.81,47182.73,Retail Client,Bank Transfer,Completed,ORD823357,Automated migration
2022-07-06,Radiator,Cooling system,4,4650.37,224.28,18601.48,Walk-in Customer,Cash,Completed,ORD823358,Automated migration
2022-07-06,Shock Absorber,Suspension system,6,2115.53,374.9,12693.18,Walk-in Customer,Check,Completed,ORD823359,Automated migration
2022-07-06,Spark Plug,Ignition system,5,593.9,461.5,2969.5,Retail Client,Check,Completed,ORD823360,Automated migration
2022-07-06,Fuel Pump,Fuel system,1,5998.26,304.15,5998.26,Wholesale Client,Cash,Completed,ORD823361,Automated migration
2022-07-06,Alternator,Electrical system,7,10475.38,480.51,73327.66,Retail Client,Bank Transfer,Completed,ORD823362,Automated migration
2022-07-06,Radiator,Cooling system,5,5301.16,485.8,26505.8,Retail Client,Cash,Completed,ORD823363,Automated migration
2022-07-07,Air Filter,Engine system,5,269.26,370.99,1346.3,Walk-in Customer,Cash,Completed,ORD823364,Automated migration
2022-07-07,Shock Absorber,Suspension system,4,3220.62,400.38,12882.48,Wholesale Client,Bank Transfer,Completed,ORD823365,Automated migration
2022-07-07,Oil Filter,Engine system,1,330.46,23.45,330.46,Wholesale Client,Check,Completed,ORD823366,Automated migration
2022-07-07,Air Filter,Engine system,4,202.26,122.91,809.04,Retail Client,Bank Transfer,Completed,ORD823367,Automated migration
2022-07-07,Radiator,Cooling system,1,6237.46,492.36,6237.46,Retail Client,GCash,Completed,ORD823368,Automated migration
2022-07-07,Alternator,Electrical system,8,7120.67,104.5,56965.36,Wholesale Client,Check,Completed,ORD823369,Automated migration
2022-07-07,Air Filter,Engine system,3,302.75,457.67,908.25,Walk-in Customer,Check,Completed,ORD823370,Automated migration
2022-07-07,Air Filter,Engine system,7,306.84,6.22,2147.88,Wholesale Client,Bank Transfer,Completed,ORD823371,Automated migration
2022-07-07,Oil Filter,Engine system,5,122.64,450.65,613.2,Wholesale Client,Check,Completed,ORD823372,Automated migration
2022-07-07,Spark Plug,Ignition system,3,304.15,208.76,912.45,Retail Client,Cash,Completed,ORD823373,Automated migration
2022-07-07,Oil Filter,Engine system,7,175.0,425.0,1225.0,Walk-in Customer,Cash,Completed,ORD823374,Automated migration
2022-07-07,Shock Absorber,Suspension system,0,4275.15,0.0,0.0,Walk-in Customer,Check,Completed,ORD823375,Automated migration
2022-07-07,Oil Filter,Engine system,2,110.26,339.75,220.52,Retail Client,Cash,Completed,ORD823376,Automated migration
2022-07-07,Spark Plug,Ignition system,1,191.34,340.37,191.34,Retail Client,Check,Completed,ORD823377,Automated migration
2022-07-07,Alternator,Electrical system,1,8676.43,137.84,8676.43,Wholesale Client,Cash,Completed,ORD823378,Automated migration
2022-07-07,Brake Pad,Brake system,6,1754.23,329.07,10525.38,Retail Client,Check,Completed,ORD823379,Automated migration
2022-07-07,Radiator,Cooling system,7,7792.32,336.12,54546.24,Retail Client,GCash,Completed,ORD823380,Automated migration
2022-07-07,Fuel Pump,Fuel system,3,5202.79,235.19,15608.37,Retail Client,Check,Completed,ORD823381,Automated migration
2022-07-07,Radiator,Cooling system,5,7267.01,148.13,36335.05,Walk-in Customer,Cash,Completed,ORD823382,Automated migration
2022-07-07,Spark Plug,Ignition system,1,349.71,31.76,349.71,Wholesale Client,Cash,Completed,ORD823383,Automated migration
2022-07-08,Spark Plug,Ignition system,4,339.55,396.34,1358.2,Wholesale Client,Check,Completed,ORD823384,Automated migration
2022-07-08,Battery,Electrical system,2,5240.99,351.56,10481.98,Walk-in Customer,Check,Completed,ORD823385,Automated migration
2022-07-08,Fuel Pump,Fuel system,3,6893.0,68.93,20679.0,Wholesale Client,Cash,Completed,ORD823386,Automated migration
2022-07-08,Air Filter,Engine system,2,274.79,406.48,549.58,Wholesale Client,Cash,Completed,ORD823387,Automated migration
2022-07-08,Battery,Electrical system,8,6006.42,165.32,48051.36,Retail Client,Check,Completed,ORD823388,Automated migration
2022-07-08,Air Filter,Engine system,6,279.16,216.99,1674.96,Retail Client,Bank Transfer,Completed,ORD823389,Automated migration
2022-07-08,Brake Pad,Brake system,8,3240.33,43.87,25922.64,Walk-in Customer,Check,Completed,ORD823390,Automated migration
2022-07-08,Air Filter,Engine system,8,317.55,5.47,2540.4,Retail Client,Cash,Completed,ORD823391,Automated migration
2022-07-08,Brake Pad,Brake system,0,3052.64,0.0,0.0,Retail Client,Cash,Completed,ORD823392,Automated migration
2022-07-08,Fuel Pump,Fuel system,2,2604.87,131.15,5209.74,Retail Client,GCash,Completed,ORD823393,Automated migration
2022-07-08,Fuel Pump,Fuel system,7,5632.51,183.33,39427.57,Retail Client,GCash,Completed,ORD823394,Automated migration
2022-07-08,Air Filter,Engine system,0,324.66,0.0,0.0,Walk-in Customer,Check,Completed,ORD823395,Automated migration
2022-07-08,Brake Pad,Brake system,7,2002.28,407.36,14015.96,Wholesale Client,Bank Transfer,Completed,ORD823396,Automated migration
2022-07-08,Radiator,Cooling system,4,8888.89,295.27,35555.56,Retail Client,Cash,Completed,ORD823397,Automated migration
2022-07-08,Radiator,Cooling system,8,8775.87,140.76,70206.96,Wholesale Client,Bank Transfer,Completed,ORD823398,Automated migration
2022-07-08,Clutch Kit,Transmission system,1,6119.2,8.14,6119.2,Walk-in Customer,Cash,Completed,ORD823399,Automated migration
2022-07-08,Fuel Pump,Fuel system,5,4882.27,141.7,24411.35,Wholesale Client,Bank Transfer,Completed,ORD823400,Automated migration
2022-07-08,Battery,Electrical system,2,8334.78,298.56,16669.56,Walk-in Customer,Bank Transfer,Completed,ORD823401,Automated migration
2022-07-08,Alternator,Electrical system,7,10082.66,26.17,70578.62,Walk-in Customer,Check,Completed,ORD823402,Automated migration
2022-07-08,Air Filter,Engine system,3,393.9,204.19,1181.7,Wholesale Client,GCash,Completed,ORD823403,Automated migration
2022-07-08,Clutch Kit,Transmission system,6,5274.35,5.24,31646.1,Wholesale Client,GCash,Completed,ORD823404,Automated migration
2022-07-08,Battery,Electrical system,0,4655.41,0.0,0.0,Wholesale Client,Cash,Completed,ORD823405,Automated migration
2022-07-08,Clutch Kit,Transmission system,5,5244.56,187.23,26222.8,Retail Client,Cash,Completed,ORD823406,Automated migration
2022-07-09,Spark Plug,Ignition system,1,340.42,404.48,340.42,Wholesale Client,Check,Completed,ORD823407,Automated migration
2022-07-09,Fuel Pump,Fuel system,8,4480.17,30.92,35841.36,Retail Client,GCash,Completed,ORD823408,Automated migration
2022-07-09,Radiator,Cooling system,1,4255.13,295.37,4255.13,Wholesale Client,Check,Completed,ORD823409,Automated migration
2022-07-09,Air Filter,Engine system,6,393.73,365.96,2362.38,Wholesale Client,GCash,Completed,ORD823410,Automated migration
2022-07-09,Fuel Pump,Fuel system,7,5125.86,159.66,35881.02,Wholesale Client,Cash,Completed,ORD823411,Automated migration
2022-07-09,Clutch Kit,Transmission system,8,8580.74,482.21,68645.92,Wholesale Client,Check,Completed,ORD823412,Automated migration
2022-07-09,Battery,Electrical system,5,5941.72,61.53,29708.6,Retail Client,GCash,Completed,ORD823413,Automated migration
2022-07-09,Oil Filter,Engine system,7,165.96,335.28,1161.72,Wholesale Client,Check,Completed,ORD823414,Automated migration
2022-07-09,Fuel Pump,Fuel system,7,2721.29,92.87,19049.03,Retail Client,Check,Completed,ORD823415,Automated migration
2022-07-09,Alternator,Electrical system,8,8326.8,427.77,66614.4,Walk-in Customer,Cash,Completed,ORD823416,Automated migration
2022-07-09,Brake Pad,Brake system,0,2587.98,0.0,0.0,Wholesale Client,Check,Completed,ORD823417,Automated migration
2022-07-09,Spark Plug,Ignition system,3,532.64,71.83,1597.92,Walk-in Customer,Check,Completed,ORD823418,Automated migration
2022-07-09,Brake Pad,Brake system,3,2500.7,430.31,7502.1,Wholesale Client,Bank Transfer,Completed,ORD823419,Automated migration
2022-07-09,Brake Pad,Brake system,8,3319.59,161.08,26556.72,Retail Client,Check,Completed,ORD823420,Automated migration
2022-07-09,Battery,Electrical system,2,5291.44,219.65,10582.88,Retail Client,GCash,Completed,ORD823421,Automated migration
2022-07-09,Clutch Kit,Transmission system,5,10865.35,23.37,54326.75,Retail Client,GCash,Completed,ORD823422,Automated migration
2022-07-09,Oil Filter,Engine system,1,162.84,495.79,162.84,Retail Client,Check,Completed,ORD823423,Automated migration
2022-07-09,Spark Plug,Ignition system,2,382.32,146.67,764.64,Retail Client,Bank Transfer,Completed,ORD823424,Automated migration
2022-07-09,Alternator,Electrical system,8,7746.75,304.05,61974.0,Walk-in Customer,Check,Completed,ORD823425,Automated migration
2022-07-10,Fuel Pump,Fuel system,1,3977.15,134.36,3977.15,Wholesale Client,GCash,Completed,ORD823426,Automated migration
2022-07-10,Air Filter,Engine system,7,264.72,284.2,1853.04,Walk-in Customer,Cash,Completed,ORD823427,Automated migration
2022-07-10,Clutch Kit,Transmission system,3,6118.85,1.89,18356.55,Wholesale Client,Bank Transfer,Completed,ORD823428,Automated migration
2022-07-10,Spark Plug,Ignition system,2,232.94,379.18,465.88,Walk-in Customer,GCash,Completed,ORD823429,Automated migration
2022-07-10,Shock Absorber,Suspension system,7,4103.48,109.17,28724.36,Retail Client,Check,Completed,ORD823430,Automated migration
2022-07-10,Battery,Electrical system,6,8642.9,365.06,51857.4,Retail Client,Check,Completed,ORD823431,Automated migration
2022-07-10,Spark Plug,Ignition system,8,312.68,119.02,2501.44,Retail Client,Bank Transfer,Completed,ORD823432,Automated migration
2022-07-10,Brake Pad,Brake system,8,3031.14,67.64,24249.12,Wholesale Client,Cash,Completed,ORD823433,Automated migration
2022-07-10,Shock Absorber,Suspension system,4,5275.66,66.14,21102.64,Wholesale Client,Bank Transfer,Completed,ORD823434,Automated migration
2022-07-10,Battery,Electrical system,7,7907.51,183.41,55352.57,Retail Client,Check,Completed,ORD823435,Automated migration
2022-07-10,Battery,Electrical system,2,5856.25,463.0,11712.5,Wholesale Client,GCash,Completed,ORD823436,Automated migration
2022-07-10,Air Filter,Engine system,3,341.32,95.46,1023.96,Walk-in Customer,Bank Transfer,Completed,ORD823437,Automated migration
2022-07-10,Radiator,Cooling system,6,7373.57,141.36,44241.42,Wholesale Client,Bank Transfer,Completed,ORD823438,Automated migration
2022-07-10,Oil Filter,Engine system,7,261.42,104.43,1829.94,Walk-in Customer,GCash,Completed,ORD823439,Automated migration
2022-07-10,Oil Filter,Engine system,8,277.02,421.06,2216.16,Walk-in Customer,Cash,Completed,ORD823440,Automated migration
2022-07-10,Oil Filter,Engine system,8,206.81,294.64,1654.48,Walk-in Customer,Bank Transfer,Completed,ORD823441,Automated migration
2022-07-10,Air Filter,Engine system,4,319.44,400.22,1277.76,Retail Client,GCash,Completed,ORD823442,Automated migration
2022-07-10,Battery,Electrical system,4,5082.39,65.89,20329.56,Retail Client,Bank Transfer,Completed,ORD823443,Automated migration
2022-07-10,Alternator,Electrical system,2,7504.22,359.3,15008.44,Walk-in Customer,Cash,Completed,ORD823444,Automated migration
2022-07-10,Fuel Pump,Fuel system,4,5030.73,169.72,20122.92,Wholesale Client,Cash,Completed,ORD823445,Automated migration
2022-07-10,Alternator,Electrical system,2,10425.28,218.47,20850.56,Walk-in Customer,GCash,Completed,ORD823446,Automated migration
2022-07-10,Spark Plug,Ignition system,8,466.44,152.09,3731.52,Wholesale Client,Bank Transfer,Completed,ORD823447,Automated migration
2022-07-10,Brake Pad,Brake system,5,2114.69,230.55,10573.45,Walk-in Customer,Check,Completed,ORD823448,Automated migration
2022-07-10,Clutch Kit,Transmission system,8,9737.2,454.5,77897.6,Retail Client,GCash,Completed,ORD823449,Automated migration
2022-07-10,Clutch Kit,Transmission system,8,10840.38,28.9,86723.04,Walk-in Customer,Bank Transfer,Completed,ORD823450,Automated migration
2022-07-11,Clutch Kit,Transmission system,0,8459.78,0.0,0.0,Retail Client,GCash,Completed,ORD823451,Automated migration
2022-07-11,Oil Filter,Engine system,5,200.2,233.77,1001.0,Walk-in Customer,Bank Transfer,Completed,ORD823452,Automated migration
2022-07-11,Air Filter,Engine system,5,303.06,343.35,1515.3,Walk-in Customer,Bank Transfer,Completed,ORD823453,Automated migration
2022-07-11,Spark Plug,Ignition system,8,258.65,1.85,2069.2,Walk-in Customer,Check,Completed,ORD823454,Automated migration
2022-07-11,Spark Plug,Ignition system,6,511.79,25.35,3070.74,Walk-in Customer,Cash,Completed,ORD823455,Automated migration
2022-07-11,Battery,Electrical system,1,5920.96,66.2,5920.96,Retail Client,Check,Completed,ORD823456,Automated migration
2022-07-11,Fuel Pump,Fuel system,5,5796.05,342.19,28980.25,Wholesale Client,Bank Transfer,Completed,ORD823457,Automated migration
2022-07-11,Shock Absorber,Suspension system,8,6261.6,161.24,50092.8,Wholesale Client,Check,Completed,ORD823458,Automated migration
2022-07-11,Alternator,Electrical system,2,8273.83,215.48,16547.66,Retail Client,Cash,Completed,ORD823459,Automated migration
2022-07-11,Battery,Electrical system,8,6232.05,260.51,49856.4,Wholesale Client,GCash,Completed,ORD823460,Automated migration
2022-07-11,Air Filter,Engine system,5,214.26,191.31,1071.3,Wholesale Client,Bank Transfer,Completed,ORD823461,Automated migration
2022-07-11,Brake Pad,Brake system,2,3251.08,430.79,6502.16,Wholesale Client,Cash,Completed,ORD823462,Automated migration
2022-07-11,Radiator,Cooling system,0,3862.32,0.0,0.0,Retail Client,GCash,Completed,ORD823463,Automated migration
2022-07-11,Clutch Kit,Transmission system,6,5152.9,387.77,30917.4,Wholesale Client,Check,Completed,ORD823464,Automated migration
2022-07-11,Alternator,Electrical system,7,7099.4,122.58,49695.8,Retail Client,Cash,Completed,ORD823465,Automated migration
2022-07-11,Radiator,Cooling system,2,8497.84,256.35,16995.68,Wholesale Client,Cash,Completed,ORD823466,Automated migration
2022-07-11,Air Filter,Engine system,5,346.26,270.28,1731.3,Walk-in Customer,GCash,Completed,ORD823467,Automated migration
2022-07-11,Oil Filter,Engine system,4,286.68,106.3,1146.72,Walk-in Customer,Cash,Completed,ORD823468,Automated migration
2022-07-12,Alternator,Electrical system,7,9981.88,434.0,69873.16,Walk-in Customer,Check,Completed,ORD823469,Automated migration
2022-07-12,Radiator,Cooling system,5,8940.2,277.62,44701.0,Retail Client,GCash,Completed,ORD823470,Automated migration
2022-07-12,Battery,Electrical system,4,6633.13,149.41,26532.52,Retail Client,Check,Completed,ORD823471,Automated migration
2022-07-12,Fuel Pump,Fuel system,6,5883.06,246.07,35298.36,Walk-in Customer,Cash,Completed,ORD823472,Automated migration
2022-07-12,Shock Absorber,Suspension system,3,4578.67,338.42,13736.01,Wholesale Client,Cash,Completed,ORD823473,Automated migration
2022-07-12,Battery,Electrical system,0,4842.93,0.0,0.0,Walk-in Customer,Bank Transfer,Completed,ORD823474,Automated migration
2022-07-12,Brake Pad,Brake system,0,3043.29,0.0,0.0,Retail Client,Bank Transfer,Completed,ORD823475,Automated migration
2022-07-12,Fuel Pump,Fuel system,8,3761.65,420.77,30093.2,Retail Client,Check,Completed,ORD823476,Automated migration
2022-07-12,Radiator,Cooling system,2,3245.21,48.18,6490.42,Walk-in Customer,Check,Completed,ORD823477,Automated migration
2022-07-12,Shock Absorber,Suspension system,4,4396.66,230.14,17586.64,Walk-in Customer,Bank Transfer,Completed,ORD823478,Automated migration
2022-07-12,Radiator,Cooling system,1,6080.91,212.68,6080.91,Wholesale Client,GCash,Completed,ORD823479,Automated migration
2022-07-12,Air Filter,Engine system,8,304.4,361.95,2435.2,Walk-in Customer,Bank Transfer,Completed,ORD823480,Automated migration
2022-07-12,Clutch Kit,Transmission system,4,5954.19,210.14,23816.76,Retail Client,GCash,Completed,ORD823481,Automated migration
2022-07-12,Battery,Electrical system,0,7684.14,0.0,0.0,Wholesale Client,Check,Completed,ORD823482,Automated migration
2022-07-12,Brake Pad,Brake system,7,2165.98,240.28,15161.86,Walk-in Customer,GCash,Completed,ORD823483,Automated migration
2022-07-12,Shock Absorber,Suspension system,3,5149.07,191.97,15447.21,Retail Client,GCash,Completed,ORD823484,Automated migration
2022-07-12,Fuel Pump,Fuel system,1,6917.77,264.82,6917.77,Retail Client,Check,Completed,ORD823485,Automated migration
2022-07-12,Radiator,Cooling system,2,8318.12,411.66,16636.24,Wholesale Client,Bank Transfer,Completed,ORD823486,Automated migration
2022-07-12,Oil Filter,Engine system,8,248.43,11.7,1987.44,Wholesale Client,GCash,Completed,ORD823487,Automated migration
2022-07-12,Brake Pad,Brake system,7,2867.35,110.03,20071.45,Wholesale Client,Cash,Completed,ORD823488,Automated migration
2022-07-12,Oil Filter,Engine system,8,336.46,13.49,2691.68,Retail Client,GCash,Completed,ORD823489,Automated migration
2022-07-12,Shock Absorber,Suspension system,0,2161.6,0.0,0.0,Wholesale Client,Bank Transfer,Completed,ORD823490,Automated migration
2022-07-13,Clutch Kit,Transmission system,7,5500.66,444.29,38504.62,Wholesale Client,Check,Completed,ORD823491,Automated migration
2022-07-13,Oil Filter,Engine system,5,275.82,35.3,1379.1,Wholesale Client,Check,Completed,ORD823492,Automated migration
2022-07-13,Fuel Pump,Fuel system,5,3411.36,262.42,17056.8,Walk-in Customer,Cash,Completed,ORD823493,Automated migration
2022-07-13,Spark Plug,Ignition system,7,381.38,176.37,2669.66,Retail Client,Bank Transfer,Completed,ORD823494,Automated migration
2022-07-13,Oil Filter,Engine system,0,239.46,0.0,0.0,Wholesale Client,Bank Transfer,Completed,ORD823495,Automated migration
2022-07-13,Brake Pad,Brake system,6,3101.58,105.05,18609.48,Wholesale Client,Check,Completed,ORD823496,Automated migration
2022-07-13,Spark Plug,Ignition system,8,160.28,77.78,1282.24,Retail Client,Check,Completed,ORD823497,Automated migration
2022-07-13,Alternator,Electrical system,2,8188.98,199.57,16377.96,Retail Client,GCash,Completed,ORD823498,Automated migration
2022-07-13,Oil Filter,Engine system,0,258.01,0.0,0.0,Wholesale Client,Cash,Completed,ORD823499,Automated migration
2022-07-13,Brake Pad,Brake system,8,2402.89,193.48,19223.12,Walk-in Customer,Cash,Completed,ORD823500,Automated migration
2022-07-13,Air Filter,Engine system,7,201.41,200.89,1409.87,Walk-in Customer,Cash,Completed,ORD823501,Automated migration
2022-07-13,Air Filter,Engine system,7,317.23,109.72,2220.61,Retail Client,GCash,Completed,ORD823502,Automated migration
2022-07-13,Clutch Kit,Transmission system,3,7015.13,452.64,21045.39,Walk-in Customer,Check,Completed,ORD823503,Automated migration
2022-07-13,Oil Filter,Engine system,7,330.33,121.31,2312.31,Wholesale Client,Cash,Completed,ORD823504,Automated migration
2022-07-13,Shock Absorber,Suspension system,5,4071.09,307.09,20355.45,Walk-in Customer,GCash,Completed,ORD823505,Automated migration
2022-07-13,Fuel Pump,Fuel system,5,5607.33,6.63,28036.65,Wholesale Client,Check,Completed,ORD823506,Automated migration
2022-07-13,Alternator,Electrical system,2,11199.32,329.1,22398.64,Retail Client,Cash,Completed,ORD823507,Automated migration
2022-07-13,Fuel Pump,Fuel system,5,5344.57,340.67,26722.85,Wholesale Client,Check,Completed,ORD823508,Automated migration
2022-07-13,Fuel Pump,Fuel system,2,5396.68,262.4,10793.36,Walk-in Customer,GCash,Completed,ORD823509,Automated migration
2022-07-13,Radiator,Cooling system,4,3268.27,183.82,13073.08,Walk-in Customer,GCash,Completed,ORD823510,Automated migration
2022-07-13,Alternator,Electrical system,4,7319.46,443.88,29277.84,Retail Client,Cash,Completed,ORD823511,Automated migration
2022-07-13,Spark Plug,Ignition system,5,532.87,99.23,2664.35,Walk-in Customer,Check,Completed,ORD823512,Automated migration
2022-07-13,Fuel Pump,Fuel system,6,6186.11,388.22,37116.66,Walk-in Customer,Cash,Completed,ORD823513,Automated migration
2022-07-13,Oil Filter,Engine system,7,319.59,225.17,2237.13,Wholesale Client,Cash,Completed,ORD823514,Automated migration
2022-07-13,Spark Plug,Ignition system,4,511.93,313.78,2047.72,Wholesale Client,Check,Completed,ORD823515,Automated migration
2022-07-14,Battery,Electrical system,7,6872.52,146.72,48107.64,Retail Client,Check,Completed,ORD823516,Automated migration
2022-07-14,Radiator,Cooling system,0,3398.36,0.0,0.0,Retail Client,GCash,Completed,ORD823517,Automated migration
2022-07-14,Shock Absorber,Suspension system,3,5412.72,253.02,16238.16,Retail Client,Cash,Completed,ORD823518,Automated migration
2022-07-14,Oil Filter,Engine system,7,191.51,353.21,1340.57,Retail Client,GCash,Completed,ORD823519,Automated migration
2022-07-14,Spark Plug,Ignition system,1,379.07,480.87,379.07,Walk-in Customer,GCash,Completed,ORD823520,Automated migration
2022-07-14,Brake Pad,Brake system,1,1962.28,184.14,1962.28,Walk-in Customer,Bank Transfer,Completed,ORD823521,Automated migration
2022-07-14,Spark Plug,Ignition system,3,228.77,45.24,686.31,Walk-in Customer,Bank Transfer,Completed,ORD823522,Automated migration
2022-07-14,Clutch Kit,Transmission system,5,10641.46,127.14,53207.3,Retail Client,Check,Completed,ORD823523,Automated migration
2022-07-14,Air Filter,Engine system,7,382.08,149.95,2674.56,Wholesale Client,Check,Completed,ORD823524,Automated migration
2022-07-14,Battery,Electrical system,2,7635.78,172.69,15271.56,Walk-in Customer,Bank Transfer,Completed,ORD823525,Automated migration
2022-07-14,Alternator,Electrical system,7,8338.67,465.95,58370.69,Walk-in Customer,Cash,Completed,ORD823526,Automated migration
2022-07-14,Alternator,Electrical system,7,7014.69,6.56,49102.83,Retail Client,GCash,Completed,ORD823527,Automated migration
2022-07-14,Clutch Kit,Transmission system,1,8640.41,275.91,8640.41,Walk-in Customer,Bank Transfer,Completed,ORD823528,Automated migration
2022-07-14,Spark Plug,Ignition system,4,527.0,333.82,2108.0,Wholesale Client,Cash,Completed,ORD823529,Automated migration
2022-07-14,Clutch Kit,Transmission system,3,11245.95,405.43,33737.85,Wholesale Client,Cash,Completed,ORD823530,Automated migration
2022-07-14,Oil Filter,Engine system,2,234.0,144.31,468.0,Walk-in Customer,GCash,Completed,ORD823531,Automated migration
2022-07-15,Air Filter,Engine system,2,284.95,426.37,569.9,Wholesale Client,Cash,Completed,ORD823532,Automated migration
2022-07-15,Brake Pad,Brake system,1,2483.01,94.3,2483.01,Wholesale Client,Check,Completed,ORD823533,Automated migration
2022-07-15,Alternator,Electrical system,6,11949.74,206.93,71698.44,Retail Client,Cash,Completed,ORD823534,Automated migration
2022-07-15,Fuel Pump,Fuel system,6,6618.72,138.94,39712.32,Retail Client,GCash,Completed,ORD823535,Automated migration
2022-07-15,Brake Pad,Brake system,3,1817.93,294.19,5453.79,Retail Client,Cash,Completed,ORD823536,Automated migration
2022-07-15,Shock Absorber,Suspension system,6,4491.77,445.55,26950.62,Wholesale Client,Bank Transfer,Completed,ORD823537,Automated migration
2022-07-15,Alternator,Electrical system,7,11321.22,307.13,79248.54,Wholesale Client,GCash,Completed,ORD823538,Automated migration
2022-07-15,Radiator,Cooling system,6,3721.79,146.88,22330.74,Walk-in Customer,GCash,Completed,ORD823539,Automated migration
2022-07-15,Spark Plug,Ignition system,5,178.2,152.02,891.0,Wholesale Client,Bank Transfer,Completed,ORD823540,Automated migration
2022-07-15,Radiator,Cooling system,2,8211.32,188.45,16422.64,Retail Client,Cash,Completed,ORD823541,Automated migration
2022-07-15,Spark Plug,Ignition system,7,488.22,189.81,3417.54,Retail Client,Bank Transfer,Completed,ORD823542,Automated migration
2022-07-15,Oil Filter,Engine system,5,189.0,378.97,945.0,Walk-in Customer,GCash,Completed,ORD823543,Automated migration
2022-07-15,Shock Absorber,Suspension system,6,5828.64,131.35,34971.84,Retail Client,Bank Transfer,Completed,ORD823544,Automated migration
2022-07-15,Air Filter,Engine system,3,385.46,484.37,1156.38,Walk-in Customer,Bank Transfer,Completed,ORD823545,Automated migration
2022-07-15,Brake Pad,Brake system,5,1989.53,364.3,9947.65,Retail Client,Bank Transfer,Completed,ORD823546,Automated migration
2022-07-15,Radiator,Cooling system,8,5395.98,70.34,43167.84,Walk-in Customer,GCash,Completed,ORD823547,Automated migration
2022-07-15,Radiator,Cooling system,7,7530.17,478.35,52711.19,Retail Client,Bank Transfer,Completed,ORD823548,Automated migration
2022-07-15,Radiator,Cooling system,6,7387.29,347.88,44323.74,Wholesale Client,Check,Completed,ORD823549,Automated migration
2022-07-15,Oil Filter,Engine system,3,137.2,46.4,411.6,Wholesale Client,Check,Completed,ORD823550,Automated migration
2022-07-15,Oil Filter,Engine system,5,153.41,67.01,767.05,Walk-in Customer,Cash,Completed,ORD823551,Automated migration
2022-07-15,Air Filter,Engine system,5,257.08,220.41,1285.4,Walk-in Customer,Check,Completed,ORD823552,Automated migration
2022-07-15,Alternator,Electrical system,8,7971.6,349.18,63772.8,Wholesale Client,Cash,Completed,ORD823553,Automated migration
2022-07-15,Alternator,Electrical system,8,9402.12,121.6,75216.96,Wholesale Client,GCash,Completed,ORD823554,Automated migration
2022-07-15,Fuel Pump,Fuel system,1,6722.43,125.09,6722.43,Wholesale Client,Check,Completed,ORD823555,Automated migration
2022-07-16,Alternator,Electrical system,0,9429.43,0.0,0.0,Walk-in Customer,Cash,Completed,ORD823556,Automated migration
2022-07-16,Alternator,Electrical system,0,10075.7,0.0,0.0,Wholesale Client,Bank Transfer,Completed,ORD823557,Automated migration
2022-07-16,Radiator,Cooling system,2,4984.01,227.07,9968.02,Retail Client,Check,Completed,ORD823558,Automated migration
2022-07-16,Brake Pad,Brake system,6,3090.53,328.27,18543.18,Retail Client,Cash,Completed,ORD823559,Automated migration
2022-07-16,Radiator,Cooling system,2,7240.37,98.09,14480.74,Wholesale Client,Cash,Completed,ORD823560,Automated migration
2022-07-16,Brake Pad,Brake system,3,1324.73,479.47,3974.19,Wholesale Client,Bank Transfer,Completed,ORD823561,Automated migration
2022-07-16,Air Filter,Engine system,5,383.1,69.05,1915.5,Wholesale Client,Cash,Completed,ORD823562,Automated migration
2022-07-16,Radiator,Cooling system,2,3163.85,204.43,6327.7,Retail Client,Cash,Completed,ORD823563,Automated migration
2022-07-16,Alternator,Electrical system,4,8598.79,294.41,34395.16,Retail Client,Cash,Completed,ORD823564,Automated migration
2022-07-16,Battery,Electrical system,6,8464.18,102.9,50785.08,Walk-in Customer,GCash,Completed,ORD823565,Automated migration
2022-07-16,Brake Pad,Brake system,2,1839.11,15.75,3678.22,Wholesale Client,GCash,Completed,ORD823566,Automated migration
2022-07-16,Brake Pad,Brake system,2,1308.54,188.89,2617.08,Walk-in Customer,Cash,Completed,ORD823567,Automated migration
2022-07-16,Oil Filter,Engine system,0,312.58,0.0,0.0,Retail Client,GCash,Completed,ORD823568,Automated migration
2022-07-16,Clutch Kit,Transmission system,4,6881.68,287.94,27526.72,Retail Client,GCash,Completed,ORD823569,Automated migration
2022-07-17,Brake Pad,Brake system,8,2071.31,486.43,16570.48,Retail Client,GCash,Completed,ORD823570,Automated migration
2022-07-17,Oil Filter,Engine system,4,183.88,429.96,735.52,Walk-in Customer,Bank Transfer,Completed,ORD823571,Automated migration
2022-07-17,Brake Pad,Brake system,3,1899.84,250.3,5699.52,Wholesale Client,Bank Transfer,Completed,ORD823572,Automated migration
2022-07-17,Battery,Electrical system,0,4866.31,0.0,0.0,Walk-in Customer,Check,Completed,ORD823573,Automated migration
2022-07-17,Spark Plug,Ignition system,4,228.24,27.25,912.96,Walk-in Customer,Bank Transfer,Completed,ORD823574,Automated migration
2022-07-17,Battery,Electrical system,7,7183.29,236.78,50283.03,Retail Client,Bank Transfer,Completed,ORD823575,Automated migration
2022-07-17,Brake Pad,Brake system,7,3109.87,178.11,21769.09,Retail Client,Bank Transfer,Completed,ORD823576,Automated migration
2022-07-17,Battery,Electrical system,6,5854.63,166.26,35127.78,Retail Client,Bank Transfer,Completed,ORD823577,Automated migration
2022-07-17,Battery,Electrical system,2,5848.66,123.14,11697.32,Walk-in Customer,Cash,Completed,ORD823578,Automated migration
2022-07-17,Battery,Electrical system,4,4526.13,236.37,18104.52,Wholesale Client,GCash,Completed,ORD823579,Automated migration
2022-07-17,Battery,Electrical system,5,4796.27,439.08,23981.35,Wholesale Client,Check,Completed,ORD823580,Automated migration
2022-07-17,Fuel Pump,Fuel system,3,4021.29,280.6,12063.87,Walk-in Customer,Check,Completed,ORD823581,Automated migration
2022-07-17,Oil Filter,Engine system,8,322.06,373.97,2576.48,Retail Client,Bank Transfer,Completed,ORD823582,Automated migration
2022-07-17,Battery,Electrical system,7,8618.89,75.37,60332.23,Retail Client,Bank Transfer,Completed,ORD823583,Automated migration
2022-07-17,Alternator,Electrical system,2,10204.77,431.71,20409.54,Walk-in Customer,Check,Completed,ORD823584,Automated migration
2022-07-17,Clutch Kit,Transmission system,3,7915.83,106.25,23747.49,Walk-in Customer,Bank Transfer,Completed,ORD823585,Automated migration
2022-07-17,Clutch Kit,Transmission system,5,9501.9,214.58,47509.5,Walk-in Customer,Cash,Completed,ORD823586,Automated migration
2022-07-18,Alternator,Electrical system,6,10653.65,73.56,63921.9,Walk-in Customer,Check,Completed,ORD823587,Automated migration
2022-07-18,Oil Filter,Engine system,8,296.83,38.58,2374.64,Retail Client,Bank Transfer,Completed,ORD823588,Automated migration
2022-07-18,Clutch Kit,Transmission system,1,5913.55,448.47,5913.55,Walk-in Customer,GCash,Completed,ORD823589,Automated migration
2022-07-18,Alternator,Electrical system,0,8224.22,0.0,0.0,Wholesale Client,GCash,Completed,ORD823590,Automated migration
2022-07-18,Brake Pad,Brake system,6,1335.54,345.57,8013.24,Retail Client,Cash,Completed,ORD823591,Automated migration
2022-07-18,Clutch Kit,Transmission system,6,12330.66,479.46,73983.96,Walk-in Customer,Cash,Completed,ORD823592,Automated migration
2022-07-18,Battery,Electrical system,4,6869.2,58.91,27476.8,Retail Client,Bank Transfer,Completed,ORD823593,Automated migration
2022-07-18,Spark Plug,Ignition system,4,502.35,221.01,2009.4,Retail Client,Bank Transfer,Completed,ORD823594,Automated migration
2022-07-18,Brake Pad,Brake system,2,2093.78,351.27,4187.56,Wholesale Client,Check,Completed,ORD823595,Automated migration
2022-07-18,Spark Plug,Ignition system,1,357.0,374.03,357.0,Walk-in Customer,Bank Transfer,Completed,ORD823596,Automated migration
2022-07-18,Spark Plug,Ignition system,6,519.3,131.13,3115.8,Walk-in Customer,Cash,Completed,ORD823597,Automated migration
2022-07-18,Brake Pad,Brake system,6,2815.79,191.63,16894.74,Wholesale Client,Check,Completed,ORD823598,Automated migration
2022-07-18,Oil Filter,Engine system,6,212.87,336.12,1277.22,Wholesale Client,GCash,Completed,ORD823599,Automated migration
2022-07-18,Fuel Pump,Fuel system,3,5200.37,16.43,15601.11,Wholesale Client,Cash,Completed,ORD823600,Automated migration
2022-07-18,Fuel Pump,Fuel system,0,3011.15,0.0,0.0,Walk-in Customer,GCash,Completed,ORD823601,Automated migration
2022-07-18,Oil Filter,Engine system,0,290.35,0.0,0.0,Retail Client,GCash,Completed,ORD823602,Automated migration
2022-07-18,Spark Plug,Ignition system,4,587.43,107.72,2349.72,Walk-in Customer,Check,Completed,ORD823603,Automated migration
2022-07-18,Spark Plug,Ignition system,4,390.07,50.2,1560.28,Retail Client,Bank Transfer,Completed,ORD823604,Automated migration
2022-07-18,Air Filter,Engine system,1,373.0,246.81,373.0,Retail Client,Cash,Completed,ORD823605,Automated migration
2022-07-18,Radiator,Cooling system,8,3546.85,200.23,28374.8,Wholesale Client,Cash,Completed,ORD823606,Automated migration
2022-07-18,Air Filter,Engine system,4,331.23,461.35,1324.92,Retail Client,GCash,Completed,ORD823607,Automated migration
2022-07-18,Battery,Electrical system,1,6020.99,272.15,6020.99,Retail Client,Cash,Completed,ORD823608,Automated migration
2022-07-18,Spark Plug,Ignition system,4,214.97,477.39,859.88,Retail Client,Bank Transfer,Completed,ORD823609,Automated migration
2022-07-18,Radiator,Cooling system,8,4566.8,77.97,36534.4,Retail Client,GCash,Completed,ORD823610,Automated migration
2022-07-19,Alternator,Electrical system,6,7306.92,239.03,43841.52,Walk-in Customer,Cash,Completed,ORD823611,Automated migration
2022-07-19,Oil Filter,Engine system,1,151.35,271.77,151.35,Retail Client,Cash,Completed,ORD823612,Automated migration
2022-07-19,Shock Absorber,Suspension system,1,5848.46,441.88,5848.46,Wholesale Client,Cash,Completed,ORD823613,Automated migration
2022-07-19,Brake Pad,Brake system,1,2540.82,154.72,2540.82,Retail Client,GCash,Completed,ORD823614,Automated migration
2022-07-19,Shock Absorber,Suspension system,0,2727.07,0.0,0.0,Walk-in Customer,Cash,Completed,ORD823615,Automated migration
2022-07-19,Alternator,Electrical system,1,7662.6,266.81,7662.6,Walk-in Customer,Bank Transfer,Completed,ORD823616,Automated migration
2022-07-19,Brake Pad,Brake system,7,3347.94,37.54,23435.58,Walk-in Customer,GCash,Completed,ORD823617,Automated migration
2022-07-19,Shock Absorber,Suspension system,8,3658.26,190.28,29266.08,Wholesale Client,GCash,Completed,ORD823618,Automated migration
2022-07-19,Spark Plug,Ignition system,8,504.88,39.85,4039.04,Walk-in Customer,Check,Completed,ORD823619,Automated migration
2022-07-19,Oil Filter,Engine system,1,264.41,189.48,264.41,Walk-in Customer,Bank Transfer,Completed,ORD823620,Automated migration
2022-07-19,Spark Plug,Ignition system,2,203.54,141.98,407.08,Retail Client,Cash,Completed,ORD823621,Automated migration
2022-07-19,Alternator,Electrical system,5,8088.97,25.7,40444.85,Walk-in Customer,Check,Completed,ORD823622,Automated migration
2022-07-19,Battery,Electrical system,1,6032.6,126.64,6032.6,Wholesale Client,Bank Transfer,Completed,ORD823623,Automated migration
2022-07-19,Fuel Pump,Fuel system,2,5909.47,248.42,11818.94,Wholesale Client,Cash,Completed,ORD823624,Automated migration
2022-07-19,Brake Pad,Brake system,5,1850.89,360.33,9254.45,Retail Client,Check,Completed,ORD823625,Automated migration
2022-07-20,Clutch Kit,Transmission system,5,8833.27,302.25,44166.35,Walk-in Customer,GCash,Completed,ORD823626,Automated migration
2022-07-20,Air Filter,Engine system,5,221.19,495.2,1105.95,Walk-in Customer,Bank Transfer,Completed,ORD823627,Automated migration
2022-07-20,Shock Absorber,Suspension system,5,6225.86,458.51,31129.3,Retail Client,Bank Transfer,Completed,ORD823628,Automated migration
2022-07-20,Clutch Kit,Transmission system,4,12978.61,425.87,51914.44,Retail Client,Check,Completed,ORD823629,Automated migration
2022-07-20,Shock Absorber,Suspension system,2,3753.72,66.63,7507.44,Walk-in Customer,Bank Transfer,Completed,ORD823630,Automated migration
2022-07-20,Fuel Pump,Fuel system,0,3665.46,0.0,0.0,Retail Client,Check,Completed,ORD823631,Automated migration
2022-07-20,Air Filter,Engine system,1,258.81,499.47,258.81,Wholesale Client,Cash,Completed,ORD823632,Automated migration
2022-07-20,Air Filter,Engine system,6,301.85,477.86,1811.1,Wholesale Client,GCash,Completed,ORD823633,Automated migration
2022-07-20,Air Filter,Engine system,8,289.02,404.01,2312.16,Retail Client,Cash,Completed,ORD823634,Automated migration
2022-07-20,Battery,Electrical system,8,6997.53,336.16,55980.24,Retail Client,Check,Completed,ORD823635,Automated migration
2022-07-20,Clutch Kit,Transmission system,2,5069.37,203.82,10138.74,Retail Client,Cash,Completed,ORD823636,Automated migration
2022-07-20,Fuel Pump,Fuel system,2,3130.03,71.41,6260.06,Retail Client,GCash,Completed,ORD823637,Automated migration
2022-07-20,Clutch Kit,Transmission system,2,7555.18,268.03,15110.36,Wholesale Client,Bank Transfer,Completed,ORD823638,Automated migration
2022-07-20,Clutch Kit,Transmission system,3,8221.24,303.0,24663.72,Walk-in Customer,Bank Transfer,Completed,ORD823639,Automated migration
2022-07-20,Air Filter,Engine system,4,218.45,363.14,873.8,Walk-in Customer,Bank Transfer,Completed,ORD823640,Automated migration
2022-07-20,Oil Filter,Engine system,1,157.04,444.95,157.04,Retail Client,Cash,Completed,ORD823641,Automated migration
2022-07-20,Fuel Pump,Fuel system,0,6217.19,0.0,0.0,Wholesale Client,GCash,Completed,ORD823642,Automated migration
2022-07-20,Shock Absorber,Suspension system,2,2741.29,321.56,5482.58,Walk-in Customer,GCash,Completed,ORD823643,Automated migration
2022-07-20,Battery,Electrical system,4,4588.3,350.1,18353.2,Walk-in Customer,Bank Transfer,Completed,ORD823644,Automated migration
2022-07-20,Clutch Kit,Transmission system,0,10389.15,0.0,0.0,Wholesale Client,GCash,Completed,ORD823645,Automated migration
2022-07-21,Clutch Kit,Transmission system,0,12663.39,0.0,0.0,Retail Client,Bank Transfer,Completed,ORD823646,Automated migration
2022-07-21,Oil Filter,Engine system,4,327.51,356.15,1310.04,Wholesale Client,GCash,Completed,ORD823647,Automated migration
2022-07-21,Alternator,Electrical system,5,11357.94,63.12,56789.7,Walk-in Customer,Cash,Completed,ORD823648,Automated migration
2022-07-21,Radiator,Cooling system,7,6334.02,399.93,44338.14,Wholesale Client,GCash,Completed,ORD823649,Automated migration
2022-07-21,Brake Pad,Brake system,1,2675.59,337.07,2675.59,Walk-in Customer,GCash,Completed,ORD823650,Automated migration
2022-07-21,Battery,Electrical system,3,7780.04,248.86,23340.12,Walk-in Customer,Cash,Completed,ORD823651,Automated migration
2022-07-21,Shock Absorber,Suspension system,8,4633.32,57.7,37066.56,Retail Client,Cash,Completed,ORD823652,Automated migration
2022-07-21,Oil Filter,Engine system,7,162.65,458.86,1138.55,Retail Client,Check,Completed,ORD823653,Automated migration
2022-07-21,Fuel Pump,Fuel system,5,4986.47,478.91,24932.35,Wholesale Client,Bank Transfer,Completed,ORD823654,Automated migration
2022-07-21,Air Filter,Engine system,8,351.91,93.29,2815.28,Walk-in Customer,Cash,Completed,ORD823655,Automated migration
2022-07-21,Oil Filter,Engine system,6,241.61,24.42,1449.66,Wholesale Client,Bank Transfer,Completed,ORD823656,Automated migration
2022-07-21,Clutch Kit,Transmission system,8,8862.36,188.63,70898.88,Walk-in Customer,Cash,Completed,ORD823657,Automated migration
2022-07-21,Fuel Pump,Fuel system,6,4568.64,116.76,27411.84,Wholesale Client,Bank Transfer,Completed,ORD823658,Automated migration
2022-07-21,Air Filter,Engine system,1,279.81,71.95,279.81,Wholesale Client,Cash,Completed,ORD823659,Automated migration
2022-07-22,Clutch Kit,Transmission system,1,7689.57,449.46,7689.57,Retail Client,GCash,Completed,ORD823660,Automated migration
2022-07-22,Spark Plug,Ignition system,0,380.41,0.0,0.0,Retail Client,Check,Completed,ORD823661,Automated migration
2022-07-22,Oil Filter,Engine system,2,260.04,424.44,520.08,Wholesale Client,Bank Transfer,Completed,ORD823662,Automated migration
2022-07-22,Shock Absorber,Suspension system,7,5868.57,90.18,41079.99,Retail Client,Bank Transfer,Completed,ORD823663,Automated migration
2022-07-22,Spark Plug,Ignition system,2,555.43,87.05,1110.86,Wholesale Client,Cash,Completed,ORD823664,Automated migration
2022-07-22,Radiator,Cooling system,1,5726.22,63.01,5726.22,Retail Client,Bank Transfer,Completed,ORD823665,Automated migration
2022-07-22,Spark Plug,Ignition system,6,420.16,163.81,2520.96,Wholesale Client,Bank Transfer,Completed,ORD823666,Automated migration
2022-07-22,Radiator,Cooling system,0,5305.04,0.0,0.0,Wholesale Client,Check,Completed,ORD823667,Automated migration
2022-07-22,Brake Pad,Brake system,4,1578.45,226.09,6313.8,Retail Client,GCash,Completed,ORD823668,Automated migration
2022-07-22,Brake Pad,Brake system,5,2754.01,145.56,13770.05,Retail Client,GCash,Completed,ORD823669,Automated migration
2022-07-22,Fuel Pump,Fuel system,8,6647.3,69.65,53178.4,Wholesale Client,GCash,Completed,ORD823670,Automated migration
2022-07-22,Radiator,Cooling system,0,8469.89,0.0,0.0,Retail Client,Check,Completed,ORD823671,Automated migration
2022-07-22,Brake Pad,Brake system,1,2218.03,49.6,2218.03,Wholesale Client,GCash,Completed,ORD823672,Automated migration
2022-07-22,Brake Pad,Brake system,0,1894.68,0.0,0.0,Wholesale Client,Check,Completed,ORD823673,Automated migration
2022-07-22,Alternator,Electrical system,5,10422.49,295.17,52112.45,Wholesale Client,Check,Completed,ORD823674,Automated migration
2022-07-22,Shock Absorber,Suspension system,0,3782.97,0.0,0.0,Retail Client,Bank Transfer,Completed,ORD823675,Automated migration
2022-07-22,Spark Plug,Ignition system,1,527.55,293.18,527.55,Walk-in Customer,Cash,Completed,ORD823676,Automated migration
2022-07-22,Clutch Kit,Transmission system,5,5068.31,75.61,25341.55,Wholesale Client,Cash,Completed,ORD823677,Automated migration
2022-07-23,Oil Filter,Engine system,3,260.75,105.82,782.25,Walk-in Customer,GCash,Completed,ORD823678,Automated migration
2022-07-23,Oil Filter,Engine system,7,121.19,30.9,848.33,Retail Client,Cash,Completed,ORD823679,Automated migration
2022-07-23,Oil Filter,Engine system,5,207.57,188.39,1037.85,Retail Client,Bank Transfer,Completed,ORD823680,Automated migration
2022-07-23,Radiator,Cooling system,7,3383.94,369.98,23687.58,Wholesale Client,Bank Transfer,Completed,ORD823681,Automated migration
2022-07-23,Shock Absorber,Suspension system,2,3021.07,142.83,6042.14,Wholesale Client,GCash,Completed,ORD823682,Automated migration
2022-07-23,Spark Plug,Ignition system,1,583.07,325.44,583.07,Wholesale Client,Check,Completed,ORD823683,Automated migration
2022-07-23,Radiator,Cooling system,5,5261.07,220.55,26305.35,Wholesale Client,GCash,Completed,ORD823684,Automated migration
2022-07-23,Air Filter,Engine system,1,322.99,472.49,322.99,Wholesale Client,GCash,Completed,ORD823685,Automated migration
2022-07-23,Alternator,Electrical system,7,11870.17,213.95,83091.19,Wholesale Client,Check,Completed,ORD823686,Automated migration
2022-07-23,Air Filter,Engine system,5,235.36,235.47,1176.8,Wholesale Client,Cash,Completed,ORD823687,Automated migration
2022-07-23,Air Filter,Engine system,2,310.75,410.68,621.5,Walk-in Customer,Bank Transfer,Completed,ORD823688,Automated migration
2022-07-23,Clutch Kit,Transmission system,0,8661.02,0.0,0.0,Retail Client,Cash,Completed,ORD823689,Automated migration
2022-07-23,Brake Pad,Brake system,3,1359.27,56.94,4077.81,Wholesale Client,Check,Completed,ORD823690,Automated migration
2022-07-24,Shock Absorber,Suspension system,6,2920.24,123.04,17521.44,Retail Client,GCash,Completed,ORD823691,Automated migration
2022-07-24,Alternator,Electrical system,8,8778.68,77.66,70229.44,Retail Client,Check,Completed,ORD823692,Automated migration
2022-07-24,Clutch Kit,Transmission system,5,8726.77,455.81,43633.85,Retail Client,Cash,Completed,ORD823693,Automated migration
2022-07-24,Brake Pad,Brake system,4,1642.9,20.02,6571.6,Walk-in Customer,GCash,Completed,ORD823694,Automated migration
2022-07-24,Fuel Pump,Fuel system,3,5064.09,268.94,15192.27,Walk-in Customer,GCash,Completed,ORD823695,Automated migration
2022-07-24,Alternator,Electrical system,3,7716.01,218.68,23148.03,Walk-in Customer,Check,Completed,ORD823696,Automated migration
2022-07-24,Oil Filter,Engine system,3,131.7,239.37,395.1,Walk-in Customer,Bank Transfer,Completed,ORD823697,Automated migration
2022-07-24,Shock Absorber,Suspension system,8,2907.67,341.51,23261.36,Wholesale Client,Bank Transfer,Completed,ORD823698,Automated migration
2022-07-24,Fuel Pump,Fuel system,3,6637.07,69.73,19911.21,Retail Client,Cash,Completed,ORD823699,Automated migration
2022-07-24,Air Filter,Engine system,6,360.77,81.83,2164.62,Wholesale Client,Check,Completed,ORD823700,Automated migration
2022-07-24,Brake Pad,Brake system,6,2223.77,396.51,13342.62,Retail Client,Bank Transfer,Completed,ORD823701,Automated migration
2022-07-24,Brake Pad,Brake system,7,1621.08,139.82,11347.56,Wholesale Client,GCash,Completed,ORD823702,Automated migration
2022-07-24,Shock Absorber,Suspension system,5,5026.89,157.01,25134.45,Wholesale Client,Check,Completed,ORD823703,Automated migration
2022-07-24,Radiator,Cooling system,8,5647.72,146.75,45181.76,Wholesale Client,GCash,Completed,ORD823704,Automated migration
2022-07-24,Radiator,Cooling system,4,7248.95,415.23,28995.8,Retail Client,Bank Transfer,Completed,ORD823705,Automated migration
2022-07-24,Brake Pad,Brake system,5,1213.37,206.64,6066.85,Retail Client,Check,Completed,ORD823706,Automated migration
2022-07-24,Battery,Electrical system,8,8644.05,429.37,69152.4,Retail Client,Cash,Completed,ORD823707,Automated migration
2022-07-24,Brake Pad,Brake system,7,3214.38,355.48,22500.66,Retail Client,GCash,Completed,ORD823708,Automated migration
2022-07-25,Air Filter,Engine system,7,316.86,107.76,2218.02,Walk-in Customer,Bank Transfer,Completed,ORD823709,Automated migration
2022-07-25,Alternator,Electrical system,2,9877.64,150.58,19755.28,Walk-in Customer,Bank Transfer,Completed,ORD823710,Automated migration
2022-07-25,Brake Pad,Brake system,2,3011.07,146.35,6022.14,Wholesale Client,Check,Completed,ORD823711,Automated migration
2022-07-25,Radiator,Cooling system,5,8834.79,361.52,44173.95,Wholesale Client,GCash,Completed,ORD823712,Automated migration
2022-07-25,Alternator,Electrical system,8,8456.53,327.72,67652.24,Wholesale Client,Cash,Completed,ORD823713,Automated migration
2022-07-25,Spark Plug,Ignition system,8,210.28,146.3,1682.24,Walk-in Customer,GCash,Completed,ORD823714,Automated migration
2022-07-25,Spark Plug,Ignition system,7,440.3,440.42,3082.1,Walk-in Customer,Cash,Completed,ORD823715,Automated migration
2022-07-25,Fuel Pump,Fuel system,1,5729.95,197.35,5729.95,Wholesale Client,Check,Completed,ORD823716,Automated migration
2022-07-25,Battery,Electrical system,3,6034.98,109.85,18104.94,Retail Client,Check,Completed,ORD823717,Automated migration
2022-07-25,Air Filter,Engine system,1,213.47,69.16,213.47,Retail Client,Cash,Completed,ORD823718,Automated migration
2022-07-25,Clutch Kit,Transmission system,4,9530.42,134.21,38121.68,Wholesale Client,Bank Transfer,Completed,ORD823719,Automated migration
2022-07-25,Spark Plug,Ignition system,3,340.29,225.68,1020.87,Walk-in Customer,Check,Completed,ORD823720,Automated migration
2022-07-25,Clutch Kit,Transmission system,2,13446.54,345.67,26893.08,Walk-in Customer,Check,Completed,ORD823721,Automated migration
2022-07-25,Alternator,Electrical system,3,8905.95,425.91,26717.85,Walk-in Customer,Bank Transfer,Completed,ORD823722,Automated migration
2022-07-25,Battery,Electrical system,2,4120.13,492.69,8240.26,Wholesale Client,Bank Transfer,Completed,ORD823723,Automated migration
2022-07-25,Alternator,Electrical system,3,7727.86,310.82,23183.58,Retail Client,GCash,Completed,ORD823724,Automated migration
2022-07-25,Air Filter,Engine system,0,215.49,0.0,0.0,Wholesale Client,Bank Transfer,Completed,ORD823725,Automated migration
2022-07-25,Alternator,Electrical system,7,8724.9,449.82,61074.3,Walk-in Customer,Cash,Completed,ORD823726,Automated migration
2022-07-25,Spark Plug,Ignition system,8,480.19,288.54,3841.52,Walk-in Customer,Cash,Completed,ORD823727,Automated migration
2022-07-25,Radiator,Cooling system,1,3367.51,30.72,3367.51,Retail Client,Cash,Completed,ORD823728,Automated migration
2022-07-25,Battery,Electrical system,6,8468.12,169.97,50808.72,Walk-in Customer,GCash,Completed,ORD823729,Automated migration
2022-07-25,Spark Plug,Ignition system,8,435.44,51.51,3483.52,Walk-in Customer,GCash,Completed,ORD823730,Automated migration
2022-07-25,Radiator,Cooling system,7,4918.31,252.84,34428.17,Retail Client,Cash,Completed,ORD823731,Automated migration
2022-07-26,Battery,Electrical system,8,8656.98,190.72,69255.84,Wholesale Client,Cash,Completed,ORD823732,Automated migration
2022-07-26,Shock Absorber,Suspension system,8,3180.19,45.61,25441.52,Walk-in Customer,Cash,Completed,ORD823733,Automated migration
2022-07-26,Shock Absorber,Suspension system,1,3821.59,303.15,3821.59,Walk-in Customer,GCash,Completed,ORD823734,Automated migration
2022-07-26,Alternator,Electrical system,6,7467.04,182.91,44802.24,Wholesale Client,Check,Completed,ORD823735,Automated migration
2022-07-26,Alternator,Electrical system,1,9843.75,235.01,9843.75,Wholesale Client,Check,Completed,ORD823736,Automated migration
2022-07-26,Oil Filter,Engine system,8,150.49,99.6,1203.92,Wholesale Client,Cash,Completed,ORD823737,Automated migration
2022-07-26,Air Filter,Engine system,5,372.97,166.42,1864.85,Walk-in Customer,GCash,Completed,ORD823738,Automated migration
2022-07-26,Spark Plug,Ignition system,4,310.44,269.56,1241.76,Walk-in Customer,Bank Transfer,Completed,ORD823739,Automated migration
2022-07-26,Fuel Pump,Fuel system,7,5675.15,272.72,39726.05,Retail Client,Bank Transfer,Completed,ORD823740,Automated migration
2022-07-26,Spark Plug,Ignition system,8,223.39,79.61,1787.12,Wholesale Client,GCash,Completed,ORD823741,Automated migration
2022-07-26,Shock Absorber,Suspension system,7,3508.18,21.66,24557.26,Walk-in Customer,Bank Transfer,Completed,ORD823742,Automated migration
2022-07-26,Battery,Electrical system,6,6740.27,302.38,40441.62,Retail Client,Cash,Completed,ORD823743,Automated migration
2022-07-26,Air Filter,Engine system,2,357.74,170.49,715.48,Retail Client,Check,Completed,ORD823744,Automated migration
2022-07-27,Battery,Electrical system,6,6962.63,405.56,41775.78,Retail Client,Bank Transfer,Completed,ORD823745,Automated migration
2022-07-27,Alternator,Electrical system,5,11055.03,355.06,55275.15,Retail Client,Bank Transfer,Completed,ORD823746,Automated migration
2022-07-27,Clutch Kit,Transmission system,5,13490.49,213.23,67452.45,Retail Client,Cash,Completed,ORD823747,Automated migration
2022-07-27,Spark Plug,Ignition system,0,390.83,0.0,0.0,Walk-in Customer,Check,Completed,ORD823748,Automated migration
2022-07-27,Air Filter,Engine system,7,353.11,111.88,2471.77,Walk-in Customer,GCash,Completed,ORD823749,Automated migration
2022-07-27,Shock Absorber,Suspension system,7,4051.46,373.45,28360.22,Retail Client,Cash,Completed,ORD823750,Automated migration
2022-07-27,Brake Pad,Brake system,5,1495.02,366.24,7475.1,Walk-in Customer,Check,Completed,ORD823751,Automated migration
2022-07-27,Air Filter,Engine system,0,201.72,0.0,0.0,Retail Client,GCash,Completed,ORD823752,Automated migration
2022-07-27,Air Filter,Engine system,2,343.27,139.33,686.54,Retail Client,Bank Transfer,Completed,ORD823753,Automated migration
2022-07-27,Shock Absorber,Suspension system,3,5998.02,482.16,17994.06,Wholesale Client,Check,Completed,ORD823754,Automated migration
2022-07-27,Shock Absorber,Suspension system,1,5408.26,417.11,5408.26,Walk-in Customer,Check,Completed,ORD823755,Automated migration
2022-07-27,Oil Filter,Engine system,7,127.08,182.38,889.56,Walk-in Customer,Check,Completed,ORD823756,Automated migration
2022-07-27,Battery,Electrical system,6,7848.33,203.36,47089.98,Retail Client,Check,Completed,ORD823757,Automated migration
2022-07-27,Spark Plug,Ignition system,4,500.54,8.04,2002.16,Walk-in Customer,Bank Transfer,Completed,ORD823758,Automated migration
2022-07-27,Brake Pad,Brake system,4,3373.45,493.21,13493.8,Wholesale Client,Bank Transfer,Completed,ORD823759,Automated migration
2022-07-27,Shock Absorber,Suspension system,3,6307.35,91.15,18922.05,Retail Client,Cash,Completed,ORD823760,Automated migration
2022-07-27,Spark Plug,Ignition system,0,356.39,0.0,0.0,Wholesale Client,Bank Transfer,Completed,ORD823761,Automated migration
2022-07-27,Spark Plug,Ignition system,6,172.53,57.01,1035.18,Wholesale Client,Cash,Completed,ORD823762,Automated migration
2022-07-27,Fuel Pump,Fuel system,0,5853.5,0.0,0.0,Retail Client,Cash,Completed,ORD823763,Automated migration
2022-07-28,Brake Pad,Brake system,6,1220.5,251.96,7323.0,Retail Client,Check,Completed,ORD823764,Automated migration
2022-07-28,Clutch Kit,Transmission system,3,11024.82,422.35,33074.46,Wholesale Client,Check,Completed,ORD823765,Automated migration
2022-07-28,Spark Plug,Ignition system,5,280.06,250.2,1400.3,Retail Client,Bank Transfer,Completed,ORD823766,Automated migration
2022-07-28,Alternator,Electrical system,2,7538.98,285.23,15077.96,Wholesale Client,Cash,Completed,ORD823767,Automated migration
2022-07-28,Battery,Electrical system,3,8851.5,355.44,26554.5,Wholesale Client,Check,Completed,ORD823768,Automated migration
2022-07-28,Spark Plug,Ignition system,2,160.33,103.83,320.66,Wholesale Client,GCash,Completed,ORD823769,Automated migration
2022-07-28,Battery,Electrical system,5,4731.26,259.22,23656.3,Wholesale Client,Check,Completed,ORD823770,Automated migration
2022-07-28,Radiator,Cooling system,2,8931.01,249.03,17862.02,Retail Client,Bank Transfer,Completed,ORD823771,Automated migration
2022-07-28,Air Filter,Engine system,0,337.84,0.0,0.0,Walk-in Customer,GCash,Completed,ORD823772,Automated migration
2022-07-28,Clutch Kit,Transmission system,6,10976.64,43.18,65859.84,Walk-in Customer,Check,Completed,ORD823773,Automated migration
2022-07-28,Fuel Pump,Fuel system,1,5151.53,279.74,5151.53,Wholesale Client,Bank Transfer,Completed,ORD823774,Automated migration
2022-07-28,Brake Pad,Brake system,7,3218.05,200.32,22526.35,Walk-in Customer,GCash,Completed,ORD823775,Automated migration
2022-07-28,Spark Plug,Ignition system,3,294.12,210.4,882.36,Walk-in Customer,GCash,Completed,ORD823776,Automated migration
2022-07-28,Oil Filter,Engine system,3,302.96,44.7,908.88,Retail Client,Cash,Completed,ORD823777,Automated migration
2022-07-28,Oil Filter,Engine system,0,231.58,0.0,0.0,Walk-in Customer,GCash,Completed,ORD823778,Automated migration
2022-07-28,Clutch Kit,Transmission system,7,9689.37,363.56,67825.59,Wholesale Client,Cash,Completed,ORD823779,Automated migration
2022-07-28,Clutch Kit,Transmission system,3,8023.3,475.92,24069.9,Retail Client,Bank Transfer,Completed,ORD823780,Automated migration
2022-07-28,Oil Filter,Engine system,0,255.41,0.0,0.0,Retail Client,Cash,Completed,ORD823781,Automated migration
2022-07-29,Spark Plug,Ignition system,7,337.72,44.26,2364.04,Wholesale Client,Check,Completed,ORD823782,Automated migration
2022-07-29,Clutch Kit,Transmission system,0,9606.6,0.0,0.0,Retail Client,GCash,Completed,ORD823783,Automated migration
2022-07-29,Battery,Electrical system,8,4333.9,426.52,34671.2,Walk-in Customer,Bank Transfer,Completed,ORD823784,Automated migration
2022-07-29,Radiator,Cooling system,7,8080.83,435.91,56565.81,Walk-in Customer,GCash,Completed,ORD823785,Automated migration
2022-07-29,Alternator,Electrical system,0,11897.39,0.0,0.0,Walk-in Customer,GCash,Completed,ORD823786,Automated migration
2022-07-29,Air Filter,Engine system,6,299.44,101.4,1796.64,Wholesale Client,Bank Transfer,Completed,ORD823787,Automated migration
2022-07-29,Alternator,Electrical system,8,9922.65,62.4,79381.2,Wholesale Client,GCash,Completed,ORD823788,Automated migration
2022-07-29,Oil Filter,Engine system,3,218.59,204.1,655.77,Wholesale Client,Cash,Completed,ORD823789,Automated migration
2022-07-29,Battery,Electrical system,7,6135.7,345.04,42949.9,Retail Client,Check,Completed,ORD823790,Automated migration
2022-07-29,Battery,Electrical system,2,7291.01,271.35,14582.02,Retail Client,Check,Completed,ORD823791,Automated migration
2022-07-29,Battery,Electrical system,8,6629.82,332.4,53038.56,Wholesale Client,Cash,Completed,ORD823792,Automated migration
2022-07-29,Battery,Electrical system,2,6299.45,200.76,12598.9,Walk-in Customer,GCash,Completed,ORD823793,Automated migration
2022-07-29,Battery,Electrical system,6,6174.91,257.36,37049.46,Walk-in Customer,Cash,Completed,ORD823794,Automated migration
2022-07-29,Shock Absorber,Suspension system,6,2385.31,197.59,14311.86,Wholesale Client,GCash,Completed,ORD823795,Automated migration
2022-07-29,Clutch Kit,Transmission system,8,13707.1,0.34,109656.8,Wholesale Client,GCash,Completed,ORD823796,Automated migration
2022-07-29,Oil Filter,Engine system,8,126.54,161.73,1012.32,Walk-in Customer,Check,Completed,ORD823797,Automated migration
2022-07-29,Shock Absorber,Suspension system,2,3952.25,487.27,7904.5,Wholesale Client,Check,Completed,ORD823798,Automated migration
2022-07-29,Air Filter,Engine system,8,367.72,456.07,2941.76,Wholesale Client,Cash,Completed,ORD823799,Automated migration
2022-07-29,Air Filter,Engine system,1,383.69,470.6,383.69,Wholesale Client,Cash,Completed,ORD823800,Automated migration
2022-07-29,Alternator,Electrical system,6,8648.31,275.72,51889.86,Retail Client,Cash,Completed,ORD823801,Automated migration
2022-07-29,Oil Filter,Engine system,5,316.85,175.46,1584.25,Retail Client,Check,Completed,ORD823802,Automated migration
2022-07-29,Alternator,Electrical system,4,9627.91,19.69,38511.64,Walk-in Customer,Bank Transfer,Completed,ORD823803,Automated migration
2022-07-29,Air Filter,Engine system,2,252.38,297.18,504.76,Walk-in Customer,GCash,Completed,ORD823804,Automated migration
2022-07-30,Shock Absorber,Suspension system,5,4877.53,496.21,24387.65,Walk-in Customer,GCash,Completed,ORD823805,Automated migration
2022-07-30,Brake Pad,Brake system,3,1241.44,50.84,3724.32,Retail Client,Bank Transfer,Completed,ORD823806,Automated migration
2022-07-30,Alternator,Electrical system,8,8957.13,312.78,71657.04,Wholesale Client,Bank Transfer,Completed,ORD823807,Automated migration
2022-07-30,Oil Filter,Engine system,0,200.38,0.0,0.0,Walk-in Customer,Bank Transfer,Completed,ORD823808,Automated migration
2022-07-30,Brake Pad,Brake system,2,1722.24,94.52,3444.48,Walk-in Customer,GCash,Completed,ORD823809,Automated migration
2022-07-30,Clutch Kit,Transmission system,0,8459.98,0.0,0.0,Retail Client,Cash,Completed,ORD823810,Automated migration
2022-07-30,Spark Plug,Ignition system,0,573.19,0.0,0.0,Wholesale Client,GCash,Completed,ORD823811,Automated migration
2022-07-30,Battery,Electrical system,2,5297.81,402.47,10595.62,Wholesale Client,Bank Transfer,Completed,ORD823812,Automated migration
2022-07-30,Shock Absorber,Suspension system,4,6473.64,348.64,25894.56,Wholesale Client,Check,Completed,ORD823813,Automated migration
2022-07-30,Radiator,Cooling system,4,5346.17,331.67,21384.68,Walk-in Customer,Bank Transfer,Completed,ORD823814,Automated migration
2022-07-30,Shock Absorber,Suspension system,4,2223.65,190.21,8894.6,Wholesale Client,GCash,Completed,ORD823815,Automated migration
2022-07-30,Radiator,Cooling system,4,8638.47,109.43,34553.88,Wholesale Client,Cash,Completed,ORD823816,Automated migration
2022-07-30,Battery,Electrical system,6,8481.62,487.59,50889.72,Walk-in Customer,Check,Completed,ORD823817,Automated migration
2022-07-30,Clutch Kit,Transmission system,3,10996.31,436.29,32988.93,Walk-in Customer,GCash,Completed,ORD823818,Automated migration
2022-07-30,Clutch Kit,Transmission system,3,10952.15,463.41,32856.45,Walk-in Customer,Check,Completed,ORD823819,Automated migration
2022-07-30,Battery,Electrical system,7,5079.17,489.32,35554.19,Wholesale Client,Bank Transfer,Completed,ORD823820,Automated migration
2022-07-30,Brake Pad,Brake system,0,3179.56,0.0,0.0,Wholesale Client,Check,Completed,ORD823821,Automated migration
2022-07-30,Clutch Kit,Transmission system,7,5041.18,253.95,35288.26,Walk-in Customer,Bank Transfer,Completed,ORD823822,Automated migration
2022-07-30,Brake Pad,Brake system,6,2974.34,305.04,17846.04,Retail Client,Bank Transfer,Completed,ORD823823,Automated migration
2022-07-30,Spark Plug,Ignition system,6,598.57,345.25,3591.42,Walk-in Customer,Cash,Completed,ORD823824,Automated migration
2022-07-31,Radiator,Cooling system,5,7798.26,180.59,38991.3,Walk-in Customer,Cash,Completed,ORD823825,Automated migration
2022-07-31,Clutch Kit,Transmission system,4,8608.04,82.59,34432.16,Retail Client,Cash,Completed,ORD823826,Automated migration
2022-07-31,Spark Plug,Ignition system,4,227.5,492.91,910.0,Walk-in Customer,GCash,Completed,ORD823827,Automated migration
2022-07-31,Shock Absorber,Suspension system,7,3022.74,369.15,21159.18,Retail Client,Bank Transfer,Completed,ORD823828,Automated migration
2022-07-31,Fuel Pump,Fuel system,0,3587.6,0.0,0.0,Retail Client,Cash,Completed,ORD823829,Automated migration
2022-07-31,Brake Pad,Brake system,5,2485.92,175.58,12429.6,Wholesale Client,Cash,Completed,ORD823830,Automated migration
2022-07-31,Air Filter,Engine system,4,398.49,11.58,1593.96,Retail Client,Cash,Completed,ORD823831,Automated migration
2022-07-31,Spark Plug,Ignition system,5,252.14,32.37,1260.7,Wholesale Client,Bank Transfer,Completed,ORD823832,Automated migration
2022-07-31,Spark Plug,Ignition system,7,429.2,416.22,3004.4,Wholesale Client,GCash,Completed,ORD823833,Automated migration
2022-07-31,Alternator,Electrical system,1,7711.18,328.41,7711.18,Walk-in Customer,Cash,Completed,ORD823834,Automated migration
2022-07-31,Brake Pad,Brake system,6,2023.33,442.46,12139.98,Wholesale Client,GCash,Completed,ORD823835,Automated migration
2022-07-31,Battery,Electrical system,2,8030.62,171.97,16061.24,Walk-in Customer,Cash,Completed,ORD823836,Automated migration
2022-08-01,Spark Plug,Ignition system,8,236.6,357.46,1892.8,Wholesale Client,Bank Transfer,Completed,ORD823837,Automated migration
2022-08-01,Fuel Pump,Fuel system,1,3667.95,378.3,3667.95,Retail Client,Cash,Completed,ORD823838,Automated migration
2022-08-01,Fuel Pump,Fuel system,1,2852.77,332.78,2852.77,Wholesale Client,Bank Transfer,Completed,ORD823839,Automated migration
2022-08-01,Fuel Pump,Fuel system,3,5598.87,349.27,16796.61,Wholesale Client,GCash,Completed,ORD823840,Automated migration
2022-08-01,Brake Pad,Brake system,8,3143.96,207.87,25151.68,Retail Client,GCash,Completed,ORD823841,Automated migration
2022-08-01,Radiator,Cooling system,6,3572.81,421.72,21436.86,Retail Client,Bank Transfer,Completed,ORD823842,Automated migration
2022-08-01,Fuel Pump,Fuel system,6,5736.14,381.25,34416.84,Walk-in Customer,GCash,Completed,ORD823843,Automated migration
2022-08-01,Radiator,Cooling system,1,4042.8,212.16,4042.8,Walk-in Customer,Bank Transfer,Completed,ORD823844,Automated migration
2022-08-01,Clutch Kit,Transmission system,7,8530.29,7.06,59712.03,Walk-in Customer,Cash,Completed,ORD823845,Automated migration
2022-08-01,Oil Filter,Engine system,3,120.96,416.13,362.88,Retail Client,Cash,Completed,ORD823846,Automated migration
2022-08-01,Oil Filter,Engine system,5,337.46,217.91,1687.3,Wholesale Client,Cash,Completed,ORD823847,Automated migration
2022-08-01,Fuel Pump,Fuel system,0,5705.25,0.0,0.0,Walk-in Customer,GCash,Completed,ORD823848,Automated migration
2022-08-01,Battery,Electrical system,7,5137.82,401.91,35964.74,Retail Client,GCash,Completed,ORD823849,Automated migration
2022-08-01,Spark Plug,Ignition system,8,563.89,265.3,4511.12,Retail Client,Bank Transfer,Completed,ORD823850,Automated migration
2022-08-01,Alternator,Electrical system,4,10251.06,28.59,41004.24,Wholesale Client,GCash,Completed,ORD823851,Automated migration
2022-08-01,Radiator,Cooling system,5,3277.19,339.76,16385.95,Walk-in Customer,GCash,Completed,ORD823852,Automated migration
2022-08-01,Alternator,Electrical system,3,8276.76,235.69,24830.28,Wholesale Client,Check,Completed,ORD823853,Automated migration
2022-08-01,Shock Absorber,Suspension system,2,4728.7,31.96,9457.4,Walk-in Customer,Bank Transfer,Completed,ORD823854,Automated migration
2022-08-01,Oil Filter,Engine system,0,287.12,0.0,0.0,Walk-in Customer,Bank Transfer,Completed,ORD823855,Automated migration
2022-08-02,Clutch Kit,Transmission system,3,10822.07,124.37,32466.21,Walk-in Customer,Bank Transfer,Completed,ORD823856,Automated migration
2022-08-02,Alternator,Electrical system,0,10428.38,0.0,0.0,Retail Client,Check,Completed,ORD823857,Automated migration
2022-08-02,Alternator,Electrical system,1,8603.47,204.0,8603.47,Walk-in Customer,Cash,Completed,ORD823858,Automated migration
2022-08-02,Oil Filter,Engine system,2,197.46,391.13,394.92,Wholesale Client,Cash,Completed,ORD823859,Automated migration
2022-08-02,Spark Plug,Ignition system,2,379.16,420.93,758.32,Retail Client,Cash,Completed,ORD823860,Automated migration
2022-08-02,Clutch Kit,Transmission system,7,7057.29,309.28,49401.03,Retail Client,Cash,Completed,ORD823861,Automated migration
2022-08-02,Battery,Electrical system,1,7934.23,221.33,7934.23,Walk-in Customer,Check,Completed,ORD823862,Automated migration
2022-08-02,Shock Absorber,Suspension system,1,5477.94,179.49,5477.94,Walk-in Customer,Check,Completed,ORD823863,Automated migration
2022-08-02,Air Filter,Engine system,7,328.69,173.13,2300.83,Walk-in Customer,Cash,Completed,ORD823864,Automated migration
2022-08-02,Spark Plug,Ignition system,0,264.43,0.0,0.0,Wholesale Client,Cash,Completed,ORD823865,Automated migration
2022-08-02,Brake Pad,Brake system,0,1501.14,0.0,0.0,Walk-in Customer,Check,Completed,ORD823866,Automated migration
2022-08-02,Clutch Kit,Transmission system,7,9994.56,17.11,69961.92,Retail Client,Bank Transfer,Completed,ORD823867,Automated migration
2022-08-02,Air Filter,Engine system,2,318.89,251.5,637.78,Wholesale Client,Check,Completed,ORD823868,Automated migration
2022-08-03,Air Filter,Engine system,4,201.7,390.44,806.8,Retail Client,Bank Transfer,Completed,ORD823869,Automated migration
2022-08-03,Shock Absorber,Suspension system,5,3339.19,34.4,16695.95,Walk-in Customer,GCash,Completed,ORD823870,Automated migration
2022-08-03,Battery,Electrical system,8,6524.94,22.33,52199.52,Retail Client,GCash,Completed,ORD823871,Automated migration
2022-08-03,Brake Pad,Brake system,1,1311.48,375.17,1311.48,Retail Client,GCash,Completed,ORD823872,Automated migration
2022-08-03,Radiator,Cooling system,6,3360.64,272.75,20163.84,Retail Client,GCash,Completed,ORD823873,Automated migration
2022-08-03,Alternator,Electrical system,3,9677.09,273.45,29031.27,Wholesale Client,GCash,Completed,ORD823874,Automated migration
2022-08-03,Air Filter,Engine system,8,348.05,342.57,2784.4,Retail Client,Check,Completed,ORD823875,Automated migration
2022-08-03,Battery,Electrical system,3,6076.68,4.52,18230.04,Walk-in Customer,Cash,Completed,ORD823876,Automated migration
2022-08-03,Spark Plug,Ignition system,6,420.1,232.93,2520.6,Walk-in Customer,Bank Transfer,Completed,ORD823877,Automated migration
2022-08-03,Battery,Electrical system,7,4920.94,21.37,34446.58,Wholesale Client,GCash,Completed,ORD823878,Automated migration
2022-08-03,Radiator,Cooling system,1,7683.26,483.26,7683.26,Retail Client,Check,Completed,ORD823879,Automated migration
2022-08-03,Battery,Electrical system,3,5344.97,182.59,16034.91,Retail Client,Bank Transfer,Completed,ORD823880,Automated migration
2022-08-03,Brake Pad,Brake system,3,2255.19,264.54,6765.57,Retail Client,Cash,Completed,ORD823881,Automated migration
2022-08-03,Oil Filter,Engine system,4,299.64,151.97,1198.56,Wholesale Client,Bank Transfer,Completed,ORD823882,Automated migration
2022-08-03,Oil Filter,Engine system,7,135.44,197.71,948.08,Wholesale Client,Check,Completed,ORD823883,Automated migration
2022-08-04,Brake Pad,Brake system,7,2183.91,39.12,15287.37,Wholesale Client,Check,Completed,ORD823884,Automated migration
2022-08-04,Clutch Kit,Transmission system,8,8737.46,70.68,69899.68,Wholesale Client,GCash,Completed,ORD823885,Automated migration
2022-08-04,Battery,Electrical system,1,4672.36,200.86,4672.36,Wholesale Client,Check,Completed,ORD823886,Automated migration
2022-08-04,Air Filter,Engine system,5,272.69,103.74,1363.45,Retail Client,GCash,Completed,ORD823887,Automated migration
2022-08-04,Radiator,Cooling system,0,3995.24,0.0,0.0,Retail Client,GCash,Completed,ORD823888,Automated migration
2022-08-04,Battery,Electrical system,1,5509.63,393.73,5509.63,Wholesale Client,GCash,Completed,ORD823889,Automated migration
2022-08-04,Battery,Electrical system,3,7637.61,0.42,22912.83,Walk-in Customer,Cash,Completed,ORD823890,Automated migration
2022-08-04,Shock Absorber,Suspension system,6,5506.11,342.1,33036.66,Retail Client,Cash,Completed,ORD823891,Automated migration
2022-08-04,Brake Pad,Brake system,4,2376.12,56.35,9504.48,Wholesale Client,Check,Completed,ORD823892,Automated migration
2022-08-04,Battery,Electrical system,4,6395.99,420.86,25583.96,Wholesale Client,Bank Transfer,Completed,ORD823893,Automated migration
2022-08-04,Clutch Kit,Transmission system,6,10338.4,451.2,62030.4,Retail Client,GCash,Completed,ORD823894,Automated migration
2022-08-04,Clutch Kit,Transmission system,8,12014.69,115.66,96117.52,Retail Client,Bank Transfer,Completed,ORD823895,Automated migration
2022-08-04,Shock Absorber,Suspension system,3,3807.04,113.51,11421.12,Retail Client,Bank Transfer,Completed,ORD823896,Automated migration
2022-08-04,Brake Pad,Brake system,1,2721.04,83.83,2721.04,Retail Client,Check,Completed,ORD823897,Automated migration
2022-08-04,Oil Filter,Engine system,3,170.04,21.84,510.12,Wholesale Client,Cash,Completed,ORD823898,Automated migration
2022-08-04,Brake Pad,Brake system,1,1388.5,225.83,1388.5,Retail Client,GCash,Completed,ORD823899,Automated migration
2022-08-04,Shock Absorber,Suspension system,1,4333.67,10.21,4333.67,Walk-in Customer,Cash,Completed,ORD823900,Automated migration
2022-08-04,Oil Filter,Engine system,6,263.0,423.99,1578.0,Wholesale Client,Bank Transfer,Completed,ORD823901,Automated migration
2022-08-04,Clutch Kit,Transmission system,8,10905.52,416.32,87244.16,Wholesale Client,Bank Transfer,Completed,ORD823902,Automated migration
2022-08-04,Oil Filter,Engine system,0,178.93,0.0,0.0,Retail Client,Cash,Completed,ORD823903,Automated migration
2022-08-04,Alternator,Electrical system,1,8395.8,426.83,8395.8,Wholesale Client,Check,Completed,ORD823904,Automated migration
2022-08-05,Alternator,Electrical system,8,10099.06,331.45,80792.48,Retail Client,Check,Completed,ORD823905,Automated migration
2022-08-05,Shock Absorber,Suspension system,3,4843.29,342.36,14529.87,Walk-in Customer,Bank Transfer,Completed,ORD823906,Automated migration
2022-08-05,Spark Plug,Ignition system,1,596.92,100.06,596.92,Retail Client,GCash,Completed,ORD823907,Automated migration
2022-08-05,Fuel Pump,Fuel system,5,4518.84,89.0,22594.2,Wholesale Client,Cash,Completed,ORD823908,Automated migration
2022-08-05,Oil Filter,Engine system,4,252.2,108.96,1008.8,Walk-in Customer,Cash,Completed,ORD823909,Automated migration
2022-08-05,Oil Filter,Engine system,3,231.39,344.87,694.17,Walk-in Customer,Cash,Completed,ORD823910,Automated migration
2022-08-05,Clutch Kit,Transmission system,2,11279.29,56.91,22558.58,Retail Client,Cash,Completed,ORD823911,Automated migration
2022-08-05,Alternator,Electrical system,6,11955.54,174.03,71733.24,Walk-in Customer,GCash,Completed,ORD823912,Automated migration
2022-08-05,Battery,Electrical system,3,8012.38,345.53,24037.14,Wholesale Client,Cash,Completed,ORD823913,Automated migration
2022-08-05,Alternator,Electrical system,7,10069.6,263.44,70487.2,Wholesale Client,Cash,Completed,ORD823914,Automated migration
2022-08-05,Radiator,Cooling system,0,4456.04,0.0,0.0,Walk-in Customer,GCash,Completed,ORD823915,Automated migration
2022-08-05,Radiator,Cooling system,5,6095.33,166.45,30476.65,Retail Client,Bank Transfer,Completed,ORD823916,Automated migration
2022-08-05,Spark Plug,Ignition system,8,491.33,61.83,3930.64,Wholesale Client,Bank Transfer,Completed,ORD823917,Automated migration
2022-08-05,Oil Filter,Engine system,2,136.37,161.08,272.74,Wholesale Client,Cash,Completed,ORD823918,Automated migration
2022-08-05,Radiator,Cooling system,1,8001.76,350.28,8001.76,Retail Client,Bank Transfer,Completed,ORD823919,Automated migration
2022-08-05,Radiator,Cooling system,7,8205.88,449.02,57441.16,Retail Client,GCash,Completed,ORD823920,Automated migration
2022-08-05,Battery,Electrical system,0,4607.57,0.0,0.0,Walk-in Customer,Check,Completed,ORD823921,Automated migration
2022-08-05,Oil Filter,Engine system,4,189.5,48.83,758.0,Retail Client,Bank Transfer,Completed,ORD823922,Automated migration
2022-08-05,Spark Plug,Ignition system,1,291.28,108.81,291.28,Retail Client,GCash,Completed,ORD823923,Automated migration
2022-08-05,Shock Absorber,Suspension system,6,4345.92,368.44,26075.52,Walk-in Customer,Cash,Completed,ORD823924,Automated migration
2022-08-06,Radiator,Cooling system,5,8291.58,289.65,41457.9,Wholesale Client,GCash,Completed,ORD823925,Automated migration
2022-08-06,Air Filter,Engine system,8,397.05,305.64,3176.4,Retail Client,Cash,Completed,ORD823926,Automated migration
2022-08-06,Shock Absorber,Suspension system,3,3478.8,472.85,10436.4,Retail Client,Check,Completed,ORD823927,Automated migration
2022-08-06,Clutch Kit,Transmission system,1,5598.88,103.1,5598.88,Walk-in Customer,Check,Completed,ORD823928,Automated migration
2022-08-06,Battery,Electrical system,7,4143.91,346.21,29007.37,Retail Client,Check,Completed,ORD823929,Automated migration
2022-08-06,Radiator,Cooling system,0,7238.08,0.0,0.0,Retail Client,Bank Transfer,Completed,ORD823930,Automated migration
2022-08-06,Brake Pad,Brake system,2,2890.44,472.55,5780.88,Retail Client,GCash,Completed,ORD823931,Automated migration
2022-08-06,Battery,Electrical system,3,4924.14,117.34,14772.42,Wholesale Client,Bank Transfer,Completed,ORD823932,Automated migration
2022-08-06,Alternator,Electrical system,8,7499.39,395.45,59995.12,Wholesale Client,Bank Transfer,Completed,ORD823933,Automated migration
2022-08-06,Radiator,Cooling system,8,8235.69,135.38,65885.52,Walk-in Customer,Cash,Completed,ORD823934,Automated migration
2022-08-06,Radiator,Cooling system,3,7851.06,376.97,23553.18,Retail Client,Bank Transfer,Completed,ORD823935,Automated migration
2022-08-06,Battery,Electrical system,5,7507.76,468.99,37538.8,Retail Client,Check,Completed,ORD823936,Automated migration
2022-08-06,Fuel Pump,Fuel system,6,6953.62,4.03,41721.72,Walk-in Customer,Bank Transfer,Completed,ORD823937,Automated migration
2022-08-06,Radiator,Cooling system,7,5109.32,310.5,35765.24,Walk-in Customer,Cash,Completed,ORD823938,Automated migration
2022-08-06,Shock Absorber,Suspension system,0,3439.64,0.0,0.0,Walk-in Customer,GCash,Completed,ORD823939,Automated migration
2022-08-06,Fuel Pump,Fuel system,1,5579.7,311.79,5579.7,Walk-in Customer,GCash,Completed,ORD823940,Automated migration
2022-08-06,Alternator,Electrical system,1,7135.81,99.82,7135.81,Wholesale Client,Bank Transfer,Completed,ORD823941,Automated migration
2022-08-06,Brake Pad,Brake system,2,1281.04,478.41,2562.08,Retail Client,Check,Completed,ORD823942,Automated migration
2022-08-06,Battery,Electrical system,6,6915.43,468.27,41492.58,Wholesale Client,GCash,Completed,ORD823943,Automated migration
2022-08-06,Oil Filter,Engine system,5,158.43,268.63,792.15,Retail Client,Bank Transfer,Completed,ORD823944,Automated migration
2022-08-06,Alternator,Electrical system,8,10912.18,95.94,87297.44,Walk-in Customer,Cash,Completed,ORD823945,Automated migration
2022-08-06,Radiator,Cooling system,2,4682.66,315.46,9365.32,Retail Client,Bank Transfer,Completed,ORD823946,Automated migration
2022-08-06,Battery,Electrical system,6,7366.74,256.19,44200.44,Retail Client,Bank Transfer,Completed,ORD823947,Automated migration
2022-08-07,Spark Plug,Ignition system,4,453.55,269.4,1814.2,Retail Client,GCash,Completed,ORD823948,Automated migration
2022-08-07,Spark Plug,Ignition system,7,316.92,469.54,2218.44,Walk-in Customer,Check,Completed,ORD823949,Automated migration
2022-08-07,Oil Filter,Engine system,4,282.91,253.87,1131.64,Wholesale Client,Bank Transfer,Completed,ORD823950,Automated migration
2022-08-07,Radiator,Cooling system,3,7364.75,88.3,22094.25,Walk-in Customer,GCash,Completed,ORD823951,Automated migration
2022-08-07,Fuel Pump,Fuel system,0,4523.95,0.0,0.0,Retail Client,Bank Transfer,Completed,ORD823952,Automated migration
2022-08-07,Oil Filter,Engine system,5,140.77,379.56,703.85,Walk-in Customer,Bank Transfer,Completed,ORD823953,Automated migration
2022-08-07,Shock Absorber,Suspension system,0,3119.32,0.0,0.0,Wholesale Client,Check,Completed,ORD823954,Automated migration
2022-08-07,Fuel Pump,Fuel system,3,3952.22,48.06,11856.66,Wholesale Client,Check,Completed,ORD823955,Automated migration
2022-08-07,Air Filter,Engine system,4,291.58,401.28,1166.32,Walk-in Customer,GCash,Completed,ORD823956,Automated migration
2022-08-07,Air Filter,Engine system,5,254.79,275.24,1273.95,Wholesale Client,GCash,Completed,ORD823957,Automated migration
2022-08-07,Radiator,Cooling system,6,7001.77,258.17,42010.62,Wholesale Client,Check,Completed,ORD823958,Automated migration
2022-08-07,Oil Filter,Engine system,8,252.82,129.11,2022.56,Retail Client,Check,Completed,ORD823959,Automated migration
2022-08-07,Shock Absorber,Suspension system,0,5924.82,0.0,0.0,Wholesale Client,Cash,Completed,ORD823960,Automated migration
2022-08-07,Radiator,Cooling system,7,8449.11,40.4,59143.77,Retail Client,Bank Transfer,Completed,ORD823961,Automated migration
2022-08-07,Alternator,Electrical system,5,8960.94,414.63,44804.7,Wholesale Client,Check,Completed,ORD823962,Automated migration
2022-08-08,Fuel Pump,Fuel system,1,4942.69,252.59,4942.69,Retail Client,Cash,Completed,ORD823963,Automated migration
2022-08-08,Shock Absorber,Suspension system,4,3173.42,443.41,12693.68,Walk-in Customer,GCash,Completed,ORD823964,Automated migration
2022-08-08,Radiator,Cooling system,3,8817.94,183.97,26453.82,Walk-in Customer,Check,Completed,ORD823965,Automated migration
2022-08-08,Air Filter,Engine system,4,264.84,454.67,1059.36,Walk-in Customer,Bank Transfer,Completed,ORD823966,Automated migration
2022-08-08,Battery,Electrical system,3,6422.36,155.43,19267.08,Retail Client,Bank Transfer,Completed,ORD823967,Automated migration
2022-08-08,Clutch Kit,Transmission system,6,5648.91,415.72,33893.46,Walk-in Customer,GCash,Completed,ORD823968,Automated migration
2022-08-08,Shock Absorber,Suspension system,1,3352.98,16.65,3352.98,Retail Client,Bank Transfer,Completed,ORD823969,Automated migration
2022-08-08,Spark Plug,Ignition system,8,295.68,352.86,2365.44,Wholesale Client,Check,Completed,ORD823970,Automated migration
2022-08-08,Battery,Electrical system,4,6570.81,394.79,26283.24,Walk-in Customer,Check,Completed,ORD823971,Automated migration
2022-08-08,Clutch Kit,Transmission system,4,10156.73,379.37,40626.92,Wholesale Client,Cash,Completed,ORD823972,Automated migration
2022-08-08,Spark Plug,Ignition system,5,380.47,110.37,1902.35,Walk-in Customer,Cash,Completed,ORD823973,Automated migration
2022-08-08,Alternator,Electrical system,2,9196.37,289.05,18392.74,Walk-in Customer,Bank Transfer,Completed,ORD823974,Automated migration
2022-08-09,Oil Filter,Engine system,3,100.38,146.97,301.14,Walk-in Customer,Bank Transfer,Completed,ORD823975,Automated migration
2022-08-09,Shock Absorber,Suspension system,7,3576.25,188.02,25033.75,Wholesale Client,Cash,Completed,ORD823976,Automated migration
2022-08-09,Battery,Electrical system,5,6074.77,25.8,30373.85,Retail Client,Check,Completed,ORD823977,Automated migration
2022-08-09,Radiator,Cooling system,4,7080.02,105.64,28320.08,Walk-in Customer,Bank Transfer,Completed,ORD823978,Automated migration
2022-08-09,Clutch Kit,Transmission system,6,11724.88,359.37,70349.28,Retail Client,Cash,Completed,ORD823979,Automated migration
2022-08-09,Brake Pad,Brake system,3,1711.41,219.87,5134.23,Wholesale Client,Cash,Completed,ORD823980,Automated migration
2022-08-09,Air Filter,Engine system,7,376.56,419.1,2635.92,Wholesale Client,Bank Transfer,Completed,ORD823981,Automated migration
2022-08-09,Fuel Pump,Fuel system,7,4576.98,214.0,32038.86,Walk-in Customer,Check,Completed,ORD823982,Automated migration
2022-08-09,Battery,Electrical system,3,8716.0,222.25,26148.0,Wholesale Client,Cash,Completed,ORD823983,Automated migration
2022-08-09,Shock Absorber,Suspension system,4,5526.0,483.09,22104.0,Wholesale Client,Bank Transfer,Completed,ORD823984,Automated migration
2022-08-09,Spark Plug,Ignition system,4,527.69,356.43,2110.76,Retail Client,Bank Transfer,Completed,ORD823985,Automated migration
2022-08-09,Shock Absorber,Suspension system,7,5542.45,439.09,38797.15,Retail Client,GCash,Completed,ORD823986,Automated migration
2022-08-09,Battery,Electrical system,7,6099.46,237.66,42696.22,Retail Client,Bank Transfer,Completed,ORD823987,Automated migration
2022-08-09,Air Filter,Engine system,7,284.25,177.35,1989.75,Wholesale Client,Check,Completed,ORD823988,Automated migration
2022-08-09,Spark Plug,Ignition system,4,189.72,158.55,758.88,Wholesale Client,GCash,Completed,ORD823989,Automated migration
2022-08-09,Air Filter,Engine system,0,357.75,0.0,0.0,Walk-in Customer,Cash,Completed,ORD823990,Automated migration
2022-08-09,Air Filter,Engine system,6,274.52,178.53,1647.12,Walk-in Customer,GCash,Completed,ORD823991,Automated migration
2022-08-09,Radiator,Cooling system,4,5060.43,262.67,20241.72,Wholesale Client,Check,Completed,ORD823992,Automated migration
2022-08-09,Spark Plug,Ignition system,5,579.22,456.89,2896.1,Walk-in Customer,GCash,Completed,ORD823993,Automated migration
2022-08-09,Battery,Electrical system,0,7156.49,0.0,0.0,Walk-in Customer,Cash,Completed,ORD823994,Automated migration
2022-08-09,Radiator,Cooling system,7,3173.42,499.77,22213.94,Walk-in Customer,Cash,Completed,ORD823995,Automated migration
2022-08-09,Air Filter,Engine system,3,362.99,292.46,1088.97,Walk-in Customer,Bank Transfer,Completed,ORD823996,Automated migration
2022-08-09,Alternator,Electrical system,1,10000.04,382.69,10000.04,Walk-in Customer,Check,Completed,ORD823997,Automated migration
2022-08-09,Alternator,Electrical system,1,9738.09,341.42,9738.09,Wholesale Client,GCash,Completed,ORD823998,Automated migration
2022-08-10,Radiator,Cooling system,6,5558.31,155.98,33349.86,Wholesale Client,Check,Completed,ORD823999,Automated migration
2022-08-10,Battery,Electrical system,1,6553.63,382.06,6553.63,Wholesale Client,Check,Completed,ORD824000,Automated migration
2022-08-10,Radiator,Cooling system,7,7398.47,205.8,51789.29,Walk-in Customer,Check,Completed,ORD824001,Automated migration
2022-08-10,Oil Filter,Engine system,0,285.09,0.0,0.0,Walk-in Customer,GCash,Completed,ORD824002,Automated migration
2022-08-10,Battery,Electrical system,5,8889.75,293.08,44448.75,Retail Client,Cash,Completed,ORD824003,Automated migration
2022-08-10,Brake Pad,Brake system,3,2790.81,1.8,8372.43,Retail Client,GCash,Completed,ORD824004,Automated migration
2022-08-10,Battery,Electrical system,4,8276.83,157.77,33107.32,Wholesale Client,GCash,Completed,ORD824005,Automated migration
2022-08-10,Brake Pad,Brake system,2,1354.3,27.4,2708.6,Retail Client,GCash,Completed,ORD824006,Automated migration
2022-08-10,Clutch Kit,Transmission system,6,8384.87,154.16,50309.22,Wholesale Client,Check,Completed,ORD824007,Automated migration
2022-08-10,Spark Plug,Ignition system,8,415.85,45.14,3326.8,Wholesale Client,Bank Transfer,Completed,ORD824008,Automated migration
2022-08-10,Radiator,Cooling system,7,4795.39,151.22,33567.73,Retail Client,Cash,Completed,ORD824009,Automated migration
2022-08-10,Fuel Pump,Fuel system,4,3769.12,8.34,15076.48,Walk-in Customer,GCash,Completed,ORD824010,Automated migration
2022-08-10,Clutch Kit,Transmission system,7,10806.26,419.15,75643.82,Retail Client,Check,Completed,ORD824011,Automated migration
2022-08-10,Radiator,Cooling system,7,5874.4,47.76,41120.8,Retail Client,GCash,Completed,ORD824012,Automated migration
2022-08-10,Alternator,Electrical system,8,10371.58,4.33,82972.64,Wholesale Client,Bank Transfer,Completed,ORD824013,Automated migration
2022-08-10,Radiator,Cooling system,6,7634.68,267.26,45808.08,Retail Client,Bank Transfer,Completed,ORD824014,Automated migration
2022-08-10,Oil Filter,Engine system,8,293.96,182.34,2351.68,Retail Client,Cash,Completed,ORD824015,Automated migration
2022-08-10,Clutch Kit,Transmission system,5,8093.54,311.31,40467.7,Walk-in Customer,Cash,Completed,ORD824016,Automated migration
2022-08-10,Alternator,Electrical system,2,11855.63,277.0,23711.26,Wholesale Client,Bank Transfer,Completed,ORD824017,Automated migration
2022-08-10,Clutch Kit,Transmission system,1,8391.11,172.58,8391.11,Walk-in Customer,GCash,Completed,ORD824018,Automated migration
2022-08-10,Clutch Kit,Transmission system,3,13482.18,48.55,40446.54,Retail Client,Bank Transfer,Completed,ORD824019,Automated migration
2022-08-10,Clutch Kit,Transmission system,0,11591.06,0.0,0.0,Retail Client,Cash,Completed,ORD824020,Automated migration
2022-08-10,Battery,Electrical system,3,5295.58,351.79,15886.74,Retail Client,Bank Transfer,Completed,ORD824021,Automated migration
2022-08-10,Alternator,Electrical system,5,9871.17,372.28,49355.85,Retail Client,Cash,Completed,ORD824022,Automated migration
2022-08-11,Alternator,Electrical system,8,8571.97,236.09,68575.76,Retail Client,Bank Transfer,Completed,ORD824023,Automated migration
2022-08-11,Alternator,Electrical system,4,10618.65,44.06,42474.6,Retail Client,Cash,Completed,ORD824024,Automated migration
2022-08-11,Fuel Pump,Fuel system,5,3381.0,26.99,16905.0,Retail Client,Bank Transfer,Completed,ORD824025,Automated migration
2022-08-11,Air Filter,Engine system,3,211.78,153.66,635.34,Retail Client,Check,Completed,ORD824026,Automated migration
2022-08-11,Clutch Kit,Transmission system,1,11045.47,49.9,11045.47,Retail Client,Check,Completed,ORD824027,Automated migration
2022-08-11,Oil Filter,Engine system,8,175.77,384.03,1406.16,Wholesale Client,Check,Completed,ORD824028,Automated migration
2022-08-11,Battery,Electrical system,3,7746.56,152.71,23239.68,Wholesale Client,Cash,Completed,ORD824029,Automated migration
2022-08-11,Oil Filter,Engine system,1,135.34,469.38,135.34,Walk-in Customer,Bank Transfer,Completed,ORD824030,Automated migration
2022-08-11,Brake Pad,Brake system,0,2159.04,0.0,0.0,Walk-in Customer,Cash,Completed,ORD824031,Automated migration
2022-08-11,Air Filter,Engine system,6,394.34,458.86,2366.04,Walk-in Customer,Check,Completed,ORD824032,Automated migration
2022-08-11,Oil Filter,Engine system,1,104.32,447.59,104.32,Walk-in Customer,GCash,Completed,ORD824033,Automated migration
2022-08-11,Radiator,Cooling system,2,7800.37,61.75,15600.74,Walk-in Customer,GCash,Completed,ORD824034,Automated migration
2022-08-11,Clutch Kit,Transmission system,2,6367.5,41.86,12735.0,Wholesale Client,Bank Transfer,Completed,ORD824035,Automated migration
2022-08-11,Brake Pad,Brake system,6,3122.01,284.24,18732.06,Wholesale Client,GCash,Completed,ORD824036,Automated migration
2022-08-12,Spark Plug,Ignition system,4,373.46,399.82,1493.84,Walk-in Customer,Cash,Completed,ORD824037,Automated migration
2022-08-12,Air Filter,Engine system,5,313.74,69.58,1568.7,Walk-in Customer,Bank Transfer,Completed,ORD824038,Automated migration
2022-08-12,Brake Pad,Brake system,2,2467.92,227.93,4935.84,Walk-in Customer,GCash,Completed,ORD824039,Automated migration
2022-08-12,Brake Pad,Brake system,0,1307.24,0.0,0.0,Walk-in Customer,Check,Completed,ORD824040,Automated migration
2022-08-12,Clutch Kit,Transmission system,5,10541.16,367.51,52705.8,Wholesale Client,GCash,Completed,ORD824041,Automated migration
2022-08-12,Alternator,Electrical system,2,10050.3,44.19,20100.6,Wholesale Client,GCash,Completed,ORD824042,Automated migration
2022-08-12,Fuel Pump,Fuel system,8,6480.63,401.42,51845.04,Retail Client,GCash,Completed,ORD824043,Automated migration
2022-08-12,Air Filter,Engine system,6,208.78,276.21,1252.68,Retail Client,GCash,Completed,ORD824044,Automated migration
2022-08-12,Air Filter,Engine system,6,356.64,423.6,2139.84,Wholesale Client,Bank Transfer,Completed,ORD824045,Automated migration
2022-08-12,Battery,Electrical system,5,4208.29,289.79,21041.45,Wholesale Client,Cash,Completed,ORD824046,Automated migration
2022-08-12,Battery,Electrical system,6,8814.68,129.79,52888.08,Retail Client,Cash,Completed,ORD824047,Automated migration
2022-08-12,Fuel Pump,Fuel system,5,4441.37,67.27,22206.85,Walk-in Customer,Check,Completed,ORD824048,Automated migration
2022-08-12,Battery,Electrical system,5,6127.84,491.27,30639.2,Walk-in Customer,GCash,Completed,ORD824049,Automated migration
2022-08-12,Spark Plug,Ignition system,6,446.55,26.23,2679.3,Walk-in Customer,GCash,Completed,ORD824050,Automated migration
2022-08-12,Oil Filter,Engine system,0,321.18,0.0,0.0,Retail Client,GCash,Completed,ORD824051,Automated migration
2022-08-12,Air Filter,Engine system,4,296.4,294.56,1185.6,Walk-in Customer,Check,Completed,ORD824052,Automated migration
2022-08-12,Oil Filter,Engine system,0,153.58,0.0,0.0,Retail Client,GCash,Completed,ORD824053,Automated migration
2022-08-12,Alternator,Electrical system,4,11284.19,260.53,45136.76,Wholesale Client,GCash,Completed,ORD824054,Automated migration
2022-08-12,Oil Filter,Engine system,4,177.01,294.56,708.04,Retail Client,Bank Transfer,Completed,ORD824055,Automated migration
2022-08-12,Oil Filter,Engine system,0,339.26,0.0,0.0,Retail Client,Bank Transfer,Completed,ORD824056,Automated migration
2022-08-13,Clutch Kit,Transmission system,3,10296.72,441.35,30890.16,Walk-in Customer,Check,Completed,ORD824057,Automated migration
2022-08-13,Spark Plug,Ignition system,0,519.03,0.0,0.0,Wholesale Client,GCash,Completed,ORD824058,Automated migration
2022-08-13,Battery,Electrical system,7,4039.13,278.3,28273.91,Walk-in Customer,Check,Completed,ORD824059,Automated migration
2022-08-13,Fuel Pump,Fuel system,6,5599.45,74.62,33596.7,Retail Client,Bank Transfer,Completed,ORD824060,Automated migration
2022-08-13,Brake Pad,Brake system,8,3284.34,358.45,26274.72,Retail Client,Cash,Completed,ORD824061,Automated migration
2022-08-13,Brake Pad,Brake system,3,2059.09,20.87,6177.27,Walk-in Customer,Bank Transfer,Completed,ORD824062,Automated migration
2022-08-13,Clutch Kit,Transmission system,4,11133.58,415.9,44534.32,Wholesale Client,Check,Completed,ORD824063,Automated migration
2022-08-13,Clutch Kit,Transmission system,0,10497.31,0.0,0.0,Wholesale Client,Bank Transfer,Completed,ORD824064,Automated migration
2022-08-13,Clutch Kit,Transmission system,3,9316.67,134.4,27950.01,Wholesale Client,Bank Transfer,Completed,ORD824065,Automated migration
2022-08-13,Fuel Pump,Fuel system,2,2857.07,178.71,5714.14,Retail Client,Cash,Completed,ORD824066,Automated migration
2022-08-13,Fuel Pump,Fuel system,5,5576.56,354.56,27882.8,Walk-in Customer,GCash,Completed,ORD824067,Automated migration
2022-08-13,Radiator,Cooling system,8,7251.23,482.68,58009.84,Retail Client,Cash,Completed,ORD824068,Automated migration
2022-08-13,Clutch Kit,Transmission system,6,11155.14,491.38,66930.84,Retail Client,Check,Completed,ORD824069,Automated migration
2022-08-13,Fuel Pump,Fuel system,1,6275.64,325.96,6275.64,Walk-in Customer,Check,Completed,ORD824070,Automated migration
2022-08-14,Fuel Pump,Fuel system,3,3706.99,203.13,11120.97,Wholesale Client,Cash,Completed,ORD824071,Automated migration
2022-08-14,Battery,Electrical system,4,8433.6,305.69,33734.4,Wholesale Client,Check,Completed,ORD824072,Automated migration
2022-08-14,Air Filter,Engine system,0,313.14,0.0,0.0,Retail Client,Bank Transfer,Completed,ORD824073,Automated migration
2022-08-14,Air Filter,Engine system,1,279.2,95.84,279.2,Retail Client,Cash,Completed,ORD824074,Automated migration
2022-08-14,Oil Filter,Engine system,7,263.05,77.62,1841.35,Wholesale Client,GCash,Completed,ORD824075,Automated migration
2022-08-14,Clutch Kit,Transmission system,4,11833.92,395.94,47335.68,Retail Client,Bank Transfer,Completed,ORD824076,Automated migration
2022-08-14,Shock Absorber,Suspension system,6,3845.94,24.41,23075.64,Walk-in Customer,Bank Transfer,Completed,ORD824077,Automated migration
2022-08-14,Air Filter,Engine system,1,360.89,437.12,360.89,Retail Client,Bank Transfer,Completed,ORD824078,Automated migration
2022-08-14,Spark Plug,Ignition system,3,559.5,276.77,1678.5,Retail Client,Bank Transfer,Completed,ORD824079,Automated migration
2022-08-14,Shock Absorber,Suspension system,3,3686.28,440.57,11058.84,Wholesale Client,Check,Completed,ORD824080,Automated migration
2022-08-14,Alternator,Electrical system,5,8631.48,136.28,43157.4,Retail Client,Bank Transfer,Completed,ORD824081,Automated migration
2022-08-14,Oil Filter,Engine system,2,323.12,20.45,646.24,Wholesale Client,Check,Completed,ORD824082,Automated migration
2022-08-14,Battery,Electrical system,2,6478.86,24.04,12957.72,Wholesale Client,GCash,Completed,ORD824083,Automated migration
2022-08-14,Radiator,Cooling system,1,3642.51,345.44,3642.51,Walk-in Customer,Bank Transfer,Completed,ORD824084,Automated migration
2022-08-14,Shock Absorber,Suspension system,2,5613.59,182.22,11227.18,Retail Client,GCash,Completed,ORD824085,Automated migration
2022-08-14,Fuel Pump,Fuel system,5,5751.95,424.9,28759.75,Walk-in Customer,GCash,Completed,ORD824086,Automated migration
2022-08-15,Air Filter,Engine system,7,290.8,437.38,2035.6,Walk-in Customer,GCash,Completed,ORD824087,Automated migration
2022-08-15,Brake Pad,Brake system,6,1619.5,129.91,9717.0,Walk-in Customer,Bank Transfer,Completed,ORD824088,Automated migration
2022-08-15,Shock Absorber,Suspension system,8,3201.48,374.19,25611.84,Retail Client,Check,Completed,ORD824089,Automated migration
2022-08-15,Shock Absorber,Suspension system,5,2369.84,390.64,11849.2,Walk-in Customer,Cash,Completed,ORD824090,Automated migration
2022-08-15,Shock Absorber,Suspension system,7,3685.9,34.26,25801.3,Walk-in Customer,Bank Transfer,Completed,ORD824091,Automated migration
2022-08-15,Alternator,Electrical system,4,10020.08,82.61,40080.32,Retail Client,Cash,Completed,ORD824092,Automated migration
2022-08-15,Radiator,Cooling system,8,4067.06,379.67,32536.48,Retail Client,Bank Transfer,Completed,ORD824093,Automated migration
2022-08-15,Radiator,Cooling system,7,5669.65,175.25,39687.55,Wholesale Client,Cash,Completed,ORD824094,Automated migration
2022-08-15,Air Filter,Engine system,5,265.23,362.64,1326.15,Wholesale Client,GCash,Completed,ORD824095,Automated migration
2022-08-15,Spark Plug,Ignition system,6,391.67,328.62,2350.02,Retail Client,Bank Transfer,Completed,ORD824096,Automated migration
2022-08-15,Oil Filter,Engine system,2,337.69,362.96,675.38,Walk-in Customer,Bank Transfer,Completed,ORD824097,Automated migration
2022-08-15,Shock Absorber,Suspension system,6,6259.74,346.97,37558.44,Wholesale Client,Cash,Completed,ORD824098,Automated migration
2022-08-15,Spark Plug,Ignition system,5,417.18,233.31,2085.9,Retail Client,Cash,Completed,ORD824099,Automated migration
2022-08-15,Alternator,Electrical system,5,10217.25,231.17,51086.25,Retail Client,Bank Transfer,Completed,ORD824100,Automated migration
2022-08-15,Spark Plug,Ignition system,1,518.39,329.63,518.39,Walk-in Customer,Check,Completed,ORD824101,Automated migration
2022-08-15,Brake Pad,Brake system,5,3367.94,234.15,16839.7,Walk-in Customer,Bank Transfer,Completed,ORD824102,Automated migration
2022-08-15,Radiator,Cooling system,1,4339.5,135.18,4339.5,Walk-in Customer,Check,Completed,ORD824103,Automated migration
2022-08-15,Alternator,Electrical system,6,9669.84,437.77,58019.04,Wholesale Client,Check,Completed,ORD824104,Automated migration
2022-08-15,Oil Filter,Engine system,5,137.91,430.35,689.55,Walk-in Customer,Bank Transfer,Completed,ORD824105,Automated migration
2022-08-15,Fuel Pump,Fuel system,8,2579.44,387.62,20635.52,Walk-in Customer,Bank Transfer,Completed,ORD824106,Automated migration
2022-08-15,Oil Filter,Engine system,4,308.22,181.06,1232.88,Walk-in Customer,Cash,Completed,ORD824107,Automated migration
2022-08-15,Battery,Electrical system,0,4776.92,0.0,0.0,Walk-in Customer,Bank Transfer,Completed,ORD824108,Automated migration
2022-08-15,Spark Plug,Ignition system,6,225.44,106.7,1352.64,Walk-in Customer,Bank Transfer,Completed,ORD824109,Automated migration
2022-08-15,Air Filter,Engine system,4,203.65,50.88,814.6,Wholesale Client,Check,Completed,ORD824110,Automated migration
2022-08-15,Radiator,Cooling system,7,7016.65,244.57,49116.55,Walk-in Customer,GCash,Completed,ORD824111,Automated migration
2022-08-16,Clutch Kit,Transmission system,5,11422.8,285.95,57114.0,Retail Client,GCash,Completed,ORD824112,Automated migration
2022-08-16,Radiator,Cooling system,5,7283.31,201.21,36416.55,Retail Client,Check,Completed,ORD824113,Automated migration
2022-08-16,Spark Plug,Ignition system,6,195.35,38.92,1172.1,Wholesale Client,Cash,Completed,ORD824114,Automated migration
2022-08-16,Alternator,Electrical system,7,10748.52,470.06,75239.64,Wholesale Client,Bank Transfer,Completed,ORD824115,Automated migration
2022-08-16,Shock Absorber,Suspension system,8,3946.14,298.69,31569.12,Walk-in Customer,Bank Transfer,Completed,ORD824116,Automated migration
2022-08-16,Alternator,Electrical system,6,11519.33,78.05,69115.98,Walk-in Customer,Bank Transfer,Completed,ORD824117,Automated migration
2022-08-16,Clutch Kit,Transmission system,6,9006.53,338.43,54039.18,Wholesale Client,GCash,Completed,ORD824118,Automated migration
2022-08-16,Shock Absorber,Suspension system,3,3656.06,336.9,10968.18,Wholesale Client,Check,Completed,ORD824119,Automated migration
2022-08-16,Shock Absorber,Suspension system,0,4045.05,0.0,0.0,Retail Client,GCash,Completed,ORD824120,Automated migration
2022-08-16,Alternator,Electrical system,3,8152.42,172.7,24457.26,Retail Client,GCash,Completed,ORD824121,Automated migration
2022-08-16,Alternator,Electrical system,4,7947.81,301.8,31791.24,Wholesale Client,GCash,Completed,ORD824122,Automated migration
2022-08-16,Radiator,Cooling system,3,5593.28,425.53,16779.84,Retail Client,Bank Transfer,Completed,ORD824123,Automated migration
2022-08-16,Oil Filter,Engine system,6,210.41,410.09,1262.46,Retail Client,Bank Transfer,Completed,ORD824124,Automated migration
2022-08-17,Air Filter,Engine system,0,382.83,0.0,0.0,Walk-in Customer,GCash,Completed,ORD824125,Automated migration
2022-08-17,Battery,Electrical system,5,6803.6,76.68,34018.0,Retail Client,GCash,Completed,ORD824126,Automated migration
2022-08-17,Brake Pad,Brake system,6,1745.75,364.73,10474.5,Walk-in Customer,Bank Transfer,Completed,ORD824127,Automated migration
2022-08-17,Brake Pad,Brake system,8,3187.16,261.54,25497.28,Wholesale Client,Cash,Completed,ORD824128,Automated migration
2022-08-17,Brake Pad,Brake system,2,3400.9,398.38,6801.8,Retail Client,Cash,Completed,ORD824129,Automated migration
2022-08-17,Brake Pad,Brake system,5,3193.5,402.55,15967.5,Retail Client,Cash,Completed,ORD824130,Automated migration
2022-08-17,Clutch Kit,Transmission system,2,12586.12,405.01,25172.24,Wholesale Client,Check,Completed,ORD824131,Automated migration
2022-08-17,Shock Absorber,Suspension system,4,4831.3,136.42,19325.2,Wholesale Client,GCash,Completed,ORD824132,Automated migration
2022-08-17,Fuel Pump,Fuel system,5,3760.74,462.27,18803.7,Retail Client,Cash,Completed,ORD824133,Automated migration
2022-08-17,Alternator,Electrical system,3,8910.23,225.07,26730.69,Walk-in Customer,Cash,Completed,ORD824134,Automated migration
2022-08-17,Brake Pad,Brake system,0,1673.98,0.0,0.0,Walk-in Customer,Cash,Completed,ORD824135,Automated migration
2022-08-17,Shock Absorber,Suspension system,6,4308.46,390.16,25850.76,Walk-in Customer,Bank Transfer,Completed,ORD824136,Automated migration
2022-08-17,Alternator,Electrical system,4,8910.01,67.29,35640.04,Retail Client,Cash,Completed,ORD824137,Automated migration
2022-08-17,Clutch Kit,Transmission system,3,6784.94,161.82,20354.82,Retail Client,Cash,Completed,ORD824138,Automated migration
2022-08-17,Brake Pad,Brake system,7,1588.66,103.53,11120.62,Wholesale Client,Cash,Completed,ORD824139,Automated migration
2022-08-18,Clutch Kit,Transmission system,7,12906.05,197.45,90342.35,Wholesale Client,Check,Completed,ORD824140,Automated migration
2022-08-18,Air Filter,Engine system,0,398.28,0.0,0.0,Walk-in Customer,Check,Completed,ORD824141,Automated migration
2022-08-18,Alternator,Electrical system,8,8186.19,232.52,65489.52,Retail Client,Bank Transfer,Completed,ORD824142,Automated migration
2022-08-18,Shock Absorber,Suspension system,6,4943.93,344.52,29663.58,Retail Client,Check,Completed,ORD824143,Automated migration
2022-08-18,Alternator,Electrical system,7,7736.41,140.97,54154.87,Walk-in Customer,Check,Completed,ORD824144,Automated migration
2022-08-18,Radiator,Cooling system,1,6006.02,406.96,6006.02,Retail Client,Cash,Completed,ORD824145,Automated migration
2022-08-18,Brake Pad,Brake system,6,3143.39,327.17,18860.34,Wholesale Client,Bank Transfer,Completed,ORD824146,Automated migration
2022-08-18,Shock Absorber,Suspension system,4,2491.35,306.44,9965.4,Wholesale Client,Cash,Completed,ORD824147,Automated migration
2022-08-18,Spark Plug,Ignition system,0,324.11,0.0,0.0,Wholesale Client,Cash,Completed,ORD824148,Automated migration
2022-08-18,Air Filter,Engine system,3,259.67,168.15,779.01,Walk-in Customer,Cash,Completed,ORD824149,Automated migration
2022-08-18,Air Filter,Engine system,1,310.46,368.7,310.46,Wholesale Client,Cash,Completed,ORD824150,Automated migration
2022-08-18,Battery,Electrical system,8,4711.01,195.63,37688.08,Retail Client,Check,Completed,ORD824151,Automated migration
2022-08-19,Alternator,Electrical system,5,11611.37,33.49,58056.85,Retail Client,Check,Completed,ORD824152,Automated migration
2022-08-19,Fuel Pump,Fuel system,2,4306.88,1.72,8613.76,Retail Client,Cash,Completed,ORD824153,Automated migration
2022-08-19,Oil Filter,Engine system,0,237.6,0.0,0.0,Walk-in Customer,Check,Completed,ORD824154,Automated migration
2022-08-19,Radiator,Cooling system,8,3062.79,432.42,24502.32,Walk-in Customer,GCash,Completed,ORD824155,Automated migration
2022-08-19,Fuel Pump,Fuel system,8,3538.56,251.74,28308.48,Wholesale Client,GCash,Completed,ORD824156,Automated migration
2022-08-19,Air Filter,Engine system,6,272.42,119.66,1634.52,Wholesale Client,Cash,Completed,ORD824157,Automated migration
2022-08-19,Radiator,Cooling system,5,8509.66,188.69,42548.3,Retail Client,Bank Transfer,Completed,ORD824158,Automated migration
2022-08-19,Air Filter,Engine system,2,346.88,152.13,693.76,Retail Client,GCash,Completed,ORD824159,Automated migration
2022-08-19,Spark Plug,Ignition system,1,407.11,183.82,407.11,Walk-in Customer,Check,Completed,ORD824160,Automated migration
2022-08-19,Spark Plug,Ignition system,5,513.61,431.16,2568.05,Wholesale Client,Cash,Completed,ORD824161,Automated migration
2022-08-19,Shock Absorber,Suspension system,1,5856.59,349.63,5856.59,Retail Client,Cash,Completed,ORD824162,Automated migration
2022-08-19,Battery,Electrical system,8,6259.51,28.49,50076.08,Walk-in Customer,Bank Transfer,Completed,ORD824163,Automated migration
2022-08-19,Brake Pad,Brake system,4,3293.18,349.32,13172.72,Retail Client,Bank Transfer,Completed,ORD824164,Automated migration
2022-08-19,Battery,Electrical system,4,6704.35,115.93,26817.4,Walk-in Customer,Bank Transfer,Completed,ORD824165,Automated migration
2022-08-20,Shock Absorber,Suspension system,6,4513.77,57.65,27082.62,Walk-in Customer,Check,Completed,ORD824166,Automated migration
2022-08-20,Shock Absorber,Suspension system,7,5895.51,217.79,41268.57,Retail Client,Cash,Completed,ORD824167,Automated migration
2022-08-20,Radiator,Cooling system,3,4860.98,470.87,14582.94,Walk-in Customer,Check,Completed,ORD824168,Automated migration
2022-08-20,Alternator,Electrical system,7,10801.52,22.3,75610.64,Retail Client,GCash,Completed,ORD824169,Automated migration
2022-08-20,Oil Filter,Engine system,6,287.1,361.28,1722.6,Wholesale Client,Bank Transfer,Completed,ORD824170,Automated migration
2022-08-20,Radiator,Cooling system,5,3697.86,0.16,18489.3,Walk-in Customer,Bank Transfer,Completed,ORD824171,Automated migration
2022-08-20,Oil Filter,Engine system,4,275.23,491.61,1100.92,Walk-in Customer,GCash,Completed,ORD824172,Automated migration
2022-08-20,Clutch Kit,Transmission system,1,13917.44,193.51,13917.44,Wholesale Client,Bank Transfer,Completed,ORD824173,Automated migration
2022-08-20,Shock Absorber,Suspension system,0,4047.56,0.0,0.0,Walk-in Customer,Bank Transfer,Completed,ORD824174,Automated migration
2022-08-20,Shock Absorber,Suspension system,6,5743.8,52.59,34462.8,Retail Client,Check,Completed,ORD824175,Automated migration
2022-08-20,Battery,Electrical system,4,8405.56,181.03,33622.24,Walk-in Customer,Bank Transfer,Completed,ORD824176,Automated migration
2022-08-20,Fuel Pump,Fuel system,7,3174.36,282.64,22220.52,Wholesale Client,GCash,Completed,ORD824177,Automated migration
2022-08-20,Battery,Electrical system,3,5480.22,168.93,16440.66,Walk-in Customer,Cash,Completed,ORD824178,Automated migration
2022-08-20,Oil Filter,Engine system,0,252.21,0.0,0.0,Wholesale Client,Check,Completed,ORD824179,Automated migration
2022-08-20,Battery,Electrical system,0,8214.25,0.0,0.0,Wholesale Client,GCash,Completed,ORD824180,Automated migration
2022-08-21,Spark Plug,Ignition system,8,209.5,204.88,1676.0,Walk-in Customer,Check,Completed,ORD824181,Automated migration
2022-08-21,Oil Filter,Engine system,7,320.79,445.19,2245.53,Wholesale Client,Bank Transfer,Completed,ORD824182,Automated migration
2022-08-21,Air Filter,Engine system,3,313.9,446.54,941.7,Wholesale Client,GCash,Completed,ORD824183,Automated migration
2022-08-21,Spark Plug,Ignition system,7,360.8,91.87,2525.6,Walk-in Customer,Check,Completed,ORD824184,Automated migration
2022-08-21,Alternator,Electrical system,0,11731.76,0.0,0.0,Retail Client,Bank Transfer,Completed,ORD824185,Automated migration
2022-08-21,Brake Pad,Brake system,8,2573.27,86.2,20586.16,Walk-in Customer,Cash,Completed,ORD824186,Automated migration
2022-08-21,Clutch Kit,Transmission system,2,7586.78,81.98,15173.56,Retail Client,GCash,Completed,ORD824187,Automated migration
2022-08-21,Brake Pad,Brake system,3,2618.6,464.54,7855.8,Wholesale Client,Bank Transfer,Completed,ORD824188,Automated migration
2022-08-21,Air Filter,Engine system,6,362.88,444.8,2177.28,Wholesale Client,Bank Transfer,Completed,ORD824189,Automated migration
2022-08-21,Air Filter,Engine system,6,322.39,327.18,1934.34,Retail Client,Bank Transfer,Completed,ORD824190,Automated migration
2022-08-21,Clutch Kit,Transmission system,6,7908.07,70.29,47448.42,Wholesale Client,Cash,Completed,ORD824191,Automated migration
2022-08-21,Clutch Kit,Transmission system,5,7181.96,357.7,35909.8,Retail Client,Cash,Completed,ORD824192,Automated migration
2022-08-21,Radiator,Cooling system,4,6186.38,414.01,24745.52,Wholesale Client,Bank Transfer,Completed,ORD824193,Automated migration
2022-08-22,Fuel Pump,Fuel system,3,2979.85,480.92,8939.55,Walk-in Customer,Cash,Completed,ORD824194,Automated migration
2022-08-22,Brake Pad,Brake system,5,2005.15,155.51,10025.75,Retail Client,Cash,Completed,ORD824195,Automated migration
2022-08-22,Spark Plug,Ignition system,7,334.59,496.68,2342.13,Retail Client,Bank Transfer,Completed,ORD824196,Automated migration
2022-08-22,Air Filter,Engine system,7,311.43,485.46,2180.01,Wholesale Client,Check,Completed,ORD824197,Automated migration
2022-08-22,Air Filter,Engine system,2,208.41,361.05,416.82,Retail Client,GCash,Completed,ORD824198,Automated migration
2022-08-22,Spark Plug,Ignition system,1,562.67,17.09,562.67,Retail Client,Bank Transfer,Completed,ORD824199,Automated migration
2022-08-22,Battery,Electrical system,3,8757.1,387.84,26271.3,Walk-in Customer,GCash,Completed,ORD824200,Automated migration
2022-08-22,Oil Filter,Engine system,8,294.18,79.74,2353.44,Walk-in Customer,Check,Completed,ORD824201,Automated migration
2022-08-22,Alternator,Electrical system,4,11007.19,402.78,44028.76,Walk-in Customer,Bank Transfer,Completed,ORD824202,Automated migration
2022-08-22,Brake Pad,Brake system,1,2289.95,333.27,2289.95,Wholesale Client,Bank Transfer,Completed,ORD824203,Automated migration
2022-08-22,Alternator,Electrical system,6,7041.71,97.35,42250.26,Retail Client,Cash,Completed,ORD824204,Automated migration
2022-08-22,Air Filter,Engine system,0,264.84,0.0,0.0,Walk-in Customer,Cash,Completed,ORD824205,Automated migration
2022-08-22,Clutch Kit,Transmission system,7,7809.98,342.39,54669.86,Retail Client,Cash,Completed,ORD824206,Automated migration
2022-08-22,Brake Pad,Brake system,0,1389.22,0.0,0.0,Wholesale Client,Bank Transfer,Completed,ORD824207,Automated migration
2022-08-22,Fuel Pump,Fuel system,4,2800.7,137.71,11202.8,Wholesale Client,GCash,Completed,ORD824208,Automated migration
2022-08-22,Air Filter,Engine system,4,281.16,65.8,1124.64,Wholesale Client,Bank Transfer,Completed,ORD824209,Automated migration
2022-08-22,Alternator,Electrical system,5,7855.59,340.47,39277.95,Walk-in Customer,Check,Completed,ORD824210,Automated migration
2022-08-22,Radiator,Cooling system,2,7951.42,114.91,15902.84,Walk-in Customer,Check,Completed,ORD824211,Automated migration
2022-08-22,Shock Absorber,Suspension system,8,6088.46,170.83,48707.68,Walk-in Customer,GCash,Completed,ORD824212,Automated migration
2022-08-22,Air Filter,Engine system,5,301.54,246.71,1507.7,Retail Client,GCash,Completed,ORD824213,Automated migration
2022-08-22,Clutch Kit,Transmission system,0,8836.2,0.0,0.0,Retail Client,Bank Transfer,Completed,ORD824214,Automated migration
2022-08-22,Shock Absorber,Suspension system,2,3031.04,200.67,6062.08,Retail Client,Bank Transfer,Completed,ORD824215,Automated migration
2022-08-22,Clutch Kit,Transmission system,1,10588.65,230.15,10588.65,Retail Client,Bank Transfer,Completed,ORD824216,Automated migration
2022-08-22,Alternator,Electrical system,6,9481.76,490.61,56890.56,Wholesale Client,GCash,Completed,ORD824217,Automated migration
2022-08-23,Brake Pad,Brake system,5,1369.31,65.35,6846.55,Retail Client,GCash,Completed,ORD824218,Automated migration
2022-08-23,Brake Pad,Brake system,3,1721.74,74.7,5165.22,Walk-in Customer,Check,Completed,ORD824219,Automated migration
2022-08-23,Radiator,Cooling system,3,7523.71,292.75,22571.13,Walk-in Customer,GCash,Completed,ORD824220,Automated migration
2022-08-23,Fuel Pump,Fuel system,8,6841.0,315.82,54728.0,Wholesale Client,Bank Transfer,Completed,ORD824221,Automated migration
2022-08-23,Alternator,Electrical system,6,11211.59,401.04,67269.54,Walk-in Customer,Check,Completed,ORD824222,Automated migration
2022-08-23,Radiator,Cooling system,2,8841.57,452.02,17683.14,Wholesale Client,Bank Transfer,Completed,ORD824223,Automated migration
2022-08-23,Radiator,Cooling system,1,8969.51,481.59,8969.51,Retail Client,Bank Transfer,Completed,ORD824224,Automated migration
2022-08-23,Spark Plug,Ignition system,6,221.3,65.14,1327.8,Walk-in Customer,Cash,Completed,ORD824225,Automated migration
2022-08-23,Alternator,Electrical system,2,8501.9,287.55,17003.8,Wholesale Client,Check,Completed,ORD824226,Automated migration
2022-08-23,Battery,Electrical system,7,6400.08,440.93,44800.56,Wholesale Client,Bank Transfer,Completed,ORD824227,Automated migration
2022-08-23,Radiator,Cooling system,3,6777.99,171.3,20333.97,Wholesale Client,Check,Completed,ORD824228,Automated migration
2022-08-23,Brake Pad,Brake system,6,2032.38,55.16,12194.28,Wholesale Client,Bank Transfer,Completed,ORD824229,Automated migration
2022-08-23,Clutch Kit,Transmission system,0,12514.26,0.0,0.0,Walk-in Customer,Cash,Completed,ORD824230,Automated migration
2022-08-23,Radiator,Cooling system,8,6883.64,320.35,55069.12,Retail Client,Bank Transfer,Completed,ORD824231,Automated migration
2022-08-23,Oil Filter,Engine system,6,340.25,313.24,2041.5,Walk-in Customer,Cash,Completed,ORD824232,Automated migration
2022-08-23,Air Filter,Engine system,1,283.79,177.17,283.79,Retail Client,Check,Completed,ORD824233,Automated migration
2022-08-23,Brake Pad,Brake system,4,3221.66,202.76,12886.64,Walk-in Customer,GCash,Completed,ORD824234,Automated migration
2022-08-23,Fuel Pump,Fuel system,4,5172.55,461.42,20690.2,Retail Client,Check,Completed,ORD824235,Automated migration
2022-08-23,Air Filter,Engine system,1,343.57,134.22,343.57,Walk-in Customer,Cash,Completed,ORD824236,Automated migration
2022-08-23,Fuel Pump,Fuel system,2,4600.42,54.37,9200.84,Walk-in Customer,Cash,Completed,ORD824237,Automated migration
2022-08-23,Brake Pad,Brake system,2,2110.8,455.72,4221.6,Wholesale Client,Check,Completed,ORD824238,Automated migration
2022-08-24,Oil Filter,Engine system,0,319.7,0.0,0.0,Walk-in Customer,Cash,Completed,ORD824239,Automated migration
2022-08-24,Brake Pad,Brake system,3,1700.08,164.98,5100.24,Walk-in Customer,Bank Transfer,Completed,ORD824240,Automated migration
2022-08-24,Radiator,Cooling system,2,3947.49,269.35,7894.98,Retail Client,Bank Transfer,Completed,ORD824241,Automated migration
2022-08-24,Battery,Electrical system,7,7937.58,398.63,55563.06,Retail Client,Bank Transfer,Completed,ORD824242,Automated migration
2022-08-24,Oil Filter,Engine system,0,297.41,0.0,0.0,Retail Client,Check,Completed,ORD824243,Automated migration
2022-08-24,Radiator,Cooling system,7,7371.56,118.14,51600.92,Wholesale Client,Cash,Completed,ORD824244,Automated migration
2022-08-24,Spark Plug,Ignition system,2,422.3,7.95,844.6,Retail Client,Cash,Completed,ORD824245,Automated migration
2022-08-24,Radiator,Cooling system,7,5439.48,432.33,38076.36,Walk-in Customer,Bank Transfer,Completed,ORD824246,Automated migration
2022-08-24,Brake Pad,Brake system,7,2357.45,124.71,16502.15,Walk-in Customer,Bank Transfer,Completed,ORD824247,Automated migration
2022-08-24,Radiator,Cooling system,0,7286.39,0.0,0.0,Wholesale Client,GCash,Completed,ORD824248,Automated migration
2022-08-24,Alternator,Electrical system,6,10096.22,299.35,60577.32,Walk-in Customer,Cash,Completed,ORD824249,Automated migration
2022-08-24,Shock Absorber,Suspension system,5,5651.41,133.82,28257.05,Walk-in Customer,GCash,Completed,ORD824250,Automated migration
2022-08-24,Radiator,Cooling system,3,7103.46,200.12,21310.38,Retail Client,Bank Transfer,Completed,ORD824251,Automated migration
2022-08-24,Spark Plug,Ignition system,2,506.03,344.44,1012.06,Retail Client,Check,Completed,ORD824252,Automated migration
2022-08-24,Fuel Pump,Fuel system,7,3391.58,413.62,23741.06,Walk-in Customer,Cash,Completed,ORD824253,Automated migration
2022-08-24,Spark Plug,Ignition system,0,570.41,0.0,0.0,Retail Client,Bank Transfer,Completed,ORD824254,Automated migration
2022-08-24,Spark Plug,Ignition system,3,172.71,492.88,518.13,Wholesale Client,Bank Transfer,Completed,ORD824255,Automated migration
2022-08-24,Brake Pad,Brake system,2,1874.18,237.83,3748.36,Wholesale Client,Cash,Completed,ORD824256,Automated migration
2022-08-25,Shock Absorber,Suspension system,2,2247.34,115.08,4494.68,Retail Client,Bank Transfer,Completed,ORD824257,Automated migration
2022-08-25,Battery,Electrical system,0,4627.57,0.0,0.0,Retail Client,Bank Transfer,Completed,ORD824258,Automated migration
2022-08-25,Air Filter,Engine system,7,341.74,182.82,2392.18,Wholesale Client,Bank Transfer,Completed,ORD824259,Automated migration
2022-08-25,Air Filter,Engine system,4,326.81,349.13,1307.24,Wholesale Client,GCash,Completed,ORD824260,Automated migration
2022-08-25,Radiator,Cooling system,5,5359.62,35.6,26798.1,Walk-in Customer,GCash,Completed,ORD824261,Automated migration
2022-08-25,Fuel Pump,Fuel system,1,3092.18,116.29,3092.18,Retail Client,Check,Completed,ORD824262,Automated migration
2022-08-25,Oil Filter,Engine system,1,311.12,411.15,311.12,Walk-in Customer,Bank Transfer,Completed,ORD824263,Automated migration
2022-08-25,Fuel Pump,Fuel system,3,5781.52,155.03,17344.56,Wholesale Client,Cash,Completed,ORD824264,Automated migration
2022-08-25,Alternator,Electrical system,5,10460.03,429.16,52300.15,Wholesale Client,Bank Transfer,Completed,ORD824265,Automated migration
2022-08-25,Alternator,Electrical system,6,9161.21,115.31,54967.26,Walk-in Customer,GCash,Completed,ORD824266,Automated migration
2022-08-25,Battery,Electrical system,3,4087.25,391.92,12261.75,Retail Client,Check,Completed,ORD824267,Automated migration
2022-08-25,Alternator,Electrical system,8,10285.67,445.89,82285.36,Walk-in Customer,Check,Completed,ORD824268,Automated migration
2022-08-25,Fuel Pump,Fuel system,2,2541.66,389.55,5083.32,Wholesale Client,Check,Completed,ORD824269,Automated migration
2022-08-25,Fuel Pump,Fuel system,0,3801.23,0.0,0.0,Retail Client,Bank Transfer,Completed,ORD824270,Automated migration
2022-08-25,Clutch Kit,Transmission system,5,11008.8,210.01,55044.0,Wholesale Client,Check,Completed,ORD824271,Automated migration
2022-08-26,Spark Plug,Ignition system,3,461.73,211.23,1385.19,Walk-in Customer,Cash,Completed,ORD824272,Automated migration
2022-08-26,Alternator,Electrical system,0,7393.24,0.0,0.0,Wholesale Client,Check,Completed,ORD824273,Automated migration
2022-08-26,Air Filter,Engine system,3,319.98,242.8,959.94,Walk-in Customer,Cash,Completed,ORD824274,Automated migration
2022-08-26,Air Filter,Engine system,4,359.85,447.92,1439.4,Walk-in Customer,Cash,Completed,ORD824275,Automated migration
2022-08-26,Spark Plug,Ignition system,8,385.35,203.82,3082.8,Walk-in Customer,Check,Completed,ORD824276,Automated migration
2022-08-26,Alternator,Electrical system,8,11086.5,176.61,88692.0,Wholesale Client,Cash,Completed,ORD824277,Automated migration
2022-08-26,Air Filter,Engine system,6,266.81,200.13,1600.86,Walk-in Customer,GCash,Completed,ORD824278,Automated migration
2022-08-26,Shock Absorber,Suspension system,2,4358.02,6.02,8716.04,Retail Client,Check,Completed,ORD824279,Automated migration
2022-08-26,Air Filter,Engine system,8,222.45,334.38,1779.6,Wholesale Client,Check,Completed,ORD824280,Automated migration
2022-08-26,Spark Plug,Ignition system,7,244.85,209.99,1713.95,Retail Client,Check,Completed,ORD824281,Automated migration
2022-08-26,Air Filter,Engine system,8,244.39,384.32,1955.12,Walk-in Customer,Check,Completed,ORD824282,Automated migration
2022-08-26,Alternator,Electrical system,4,8733.4,142.03,34933.6,Walk-in Customer,GCash,Completed,ORD824283,Automated migration
2022-08-26,Shock Absorber,Suspension system,1,3170.96,240.4,3170.96,Walk-in Customer,Cash,Completed,ORD824284,Automated migration
2022-08-26,Battery,Electrical system,8,6575.51,208.93,52604.08,Wholesale Client,Cash,Completed,ORD824285,Automated migration
2022-08-26,Shock Absorber,Suspension system,1,2378.0,152.16,2378.0,Wholesale Client,Cash,Completed,ORD824286,Automated migration
2022-08-26,Oil Filter,Engine system,5,305.26,103.61,1526.3,Wholesale Client,GCash,Completed,ORD824287,Automated migration
2022-08-27,Air Filter,Engine system,7,241.9,466.0,1693.3,Retail Client,Cash,Completed,ORD824288,Automated migration
2022-08-27,Fuel Pump,Fuel system,8,6257.03,173.05,50056.24,Wholesale Client,GCash,Completed,ORD824289,Automated migration
2022-08-27,Shock Absorber,Suspension system,7,4169.5,120.98,29186.5,Walk-in Customer,GCash,Completed,ORD824290,Automated migration
2022-08-27,Battery,Electrical system,7,7437.56,240.52,52062.92,Walk-in Customer,GCash,Completed,ORD824291,Automated migration
2022-08-27,Alternator,Electrical system,5,8415.86,240.24,42079.3,Retail Client,Cash,Completed,ORD824292,Automated migration
2022-08-27,Brake Pad,Brake system,4,2729.01,69.25,10916.04,Wholesale Client,Bank Transfer,Completed,ORD824293,Automated migration
2022-08-27,Fuel Pump,Fuel system,0,5461.83,0.0,0.0,Wholesale Client,Bank Transfer,Completed,ORD824294,Automated migration
2022-08-27,Clutch Kit,Transmission system,0,10992.27,0.0,0.0,Walk-in Customer,GCash,Completed,ORD824295,Automated migration
2022-08-27,Battery,Electrical system,7,5184.51,255.0,36291.57,Retail Client,Bank Transfer,Completed,ORD824296,Automated migration
2022-08-27,Alternator,Electrical system,6,8072.78,101.1,48436.68,Wholesale Client,GCash,Completed,ORD824297,Automated migration
2022-08-27,Air Filter,Engine system,0,205.98,0.0,0.0,Retail Client,Bank Transfer,Completed,ORD824298,Automated migration
2022-08-27,Fuel Pump,Fuel system,2,5267.9,309.23,10535.8,Retail Client,Cash,Completed,ORD824299,Automated migration
2022-08-27,Radiator,Cooling system,1,5626.1,284.07,5626.1,Walk-in Customer,Check,Completed,ORD824300,Automated migration
2022-08-27,Radiator,Cooling system,6,7527.57,76.3,45165.42,Walk-in Customer,Check,Completed,ORD824301,Automated migration
2022-08-27,Fuel Pump,Fuel system,1,4848.41,399.22,4848.41,Retail Client,GCash,Completed,ORD824302,Automated migration
2022-08-27,Brake Pad,Brake system,7,2989.37,315.92,20925.59,Retail Client,Cash,Completed,ORD824303,Automated migration
2022-08-27,Brake Pad,Brake system,3,1285.92,112.23,3857.76,Wholesale Client,Cash,Completed,ORD824304,Automated migration
2022-08-27,Battery,Electrical system,7,6258.04,424.0,43806.28,Retail Client,GCash,Completed,ORD824305,Automated migration
2022-08-27,Alternator,Electrical system,5,9593.29,368.29,47966.45,Wholesale Client,Cash,Completed,ORD824306,Automated migration
2022-08-27,Clutch Kit,Transmission system,0,8031.33,0.0,0.0,Wholesale Client,Check,Completed,ORD824307,Automated migration
2022-08-28,Clutch Kit,Transmission system,1,12648.21,108.75,12648.21,Retail Client,Check,Completed,ORD824308,Automated migration
2022-08-28,Radiator,Cooling system,7,6809.31,16.82,47665.17,Walk-in Customer,Check,Completed,ORD824309,Automated migration
2022-08-28,Battery,Electrical system,1,5631.93,236.82,5631.93,Walk-in Customer,Bank Transfer,Completed,ORD824310,Automated migration
2022-08-28,Radiator,Cooling system,4,3931.76,72.37,15727.04,Wholesale Client,GCash,Completed,ORD824311,Automated migration
2022-08-28,Clutch Kit,Transmission system,8,12527.53,95.7,100220.24,Retail Client,GCash,Completed,ORD824312,Automated migration
2022-08-28,Spark Plug,Ignition system,7,184.56,183.5,1291.92,Retail Client,Cash,Completed,ORD824313,Automated migration
2022-08-28,Clutch Kit,Transmission system,0,11259.05,0.0,0.0,Wholesale Client,Check,Completed,ORD824314,Automated migration
2022-08-28,Radiator,Cooling system,1,6625.7,124.27,6625.7,Walk-in Customer,Check,Completed,ORD824315,Automated migration
2022-08-28,Battery,Electrical system,1,4122.54,227.1,4122.54,Retail Client,Cash,Completed,ORD824316,Automated migration
2022-08-28,Oil Filter,Engine system,2,283.41,423.5,566.82,Wholesale Client,GCash,Completed,ORD824317,Automated migration
2022-08-28,Shock Absorber,Suspension system,6,4520.9,334.54,27125.4,Retail Client,Bank Transfer,Completed,ORD824318,Automated migration
2022-08-28,Air Filter,Engine system,3,252.37,140.45,757.11,Retail Client,Cash,Completed,ORD824319,Automated migration
2022-08-29,Clutch Kit,Transmission system,1,7808.45,474.39,7808.45,Wholesale Client,Cash,Completed,ORD824320,Automated migration
2022-08-29,Brake Pad,Brake system,5,2663.22,222.47,13316.1,Walk-in Customer,Cash,Completed,ORD824321,Automated migration
2022-08-29,Radiator,Cooling system,7,3231.31,180.58,22619.17,Retail Client,Bank Transfer,Completed,ORD824322,Automated migration
2022-08-29,Battery,Electrical system,7,4500.44,330.29,31503.08,Walk-in Customer,Check,Completed,ORD824323,Automated migration
2022-08-29,Alternator,Electrical system,0,7989.66,0.0,0.0,Wholesale Client,Bank Transfer,Completed,ORD824324,Automated migration
2022-08-29,Radiator,Cooling system,5,5842.81,473.18,29214.05,Retail Client,Check,Completed,ORD824325,Automated migration
2022-08-29,Shock Absorber,Suspension system,4,5557.52,227.5,22230.08,Wholesale Client,Cash,Completed,ORD824326,Automated migration
2022-08-29,Spark Plug,Ignition system,7,269.49,309.12,1886.43,Walk-in Customer,Check,Completed,ORD824327,Automated migration
2022-08-29,Oil Filter,Engine system,3,161.73,53.27,485.19,Retail Client,Check,Completed,ORD824328,Automated migration
2022-08-29,Alternator,Electrical system,2,11079.1,202.26,22158.2,Wholesale Client,Cash,Completed,ORD824329,Automated migration
2022-08-29,Battery,Electrical system,0,5120.74,0.0,0.0,Wholesale Client,Check,Completed,ORD824330,Automated migration
2022-08-29,Spark Plug,Ignition system,1,466.27,278.26,466.27,Wholesale Client,Check,Completed,ORD824331,Automated migration
2022-08-29,Spark Plug,Ignition system,1,458.45,18.1,458.45,Retail Client,Check,Completed,ORD824332,Automated migration
2022-08-30,Battery,Electrical system,1,4828.72,112.93,4828.72,Retail Client,Check,Completed,ORD824333,Automated migration
2022-08-30,Air Filter,Engine system,0,256.18,0.0,0.0,Wholesale Client,Check,Completed,ORD824334,Automated migration
2022-08-30,Oil Filter,Engine system,4,319.2,189.29,1276.8,Walk-in Customer,Bank Transfer,Completed,ORD824335,Automated migration
2022-08-30,Clutch Kit,Transmission system,1,9205.67,449.09,9205.67,Retail Client,Check,Completed,ORD824336,Automated migration
2022-08-30,Air Filter,Engine system,0,384.27,0.0,0.0,Wholesale Client,Check,Completed,ORD824337,Automated migration
2022-08-30,Alternator,Electrical system,7,9431.43,477.88,66020.01,Retail Client,Check,Completed,ORD824338,Automated migration
2022-08-30,Oil Filter,Engine system,4,248.88,404.47,995.52,Retail Client,Check,Completed,ORD824339,Automated migration
2022-08-30,Alternator,Electrical system,1,9211.75,286.87,9211.75,Wholesale Client,Cash,Completed,ORD824340,Automated migration
2022-08-30,Radiator,Cooling system,0,4021.33,0.0,0.0,Retail Client,Bank Transfer,Completed,ORD824341,Automated migration
2022-08-30,Radiator,Cooling system,1,8668.88,405.08,8668.88,Wholesale Client,Check,Completed,ORD824342,Automated migration
2022-08-30,Radiator,Cooling system,3,4394.17,332.79,13182.51,Walk-in Customer,Bank Transfer,Completed,ORD824343,Automated migration
2022-08-30,Fuel Pump,Fuel system,5,6730.55,114.41,33652.75,Retail Client,Check,Completed,ORD824344,Automated migration
2022-08-30,Spark Plug,Ignition system,3,312.09,453.44,936.27,Retail Client,Bank Transfer,Completed,ORD824345,Automated migration
2022-08-30,Battery,Electrical system,6,8899.73,107.22,53398.38,Wholesale Client,Cash,Completed,ORD824346,Automated migration
2022-08-30,Shock Absorber,Suspension system,3,2466.95,227.21,7400.85,Walk-in Customer,Bank Transfer,Completed,ORD824347,Automated migration
2022-08-30,Brake Pad,Brake system,4,2365.1,358.83,9460.4,Retail Client,GCash,Completed,ORD824348,Automated migration
2022-08-31,Clutch Kit,Transmission system,6,12720.4,484.87,76322.4,Retail Client,GCash,Completed,ORD824349,Automated migration
2022-08-31,Battery,Electrical system,8,6266.18,46.24,50129.44,Walk-in Customer,Cash,Completed,ORD824350,Automated migration
2022-08-31,Radiator,Cooling system,3,7746.19,447.27,23238.57,Wholesale Client,Check,Completed,ORD824351,Automated migration
2022-08-31,Air Filter,Engine system,6,201.17,181.92,1207.02,Walk-in Customer,Cash,Completed,ORD824352,Automated migration
2022-08-31,Spark Plug,Ignition system,5,358.13,62.65,1790.65,Walk-in Customer,Cash,Completed,ORD824353,Automated migration
2022-08-31,Brake Pad,Brake system,5,1256.34,348.74,6281.7,Walk-in Customer,GCash,Completed,ORD824354,Automated migration
2022-08-31,Radiator,Cooling system,6,4813.56,104.31,28881.36,Walk-in Customer,Check,Completed,ORD824355,Automated migration
2022-08-31,Alternator,Electrical system,4,10313.11,314.2,41252.44,Wholesale Client,Bank Transfer,Completed,ORD824356,Automated migration
2022-08-31,Air Filter,Engine system,3,319.86,118.67,959.58,Walk-in Customer,GCash,Completed,ORD824357,Automated migration
2022-08-31,Alternator,Electrical system,8,11927.82,198.77,95422.56,Walk-in Customer,GCash,Completed,ORD824358,Automated migration
2022-08-31,Fuel Pump,Fuel system,2,5219.52,426.12,10439.04,Retail Client,Bank Transfer,Completed,ORD824359,Automated migration
2022-08-31,Oil Filter,Engine system,2,197.36,26.8,394.72,Retail Client,Cash,Completed,ORD824360,Automated migration
2022-08-31,Air Filter,Engine system,1,363.6,212.07,363.6,Wholesale Client,Cash,Completed,ORD824361,Automated migration
2022-08-31,Spark Plug,Ignition system,8,266.07,126.19,2128.56,Walk-in Customer,Cash,Completed,ORD824362,Automated migration
2022-08-31,Alternator,Electrical system,3,7006.04,336.29,21018.12,Walk-in Customer,GCash,Completed,ORD824363,Automated migration
2022-08-31,Clutch Kit,Transmission system,4,10994.08,187.73,43976.32,Walk-in Customer,Cash,Completed,ORD824364,Automated migration
2022-08-31,Shock Absorber,Suspension system,2,2884.89,466.08,5769.78,Retail Client,Cash,Completed,ORD824365,Automated migration
2022-08-31,Radiator,Cooling system,8,3749.21,338.13,29993.68,Wholesale Client,GCash,Completed,ORD824366,Automated migration
2022-08-31,Fuel Pump,Fuel system,5,5760.88,35.1,28804.4,Retail Client,GCash,Completed,ORD824367,Automated migration
2022-08-31,Clutch Kit,Transmission system,8,6225.91,69.85,49807.28,Wholesale Client,GCash,Completed,ORD824368,Automated migration
2022-08-31,Clutch Kit,Transmission system,6,12397.53,60.78,74385.18,Wholesale Client,Cash,Completed,ORD824369,Automated migration
2022-08-31,Air Filter,Engine system,2,237.92,130.9,475.84,Retail Client,Check,Completed,ORD824370,Automated migration
2022-08-31,Battery,Electrical system,8,4946.37,456.53,39570.96,Walk-in Customer,Cash,Completed,ORD824371,Automated migration
2022-08-31,Shock Absorber,Suspension system,6,3232.62,418.3,19395.72,Retail Client,GCash,Completed,ORD824372,Automated migration
2022-08-31,Oil Filter,Engine system,3,264.65,488.76,793.95,Retail Client,GCash,Completed,ORD824373,Automated migration
2022-09-01,Shock Absorber,Suspension system,1,2786.62,444.03,2786.62,Retail Client,Check,Completed,ORD824374,Automated migration
2022-09-01,Oil Filter,Engine system,5,311.41,82.71,1557.05,Retail Client,Bank Transfer,Completed,ORD824375,Automated migration
2022-09-01,Oil Filter,Engine system,6,290.4,129.07,1742.4,Walk-in Customer,Bank Transfer,Completed,ORD824376,Automated migration
2022-09-01,Battery,Electrical system,8,6175.03,56.48,49400.24,Retail Client,Cash,Completed,ORD824377,Automated migration
2022-09-01,Spark Plug,Ignition system,3,170.85,128.75,512.55,Walk-in Customer,Cash,Completed,ORD824378,Automated migration
2022-09-01,Clutch Kit,Transmission system,7,9310.13,420.46,65170.91,Wholesale Client,Bank Transfer,Completed,ORD824379,Automated migration
2022-09-01,Battery,Electrical system,2,7899.99,265.32,15799.98,Walk-in Customer,Cash,Completed,ORD824380,Automated migration
2022-09-01,Fuel Pump,Fuel system,1,5596.43,7.91,5596.43,Walk-in Customer,Bank Transfer,Completed,ORD824381,Automated migration
2022-09-01,Spark Plug,Ignition system,7,225.73,206.23,1580.11,Walk-in Customer,Check,Completed,ORD824382,Automated migration
2022-09-01,Air Filter,Engine system,3,229.15,162.0,687.45,Wholesale Client,Cash,Completed,ORD824383,Automated migration
2022-09-01,Brake Pad,Brake system,5,1992.81,309.61,9964.05,Walk-in Customer,Check,Completed,ORD824384,Automated migration
2022-09-01,Spark Plug,Ignition system,7,586.58,398.33,4106.06,Retail Client,Bank Transfer,Completed,ORD824385,Automated migration
2022-09-01,Oil Filter,Engine system,5,290.91,33.72,1454.55,Walk-in Customer,GCash,Completed,ORD824386,Automated migration
2022-09-01,Shock Absorber,Suspension system,4,5069.85,36.75,20279.4,Wholesale Client,GCash,Completed,ORD824387,Automated migration
2022-09-01,Shock Absorber,Suspension system,0,2982.88,0.0,0.0,Walk-in Customer,Check,Completed,ORD824388,Automated migration
2022-09-01,Fuel Pump,Fuel system,6,6810.29,231.51,40861.74,Wholesale Client,Cash,Completed,ORD824389,Automated migration
2022-09-01,Brake Pad,Brake system,5,3380.57,145.83,16902.85,Retail Client,GCash,Completed,ORD824390,Automated migration
2022-09-01,Air Filter,Engine system,0,308.61,0.0,0.0,Wholesale Client,Check,Completed,ORD824391,Automated migration
2022-09-01,Air Filter,Engine system,8,339.89,289.02,2719.12,Retail Client,Bank Transfer,Completed,ORD824392,Automated migration
2022-09-01,Clutch Kit,Transmission system,7,7008.54,454.56,49059.78,Retail Client,Cash,Completed,ORD824393,Automated migration
2022-09-01,Shock Absorber,Suspension system,8,4361.44,41.61,34891.52,Walk-in Customer,Check,Completed,ORD824394,Automated migration
2022-09-01,Battery,Electrical system,5,7812.48,145.3,39062.4,Wholesale Client,GCash,Completed,ORD824395,Automated migration
2022-09-01,Air Filter,Engine system,7,226.75,32.03,1587.25,Wholesale Client,Cash,Completed,ORD824396,Automated migration
2022-09-01,Brake Pad,Brake system,8,2280.91,414.8,18247.28,Retail Client,Check,Completed,ORD824397,Automated migration
2022-09-02,Oil Filter,Engine system,6,290.51,104.67,1743.06,Wholesale Client,Bank Transfer,Completed,ORD824398,Automated migration
2022-09-02,Brake Pad,Brake system,5,2013.01,45.69,10065.05,Walk-in Customer,Cash,Completed,ORD824399,Automated migration
2022-09-02,Fuel Pump,Fuel system,1,2645.62,57.41,2645.62,Wholesale Client,Bank Transfer,Completed,ORD824400,Automated migration
2022-09-02,Brake Pad,Brake system,6,3217.36,104.0,19304.16,Retail Client,Cash,Completed,ORD824401,Automated migration
2022-09-02,Battery,Electrical system,0,8980.16,0.0,0.0,Retail Client,GCash,Completed,ORD824402,Automated migration
2022-09-02,Fuel Pump,Fuel system,0,3190.93,0.0,0.0,Walk-in Customer,GCash,Completed,ORD824403,Automated migration
2022-09-02,Spark Plug,Ignition system,4,457.26,438.58,1829.04,Walk-in Customer,Bank Transfer,Completed,ORD824404,Automated migration
2022-09-02,Shock Absorber,Suspension system,5,5630.95,287.16,28154.75,Wholesale Client,GCash,Completed,ORD824405,Automated migration
2022-09-02,Oil Filter,Engine system,1,317.8,354.73,317.8,Retail Client,Cash,Completed,ORD824406,Automated migration
2022-09-02,Battery,Electrical system,6,8180.74,235.62,49084.44,Walk-in Customer,Bank Transfer,Completed,ORD824407,Automated migration
2022-09-02,Spark Plug,Ignition system,3,536.16,127.12,1608.48,Wholesale Client,Bank Transfer,Completed,ORD824408,Automated migration
2022-09-02,Air Filter,Engine system,6,219.92,195.48,1319.52,Walk-in Customer,Check,Completed,ORD824409,Automated migration
2022-09-02,Air Filter,Engine system,8,257.48,394.39,2059.84,Wholesale Client,Cash,Completed,ORD824410,Automated migration
2022-09-02,Fuel Pump,Fuel system,1,4704.11,149.66,4704.11,Walk-in Customer,Check,Completed,ORD824411,Automated migration
2022-09-02,Clutch Kit,Transmission system,0,10277.14,0.0,0.0,Wholesale Client,Cash,Completed,ORD824412,Automated migration
2022-09-02,Fuel Pump,Fuel system,0,3930.33,0.0,0.0,Retail Client,Check,Completed,ORD824413,Automated migration
2022-09-02,Alternator,Electrical system,3,7610.85,418.23,22832.55,Walk-in Customer,Bank Transfer,Completed,ORD824414,Automated migration
2022-09-02,Brake Pad,Brake system,3,2801.52,66.58,8404.56,Walk-in Customer,Cash,Completed,ORD824415,Automated migration
2022-09-02,Clutch Kit,Transmission system,8,6737.96,228.01,53903.68,Wholesale Client,Bank Transfer,Completed,ORD824416,Automated migration
2022-09-03,Radiator,Cooling system,0,8727.88,0.0,0.0,Walk-in Customer,Bank Transfer,Completed,ORD824417,Automated migration
2022-09-03,Battery,Electrical system,2,8692.1,373.08,17384.2,Walk-in Customer,GCash,Completed,ORD824418,Automated migration
2022-09-03,Air Filter,Engine system,1,217.39,457.32,217.39,Retail Client,Bank Transfer,Completed,ORD824419,Automated migration
2022-09-03,Clutch Kit,Transmission system,6,12513.42,231.5,75080.52,Walk-in Customer,GCash,Completed,ORD824420,Automated migration
2022-09-03,Air Filter,Engine system,3,216.49,222.57,649.47,Walk-in Customer,Cash,Completed,ORD824421,Automated migration
2022-09-03,Air Filter,Engine system,4,381.7,179.37,1526.8,Walk-in Customer,Cash,Completed,ORD824422,Automated migration
2022-09-03,Alternator,Electrical system,8,9158.83,399.64,73270.64,Wholesale Client,GCash,Completed,ORD824423,Automated migration
2022-09-03,Oil Filter,Engine system,3,191.99,351.26,575.97,Walk-in Customer,Bank Transfer,Completed,ORD824424,Automated migration
2022-09-03,Oil Filter,Engine system,2,111.3,368.23,222.6,Wholesale Client,Check,Completed,ORD824425,Automated migration
2022-09-03,Fuel Pump,Fuel system,7,4731.66,303.63,33121.62,Retail Client,Cash,Completed,ORD824426,Automated migration
2022-09-03,Shock Absorber,Suspension system,8,3005.75,354.32,24046.0,Wholesale Client,Check,Completed,ORD824427,Automated migration
2022-09-03,Brake Pad,Brake system,7,3210.31,162.57,22472.17,Walk-in Customer,Cash,Completed,ORD824428,Automated migration
2022-09-03,Battery,Electrical system,0,6747.46,0.0,0.0,Wholesale Client,Check,Completed,ORD824429,Automated migration
2022-09-03,Alternator,Electrical system,5,10296.49,482.13,51482.45,Retail Client,Cash,Completed,ORD824430,Automated migration
2022-09-03,Spark Plug,Ignition system,6,469.19,297.56,2815.14,Wholesale Client,Cash,Completed,ORD824431,Automated migration
2022-09-03,Clutch Kit,Transmission system,3,7450.65,216.31,22351.95,Walk-in Customer,Cash,Completed,ORD824432,Automated migration
2022-09-03,Clutch Kit,Transmission system,8,10280.4,360.76,82243.2,Retail Client,Check,Completed,ORD824433,Automated migration
2022-09-04,Alternator,Electrical system,1,10738.51,365.26,10738.51,Walk-in Customer,Check,Completed,ORD824434,Automated migration
2022-09-04,Shock Absorber,Suspension system,1,4850.31,464.51,4850.31,Walk-in Customer,Check,Completed,ORD824435,Automated migration
2022-09-04,Spark Plug,Ignition system,3,384.39,242.88,1153.17,Walk-in Customer,Bank Transfer,Completed,ORD824436,Automated migration
2022-09-04,Clutch Kit,Transmission system,5,11604.92,481.62,58024.6,Walk-in Customer,Check,Completed,ORD824437,Automated migration
2022-09-04,Clutch Kit,Transmission system,4,11983.48,484.58,47933.92,Wholesale Client,Check,Completed,ORD824438,Automated migration
2022-09-04,Air Filter,Engine system,0,329.01,0.0,0.0,Wholesale Client,GCash,Completed,ORD824439,Automated migration
2022-09-04,Oil Filter,Engine system,4,253.87,490.11,1015.48,Walk-in Customer,Bank Transfer,Completed,ORD824440,Automated migration
2022-09-04,Fuel Pump,Fuel system,7,5577.96,321.29,39045.72,Wholesale Client,Bank Transfer,Completed,ORD824441,Automated migration
2022-09-04,Alternator,Electrical system,0,9259.5,0.0,0.0,Walk-in Customer,GCash,Completed,ORD824442,Automated migration
2022-09-04,Brake Pad,Brake system,6,2672.57,463.13,16035.42,Wholesale Client,GCash,Completed,ORD824443,Automated migration
2022-09-04,Shock Absorber,Suspension system,5,6470.81,54.56,32354.05,Wholesale Client,Cash,Completed,ORD824444,Automated migration
2022-09-04,Spark Plug,Ignition system,5,410.88,459.8,2054.4,Retail Client,Bank Transfer,Completed,ORD824445,Automated migration
2022-09-04,Shock Absorber,Suspension system,6,3637.43,427.54,21824.58,Wholesale Client,GCash,Completed,ORD824446,Automated migration
2022-09-04,Fuel Pump,Fuel system,6,5496.97,398.68,32981.82,Retail Client,Check,Completed,ORD824447,Automated migration
2022-09-04,Clutch Kit,Transmission system,4,13963.98,109.04,55855.92,Wholesale Client,Cash,Completed,ORD824448,Automated migration
2022-09-04,Spark Plug,Ignition system,0,598.24,0.0,0.0,Walk-in Customer,Cash,Completed,ORD824449,Automated migration
2022-09-04,Shock Absorber,Suspension system,6,2422.64,460.6,14535.84,Walk-in Customer,GCash,Completed,ORD824450,Automated migration
2022-09-04,Air Filter,Engine system,0,298.39,0.0,0.0,Walk-in Customer,GCash,Completed,ORD824451,Automated migration
2022-09-05,Brake Pad,Brake system,2,1638.72,357.75,3277.44,Walk-in Customer,Bank Transfer,Completed,ORD824452,Automated migration
2022-09-05,Air Filter,Engine system,3,380.84,204.4,1142.52,Walk-in Customer,Bank Transfer,Completed,ORD824453,Automated migration
2022-09-05,Clutch Kit,Transmission system,5,11139.06,21.61,55695.3,Retail Client,GCash,Completed,ORD824454,Automated migration
2022-09-05,Brake Pad,Brake system,6,1924.64,79.31,11547.84,Retail Client,Bank Transfer,Completed,ORD824455,Automated migration
2022-09-05,Alternator,Electrical system,4,10115.34,77.94,40461.36,Walk-in Customer,Cash,Completed,ORD824456,Automated migration
2022-09-05,Brake Pad,Brake system,2,1765.03,241.04,3530.06,Retail Client,Bank Transfer,Completed,ORD824457,Automated migration
2022-09-05,Oil Filter,Engine system,5,321.56,292.58,1607.8,Walk-in Customer,Bank Transfer,Completed,ORD824458,Automated migration
2022-09-05,Fuel Pump,Fuel system,5,5626.87,493.35,28134.35,Retail Client,GCash,Completed,ORD824459,Automated migration
2022-09-05,Air Filter,Engine system,6,222.71,125.74,1336.26,Retail Client,Check,Completed,ORD824460,Automated migration
2022-09-05,Radiator,Cooling system,5,6381.6,399.66,31908.0,Wholesale Client,Cash,Completed,ORD824461,Automated migration
2022-09-05,Alternator,Electrical system,8,9818.59,463.59,78548.72,Walk-in Customer,Cash,Completed,ORD824462,Automated migration
2022-09-05,Shock Absorber,Suspension system,0,5792.32,0.0,0.0,Wholesale Client,Cash,Completed,ORD824463,Automated migration
2022-09-05,Battery,Electrical system,1,8530.63,84.43,8530.63,Retail Client,GCash,Completed,ORD824464,Automated migration
2022-09-05,Fuel Pump,Fuel system,6,3832.18,209.62,22993.08,Walk-in Customer,Bank Transfer,Completed,ORD824465,Automated migration
2022-09-05,Air Filter,Engine system,4,274.2,161.92,1096.8,Wholesale Client,Bank Transfer,Completed,ORD824466,Automated migration
2022-09-05,Brake Pad,Brake system,6,1688.17,166.42,10129.02,Retail Client,Check,Completed,ORD824467,Automated migration
2022-09-05,Shock Absorber,Suspension system,8,4725.72,336.08,37805.76,Retail Client,GCash,Completed,ORD824468,Automated migration
2022-09-05,Shock Absorber,Suspension system,6,5860.22,95.84,35161.32,Walk-in Customer,Cash,Completed,ORD824469,Automated migration
2022-09-05,Battery,Electrical system,0,4146.16,0.0,0.0,Retail Client,GCash,Completed,ORD824470,Automated migration
2022-09-05,Oil Filter,Engine system,6,280.22,491.53,1681.32,Retail Client,Check,Completed,ORD824471,Automated migration
2022-09-05,Brake Pad,Brake system,2,1544.23,282.12,3088.46,Wholesale Client,Bank Transfer,Completed,ORD824472,Automated migration
2022-09-06,Alternator,Electrical system,7,10866.29,18.56,76064.03,Walk-in Customer,Check,Completed,ORD824473,Automated migration
2022-09-06,Alternator,Electrical system,5,10391.08,86.32,51955.4,Retail Client,GCash,Completed,ORD824474,Automated migration
2022-09-06,Radiator,Cooling system,4,6669.61,228.55,26678.44,Walk-in Customer,Check,Completed,ORD824475,Automated migration
2022-09-06,Alternator,Electrical system,6,7911.61,36.94,47469.66,Walk-in Customer,GCash,Completed,ORD824476,Automated migration
2022-09-06,Spark Plug,Ignition system,1,483.28,78.78,483.28,Wholesale Client,GCash,Completed,ORD824477,Automated migration
2022-09-06,Air Filter,Engine system,5,244.87,240.19,1224.35,Retail Client,GCash,Completed,ORD824478,Automated migration
2022-09-06,Air Filter,Engine system,0,379.54,0.0,0.0,Retail Client,GCash,Completed,ORD824479,Automated migration
2022-09-06,Shock Absorber,Suspension system,7,5368.69,90.92,37580.83,Retail Client,Bank Transfer,Completed,ORD824480,Automated migration
2022-09-06,Oil Filter,Engine system,8,181.04,367.67,1448.32,Walk-in Customer,Check,Completed,ORD824481,Automated migration
2022-09-06,Clutch Kit,Transmission system,2,5559.26,96.76,11118.52,Retail Client,Cash,Completed,ORD824482,Automated migration
2022-09-06,Brake Pad,Brake system,6,3444.89,276.7,20669.34,Wholesale Client,Bank Transfer,Completed,ORD824483,Automated migration
2022-09-06,Battery,Electrical system,5,6516.35,162.02,32581.75,Walk-in Customer,Bank Transfer,Completed,ORD824484,Automated migration
2022-09-06,Battery,Electrical system,0,8223.21,0.0,0.0,Wholesale Client,Cash,Completed,ORD824485,Automated migration
2022-09-06,Radiator,Cooling system,7,3933.79,313.81,27536.53,Wholesale Client,GCash,Completed,ORD824486,Automated migration
2022-09-06,Shock Absorber,Suspension system,3,4038.72,232.89,12116.16,Wholesale Client,Check,Completed,ORD824487,Automated migration
2022-09-06,Clutch Kit,Transmission system,8,7347.84,220.76,58782.72,Walk-in Customer,Bank Transfer,Completed,ORD824488,Automated migration
2022-09-06,Fuel Pump,Fuel system,7,4606.46,387.72,32245.22,Retail Client,Check,Completed,ORD824489,Automated migration
2022-09-06,Brake Pad,Brake system,8,2350.28,226.88,18802.24,Retail Client,Bank Transfer,Completed,ORD824490,Automated migration
2022-09-07,Clutch Kit,Transmission system,0,12160.09,0.0,0.0,Retail Client,GCash,Completed,ORD824491,Automated migration
2022-09-07,Alternator,Electrical system,6,8285.79,218.77,49714.74,Retail Client,Bank Transfer,Completed,ORD824492,Automated migration
2022-09-07,Shock Absorber,Suspension system,1,4904.63,470.75,4904.63,Retail Client,Bank Transfer,Completed,ORD824493,Automated migration
2022-09-07,Battery,Electrical system,8,6576.56,397.45,52612.48,Retail Client,Check,Completed,ORD824494,Automated migration
2022-09-07,Radiator,Cooling system,7,8816.48,288.61,61715.36,Wholesale Client,Cash,Completed,ORD824495,Automated migration
2022-09-07,Shock Absorber,Suspension system,8,2859.09,61.61,22872.72,Retail Client,Bank Transfer,Completed,ORD824496,Automated migration
2022-09-07,Clutch Kit,Transmission system,5,7144.0,186.54,35720.0,Walk-in Customer,Bank Transfer,Completed,ORD824497,Automated migration
2022-09-07,Battery,Electrical system,0,4423.7,0.0,0.0,Walk-in Customer,Cash,Completed,ORD824498,Automated migration
2022-09-07,Clutch Kit,Transmission system,0,9700.7,0.0,0.0,Retail Client,Cash,Completed,ORD824499,Automated migration
2022-09-07,Air Filter,Engine system,8,355.89,342.58,2847.12,Wholesale Client,Cash,Completed,ORD824500,Automated migration
2022-09-07,Brake Pad,Brake system,0,2302.94,0.0,0.0,Walk-in Customer,Cash,Completed,ORD824501,Automated migration
2022-09-07,Shock Absorber,Suspension system,4,2261.97,113.04,9047.88,Wholesale Client,Bank Transfer,Completed,ORD824502,Automated migration
2022-09-07,Oil Filter,Engine system,6,213.25,75.83,1279.5,Wholesale Client,Check,Completed,ORD824503,Automated migration
2022-09-07,Air Filter,Engine system,5,394.89,45.8,1974.45,Walk-in Customer,Cash,Completed,ORD824504,Automated migration
2022-09-07,Shock Absorber,Suspension system,0,5668.59,0.0,0.0,Wholesale Client,Bank Transfer,Completed,ORD824505,Automated migration
2022-09-07,Brake Pad,Brake system,0,2056.12,0.0,0.0,Retail Client,Bank Transfer,Completed,ORD824506,Automated migration
2022-09-07,Oil Filter,Engine system,7,140.87,381.3,986.09,Walk-in Customer,GCash,Completed,ORD824507,Automated migration
2022-09-07,Air Filter,Engine system,1,202.39,337.29,202.39,Walk-in Customer,Check,Completed,ORD824508,Automated migration
2022-09-08,Oil Filter,Engine system,7,167.26,230.36,1170.82,Walk-in Customer,Bank Transfer,Completed,ORD824509,Automated migration
2022-09-08,Oil Filter,Engine system,6,180.32,433.53,1081.92,Wholesale Client,Bank Transfer,Completed,ORD824510,Automated migration
2022-09-08,Brake Pad,Brake system,5,1548.1,331.55,7740.5,Walk-in Customer,Bank Transfer,Completed,ORD824511,Automated migration
2022-09-08,Air Filter,Engine system,4,216.68,142.11,866.72,Wholesale Client,GCash,Completed,ORD824512,Automated migration
2022-09-08,Radiator,Cooling system,0,8646.95,0.0,0.0,Walk-in Customer,Bank Transfer,Completed,ORD824513,Automated migration
2022-09-08,Spark Plug,Ignition system,3,356.36,390.49,1069.08,Walk-in Customer,GCash,Completed,ORD824514,Automated migration
2022-09-08,Battery,Electrical system,6,7707.79,385.72,46246.74,Walk-in Customer,Check,Completed,ORD824515,Automated migration
2022-09-08,Clutch Kit,Transmission system,1,11691.88,450.25,11691.88,Retail Client,Bank Transfer,Completed,ORD824516,Automated migration
2022-09-08,Shock Absorber,Suspension system,1,5637.51,228.9,5637.51,Walk-in Customer,Cash,Completed,ORD824517,Automated migration
2022-09-08,Clutch Kit,Transmission system,4,10538.39,195.49,42153.56,Walk-in Customer,Cash,Completed,ORD824518,Automated migration
2022-09-08,Radiator,Cooling system,0,6093.05,0.0,0.0,Retail Client,Bank Transfer,Completed,ORD824519,Automated migration
2022-09-08,Brake Pad,Brake system,4,2889.28,336.92,11557.12,Wholesale Client,Bank Transfer,Completed,ORD824520,Automated migration
2022-09-08,Fuel Pump,Fuel system,0,5042.22,0.0,0.0,Walk-in Customer,Check,Completed,ORD824521,Automated migration
2022-09-08,Brake Pad,Brake system,4,2059.94,121.74,8239.76,Retail Client,Check,Completed,ORD824522,Automated migration
2022-09-08,Alternator,Electrical system,1,7452.65,481.4,7452.65,Walk-in Customer,Bank Transfer,Completed,ORD824523,Automated migration
2022-09-08,Clutch Kit,Transmission system,4,8693.23,212.15,34772.92,Walk-in Customer,Bank Transfer,Completed,ORD824524,Automated migration
2022-09-08,Brake Pad,Brake system,1,1758.35,413.38,1758.35,Wholesale Client,Cash,Completed,ORD824525,Automated migration
2022-09-08,Air Filter,Engine system,7,344.64,99.28,2412.48,Wholesale Client,Cash,Completed,ORD824526,Automated migration
2022-09-08,Brake Pad,Brake system,2,2710.27,209.3,5420.54,Retail Client,Bank Transfer,Completed,ORD824527,Automated migration
2022-09-08,Brake Pad,Brake system,0,1970.38,0.0,0.0,Wholesale Client,Bank Transfer,Completed,ORD824528,Automated migration
2022-09-08,Oil Filter,Engine system,8,317.43,463.62,2539.44,Walk-in Customer,Cash,Completed,ORD824529,Automated migration
2022-09-09,Radiator,Cooling system,7,8830.46,127.69,61813.22,Walk-in Customer,Bank Transfer,Completed,ORD824530,Automated migration
2022-09-09,Radiator,Cooling system,6,3029.52,87.25,18177.12,Retail Client,Check,Completed,ORD824531,Automated migration
2022-09-09,Shock Absorber,Suspension system,8,6134.83,341.1,49078.64,Retail Client,Cash,Completed,ORD824532,Automated migration
2022-09-09,Battery,Electrical system,1,6290.06,249.52,6290.06,Walk-in Customer,Cash,Completed,ORD824533,Automated migration
2022-09-09,Fuel Pump,Fuel system,2,5296.73,448.53,10593.46,Wholesale Client,Check,Completed,ORD824534,Automated migration
2022-09-09,Oil Filter,Engine system,8,229.62,309.33,1836.96,Walk-in Customer,Check,Completed,ORD824535,Automated migration
2022-09-09,Fuel Pump,Fuel system,4,3754.51,256.36,15018.04,Wholesale Client,Bank Transfer,Completed,ORD824536,Automated migration
2022-09-09,Spark Plug,Ignition system,4,151.92,459.03,607.68,Retail Client,GCash,Completed,ORD824537,Automated migration
2022-09-09,Air Filter,Engine system,5,392.51,217.48,1962.55,Walk-in Customer,Check,Completed,ORD824538,Automated migration
2022-09-09,Alternator,Electrical system,3,8255.84,447.91,24767.52,Walk-in Customer,Cash,Completed,ORD824539,Automated migration
2022-09-09,Brake Pad,Brake system,4,3135.42,263.99,12541.68,Wholesale Client,Check,Completed,ORD824540,Automated migration
2022-09-09,Battery,Electrical system,5,6035.62,460.56,30178.1,Retail Client,Bank Transfer,Completed,ORD824541,Automated migration
2022-09-09,Clutch Kit,Transmission system,6,6224.93,66.16,37349.58,Retail Client,Cash,Completed,ORD824542,Automated migration
2022-09-10,Battery,Electrical system,5,7066.45,259.23,35332.25,Wholesale Client,GCash,Completed,ORD824543,Automated migration
2022-09-10,Battery,Electrical system,0,4656.6,0.0,0.0,Retail Client,Check,Completed,ORD824544,Automated migration
2022-09-10,Spark Plug,Ignition system,3,173.79,418.5,521.37,Walk-in Customer,GCash,Completed,ORD824545,Automated migration
2022-09-10,Alternator,Electrical system,8,9069.28,324.35,72554.24,Wholesale Client,Bank Transfer,Completed,ORD824546,Automated migration
2022-09-10,Fuel Pump,Fuel system,6,3346.24,31.31,20077.44,Retail Client,GCash,Completed,ORD824547,Automated migration
2022-09-10,Spark Plug,Ignition system,8,464.34,245.77,3714.72,Retail Client,Check,Completed,ORD824548,Automated migration
2022-09-10,Battery,Electrical system,6,4387.87,348.48,26327.22,Wholesale Client,Bank Transfer,Completed,ORD824549,Automated migration
2022-09-10,Clutch Kit,Transmission system,6,8390.38,176.82,50342.28,Wholesale Client,Bank Transfer,Completed,ORD824550,Automated migration
2022-09-10,Clutch Kit,Transmission system,0,6487.23,0.0,0.0,Walk-in Customer,GCash,Completed,ORD824551,Automated migration
2022-09-10,Brake Pad,Brake system,1,3357.73,457.44,3357.73,Walk-in Customer,Check,Completed,ORD824552,Automated migration
2022-09-10,Oil Filter,Engine system,0,327.83,0.0,0.0,Wholesale Client,Bank Transfer,Completed,ORD824553,Automated migration
2022-09-10,Oil Filter,Engine system,8,290.29,87.8,2322.32,Walk-in Customer,GCash,Completed,ORD824554,Automated migration
2022-09-11,Air Filter,Engine system,5,230.82,121.27,1154.1,Walk-in Customer,GCash,Completed,ORD824555,Automated migration
2022-09-11,Oil Filter,Engine system,8,238.87,452.32,1910.96,Retail Client,GCash,Completed,ORD824556,Automated migration
2022-09-11,Brake Pad,Brake system,0,1678.37,0.0,0.0,Wholesale Client,Check,Completed,ORD824557,Automated migration
2022-09-11,Radiator,Cooling system,2,7725.89,464.73,15451.78,Walk-in Customer,Check,Completed,ORD824558,Automated migration
2022-09-11,Brake Pad,Brake system,6,3372.9,351.21,20237.4,Wholesale Client,GCash,Completed,ORD824559,Automated migration
2022-09-11,Brake Pad,Brake system,8,2264.37,189.36,18114.96,Retail Client,GCash,Completed,ORD824560,Automated migration
2022-09-11,Air Filter,Engine system,8,398.79,241.56,3190.32,Walk-in Customer,GCash,Completed,ORD824561,Automated migration
2022-09-11,Shock Absorber,Suspension system,1,6304.65,3.63,6304.65,Retail Client,GCash,Completed,ORD824562,Automated migration
2022-09-11,Radiator,Cooling system,5,7879.59,377.2,39397.95,Walk-in Customer,Bank Transfer,Completed,ORD824563,Automated migration
2022-09-11,Spark Plug,Ignition system,5,550.82,86.74,2754.1,Walk-in Customer,GCash,Completed,ORD824564,Automated migration
2022-09-11,Shock Absorber,Suspension system,0,2251.71,0.0,0.0,Wholesale Client,GCash,Completed,ORD824565,Automated migration
2022-09-11,Clutch Kit,Transmission system,5,11351.47,234.91,56757.35,Retail Client,GCash,Completed,ORD824566,Automated migration
2022-09-11,Spark Plug,Ignition system,2,226.6,172.2,453.2,Wholesale Client,Cash,Completed,ORD824567,Automated migration
2022-09-11,Brake Pad,Brake system,4,1296.05,363.41,5184.2,Retail Client,Bank Transfer,Completed,ORD824568,Automated migration
2022-09-11,Fuel Pump,Fuel system,4,6587.09,260.6,26348.36,Walk-in Customer,GCash,Completed,ORD824569,Automated migration
2022-09-11,Shock Absorber,Suspension system,0,3319.27,0.0,0.0,Retail Client,Check,Completed,ORD824570,Automated migration
2022-09-11,Clutch Kit,Transmission system,8,12684.28,34.58,101474.24,Walk-in Customer,Check,Completed,ORD824571,Automated migration
2022-09-11,Battery,Electrical system,7,5164.23,195.49,36149.61,Wholesale Client,Check,Completed,ORD824572,Automated migration
2022-09-11,Radiator,Cooling system,4,6089.4,463.72,24357.6,Wholesale Client,Check,Completed,ORD824573,Automated migration
2022-09-12,Spark Plug,Ignition system,3,234.34,89.16,703.02,Retail Client,GCash,Completed,ORD824574,Automated migration
2022-09-12,Clutch Kit,Transmission system,5,8170.24,232.62,40851.2,Walk-in Customer,Check,Completed,ORD824575,Automated migration
2022-09-12,Air Filter,Engine system,6,378.23,119.58,2269.38,Walk-in Customer,Bank Transfer,Completed,ORD824576,Automated migration
2022-09-12,Oil Filter,Engine system,4,339.72,210.87,1358.88,Retail Client,Check,Completed,ORD824577,Automated migration
2022-09-12,Air Filter,Engine system,8,318.93,103.16,2551.44,Retail Client,GCash,Completed,ORD824578,Automated migration
2022-09-12,Spark Plug,Ignition system,3,409.16,14.47,1227.48,Retail Client,GCash,Completed,ORD824579,Automated migration
2022-09-12,Alternator,Electrical system,6,7718.9,111.92,46313.4,Wholesale Client,Check,Completed,ORD824580,Automated migration
2022-09-12,Fuel Pump,Fuel system,8,5987.77,37.85,47902.16,Walk-in Customer,Cash,Completed,ORD824581,Automated migration
2022-09-12,Fuel Pump,Fuel system,3,3430.18,140.1,10290.54,Retail Client,Bank Transfer,Completed,ORD824582,Automated migration
2022-09-12,Shock Absorber,Suspension system,0,2581.85,0.0,0.0,Walk-in Customer,Check,Completed,ORD824583,Automated migration
2022-09-12,Brake Pad,Brake system,8,2963.98,35.44,23711.84,Wholesale Client,Check,Completed,ORD824584,Automated migration
2022-09-12,Oil Filter,Engine system,6,265.01,184.05,1590.06,Walk-in Customer,Bank Transfer,Completed,ORD824585,Automated migration
2022-09-12,Shock Absorber,Suspension system,5,4557.56,305.8,22787.8,Wholesale Client,Bank Transfer,Completed,ORD824586,Automated migration
2022-09-12,Fuel Pump,Fuel system,5,6534.48,120.0,32672.4,Walk-in Customer,Check,Completed,ORD824587,Automated migration
2022-09-12,Oil Filter,Engine system,1,210.78,150.18,210.78,Wholesale Client,Bank Transfer,Completed,ORD824588,Automated migration
2022-09-12,Clutch Kit,Transmission system,3,10618.39,471.03,31855.17,Walk-in Customer,Bank Transfer,Completed,ORD824589,Automated migration
2022-09-12,Fuel Pump,Fuel system,2,6140.52,30.85,12281.04,Wholesale Client,GCash,Completed,ORD824590,Automated migration
2022-09-12,Battery,Electrical system,5,4481.4,33.55,22407.0,Walk-in Customer,GCash,Completed,ORD824591,Automated migration
2022-09-12,Radiator,Cooling system,5,5948.56,355.27,29742.8,Wholesale Client,GCash,Completed,ORD824592,Automated migration
2022-09-12,Spark Plug,Ignition system,0,505.27,0.0,0.0,Walk-in Customer,GCash,Completed,ORD824593,Automated migration
2022-09-12,Battery,Electrical system,4,6316.15,12.86,25264.6,Walk-in Customer,GCash,Completed,ORD824594,Automated migration
2022-09-12,Air Filter,Engine system,3,364.51,181.19,1093.53,Retail Client,GCash,Completed,ORD824595,Automated migration
2022-09-12,Brake Pad,Brake system,4,3219.52,142.87,12878.08,Walk-in Customer,GCash,Completed,ORD824596,Automated migration
2022-09-13,Battery,Electrical system,3,5447.81,417.75,16343.43,Retail Client,Bank Transfer,Completed,ORD824597,Automated migration
2022-09-13,Brake Pad,Brake system,1,3092.3,450.59,3092.3,Wholesale Client,GCash,Completed,ORD824598,Automated migration
2022-09-13,Shock Absorber,Suspension system,5,4623.48,30.57,23117.4,Retail Client,Bank Transfer,Completed,ORD824599,Automated migration
2022-09-13,Oil Filter,Engine system,4,122.14,400.24,488.56,Walk-in Customer,GCash,Completed,ORD824600,Automated migration
2022-09-13,Fuel Pump,Fuel system,4,4329.86,43.17,17319.44,Walk-in Customer,Cash,Completed,ORD824601,Automated migration
2022-09-13,Spark Plug,Ignition system,4,483.46,364.93,1933.84,Retail Client,Bank Transfer,Completed,ORD824602,Automated migration
2022-09-13,Shock Absorber,Suspension system,1,2909.58,300.41,2909.58,Walk-in Customer,Check,Completed,ORD824603,Automated migration
2022-09-13,Shock Absorber,Suspension system,6,4460.89,43.59,26765.34,Wholesale Client,GCash,Completed,ORD824604,Automated migration
2022-09-13,Brake Pad,Brake system,1,2966.41,75.37,2966.41,Retail Client,Cash,Completed,ORD824605,Automated migration
2022-09-13,Clutch Kit,Transmission system,1,13945.39,19.72,13945.39,Wholesale Client,Bank Transfer,Completed,ORD824606,Automated migration
2022-09-13,Brake Pad,Brake system,8,3386.81,25.37,27094.48,Walk-in Customer,Cash,Completed,ORD824607,Automated migration
2022-09-13,Battery,Electrical system,4,8047.85,78.89,32191.4,Retail Client,Cash,Completed,ORD824608,Automated migration
2022-09-13,Clutch Kit,Transmission system,2,5630.93,108.48,11261.86,Wholesale Client,Check,Completed,ORD824609,Automated migration
2022-09-13,Alternator,Electrical system,7,11795.5,116.75,82568.5,Wholesale Client,Check,Completed,ORD824610,Automated migration
2022-09-13,Air Filter,Engine system,4,394.76,355.76,1579.04,Walk-in Customer,Cash,Completed,ORD824611,Automated migration
2022-09-13,Alternator,Electrical system,0,11291.29,0.0,0.0,Retail Client,Cash,Completed,ORD824612,Automated migration
2022-09-13,Clutch Kit,Transmission system,7,7615.06,160.53,53305.42,Retail Client,Cash,Completed,ORD824613,Automated migration
2022-09-13,Spark Plug,Ignition system,2,160.32,443.68,320.64,Retail Client,Bank Transfer,Completed,ORD824614,Automated migration
2022-09-13,Oil Filter,Engine system,5,207.46,479.07,1037.3,Retail Client,Bank Transfer,Completed,ORD824615,Automated migration
2022-09-13,Battery,Electrical system,5,4290.16,357.78,21450.8,Wholesale Client,Bank Transfer,Completed,ORD824616,Automated migration
2022-09-13,Fuel Pump,Fuel system,7,3184.11,37.62,22288.77,Wholesale Client,GCash,Completed,ORD824617,Automated migration
2022-09-13,Battery,Electrical system,0,8176.24,0.0,0.0,Walk-in Customer,Check,Completed,ORD824618,Automated migration
2022-09-13,Alternator,Electrical system,0,8577.29,0.0,0.0,Walk-in Customer,Check,Completed,ORD824619,Automated migration
2022-09-13,Spark Plug,Ignition system,6,536.87,102.89,3221.22,Wholesale Client,Check,Completed,ORD824620,Automated migration
2022-09-14,Air Filter,Engine system,5,318.76,140.47,1593.8,Walk-in Customer,Check,Completed,ORD824621,Automated migration
2022-09-14,Oil Filter,Engine system,3,315.32,68.46,945.96,Retail Client,GCash,Completed,ORD824622,Automated migration
2022-09-14,Air Filter,Engine system,0,298.63,0.0,0.0,Walk-in Customer,Bank Transfer,Completed,ORD824623,Automated migration
2022-09-14,Air Filter,Engine system,7,373.33,32.85,2613.31,Walk-in Customer,Cash,Completed,ORD824624,Automated migration
2022-09-14,Spark Plug,Ignition system,3,232.17,149.12,696.51,Retail Client,Check,Completed,ORD824625,Automated migration
2022-09-14,Clutch Kit,Transmission system,7,7638.37,440.84,53468.59,Walk-in Customer,GCash,Completed,ORD824626,Automated migration
2022-09-14,Spark Plug,Ignition system,7,300.77,366.1,2105.39,Walk-in Customer,Check,Completed,ORD824627,Automated migration
2022-09-14,Brake Pad,Brake system,8,3157.11,162.51,25256.88,Walk-in Customer,GCash,Completed,ORD824628,Automated migration
2022-09-14,Clutch Kit,Transmission system,5,11684.25,178.04,58421.25,Retail Client,GCash,Completed,ORD824629,Automated migration
2022-09-14,Oil Filter,Engine system,6,295.43,481.93,1772.58,Wholesale Client,GCash,Completed,ORD824630,Automated migration
2022-09-14,Battery,Electrical system,7,6713.3,454.44,46993.1,Walk-in Customer,Check,Completed,ORD824631,Automated migration
2022-09-14,Battery,Electrical system,3,4726.85,120.26,14180.55,Retail Client,Cash,Completed,ORD824632,Automated migration
2022-09-15,Spark Plug,Ignition system,6,264.9,182.05,1589.4,Wholesale Client,Check,Completed,ORD824633,Automated migration
2022-09-15,Radiator,Cooling system,8,5584.37,239.8,44674.96,Walk-in Customer,Bank Transfer,Completed,ORD824634,Automated migration
2022-09-15,Battery,Electrical system,3,6455.47,44.17,19366.41,Retail Client,Check,Completed,ORD824635,Automated migration
2022-09-15,Alternator,Electrical system,7,8664.58,445.13,60652.06,Walk-in Customer,Check,Completed,ORD824636,Automated migration
2022-09-15,Battery,Electrical system,0,4609.14,0.0,0.0,Wholesale Client,Bank Transfer,Completed,ORD824637,Automated migration
2022-09-15,Clutch Kit,Transmission system,1,5998.17,388.13,5998.17,Wholesale Client,Cash,Completed,ORD824638,Automated migration
2022-09-15,Shock Absorber,Suspension system,2,4448.23,353.37,8896.46,Walk-in Customer,GCash,Completed,ORD824639,Automated migration
2022-09-15,Alternator,Electrical system,1,9070.36,190.6,9070.36,Retail Client,Bank Transfer,Completed,ORD824640,Automated migration
2022-09-15,Air Filter,Engine system,3,375.49,38.06,1126.47,Walk-in Customer,GCash,Completed,ORD824641,Automated migration
2022-09-15,Air Filter,Engine system,5,268.34,354.64,1341.7,Wholesale Client,Check,Completed,ORD824642,Automated migration
2022-09-15,Radiator,Cooling system,2,7449.11,250.39,14898.22,Retail Client,Check,Completed,ORD824643,Automated migration
2022-09-15,Spark Plug,Ignition system,7,353.43,494.32,2474.01,Retail Client,GCash,Completed,ORD824644,Automated migration
2022-09-15,Radiator,Cooling system,5,4684.86,168.98,23424.3,Walk-in Customer,Bank Transfer,Completed,ORD824645,Automated migration
2022-09-15,Battery,Electrical system,0,4044.33,0.0,0.0,Retail Client,Cash,Completed,ORD824646,Automated migration
2022-09-15,Oil Filter,Engine system,6,260.88,68.83,1565.28,Wholesale Client,GCash,Completed,ORD824647,Automated migration
2022-09-15,Clutch Kit,Transmission system,6,12198.76,235.79,73192.56,Wholesale Client,GCash,Completed,ORD824648,Automated migration
2022-09-15,Shock Absorber,Suspension system,3,3757.6,265.19,11272.8,Walk-in Customer,Bank Transfer,Completed,ORD824649,Automated migration
2022-09-15,Oil Filter,Engine system,5,309.43,315.49,1547.15,Retail Client,GCash,Completed,ORD824650,Automated migration
2022-09-15,Air Filter,Engine system,1,281.28,459.36,281.28,Wholesale Client,Cash,Completed,ORD824651,Automated migration
2022-09-15,Alternator,Electrical system,3,9059.32,346.59,27177.96,Wholesale Client,Cash,Completed,ORD824652,Automated migration
2022-09-15,Radiator,Cooling system,8,6770.19,280.99,54161.52,Retail Client,Check,Completed,ORD824653,Automated migration
2022-09-15,Air Filter,Engine system,0,338.21,0.0,0.0,Retail Client,Check,Completed,ORD824654,Automated migration
2022-09-15,Oil Filter,Engine system,5,319.07,62.06,1595.35,Retail Client,Bank Transfer,Completed,ORD824655,Automated migration
2022-09-16,Oil Filter,Engine system,6,206.94,164.65,1241.64,Retail Client,Cash,Completed,ORD824656,Automated migration
2022-09-16,Fuel Pump,Fuel system,6,3086.94,171.4,18521.64,Walk-in Customer,Cash,Completed,ORD824657,Automated migration
2022-09-16,Alternator,Electrical system,6,11834.22,371.24,71005.32,Walk-in Customer,Cash,Completed,ORD824658,Automated migration
2022-09-16,Spark Plug,Ignition system,4,287.71,289.98,1150.84,Wholesale Client,Bank Transfer,Completed,ORD824659,Automated migration
2022-09-16,Spark Plug,Ignition system,5,453.37,408.06,2266.85,Walk-in Customer,GCash,Completed,ORD824660,Automated migration
2022-09-16,Brake Pad,Brake system,6,1840.55,366.14,11043.3,Walk-in Customer,Check,Completed,ORD824661,Automated migration
2022-09-16,Air Filter,Engine system,0,218.1,0.0,0.0,Retail Client,Check,Completed,ORD824662,Automated migration
2022-09-16,Brake Pad,Brake system,4,2663.39,168.92,10653.56,Wholesale Client,Cash,Completed,ORD824663,Automated migration
2022-09-16,Air Filter,Engine system,4,374.79,389.09,1499.16,Walk-in Customer,Bank Transfer,Completed,ORD824664,Automated migration
2022-09-16,Alternator,Electrical system,4,7868.65,352.81,31474.6,Walk-in Customer,GCash,Completed,ORD824665,Automated migration
2022-09-16,Fuel Pump,Fuel system,2,6042.29,443.5,12084.58,Walk-in Customer,GCash,Completed,ORD824666,Automated migration
2022-09-16,Shock Absorber,Suspension system,2,5035.26,404.84,10070.52,Walk-in Customer,Bank Transfer,Completed,ORD824667,Automated migration
2022-09-16,Shock Absorber,Suspension system,8,2561.12,104.06,20488.96,Retail Client,Check,Completed,ORD824668,Automated migration
2022-09-16,Battery,Electrical system,4,7186.07,475.29,28744.28,Wholesale Client,Cash,Completed,ORD824669,Automated migration
2022-09-16,Fuel Pump,Fuel system,8,5021.65,441.77,40173.2,Walk-in Customer,Cash,Completed,ORD824670,Automated migration
2022-09-16,Air Filter,Engine system,8,358.08,138.8,2864.64,Walk-in Customer,Cash,Completed,ORD824671,Automated migration
2022-09-17,Oil Filter,Engine system,1,129.0,208.26,129.0,Retail Client,Bank Transfer,Completed,ORD824672,Automated migration
2022-09-17,Radiator,Cooling system,4,5290.95,324.82,21163.8,Retail Client,GCash,Completed,ORD824673,Automated migration
2022-09-17,Oil Filter,Engine system,7,190.81,151.72,1335.67,Walk-in Customer,Bank Transfer,Completed,ORD824674,Automated migration
2022-09-17,Spark Plug,Ignition system,8,562.76,428.99,4502.08,Wholesale Client,GCash,Completed,ORD824675,Automated migration
2022-09-17,Shock Absorber,Suspension system,7,6367.2,279.78,44570.4,Walk-in Customer,Check,Completed,ORD824676,Automated migration
2022-09-17,Air Filter,Engine system,0,293.75,0.0,0.0,Walk-in Customer,Cash,Completed,ORD824677,Automated migration
2022-09-17,Fuel Pump,Fuel system,3,3276.62,465.71,9829.86,Retail Client,Cash,Completed,ORD824678,Automated migration
2022-09-17,Clutch Kit,Transmission system,2,11794.57,203.09,23589.14,Walk-in Customer,Cash,Completed,ORD824679,Automated migration
2022-09-17,Battery,Electrical system,6,7640.06,74.2,45840.36,Wholesale Client,Bank Transfer,Completed,ORD824680,Automated migration
2022-09-17,Clutch Kit,Transmission system,3,12460.5,323.29,37381.5,Wholesale Client,Check,Completed,ORD824681,Automated migration
2022-09-17,Battery,Electrical system,4,6012.56,412.64,24050.24,Walk-in Customer,GCash,Completed,ORD824682,Automated migration
2022-09-17,Air Filter,Engine system,0,237.78,0.0,0.0,Walk-in Customer,Check,Completed,ORD824683,Automated migration
2022-09-17,Oil Filter,Engine system,0,211.75,0.0,0.0,Retail Client,Check,Completed,ORD824684,Automated migration
2022-09-17,Clutch Kit,Transmission system,8,11766.33,208.46,94130.64,Walk-in Customer,Check,Completed,ORD824685,Automated migration
2022-09-17,Brake Pad,Brake system,0,2347.03,0.0,0.0,Walk-in Customer,Cash,Completed,ORD824686,Automated migration
2022-09-17,Radiator,Cooling system,8,4627.92,77.28,37023.36,Walk-in Customer,Check,Completed,ORD824687,Automated migration
2022-09-17,Radiator,Cooling system,8,5641.55,204.68,45132.4,Walk-in Customer,GCash,Completed,ORD824688,Automated migration
2022-09-17,Fuel Pump,Fuel system,0,6335.9,0.0,0.0,Wholesale Client,Bank Transfer,Completed,ORD824689,Automated migration
2022-09-17,Battery,Electrical system,5,6208.21,213.54,31041.05,Wholesale Client,Bank Transfer,Completed,ORD824690,Automated migration
2022-09-17,Alternator,Electrical system,8,7800.8,51.48,62406.4,Walk-in Customer,Bank Transfer,Completed,ORD824691,Automated migration
2022-09-17,Shock Absorber,Suspension system,5,2015.72,459.72,10078.6,Retail Client,GCash,Completed,ORD824692,Automated migration
2022-09-17,Fuel Pump,Fuel system,2,5896.58,30.51,11793.16,Wholesale Client,GCash,Completed,ORD824693,Automated migration
2022-09-17,Oil Filter,Engine system,3,114.59,62.5,343.77,Walk-in Customer,Check,Completed,ORD824694,Automated migration
2022-09-18,Brake Pad,Brake system,5,3390.63,111.34,16953.15,Retail Client,Cash,Completed,ORD824695,Automated migration
2022-09-18,Radiator,Cooling system,0,7394.64,0.0,0.0,Retail Client,Bank Transfer,Completed,ORD824696,Automated migration
2022-09-18,Battery,Electrical system,8,5714.15,323.65,45713.2,Wholesale Client,Check,Completed,ORD824697,Automated migration
2022-09-18,Shock Absorber,Suspension system,5,2549.77,171.3,12748.85,Walk-in Customer,GCash,Completed,ORD824698,Automated migration
2022-09-18,Oil Filter,Engine system,0,115.46,0.0,0.0,Wholesale Client,GCash,Completed,ORD824699,Automated migration
2022-09-18,Battery,Electrical system,3,4970.61,246.28,14911.83,Retail Client,GCash,Completed,ORD824700,Automated migration
2022-09-18,Brake Pad,Brake system,2,2425.42,177.48,4850.84,Wholesale Client,GCash,Completed,ORD824701,Automated migration
2022-09-18,Shock Absorber,Suspension system,2,6028.44,416.45,12056.88,Retail Client,Check,Completed,ORD824702,Automated migration
2022-09-18,Brake Pad,Brake system,5,2927.1,103.95,14635.5,Retail Client,GCash,Completed,ORD824703,Automated migration
2022-09-18,Shock Absorber,Suspension system,0,2031.08,0.0,0.0,Walk-in Customer,Bank Transfer,Completed,ORD824704,Automated migration
2022-09-18,Spark Plug,Ignition system,4,571.02,17.01,2284.08,Walk-in Customer,Check,Completed,ORD824705,Automated migration
2022-09-18,Radiator,Cooling system,3,4146.52,443.44,12439.56,Retail Client,Cash,Completed,ORD824706,Automated migration
2022-09-18,Clutch Kit,Transmission system,4,8304.21,317.31,33216.84,Retail Client,GCash,Completed,ORD824707,Automated migration
2022-09-18,Shock Absorber,Suspension system,8,4816.72,6.32,38533.76,Wholesale Client,GCash,Completed,ORD824708,Automated migration
2022-09-18,Alternator,Electrical system,8,11004.73,320.86,88037.84,Wholesale Client,Cash,Completed,ORD824709,Automated migration
2022-09-18,Battery,Electrical system,6,6701.77,446.82,40210.62,Walk-in Customer,Check,Completed,ORD824710,Automated migration
2022-09-18,Fuel Pump,Fuel system,5,3882.23,363.95,19411.15,Walk-in Customer,GCash,Completed,ORD824711,Automated migration
2022-09-19,Shock Absorber,Suspension system,8,5561.98,231.78,44495.84,Walk-in Customer,GCash,Completed,ORD824712,Automated migration
2022-09-19,Radiator,Cooling system,0,4939.25,0.0,0.0,Walk-in Customer,GCash,Completed,ORD824713,Automated migration
2022-09-19,Spark Plug,Ignition system,6,385.08,181.33,2310.48,Retail Client,Bank Transfer,Completed,ORD824714,Automated migration
2022-09-19,Clutch Kit,Transmission system,8,6920.46,401.39,55363.68,Retail Client,GCash,Completed,ORD824715,Automated migration
2022-09-19,Oil Filter,Engine system,7,328.43,338.47,2299.01,Walk-in Customer,GCash,Completed,ORD824716,Automated migration
2022-09-19,Alternator,Electrical system,5,7114.29,82.49,35571.45,Walk-in Customer,Bank Transfer,Completed,ORD824717,Automated migration
2022-09-19,Fuel Pump,Fuel system,5,6007.2,340.47,30036.0,Walk-in Customer,Cash,Completed,ORD824718,Automated migration
2022-09-19,Fuel Pump,Fuel system,0,4282.55,0.0,0.0,Wholesale Client,Check,Completed,ORD824719,Automated migration
2022-09-19,Battery,Electrical system,7,5115.77,148.83,35810.39,Wholesale Client,Check,Completed,ORD824720,Automated migration
2022-09-19,Radiator,Cooling system,8,5571.37,71.16,44570.96,Walk-in Customer,Bank Transfer,Completed,ORD824721,Automated migration
2022-09-19,Air Filter,Engine system,3,305.55,92.6,916.65,Retail Client,Check,Completed,ORD824722,Automated migration
2022-09-19,Brake Pad,Brake system,2,1437.28,176.23,2874.56,Wholesale Client,GCash,Completed,ORD824723,Automated migration
2022-09-19,Radiator,Cooling system,3,6436.57,492.89,19309.71,Retail Client,Bank Transfer,Completed,ORD824724,Automated migration
2022-09-19,Oil Filter,Engine system,4,101.81,278.17,407.24,Wholesale Client,Bank Transfer,Completed,ORD824725,Automated migration
2022-09-19,Battery,Electrical system,5,6177.4,331.26,30887.0,Wholesale Client,GCash,Completed,ORD824726,Automated migration
2022-09-19,Shock Absorber,Suspension system,0,4310.96,0.0,0.0,Retail Client,Cash,Completed,ORD824727,Automated migration
2022-09-19,Brake Pad,Brake system,1,1236.11,73.24,1236.11,Wholesale Client,GCash,Completed,ORD824728,Automated migration
2022-09-20,Battery,Electrical system,3,7414.48,486.49,22243.44,Wholesale Client,Check,Completed,ORD824729,Automated migration
2022-09-20,Spark Plug,Ignition system,2,226.51,364.86,453.02,Wholesale Client,Check,Completed,ORD824730,Automated migration
2022-09-20,Oil Filter,Engine system,3,249.6,32.66,748.8,Walk-in Customer,Check,Completed,ORD824731,Automated migration
2022-09-20,Alternator,Electrical system,1,7166.93,5.19,7166.93,Walk-in Customer,Check,Completed,ORD824732,Automated migration
2022-09-20,Air Filter,Engine system,7,241.57,429.43,1690.99,Retail Client,Check,Completed,ORD824733,Automated migration
2022-09-20,Radiator,Cooling system,7,7641.3,278.81,53489.1,Walk-in Customer,GCash,Completed,ORD824734,Automated migration
2022-09-20,Clutch Kit,Transmission system,5,10526.34,315.05,52631.7,Wholesale Client,Cash,Completed,ORD824735,Automated migration
2022-09-20,Battery,Electrical system,0,7934.46,0.0,0.0,Walk-in Customer,Cash,Completed,ORD824736,Automated migration
2022-09-20,Shock Absorber,Suspension system,1,6133.06,146.32,6133.06,Walk-in Customer,Bank Transfer,Completed,ORD824737,Automated migration
2022-09-20,Air Filter,Engine system,4,270.01,245.42,1080.04,Retail Client,Bank Transfer,Completed,ORD824738,Automated migration
2022-09-20,Battery,Electrical system,4,5274.71,246.88,21098.84,Retail Client,GCash,Completed,ORD824739,Automated migration
2022-09-20,Clutch Kit,Transmission system,0,11697.8,0.0,0.0,Walk-in Customer,Bank Transfer,Completed,ORD824740,Automated migration
2022-09-20,Clutch Kit,Transmission system,0,10932.63,0.0,0.0,Wholesale Client,Check,Completed,ORD824741,Automated migration
2022-09-20,Alternator,Electrical system,8,7956.91,271.16,63655.28,Wholesale Client,Check,Completed,ORD824742,Automated migration
2022-09-20,Alternator,Electrical system,8,11611.82,269.87,92894.56,Retail Client,Check,Completed,ORD824743,Automated migration
2022-09-20,Spark Plug,Ignition system,4,309.64,303.12,1238.56,Wholesale Client,Bank Transfer,Completed,ORD824744,Automated migration
2022-09-20,Clutch Kit,Transmission system,0,8555.64,0.0,0.0,Walk-in Customer,Bank Transfer,Completed,ORD824745,Automated migration
2022-09-20,Brake Pad,Brake system,3,1303.68,430.29,3911.04,Walk-in Customer,Check,Completed,ORD824746,Automated migration
2022-09-20,Battery,Electrical system,2,5326.09,111.15,10652.18,Retail Client,Bank Transfer,Completed,ORD824747,Automated migration
2022-09-20,Clutch Kit,Transmission system,6,10353.78,88.4,62122.68,Retail Client,GCash,Completed,ORD824748,Automated migration
2022-09-20,Fuel Pump,Fuel system,6,2644.87,117.57,15869.22,Wholesale Client,Cash,Completed,ORD824749,Automated migration
2022-09-20,Clutch Kit,Transmission system,8,5405.06,165.06,43240.48,Wholesale Client,Check,Completed,ORD824750,Automated migration
2022-09-21,Battery,Electrical system,0,8523.55,0.0,0.0,Walk-in Customer,Cash,Completed,ORD824751,Automated migration
2022-09-21,Shock Absorber,Suspension system,6,3168.01,138.1,19008.06,Wholesale Client,Cash,Completed,ORD824752,Automated migration
2022-09-21,Battery,Electrical system,1,4931.31,57.9,4931.31,Wholesale Client,Cash,Completed,ORD824753,Automated migration
2022-09-21,Oil Filter,Engine system,6,274.69,489.52,1648.14,Walk-in Customer,Check,Completed,ORD824754,Automated migration
2022-09-21,Oil Filter,Engine system,0,110.6,0.0,0.0,Wholesale Client,Cash,Completed,ORD824755,Automated migration
2022-09-21,Clutch Kit,Transmission system,3,6933.72,186.4,20801.16,Walk-in Customer,Check,Completed,ORD824756,Automated migration
2022-09-21,Air Filter,Engine system,1,362.98,257.81,362.98,Wholesale Client,Cash,Completed,ORD824757,Automated migration
2022-09-21,Brake Pad,Brake system,5,3006.43,240.96,15032.15,Walk-in Customer,Cash,Completed,ORD824758,Automated migration
2022-09-21,Air Filter,Engine system,1,236.87,147.15,236.87,Wholesale Client,Check,Completed,ORD824759,Automated migration
2022-09-21,Clutch Kit,Transmission system,1,13200.99,279.47,13200.99,Wholesale Client,Cash,Completed,ORD824760,Automated migration
2022-09-21,Oil Filter,Engine system,1,147.42,200.59,147.42,Walk-in Customer,Bank Transfer,Completed,ORD824761,Automated migration
2022-09-21,Fuel Pump,Fuel system,5,3043.66,47.44,15218.3,Walk-in Customer,GCash,Completed,ORD824762,Automated migration
2022-09-21,Clutch Kit,Transmission system,7,5733.36,216.55,40133.52,Walk-in Customer,Check,Completed,ORD824763,Automated migration
2022-09-21,Shock Absorber,Suspension system,0,4413.21,0.0,0.0,Walk-in Customer,Bank Transfer,Completed,ORD824764,Automated migration
2022-09-21,Oil Filter,Engine system,3,276.78,375.61,830.34,Walk-in Customer,Bank Transfer,Completed,ORD824765,Automated migration
2022-09-21,Shock Absorber,Suspension system,1,4700.73,41.86,4700.73,Walk-in Customer,GCash,Completed,ORD824766,Automated migration
2022-09-21,Brake Pad,Brake system,1,2953.53,139.72,2953.53,Wholesale Client,GCash,Completed,ORD824767,Automated migration
2022-09-21,Air Filter,Engine system,4,208.27,26.08,833.08,Retail Client,Check,Completed,ORD824768,Automated migration
2022-09-22,Shock Absorber,Suspension system,5,4349.68,174.38,21748.4,Retail Client,Check,Completed,ORD824769,Automated migration
2022-09-22,Clutch Kit,Transmission system,0,8497.94,0.0,0.0,Retail Client,Cash,Completed,ORD824770,Automated migration
2022-09-22,Battery,Electrical system,2,7604.07,324.83,15208.14,Retail Client,Check,Completed,ORD824771,Automated migration
2022-09-22,Alternator,Electrical system,6,8590.0,336.89,51540.0,Retail Client,Cash,Completed,ORD824772,Automated migration
2022-09-22,Clutch Kit,Transmission system,6,5432.6,321.61,32595.6,Walk-in Customer,Cash,Completed,ORD824773,Automated migration
2022-09-22,Brake Pad,Brake system,3,3212.04,307.29,9636.12,Walk-in Customer,GCash,Completed,ORD824774,Automated migration
2022-09-22,Air Filter,Engine system,2,264.91,291.86,529.82,Walk-in Customer,Check,Completed,ORD824775,Automated migration
2022-09-22,Air Filter,Engine system,6,357.61,110.58,2145.66,Wholesale Client,Bank Transfer,Completed,ORD824776,Automated migration
2022-09-22,Clutch Kit,Transmission system,8,11310.02,498.22,90480.16,Retail Client,Cash,Completed,ORD824777,Automated migration
2022-09-22,Alternator,Electrical system,6,11300.89,24.2,67805.34,Wholesale Client,Bank Transfer,Completed,ORD824778,Automated migration
2022-09-22,Fuel Pump,Fuel system,2,2900.74,70.49,5801.48,Retail Client,GCash,Completed,ORD824779,Automated migration
2022-09-22,Air Filter,Engine system,8,224.49,393.01,1795.92,Retail Client,Cash,Completed,ORD824780,Automated migration
2022-09-22,Radiator,Cooling system,6,8039.01,438.22,48234.06,Walk-in Customer,Cash,Completed,ORD824781,Automated migration
2022-09-22,Alternator,Electrical system,4,7190.71,387.21,28762.84,Retail Client,Bank Transfer,Completed,ORD824782,Automated migration
2022-09-22,Oil Filter,Engine system,5,165.9,283.02,829.5,Wholesale Client,Cash,Completed,ORD824783,Automated migration
2022-09-22,Air Filter,Engine system,5,365.73,455.86,1828.65,Retail Client,Check,Completed,ORD824784,Automated migration
2022-09-22,Shock Absorber,Suspension system,4,3532.16,216.1,14128.64,Walk-in Customer,GCash,Completed,ORD824785,Automated migration
2022-09-22,Oil Filter,Engine system,0,221.78,0.0,0.0,Retail Client,Bank Transfer,Completed,ORD824786,Automated migration
2022-09-22,Radiator,Cooling system,2,6990.93,328.96,13981.86,Wholesale Client,Bank Transfer,Completed,ORD824787,Automated migration
2022-09-23,Shock Absorber,Suspension system,6,2806.14,423.99,16836.84,Walk-in Customer,Bank Transfer,Completed,ORD824788,Automated migration
2022-09-23,Battery,Electrical system,6,7024.1,439.07,42144.6,Wholesale Client,GCash,Completed,ORD824789,Automated migration
2022-09-23,Alternator,Electrical system,6,11690.77,483.6,70144.62,Wholesale Client,GCash,Completed,ORD824790,Automated migration
2022-09-23,Alternator,Electrical system,7,11946.14,336.15,83622.98,Wholesale Client,Bank Transfer,Completed,ORD824791,Automated migration
2022-09-23,Brake Pad,Brake system,6,1497.8,403.32,8986.8,Wholesale Client,Cash,Completed,ORD824792,Automated migration
2022-09-23,Battery,Electrical system,6,4685.53,359.58,28113.18,Wholesale Client,Check,Completed,ORD824793,Automated migration
2022-09-23,Spark Plug,Ignition system,4,418.54,63.74,1674.16,Wholesale Client,Check,Completed,ORD824794,Automated migration
2022-09-23,Air Filter,Engine system,1,279.17,189.24,279.17,Wholesale Client,Check,Completed,ORD824795,Automated migration
2022-09-23,Air Filter,Engine system,2,212.58,181.96,425.16,Wholesale Client,GCash,Completed,ORD824796,Automated migration
2022-09-23,Alternator,Electrical system,2,8611.45,136.76,17222.9,Retail Client,Bank Transfer,Completed,ORD824797,Automated migration
2022-09-23,Fuel Pump,Fuel system,6,6240.14,0.34,37440.84,Wholesale Client,Bank Transfer,Completed,ORD824798,Automated migration
2022-09-23,Alternator,Electrical system,7,7898.76,180.98,55291.32,Retail Client,Bank Transfer,Completed,ORD824799,Automated migration
2022-09-23,Air Filter,Engine system,5,381.64,448.55,1908.2,Wholesale Client,GCash,Completed,ORD824800,Automated migration
2022-09-23,Spark Plug,Ignition system,1,381.77,185.73,381.77,Wholesale Client,Cash,Completed,ORD824801,Automated migration
2022-09-23,Oil Filter,Engine system,3,172.04,74.71,516.12,Retail Client,GCash,Completed,ORD824802,Automated migration
2022-09-23,Air Filter,Engine system,1,376.64,460.68,376.64,Walk-in Customer,Bank Transfer,Completed,ORD824803,Automated migration
2022-09-23,Spark Plug,Ignition system,1,506.77,138.58,506.77,Walk-in Customer,Cash,Completed,ORD824804,Automated migration
2022-09-23,Air Filter,Engine system,8,385.25,242.74,3082.0,Retail Client,Bank Transfer,Completed,ORD824805,Automated migration
2022-09-23,Shock Absorber,Suspension system,7,4662.83,272.0,32639.81,Walk-in Customer,Bank Transfer,Completed,ORD824806,Automated migration
2022-09-23,Brake Pad,Brake system,1,3334.33,213.54,3334.33,Walk-in Customer,GCash,Completed,ORD824807,Automated migration
2022-09-23,Alternator,Electrical system,3,9460.43,470.16,28381.29,Walk-in Customer,Cash,Completed,ORD824808,Automated migration
2022-09-23,Air Filter,Engine system,0,360.8,0.0,0.0,Walk-in Customer,Check,Completed,ORD824809,Automated migration
2022-09-23,Radiator,Cooling system,2,8840.54,171.9,17681.08,Wholesale Client,Check,Completed,ORD824810,Automated migration
2022-09-23,Fuel Pump,Fuel system,5,4767.71,225.83,23838.55,Wholesale Client,Bank Transfer,Completed,ORD824811,Automated migration
2022-09-23,Battery,Electrical system,3,7836.22,150.25,23508.66,Walk-in Customer,GCash,Completed,ORD824812,Automated migration
2022-09-24,Shock Absorber,Suspension system,2,3415.55,147.71,6831.1,Retail Client,GCash,Completed,ORD824813,Automated migration
2022-09-24,Spark Plug,Ignition system,5,202.54,449.52,1012.7,Walk-in Customer,GCash,Completed,ORD824814,Automated migration
2022-09-24,Fuel Pump,Fuel system,0,6932.07,0.0,0.0,Wholesale Client,Bank Transfer,Completed,ORD824815,Automated migration
2022-09-24,Spark Plug,Ignition system,8,481.3,93.34,3850.4,Wholesale Client,GCash,Completed,ORD824816,Automated migration
2022-09-24,Radiator,Cooling system,7,5380.26,217.57,37661.82,Wholesale Client,Cash,Completed,ORD824817,Automated migration
2022-09-24,Clutch Kit,Transmission system,8,13728.82,149.61,109830.56,Walk-in Customer,Check,Completed,ORD824818,Automated migration
2022-09-24,Brake Pad,Brake system,0,2639.27,0.0,0.0,Wholesale Client,GCash,Completed,ORD824819,Automated migration
2022-09-24,Spark Plug,Ignition system,6,399.95,302.09,2399.7,Retail Client,Bank Transfer,Completed,ORD824820,Automated migration
2022-09-24,Battery,Electrical system,2,4476.41,327.42,8952.82,Wholesale Client,Bank Transfer,Completed,ORD824821,Automated migration
2022-09-24,Radiator,Cooling system,4,4319.21,317.79,17276.84,Retail Client,Cash,Completed,ORD824822,Automated migration
2022-09-24,Alternator,Electrical system,4,11609.88,177.74,46439.52,Walk-in Customer,Check,Completed,ORD824823,Automated migration
2022-09-24,Fuel Pump,Fuel system,7,3903.5,465.79,27324.5,Retail Client,Cash,Completed,ORD824824,Automated migration
2022-09-24,Alternator,Electrical system,1,10417.63,181.21,10417.63,Retail Client,GCash,Completed,ORD824825,Automated migration
2022-09-24,Oil Filter,Engine system,7,141.16,216.07,988.12,Walk-in Customer,Check,Completed,ORD824826,Automated migration
2022-09-24,Alternator,Electrical system,0,10750.03,0.0,0.0,Walk-in Customer,GCash,Completed,ORD824827,Automated migration
2022-09-24,Spark Plug,Ignition system,4,285.69,299.83,1142.76,Wholesale Client,Bank Transfer,Completed,ORD824828,Automated migration
2022-09-24,Alternator,Electrical system,8,9617.46,46.16,76939.68,Wholesale Client,Check,Completed,ORD824829,Automated migration
2022-09-24,Brake Pad,Brake system,1,2042.62,295.38,2042.62,Wholesale Client,Bank Transfer,Completed,ORD824830,Automated migration
2022-09-24,Shock Absorber,Suspension system,6,6399.34,109.8,38396.04,Retail Client,Check,Completed,ORD824831,Automated migration
2022-09-24,Oil Filter,Engine system,0,338.14,0.0,0.0,Retail Client,GCash,Completed,ORD824832,Automated migration
2022-09-24,Brake Pad,Brake system,2,1628.3,435.47,3256.6,Wholesale Client,Bank Transfer,Completed,ORD824833,Automated migration
2022-09-24,Shock Absorber,Suspension system,0,3304.27,0.0,0.0,Retail Client,Cash,Completed,ORD824834,Automated migration
2022-09-24,Clutch Kit,Transmission system,3,12178.0,277.79,36534.0,Wholesale Client,Check,Completed,ORD824835,Automated migration
2022-09-25,Shock Absorber,Suspension system,4,2028.7,9.0,8114.8,Wholesale Client,Check,Completed,ORD824836,Automated migration
2022-09-25,Fuel Pump,Fuel system,6,2556.35,336.11,15338.1,Wholesale Client,Check,Completed,ORD824837,Automated migration
2022-09-25,Brake Pad,Brake system,8,3160.75,60.07,25286.0,Retail Client,GCash,Completed,ORD824838,Automated migration
2022-09-25,Oil Filter,Engine system,3,314.68,251.72,944.04,Walk-in Customer,GCash,Completed,ORD824839,Automated migration
2022-09-25,Clutch Kit,Transmission system,4,11863.02,66.83,47452.08,Wholesale Client,GCash,Completed,ORD824840,Automated migration
2022-09-25,Spark Plug,Ignition system,0,557.84,0.0,0.0,Walk-in Customer,Bank Transfer,Completed,ORD824841,Automated migration
2022-09-25,Oil Filter,Engine system,2,265.56,18.34,531.12,Wholesale Client,Check,Completed,ORD824842,Automated migration
2022-09-25,Air Filter,Engine system,4,308.62,494.27,1234.48,Retail Client,GCash,Completed,ORD824843,Automated migration
2022-09-25,Radiator,Cooling system,4,4233.5,170.03,16934.0,Walk-in Customer,Bank Transfer,Completed,ORD824844,Automated migration
2022-09-25,Alternator,Electrical system,8,10289.12,490.72,82312.96,Wholesale Client,Bank Transfer,Completed,ORD824845,Automated migration
2022-09-25,Brake Pad,Brake system,4,1617.03,14.54,6468.12,Wholesale Client,GCash,Completed,ORD824846,Automated migration
2022-09-25,Clutch Kit,Transmission system,1,9264.56,353.76,9264.56,Wholesale Client,GCash,Completed,ORD824847,Automated migration
2022-09-25,Radiator,Cooling system,8,3569.08,344.65,28552.64,Walk-in Customer,Bank Transfer,Completed,ORD824848,Automated migration
2022-09-25,Fuel Pump,Fuel system,8,6129.21,354.88,49033.68,Walk-in Customer,Bank Transfer,Completed,ORD824849,Automated migration
2022-09-25,Alternator,Electrical system,3,9498.2,377.35,28494.6,Retail Client,GCash,Completed,ORD824850,Automated migration
2022-09-25,Spark Plug,Ignition system,6,301.4,248.27,1808.4,Wholesale Client,Check,Completed,ORD824851,Automated migration
2022-09-25,Battery,Electrical system,8,6461.85,244.06,51694.8,Walk-in Customer,GCash,Completed,ORD824852,Automated migration
2022-09-25,Clutch Kit,Transmission system,6,5647.12,416.72,33882.72,Wholesale Client,Cash,Completed,ORD824853,Automated migration
2022-09-25,Radiator,Cooling system,1,6508.95,110.03,6508.95,Walk-in Customer,Cash,Completed,ORD824854,Automated migration
2022-09-25,Brake Pad,Brake system,6,3009.23,427.48,18055.38,Retail Client,GCash,Completed,ORD824855,Automated migration
2022-09-25,Shock Absorber,Suspension system,6,2517.42,432.94,15104.52,Retail Client,Cash,Completed,ORD824856,Automated migration
2022-09-25,Alternator,Electrical system,3,10048.95,167.16,30146.85,Walk-in Customer,Cash,Completed,ORD824857,Automated migration
2022-09-25,Radiator,Cooling system,2,7496.3,206.35,14992.6,Wholesale Client,Check,Completed,ORD824858,Automated migration
2022-09-26,Alternator,Electrical system,4,11964.11,301.85,47856.44,Retail Client,Cash,Completed,ORD824859,Automated migration
2022-09-26,Alternator,Electrical system,6,10886.69,453.72,65320.14,Wholesale Client,Check,Completed,ORD824860,Automated migration
2022-09-26,Radiator,Cooling system,1,5055.76,452.87,5055.76,Retail Client,Cash,Completed,ORD824861,Automated migration
2022-09-26,Shock Absorber,Suspension system,6,4078.05,115.58,24468.3,Wholesale Client,GCash,Completed,ORD824862,Automated migration
2022-09-26,Oil Filter,Engine system,6,129.54,400.48,777.24,Retail Client,Check,Completed,ORD824863,Automated migration
2022-09-26,Battery,Electrical system,4,5118.6,86.73,20474.4,Wholesale Client,Check,Completed,ORD824864,Automated migration
2022-09-26,Brake Pad,Brake system,4,3295.69,310.22,13182.76,Wholesale Client,Cash,Completed,ORD824865,Automated migration
2022-09-26,Fuel Pump,Fuel system,7,5281.28,78.48,36968.96,Wholesale Client,Check,Completed,ORD824866,Automated migration
2022-09-26,Alternator,Electrical system,1,10406.45,154.13,10406.45,Walk-in Customer,Cash,Completed,ORD824867,Automated migration
2022-09-26,Shock Absorber,Suspension system,3,4814.08,91.44,14442.24,Wholesale Client,Cash,Completed,ORD824868,Automated migration
2022-09-26,Clutch Kit,Transmission system,5,8656.71,275.91,43283.55,Walk-in Customer,Check,Completed,ORD824869,Automated migration
2022-09-26,Air Filter,Engine system,8,268.6,302.48,2148.8,Retail Client,Bank Transfer,Completed,ORD824870,Automated migration
2022-09-26,Shock Absorber,Suspension system,4,5731.75,474.45,22927.0,Retail Client,Check,Completed,ORD824871,Automated migration
2022-09-26,Radiator,Cooling system,7,3306.36,191.34,23144.52,Retail Client,Check,Completed,ORD824872,Automated migration
2022-09-26,Shock Absorber,Suspension system,6,5982.59,382.61,35895.54,Wholesale Client,Check,Completed,ORD824873,Automated migration
2022-09-26,Fuel Pump,Fuel system,8,4500.02,370.71,36000.16,Wholesale Client,Bank Transfer,Completed,ORD824874,Automated migration
2022-09-26,Shock Absorber,Suspension system,1,3569.92,420.98,3569.92,Walk-in Customer,GCash,Completed,ORD824875,Automated migration
2022-09-26,Shock Absorber,Suspension system,4,5885.9,323.89,23543.6,Walk-in Customer,GCash,Completed,ORD824876,Automated migration
2022-09-26,Air Filter,Engine system,5,248.27,247.58,1241.35,Walk-in Customer,Cash,Completed,ORD824877,Automated migration
2022-09-26,Clutch Kit,Transmission system,6,7833.39,113.5,47000.34,Walk-in Customer,Bank Transfer,Completed,ORD824878,Automated migration
2022-09-26,Air Filter,Engine system,3,288.19,407.37,864.57,Wholesale Client,Cash,Completed,ORD824879,Automated migration
2022-09-26,Clutch Kit,Transmission system,0,8371.38,0.0,0.0,Walk-in Customer,GCash,Completed,ORD824880,Automated migration
2022-09-26,Clutch Kit,Transmission system,5,13324.22,290.17,66621.1,Retail Client,Cash,Completed,ORD824881,Automated migration
2022-09-26,Battery,Electrical system,6,5514.72,370.17,33088.32,Retail Client,Bank Transfer,Completed,ORD824882,Automated migration
2022-09-27,Spark Plug,Ignition system,7,244.06,483.8,1708.42,Wholesale Client,Cash,Completed,ORD824883,Automated migration
2022-09-27,Air Filter,Engine system,6,243.68,405.4,1462.08,Walk-in Customer,Bank Transfer,Completed,ORD824884,Automated migration
2022-09-27,Fuel Pump,Fuel system,1,2706.5,369.05,2706.5,Retail Client,Check,Completed,ORD824885,Automated migration
2022-09-27,Clutch Kit,Transmission system,3,12824.14,225.98,38472.42,Walk-in Customer,Check,Completed,ORD824886,Automated migration
2022-09-27,Spark Plug,Ignition system,4,566.04,233.64,2264.16,Walk-in Customer,Check,Completed,ORD824887,Automated migration
2022-09-27,Battery,Electrical system,6,7727.83,123.82,46366.98,Retail Client,Check,Completed,ORD824888,Automated migration
2022-09-27,Oil Filter,Engine system,7,166.11,167.84,1162.77,Retail Client,Cash,Completed,ORD824889,Automated migration
2022-09-27,Alternator,Electrical system,0,11385.63,0.0,0.0,Retail Client,GCash,Completed,ORD824890,Automated migration
2022-09-27,Battery,Electrical system,0,6414.69,0.0,0.0,Walk-in Customer,Cash,Completed,ORD824891,Automated migration
2022-09-27,Alternator,Electrical system,6,8495.15,258.87,50970.9,Walk-in Customer,Check,Completed,ORD824892,Automated migration
2022-09-27,Oil Filter,Engine system,7,150.55,98.16,1053.85,Retail Client,Cash,Completed,ORD824893,Automated migration
2022-09-27,Alternator,Electrical system,4,8258.06,444.72,33032.24,Wholesale Client,Bank Transfer,Completed,ORD824894,Automated migration
2022-09-27,Shock Absorber,Suspension system,8,4655.19,427.51,37241.52,Retail Client,Bank Transfer,Completed,ORD824895,Automated migration
2022-09-27,Battery,Electrical system,0,4928.65,0.0,0.0,Wholesale Client,Cash,Completed,ORD824896,Automated migration
2022-09-27,Clutch Kit,Transmission system,7,8007.08,378.11,56049.56,Retail Client,Check,Completed,ORD824897,Automated migration
2022-09-27,Clutch Kit,Transmission system,1,13472.96,299.86,13472.96,Retail Client,Check,Completed,ORD824898,Automated migration
2022-09-27,Spark Plug,Ignition system,1,207.32,245.99,207.32,Wholesale Client,Bank Transfer,Completed,ORD824899,Automated migration
2022-09-27,Alternator,Electrical system,3,11546.13,124.23,34638.39,Wholesale Client,Check,Completed,ORD824900,Automated migration
2022-09-27,Fuel Pump,Fuel system,8,6003.26,5.85,48026.08,Walk-in Customer,Cash,Completed,ORD824901,Automated migration
2022-09-28,Battery,Electrical system,5,4595.53,14.98,22977.65,Wholesale Client,Bank Transfer,Completed,ORD824902,Automated migration
2022-09-28,Shock Absorber,Suspension system,0,6345.28,0.0,0.0,Walk-in Customer,GCash,Completed,ORD824903,Automated migration
2022-09-28,Shock Absorber,Suspension system,8,5288.38,256.15,42307.04,Retail Client,Cash,Completed,ORD824904,Automated migration
2022-09-28,Radiator,Cooling system,8,8048.55,175.63,64388.4,Retail Client,Check,Completed,ORD824905,Automated migration
2022-09-28,Radiator,Cooling system,0,8207.86,0.0,0.0,Wholesale Client,GCash,Completed,ORD824906,Automated migration
2022-09-28,Brake Pad,Brake system,8,1332.84,4.95,10662.72,Retail Client,Check,Completed,ORD824907,Automated migration
2022-09-28,Battery,Electrical system,4,5228.52,474.11,20914.08,Wholesale Client,Check,Completed,ORD824908,Automated migration
2022-09-28,Oil Filter,Engine system,8,307.16,474.08,2457.28,Wholesale Client,Cash,Completed,ORD824909,Automated migration
2022-09-28,Oil Filter,Engine system,3,105.99,497.92,317.97,Walk-in Customer,Cash,Completed,ORD824910,Automated migration
2022-09-28,Fuel Pump,Fuel system,6,2522.85,356.62,15137.1,Wholesale Client,GCash,Completed,ORD824911,Automated migration
2022-09-28,Oil Filter,Engine system,0,131.05,0.0,0.0,Wholesale Client,GCash,Completed,ORD824912,Automated migration
2022-09-28,Air Filter,Engine system,2,321.41,299.06,642.82,Walk-in Customer,Check,Completed,ORD824913,Automated migration
2022-09-28,Spark Plug,Ignition system,3,159.6,300.2,478.8,Retail Client,GCash,Completed,ORD824914,Automated migration
2022-09-28,Battery,Electrical system,5,5323.69,1.61,26618.45,Retail Client,Cash,Completed,ORD824915,Automated migration
2022-09-28,Oil Filter,Engine system,1,300.81,137.59,300.81,Retail Client,GCash,Completed,ORD824916,Automated migration
2022-09-28,Spark Plug,Ignition system,2,161.59,72.98,323.18,Walk-in Customer,Bank Transfer,Completed,ORD824917,Automated migration
2022-09-28,Alternator,Electrical system,8,11881.96,163.18,95055.68,Retail Client,Bank Transfer,Completed,ORD824918,Automated migration
2022-09-28,Spark Plug,Ignition system,1,448.94,265.85,448.94,Walk-in Customer,Cash,Completed,ORD824919,Automated migration
2022-09-28,Clutch Kit,Transmission system,2,12269.73,27.73,24539.46,Walk-in Customer,Cash,Completed,ORD824920,Automated migration
2022-09-28,Oil Filter,Engine system,3,327.51,27.96,982.53,Wholesale Client,Bank Transfer,Completed,ORD824921,Automated migration
2022-09-28,Shock Absorber,Suspension system,3,6118.49,179.46,18355.47,Wholesale Client,Check,Completed,ORD824922,Automated migration
2022-09-28,Oil Filter,Engine system,8,335.29,75.18,2682.32,Walk-in Customer,Bank Transfer,Completed,ORD824923,Automated migration
2022-09-29,Clutch Kit,Transmission system,1,8372.73,42.32,8372.73,Retail Client,Check,Completed,ORD824924,Automated migration
2022-09-29,Spark Plug,Ignition system,8,541.65,218.3,4333.2,Wholesale Client,GCash,Completed,ORD824925,Automated migration
2022-09-29,Alternator,Electrical system,8,8716.48,435.41,69731.84,Wholesale Client,Check,Completed,ORD824926,Automated migration
2022-09-29,Clutch Kit,Transmission system,8,10952.45,39.63,87619.6,Wholesale Client,Cash,Completed,ORD824927,Automated migration
2022-09-29,Air Filter,Engine system,8,224.79,211.61,1798.32,Walk-in Customer,Bank Transfer,Completed,ORD824928,Automated migration
2022-09-29,Radiator,Cooling system,8,5720.9,51.66,45767.2,Wholesale Client,Cash,Completed,ORD824929,Automated migration
2022-09-29,Clutch Kit,Transmission system,8,7535.52,369.73,60284.16,Walk-in Customer,Bank Transfer,Completed,ORD824930,Automated migration
2022-09-29,Clutch Kit,Transmission system,2,10889.66,144.05,21779.32,Walk-in Customer,Bank Transfer,Completed,ORD824931,Automated migration
2022-09-29,Spark Plug,Ignition system,5,162.04,466.39,810.2,Wholesale Client,Bank Transfer,Completed,ORD824932,Automated migration
2022-09-29,Fuel Pump,Fuel system,3,4157.2,166.32,12471.6,Walk-in Customer,Cash,Completed,ORD824933,Automated migration
2022-09-29,Clutch Kit,Transmission system,2,10976.42,223.32,21952.84,Wholesale Client,Bank Transfer,Completed,ORD824934,Automated migration
2022-09-29,Shock Absorber,Suspension system,7,6201.97,135.75,43413.79,Walk-in Customer,GCash,Completed,ORD824935,Automated migration
2022-09-29,Radiator,Cooling system,1,3757.15,257.16,3757.15,Retail Client,Bank Transfer,Completed,ORD824936,Automated migration
2022-09-29,Shock Absorber,Suspension system,7,4770.63,8.51,33394.41,Retail Client,Bank Transfer,Completed,ORD824937,Automated migration
2022-09-29,Fuel Pump,Fuel system,4,4963.39,155.27,19853.56,Walk-in Customer,Check,Completed,ORD824938,Automated migration
2022-09-30,Alternator,Electrical system,6,9131.86,98.74,54791.16,Walk-in Customer,Bank Transfer,Completed,ORD824939,Automated migration
2022-09-30,Shock Absorber,Suspension system,1,2693.17,182.01,2693.17,Retail Client,Bank Transfer,Completed,ORD824940,Automated migration
2022-09-30,Brake Pad,Brake system,7,2191.13,131.75,15337.91,Walk-in Customer,Cash,Completed,ORD824941,Automated migration
2022-09-30,Radiator,Cooling system,1,7693.43,455.63,7693.43,Retail Client,Check,Completed,ORD824942,Automated migration
2022-09-30,Shock Absorber,Suspension system,6,3622.01,402.63,21732.06,Wholesale Client,Bank Transfer,Completed,ORD824943,Automated migration
2022-09-30,Spark Plug,Ignition system,4,196.45,453.2,785.8,Walk-in Customer,Cash,Completed,ORD824944,Automated migration
2022-09-30,Fuel Pump,Fuel system,4,6821.72,168.19,27286.88,Retail Client,Bank Transfer,Completed,ORD824945,Automated migration
2022-09-30,Fuel Pump,Fuel system,5,6494.79,181.77,32473.95,Wholesale Client,GCash,Completed,ORD824946,Automated migration
2022-09-30,Battery,Electrical system,8,8781.56,331.78,70252.48,Retail Client,Bank Transfer,Completed,ORD824947,Automated migration
2022-09-30,Battery,Electrical system,6,6544.87,280.25,39269.22,Walk-in Customer,Bank Transfer,Completed,ORD824948,Automated migration
2022-09-30,Radiator,Cooling system,1,3179.82,208.69,3179.82,Walk-in Customer,Cash,Completed,ORD824949,Automated migration
2022-09-30,Spark Plug,Ignition system,1,363.14,185.28,363.14,Wholesale Client,Check,Completed,ORD824950,Automated migration
2022-09-30,Brake Pad,Brake system,1,2639.22,289.54,2639.22,Walk-in Customer,GCash,Completed,ORD824951,Automated migration
2022-09-30,Battery,Electrical system,8,5918.58,23.11,47348.64,Walk-in Customer,GCash,Completed,ORD824952,Automated migration
2022-09-30,Battery,Electrical system,0,6617.56,0.0,0.0,Walk-in Customer,Bank Transfer,Completed,ORD824953,Automated migration
2022-09-30,Alternator,Electrical system,0,8842.77,0.0,0.0,Walk-in Customer,GCash,Completed,ORD824954,Automated migration
2022-10-01,Alternator,Electrical system,5,11206.1,86.61,56030.5,Retail Client,Check,Completed,ORD824955,Automated migration
2022-10-01,Air Filter,Engine system,0,322.22,0.0,0.0,Retail Client,GCash,Completed,ORD824956,Automated migration
2022-10-01,Oil Filter,Engine system,6,160.75,293.72,964.5,Retail Client,Cash,Completed,ORD824957,Automated migration
2022-10-01,Clutch Kit,Transmission system,8,10726.53,259.38,85812.24,Walk-in Customer,Cash,Completed,ORD824958,Automated migration
2022-10-01,Clutch Kit,Transmission system,4,7549.94,469.56,30199.76,Walk-in Customer,Cash,Completed,ORD824959,Automated migration
2022-10-01,Shock Absorber,Suspension system,6,3818.81,373.87,22912.86,Wholesale Client,GCash,Completed,ORD824960,Automated migration
2022-10-01,Clutch Kit,Transmission system,3,7690.8,349.68,23072.4,Retail Client,Bank Transfer,Completed,ORD824961,Automated migration
2022-10-01,Battery,Electrical system,6,5460.51,139.05,32763.06,Walk-in Customer,Check,Completed,ORD824962,Automated migration
2022-10-01,Radiator,Cooling system,0,4545.94,0.0,0.0,Walk-in Customer,GCash,Completed,ORD824963,Automated migration
2022-10-01,Shock Absorber,Suspension system,6,3829.09,221.17,22974.54,Walk-in Customer,Bank Transfer,Completed,ORD824964,Automated migration
2022-10-01,Clutch Kit,Transmission system,7,8992.64,427.37,62948.48,Wholesale Client,GCash,Completed,ORD824965,Automated migration
2022-10-01,Battery,Electrical system,8,6229.32,44.16,49834.56,Wholesale Client,Check,Completed,ORD824966,Automated migration
2022-10-01,Oil Filter,Engine system,5,162.33,405.19,811.65,Wholesale Client,Check,Completed,ORD824967,Automated migration
2022-10-02,Brake Pad,Brake system,3,2614.62,5.12,7843.86,Retail Client,Check,Completed,ORD824968,Automated migration
2022-10-02,Clutch Kit,Transmission system,6,7414.42,477.58,44486.52,Wholesale Client,Check,Completed,ORD824969,Automated migration
2022-10-02,Clutch Kit,Transmission system,1,13628.63,60.87,13628.63,Walk-in Customer,GCash,Completed,ORD824970,Automated migration
2022-10-02,Oil Filter,Engine system,2,160.75,386.06,321.5,Walk-in Customer,GCash,Completed,ORD824971,Automated migration
2022-10-02,Battery,Electrical system,8,6453.23,92.87,51625.84,Retail Client,GCash,Completed,ORD824972,Automated migration
2022-10-02,Spark Plug,Ignition system,3,368.69,279.0,1106.07,Wholesale Client,Cash,Completed,ORD824973,Automated migration
2022-10-02,Alternator,Electrical system,3,9573.41,245.97,28720.23,Wholesale Client,Bank Transfer,Completed,ORD824974,Automated migration
2022-10-02,Clutch Kit,Transmission system,3,5463.12,132.75,16389.36,Wholesale Client,Bank Transfer,Completed,ORD824975,Automated migration
2022-10-02,Fuel Pump,Fuel system,7,5481.67,325.86,38371.69,Walk-in Customer,Bank Transfer,Completed,ORD824976,Automated migration
2022-10-02,Clutch Kit,Transmission system,6,10054.6,1.06,60327.6,Wholesale Client,Bank Transfer,Completed,ORD824977,Automated migration
2022-10-02,Brake Pad,Brake system,6,2665.56,239.49,15993.36,Wholesale Client,Bank Transfer,Completed,ORD824978,Automated migration
2022-10-02,Oil Filter,Engine system,4,153.71,207.12,614.84,Retail Client,GCash,Completed,ORD824979,Automated migration
2022-10-02,Air Filter,Engine system,5,282.22,127.68,1411.1,Wholesale Client,Bank Transfer,Completed,ORD824980,Automated migration
2022-10-02,Radiator,Cooling system,4,4065.43,30.73,16261.72,Retail Client,Cash,Completed,ORD824981,Automated migration
2022-10-02,Shock Absorber,Suspension system,4,4051.61,49.88,16206.44,Wholesale Client,GCash,Completed,ORD824982,Automated migration
2022-10-02,Spark Plug,Ignition system,5,187.27,287.22,936.35,Walk-in Customer,Bank Transfer,Completed,ORD824983,Automated migration
2022-10-03,Fuel Pump,Fuel system,6,4183.3,50.64,25099.8,Retail Client,Bank Transfer,Completed,ORD824984,Automated migration
2022-10-03,Air Filter,Engine system,8,217.52,131.56,1740.16,Retail Client,GCash,Completed,ORD824985,Automated migration
2022-10-03,Oil Filter,Engine system,8,317.01,237.9,2536.08,Wholesale Client,Check,Completed,ORD824986,Automated migration
2022-10-03,Brake Pad,Brake system,7,2744.72,345.92,19213.04,Retail Client,Bank Transfer,Completed,ORD824987,Automated migration
2022-10-03,Spark Plug,Ignition system,3,396.59,0.78,1189.77,Retail Client,Cash,Completed,ORD824988,Automated migration
2022-10-03,Air Filter,Engine system,0,272.73,0.0,0.0,Retail Client,Cash,Completed,ORD824989,Automated migration
2022-10-03,Fuel Pump,Fuel system,7,6550.81,327.16,45855.67,Wholesale Client,Check,Completed,ORD824990,Automated migration
2022-10-03,Oil Filter,Engine system,0,183.44,0.0,0.0,Retail Client,Check,Completed,ORD824991,Automated migration
2022-10-03,Brake Pad,Brake system,5,2617.77,214.61,13088.85,Retail Client,Bank Transfer,Completed,ORD824992,Automated migration
2022-10-03,Fuel Pump,Fuel system,8,6197.34,22.37,49578.72,Retail Client,Check,Completed,ORD824993,Automated migration
2022-10-03,Fuel Pump,Fuel system,1,3493.71,214.05,3493.71,Retail Client,GCash,Completed,ORD824994,Automated migration
2022-10-03,Alternator,Electrical system,6,9748.8,227.89,58492.8,Wholesale Client,GCash,Completed,ORD824995,Automated migration
2022-10-03,Alternator,Electrical system,4,11991.71,119.6,47966.84,Retail Client,Cash,Completed,ORD824996,Automated migration
2022-10-03,Spark Plug,Ignition system,1,424.32,221.73,424.32,Retail Client,Cash,Completed,ORD824997,Automated migration
2022-10-03,Battery,Electrical system,6,6056.17,199.07,36337.02,Retail Client,GCash,Completed,ORD824998,Automated migration
2022-10-03,Spark Plug,Ignition system,6,188.9,206.91,1133.4,Wholesale Client,Bank Transfer,Completed,ORD824999,Automated migration
2022-10-03,Battery,Electrical system,2,5252.73,162.93,10505.46,Wholesale Client,GCash,Completed,ORD825000,Automated migration
2022-10-03,Shock Absorber,Suspension system,2,6024.11,337.23,12048.22,Wholesale Client,Check,Completed,ORD825001,Automated migration
2022-10-03,Brake Pad,Brake system,7,2865.25,56.37,20056.75,Retail Client,Bank Transfer,Completed,ORD825002,Automated migration
2022-10-03,Clutch Kit,Transmission system,7,5375.02,289.52,37625.14,Wholesale Client,Check,Completed,ORD825003,Automated migration
2022-10-03,Alternator,Electrical system,2,7416.15,261.28,14832.3,Wholesale Client,Check,Completed,ORD825004,Automated migration
2022-10-03,Brake Pad,Brake system,3,2039.44,397.87,6118.32,Walk-in Customer,GCash,Completed,ORD825005,Automated migration
2022-10-03,Air Filter,Engine system,5,254.53,140.94,1272.65,Walk-in Customer,Bank Transfer,Completed,ORD825006,Automated migration
2022-10-03,Battery,Electrical system,5,6365.4,28.03,31827.0,Wholesale Client,Bank Transfer,Completed,ORD825007,Automated migration
2022-10-04,Alternator,Electrical system,8,8136.01,73.95,65088.08,Retail Client,Check,Completed,ORD825008,Automated migration
2022-10-04,Battery,Electrical system,8,7920.61,314.04,63364.88,Walk-in Customer,Bank Transfer,Completed,ORD825009,Automated migration
2022-10-04,Oil Filter,Engine system,0,135.67,0.0,0.0,Retail Client,Bank Transfer,Completed,ORD825010,Automated migration
2022-10-04,Alternator,Electrical system,5,10550.47,272.19,52752.35,Retail Client,Bank Transfer,Completed,ORD825011,Automated migration
2022-10-04,Air Filter,Engine system,3,238.07,195.68,714.21,Wholesale Client,GCash,Completed,ORD825012,Automated migration
2022-10-04,Battery,Electrical system,3,7819.76,3.26,23459.28,Wholesale Client,Bank Transfer,Completed,ORD825013,Automated migration
2022-10-04,Spark Plug,Ignition system,7,465.25,26.47,3256.75,Walk-in Customer,Bank Transfer,Completed,ORD825014,Automated migration
2022-10-04,Battery,Electrical system,4,5166.44,464.54,20665.76,Retail Client,GCash,Completed,ORD825015,Automated migration
2022-10-04,Shock Absorber,Suspension system,0,5728.04,0.0,0.0,Walk-in Customer,Bank Transfer,Completed,ORD825016,Automated migration
2022-10-04,Air Filter,Engine system,1,363.78,170.5,363.78,Walk-in Customer,GCash,Completed,ORD825017,Automated migration
2022-10-04,Spark Plug,Ignition system,7,191.64,320.97,1341.48,Walk-in Customer,Bank Transfer,Completed,ORD825018,Automated migration
2022-10-04,Clutch Kit,Transmission system,1,9086.12,302.57,9086.12,Wholesale Client,Cash,Completed,ORD825019,Automated migration
2022-10-04,Oil Filter,Engine system,1,223.4,369.75,223.4,Walk-in Customer,GCash,Completed,ORD825020,Automated migration
2022-10-04,Alternator,Electrical system,0,10428.16,0.0,0.0,Walk-in Customer,Bank Transfer,Completed,ORD825021,Automated migration
2022-10-05,Battery,Electrical system,8,4946.02,358.74,39568.16,Retail Client,Check,Completed,ORD825022,Automated migration
2022-10-05,Battery,Electrical system,4,7217.92,13.96,28871.68,Walk-in Customer,Bank Transfer,Completed,ORD825023,Automated migration
2022-10-05,Air Filter,Engine system,6,270.08,358.69,1620.48,Walk-in Customer,Bank Transfer,Completed,ORD825024,Automated migration
2022-10-05,Brake Pad,Brake system,5,2513.15,465.7,12565.75,Wholesale Client,Check,Completed,ORD825025,Automated migration
2022-10-05,Shock Absorber,Suspension system,6,5892.52,3.35,35355.12,Wholesale Client,Check,Completed,ORD825026,Automated migration
2022-10-05,Air Filter,Engine system,7,307.6,324.02,2153.2,Wholesale Client,GCash,Completed,ORD825027,Automated migration
2022-10-05,Shock Absorber,Suspension system,1,4614.35,409.39,4614.35,Wholesale Client,Cash,Completed,ORD825028,Automated migration
2022-10-05,Battery,Electrical system,1,4606.41,218.06,4606.41,Retail Client,Cash,Completed,ORD825029,Automated migration
2022-10-05,Oil Filter,Engine system,3,209.0,1.61,627.0,Walk-in Customer,Cash,Completed,ORD825030,Automated migration
2022-10-05,Oil Filter,Engine system,0,303.65,0.0,0.0,Retail Client,Check,Completed,ORD825031,Automated migration
2022-10-05,Air Filter,Engine system,3,398.93,249.8,1196.79,Wholesale Client,GCash,Completed,ORD825032,Automated migration
2022-10-05,Fuel Pump,Fuel system,8,4578.25,411.64,36626.0,Wholesale Client,Cash,Completed,ORD825033,Automated migration
2022-10-05,Radiator,Cooling system,7,3804.79,192.85,26633.53,Retail Client,Cash,Completed,ORD825034,Automated migration
2022-10-05,Oil Filter,Engine system,5,206.7,328.02,1033.5,Walk-in Customer,Check,Completed,ORD825035,Automated migration
2022-10-05,Battery,Electrical system,0,8820.7,0.0,0.0,Wholesale Client,GCash,Completed,ORD825036,Automated migration
2022-10-05,Oil Filter,Engine system,5,197.59,399.08,987.95,Walk-in Customer,Cash,Completed,ORD825037,Automated migration
2022-10-05,Brake Pad,Brake system,0,2014.43,0.0,0.0,Retail Client,GCash,Completed,ORD825038,Automated migration
2022-10-05,Battery,Electrical system,3,8277.41,364.67,24832.23,Walk-in Customer,Check,Completed,ORD825039,Automated migration
2022-10-05,Clutch Kit,Transmission system,2,8165.35,24.35,16330.7,Wholesale Client,Cash,Completed,ORD825040,Automated migration
2022-10-05,Shock Absorber,Suspension system,4,5956.76,361.24,23827.04,Wholesale Client,Check,Completed,ORD825041,Automated migration
2022-10-05,Fuel Pump,Fuel system,8,3042.91,65.36,24343.28,Retail Client,Check,Completed,ORD825042,Automated migration
2022-10-05,Radiator,Cooling system,8,5695.65,490.19,45565.2,Wholesale Client,Check,Completed,ORD825043,Automated migration
2022-10-05,Fuel Pump,Fuel system,5,5445.72,153.45,27228.6,Walk-in Customer,GCash,Completed,ORD825044,Automated migration
2022-10-05,Battery,Electrical system,7,7758.63,88.72,54310.41,Retail Client,Cash,Completed,ORD825045,Automated migration
2022-10-06,Spark Plug,Ignition system,0,463.66,0.0,0.0,Wholesale Client,Check,Completed,ORD825046,Automated migration
2022-10-06,Brake Pad,Brake system,6,3062.67,55.97,18376.02,Retail Client,Check,Completed,ORD825047,Automated migration
2022-10-06,Spark Plug,Ignition system,5,257.54,18.79,1287.7,Walk-in Customer,Cash,Completed,ORD825048,Automated migration
2022-10-06,Clutch Kit,Transmission system,7,10011.3,19.8,70079.1,Walk-in Customer,Check,Completed,ORD825049,Automated migration
2022-10-06,Clutch Kit,Transmission system,7,8365.2,117.71,58556.4,Wholesale Client,GCash,Completed,ORD825050,Automated migration
2022-10-06,Brake Pad,Brake system,0,1512.23,0.0,0.0,Walk-in Customer,Bank Transfer,Completed,ORD825051,Automated migration
2022-10-06,Radiator,Cooling system,7,6025.08,56.87,42175.56,Walk-in Customer,GCash,Completed,ORD825052,Automated migration
2022-10-06,Oil Filter,Engine system,3,172.6,184.19,517.8,Wholesale Client,GCash,Completed,ORD825053,Automated migration
2022-10-06,Brake Pad,Brake system,2,2531.72,41.35,5063.44,Walk-in Customer,Check,Completed,ORD825054,Automated migration
2022-10-06,Fuel Pump,Fuel system,0,6069.47,0.0,0.0,Walk-in Customer,Bank Transfer,Completed,ORD825055,Automated migration
2022-10-06,Fuel Pump,Fuel system,0,3923.2,0.0,0.0,Wholesale Client,Check,Completed,ORD825056,Automated migration
2022-10-06,Oil Filter,Engine system,1,214.67,101.92,214.67,Retail Client,Bank Transfer,Completed,ORD825057,Automated migration
2022-10-06,Radiator,Cooling system,5,4238.38,123.82,21191.9,Walk-in Customer,Cash,Completed,ORD825058,Automated migration
2022-10-06,Fuel Pump,Fuel system,7,4082.73,428.52,28579.11,Retail Client,Check,Completed,ORD825059,Automated migration
2022-10-06,Air Filter,Engine system,4,303.11,366.54,1212.44,Retail Client,Check,Completed,ORD825060,Automated migration
2022-10-06,Shock Absorber,Suspension system,5,6463.15,93.23,32315.75,Walk-in Customer,Bank Transfer,Completed,ORD825061,Automated migration
2022-10-06,Spark Plug,Ignition system,1,333.12,188.78,333.12,Wholesale Client,Cash,Completed,ORD825062,Automated migration
2022-10-06,Fuel Pump,Fuel system,0,4298.81,0.0,0.0,Wholesale Client,GCash,Completed,ORD825063,Automated migration
2022-10-06,Radiator,Cooling system,1,3362.66,358.43,3362.66,Retail Client,Bank Transfer,Completed,ORD825064,Automated migration
2022-10-06,Shock Absorber,Suspension system,7,3171.99,96.48,22203.93,Wholesale Client,GCash,Completed,ORD825065,Automated migration
2022-10-06,Air Filter,Engine system,1,370.16,399.85,370.16,Walk-in Customer,Check,Completed,ORD825066,Automated migration
2022-10-07,Brake Pad,Brake system,3,2050.34,485.57,6151.02,Wholesale Client,GCash,Completed,ORD825067,Automated migration
2022-10-07,Clutch Kit,Transmission system,1,5906.71,162.48,5906.71,Wholesale Client,Cash,Completed,ORD825068,Automated migration
2022-10-07,Radiator,Cooling system,7,5216.59,26.61,36516.13,Retail Client,Check,Completed,ORD825069,Automated migration
2022-10-07,Brake Pad,Brake system,6,1630.97,416.08,9785.82,Wholesale Client,Bank Transfer,Completed,ORD825070,Automated migration
2022-10-07,Battery,Electrical system,2,4016.23,88.93,8032.46,Retail Client,GCash,Completed,ORD825071,Automated migration
2022-10-07,Radiator,Cooling system,6,6737.9,347.88,40427.4,Retail Client,GCash,Completed,ORD825072,Automated migration
2022-10-07,Air Filter,Engine system,7,367.31,41.68,2571.17,Wholesale Client,GCash,Completed,ORD825073,Automated migration
2022-10-07,Spark Plug,Ignition system,4,323.21,456.53,1292.84,Walk-in Customer,Bank Transfer,Completed,ORD825074,Automated migration
2022-10-07,Shock Absorber,Suspension system,0,5243.34,0.0,0.0,Retail Client,Check,Completed,ORD825075,Automated migration
2022-10-07,Spark Plug,Ignition system,8,533.95,38.5,4271.6,Wholesale Client,Bank Transfer,Completed,ORD825076,Automated migration
2022-10-07,Battery,Electrical system,3,5686.49,37.28,17059.47,Walk-in Customer,Cash,Completed,ORD825077,Automated migration
2022-10-07,Air Filter,Engine system,2,233.09,316.55,466.18,Wholesale Client,Bank Transfer,Completed,ORD825078,Automated migration
2022-10-07,Alternator,Electrical system,6,9572.98,452.72,57437.88,Wholesale Client,Check,Completed,ORD825079,Automated migration
2022-10-07,Alternator,Electrical system,8,10659.66,453.67,85277.28,Wholesale Client,Cash,Completed,ORD825080,Automated migration
2022-10-07,Spark Plug,Ignition system,3,345.64,179.83,1036.92,Retail Client,GCash,Completed,ORD825081,Automated migration
2022-10-08,Alternator,Electrical system,5,11523.95,348.32,57619.75,Wholesale Client,Cash,Completed,ORD825082,Automated migration
2022-10-08,Oil Filter,Engine system,1,266.75,363.51,266.75,Walk-in Customer,GCash,Completed,ORD825083,Automated migration
2022-10-08,Fuel Pump,Fuel system,2,5819.76,152.01,11639.52,Retail Client,GCash,Completed,ORD825084,Automated migration
2022-10-08,Oil Filter,Engine system,1,260.78,51.32,260.78,Wholesale Client,GCash,Completed,ORD825085,Automated migration
2022-10-08,Clutch Kit,Transmission system,1,7611.74,142.12,7611.74,Retail Client,GCash,Completed,ORD825086,Automated migration
2022-10-08,Battery,Electrical system,3,6902.44,142.25,20707.32,Retail Client,Check,Completed,ORD825087,Automated migration
2022-10-08,Brake Pad,Brake system,0,3283.26,0.0,0.0,Retail Client,Cash,Completed,ORD825088,Automated migration
2022-10-08,Shock Absorber,Suspension system,4,6005.13,76.07,24020.52,Walk-in Customer,Bank Transfer,Completed,ORD825089,Automated migration
2022-10-08,Battery,Electrical system,8,6567.45,260.29,52539.6,Wholesale Client,Bank Transfer,Completed,ORD825090,Automated migration
2022-10-08,Clutch Kit,Transmission system,1,11219.29,73.44,11219.29,Retail Client,Cash,Completed,ORD825091,Automated migration
2022-10-08,Battery,Electrical system,7,8434.58,163.47,59042.06,Walk-in Customer,Cash,Completed,ORD825092,Automated migration
2022-10-08,Radiator,Cooling system,4,7163.09,288.36,28652.36,Wholesale Client,GCash,Completed,ORD825093,Automated migration
2022-10-08,Alternator,Electrical system,8,10273.16,446.22,82185.28,Retail Client,GCash,Completed,ORD825094,Automated migration
2022-10-08,Clutch Kit,Transmission system,5,12944.02,108.86,64720.1,Wholesale Client,Check,Completed,ORD825095,Automated migration
2022-10-08,Spark Plug,Ignition system,4,232.36,125.35,929.44,Walk-in Customer,Cash,Completed,ORD825096,Automated migration
2022-10-08,Brake Pad,Brake system,4,2107.43,471.33,8429.72,Wholesale Client,Cash,Completed,ORD825097,Automated migration
2022-10-08,Brake Pad,Brake system,0,3488.48,0.0,0.0,Wholesale Client,GCash,Completed,ORD825098,Automated migration
2022-10-08,Brake Pad,Brake system,3,2434.86,220.51,7304.58,Retail Client,Check,Completed,ORD825099,Automated migration
2022-10-08,Battery,Electrical system,0,5554.68,0.0,0.0,Retail Client,GCash,Completed,ORD825100,Automated migration
2022-10-08,Battery,Electrical system,6,8549.78,151.19,51298.68,Walk-in Customer,Check,Completed,ORD825101,Automated migration
2022-10-08,Brake Pad,Brake system,1,1291.35,325.14,1291.35,Retail Client,Bank Transfer,Completed,ORD825102,Automated migration
2022-10-09,Spark Plug,Ignition system,3,464.53,441.23,1393.59,Wholesale Client,Cash,Completed,ORD825103,Automated migration
2022-10-09,Oil Filter,Engine system,7,341.63,72.32,2391.41,Wholesale Client,GCash,Completed,ORD825104,Automated migration
2022-10-09,Radiator,Cooling system,2,5593.56,144.67,11187.12,Retail Client,Check,Completed,ORD825105,Automated migration
2022-10-09,Oil Filter,Engine system,2,221.35,422.0,442.7,Walk-in Customer,GCash,Completed,ORD825106,Automated migration
2022-10-09,Brake Pad,Brake system,3,2477.77,51.7,7433.31,Walk-in Customer,GCash,Completed,ORD825107,Automated migration
2022-10-09,Battery,Electrical system,3,8851.23,313.28,26553.69,Wholesale Client,Check,Completed,ORD825108,Automated migration
2022-10-09,Shock Absorber,Suspension system,0,3233.89,0.0,0.0,Walk-in Customer,GCash,Completed,ORD825109,Automated migration
2022-10-09,Shock Absorber,Suspension system,3,2355.83,307.1,7067.49,Wholesale Client,GCash,Completed,ORD825110,Automated migration
2022-10-09,Alternator,Electrical system,6,10408.46,296.59,62450.76,Walk-in Customer,Cash,Completed,ORD825111,Automated migration
2022-10-09,Fuel Pump,Fuel system,3,3906.08,233.79,11718.24,Retail Client,Bank Transfer,Completed,ORD825112,Automated migration
2022-10-09,Shock Absorber,Suspension system,0,4230.28,0.0,0.0,Wholesale Client,Cash,Completed,ORD825113,Automated migration
2022-10-09,Oil Filter,Engine system,4,264.66,304.71,1058.64,Wholesale Client,GCash,Completed,ORD825114,Automated migration
2022-10-10,Battery,Electrical system,8,6080.74,479.1,48645.92,Retail Client,Cash,Completed,ORD825115,Automated migration
2022-10-10,Clutch Kit,Transmission system,0,12306.8,0.0,0.0,Walk-in Customer,Bank Transfer,Completed,ORD825116,Automated migration
2022-10-10,Oil Filter,Engine system,4,238.11,369.92,952.44,Wholesale Client,GCash,Completed,ORD825117,Automated migration
2022-10-10,Fuel Pump,Fuel system,5,4014.91,98.07,20074.55,Retail Client,Cash,Completed,ORD825118,Automated migration
2022-10-10,Oil Filter,Engine system,1,187.75,48.13,187.75,Wholesale Client,GCash,Completed,ORD825119,Automated migration
2022-10-10,Alternator,Electrical system,1,7129.55,205.36,7129.55,Wholesale Client,Bank Transfer,Completed,ORD825120,Automated migration
2022-10-10,Spark Plug,Ignition system,6,253.22,378.15,1519.32,Walk-in Customer,Cash,Completed,ORD825121,Automated migration
2022-10-10,Air Filter,Engine system,4,212.98,118.68,851.92,Retail Client,GCash,Completed,ORD825122,Automated migration
2022-10-10,Radiator,Cooling system,2,5518.85,351.03,11037.7,Walk-in Customer,Check,Completed,ORD825123,Automated migration
2022-10-10,Spark Plug,Ignition system,2,247.42,412.77,494.84,Retail Client,GCash,Completed,ORD825124,Automated migration
2022-10-10,Shock Absorber,Suspension system,1,5990.79,436.6,5990.79,Walk-in Customer,GCash,Completed,ORD825125,Automated migration
2022-10-10,Radiator,Cooling system,7,7450.34,425.8,52152.38,Wholesale Client,GCash,Completed,ORD825126,Automated migration
2022-10-10,Alternator,Electrical system,2,9206.18,158.59,18412.36,Walk-in Customer,Check,Completed,ORD825127,Automated migration
2022-10-10,Shock Absorber,Suspension system,3,2316.49,152.91,6949.47,Retail Client,GCash,Completed,ORD825128,Automated migration
2022-10-10,Air Filter,Engine system,8,300.77,80.99,2406.16,Retail Client,Cash,Completed,ORD825129,Automated migration
2022-10-10,Fuel Pump,Fuel system,4,5529.99,13.17,22119.96,Retail Client,Cash,Completed,ORD825130,Automated migration
2022-10-10,Spark Plug,Ignition system,6,284.03,475.92,1704.18,Walk-in Customer,Cash,Completed,ORD825131,Automated migration
2022-10-10,Air Filter,Engine system,2,213.54,76.53,427.08,Retail Client,Bank Transfer,Completed,ORD825132,Automated migration
2022-10-10,Clutch Kit,Transmission system,1,9029.65,67.36,9029.65,Wholesale Client,Check,Completed,ORD825133,Automated migration
2022-10-11,Clutch Kit,Transmission system,7,9796.63,320.76,68576.41,Walk-in Customer,GCash,Completed,ORD825134,Automated migration
2022-10-11,Alternator,Electrical system,4,9839.36,286.97,39357.44,Retail Client,GCash,Completed,ORD825135,Automated migration
2022-10-11,Air Filter,Engine system,4,237.54,155.69,950.16,Wholesale Client,Bank Transfer,Completed,ORD825136,Automated migration
2022-10-11,Spark Plug,Ignition system,4,287.45,52.24,1149.8,Wholesale Client,Bank Transfer,Completed,ORD825137,Automated migration
2022-10-11,Air Filter,Engine system,0,258.85,0.0,0.0,Wholesale Client,Cash,Completed,ORD825138,Automated migration
2022-10-11,Air Filter,Engine system,4,222.11,60.98,888.44,Wholesale Client,Bank Transfer,Completed,ORD825139,Automated migration
2022-10-11,Shock Absorber,Suspension system,4,2599.21,360.38,10396.84,Retail Client,GCash,Completed,ORD825140,Automated migration
2022-10-11,Oil Filter,Engine system,5,205.82,430.31,1029.1,Walk-in Customer,Check,Completed,ORD825141,Automated migration
2022-10-11,Alternator,Electrical system,7,8888.86,390.55,62222.02,Walk-in Customer,Check,Completed,ORD825142,Automated migration
2022-10-11,Shock Absorber,Suspension system,6,4142.54,218.98,24855.24,Wholesale Client,Cash,Completed,ORD825143,Automated migration
2022-10-11,Clutch Kit,Transmission system,7,9182.47,38.23,64277.29,Retail Client,Cash,Completed,ORD825144,Automated migration
2022-10-11,Oil Filter,Engine system,7,260.81,399.94,1825.67,Retail Client,Bank Transfer,Completed,ORD825145,Automated migration
2022-10-11,Spark Plug,Ignition system,0,273.71,0.0,0.0,Retail Client,Bank Transfer,Completed,ORD825146,Automated migration
2022-10-11,Fuel Pump,Fuel system,8,4344.5,254.9,34756.0,Retail Client,Check,Completed,ORD825147,Automated migration
2022-10-11,Radiator,Cooling system,1,6231.31,449.41,6231.31,Retail Client,Check,Completed,ORD825148,Automated migration
2022-10-11,Radiator,Cooling system,0,4487.85,0.0,0.0,Walk-in Customer,Cash,Completed,ORD825149,Automated migration
2022-10-11,Shock Absorber,Suspension system,5,4294.99,309.91,21474.95,Walk-in Customer,Cash,Completed,ORD825150,Automated migration
2022-10-11,Spark Plug,Ignition system,6,474.13,16.48,2844.78,Wholesale Client,Bank Transfer,Completed,ORD825151,Automated migration
2022-10-12,Spark Plug,Ignition system,2,351.63,337.14,703.26,Wholesale Client,Bank Transfer,Completed,ORD825152,Automated migration
2022-10-12,Battery,Electrical system,3,6582.81,423.72,19748.43,Wholesale Client,Cash,Completed,ORD825153,Automated migration
2022-10-12,Air Filter,Engine system,7,392.71,37.35,2748.97,Wholesale Client,GCash,Completed,ORD825154,Automated migration
2022-10-12,Clutch Kit,Transmission system,4,6673.2,343.39,26692.8,Wholesale Client,Bank Transfer,Completed,ORD825155,Automated migration
2022-10-12,Fuel Pump,Fuel system,3,5531.96,133.49,16595.88,Retail Client,Check,Completed,ORD825156,Automated migration
2022-10-12,Shock Absorber,Suspension system,7,5143.45,251.67,36004.15,Walk-in Customer,GCash,Completed,ORD825157,Automated migration
2022-10-12,Alternator,Electrical system,0,10701.34,0.0,0.0,Wholesale Client,GCash,Completed,ORD825158,Automated migration
2022-10-12,Radiator,Cooling system,0,7614.17,0.0,0.0,Walk-in Customer,Bank Transfer,Completed,ORD825159,Automated migration
2022-10-12,Alternator,Electrical system,1,10911.46,147.52,10911.46,Retail Client,Check,Completed,ORD825160,Automated migration
2022-10-12,Shock Absorber,Suspension system,8,5117.83,446.25,40942.64,Wholesale Client,Cash,Completed,ORD825161,Automated migration
2022-10-12,Radiator,Cooling system,8,5565.14,241.74,44521.12,Walk-in Customer,Check,Completed,ORD825162,Automated migration
2022-10-12,Radiator,Cooling system,2,8759.57,63.04,17519.14,Wholesale Client,Bank Transfer,Completed,ORD825163,Automated migration
2022-10-12,Air Filter,Engine system,4,312.59,207.21,1250.36,Retail Client,Cash,Completed,ORD825164,Automated migration
2022-10-12,Alternator,Electrical system,8,9315.93,389.29,74527.44,Retail Client,GCash,Completed,ORD825165,Automated migration
2022-10-12,Fuel Pump,Fuel system,7,5994.51,346.47,41961.57,Walk-in Customer,Bank Transfer,Completed,ORD825166,Automated migration
2022-10-12,Air Filter,Engine system,7,248.85,153.98,1741.95,Wholesale Client,Check,Completed,ORD825167,Automated migration
2022-10-12,Radiator,Cooling system,0,7528.58,0.0,0.0,Walk-in Customer,Cash,Completed,ORD825168,Automated migration
2022-10-12,Spark Plug,Ignition system,8,592.18,401.4,4737.44,Wholesale Client,GCash,Completed,ORD825169,Automated migration
2022-10-12,Battery,Electrical system,2,5418.15,11.17,10836.3,Walk-in Customer,Cash,Completed,ORD825170,Automated migration
2022-10-12,Spark Plug,Ignition system,0,191.96,0.0,0.0,Wholesale Client,Bank Transfer,Completed,ORD825171,Automated migration
2022-10-12,Brake Pad,Brake system,3,1392.6,132.14,4177.8,Wholesale Client,Check,Completed,ORD825172,Automated migration
2022-10-12,Alternator,Electrical system,8,10935.71,83.03,87485.68,Wholesale Client,Cash,Completed,ORD825173,Automated migration
2022-10-12,Air Filter,Engine system,0,249.15,0.0,0.0,Retail Client,Check,Completed,ORD825174,Automated migration
2022-10-12,Spark Plug,Ignition system,2,309.34,190.67,618.68,Walk-in Customer,Check,Completed,ORD825175,Automated migration
2022-10-13,Fuel Pump,Fuel system,3,4209.74,157.6,12629.22,Walk-in Customer,GCash,Completed,ORD825176,Automated migration
2022-10-13,Alternator,Electrical system,1,11108.1,128.92,11108.1,Walk-in Customer,Cash,Completed,ORD825177,Automated migration
2022-10-13,Oil Filter,Engine system,0,260.02,0.0,0.0,Retail Client,Check,Completed,ORD825178,Automated migration
2022-10-13,Shock Absorber,Suspension system,1,3115.31,201.01,3115.31,Walk-in Customer,GCash,Completed,ORD825179,Automated migration
2022-10-13,Air Filter,Engine system,5,374.23,88.27,1871.15,Walk-in Customer,Bank Transfer,Completed,ORD825180,Automated migration
2022-10-13,Brake Pad,Brake system,6,3003.6,218.87,18021.6,Retail Client,Bank Transfer,Completed,ORD825181,Automated migration
2022-10-13,Clutch Kit,Transmission system,4,11027.97,157.98,44111.88,Wholesale Client,Cash,Completed,ORD825182,Automated migration
2022-10-13,Battery,Electrical system,1,8816.6,156.34,8816.6,Walk-in Customer,Bank Transfer,Completed,ORD825183,Automated migration
2022-10-13,Brake Pad,Brake system,6,3021.84,42.64,18131.04,Wholesale Client,Bank Transfer,Completed,ORD825184,Automated migration
2022-10-13,Spark Plug,Ignition system,7,493.43,498.38,3454.01,Wholesale Client,GCash,Completed,ORD825185,Automated migration
2022-10-13,Clutch Kit,Transmission system,2,11478.53,312.43,22957.06,Retail Client,Cash,Completed,ORD825186,Automated migration
2022-10-13,Oil Filter,Engine system,4,341.87,91.49,1367.48,Retail Client,GCash,Completed,ORD825187,Automated migration
2022-10-14,Clutch Kit,Transmission system,5,10338.46,412.74,51692.3,Walk-in Customer,Cash,Completed,ORD825188,Automated migration
2022-10-14,Fuel Pump,Fuel system,2,4785.93,15.13,9571.86,Retail Client,Check,Completed,ORD825189,Automated migration
2022-10-14,Air Filter,Engine system,7,343.21,254.24,2402.47,Walk-in Customer,Check,Completed,ORD825190,Automated migration
2022-10-14,Fuel Pump,Fuel system,4,6047.63,411.22,24190.52,Retail Client,Bank Transfer,Completed,ORD825191,Automated migration
2022-10-14,Radiator,Cooling system,7,5954.04,241.21,41678.28,Wholesale Client,Bank Transfer,Completed,ORD825192,Automated migration
2022-10-14,Radiator,Cooling system,3,3203.54,213.57,9610.62,Retail Client,Cash,Completed,ORD825193,Automated migration
2022-10-14,Air Filter,Engine system,6,313.66,436.89,1881.96,Retail Client,Check,Completed,ORD825194,Automated migration
2022-10-14,Clutch Kit,Transmission system,6,6133.15,370.86,36798.9,Wholesale Client,Bank Transfer,Completed,ORD825195,Automated migration
2022-10-14,Spark Plug,Ignition system,7,358.19,113.93,2507.33,Walk-in Customer,Bank Transfer,Completed,ORD825196,Automated migration
2022-10-14,Battery,Electrical system,0,6914.05,0.0,0.0,Retail Client,Cash,Completed,ORD825197,Automated migration
2022-10-14,Radiator,Cooling system,0,5806.73,0.0,0.0,Wholesale Client,Bank Transfer,Completed,ORD825198,Automated migration
2022-10-14,Spark Plug,Ignition system,6,169.59,377.83,1017.54,Retail Client,GCash,Completed,ORD825199,Automated migration
2022-10-14,Radiator,Cooling system,7,3186.49,281.83,22305.43,Wholesale Client,GCash,Completed,ORD825200,Automated migration
2022-10-14,Alternator,Electrical system,7,8483.24,62.19,59382.68,Wholesale Client,Cash,Completed,ORD825201,Automated migration
2022-10-14,Brake Pad,Brake system,5,1335.05,412.62,6675.25,Walk-in Customer,Bank Transfer,Completed,ORD825202,Automated migration
2022-10-14,Oil Filter,Engine system,8,333.61,129.33,2668.88,Wholesale Client,GCash,Completed,ORD825203,Automated migration
2022-10-14,Clutch Kit,Transmission system,5,6397.65,462.32,31988.25,Wholesale Client,Cash,Completed,ORD825204,Automated migration
2022-10-15,Radiator,Cooling system,6,7355.45,168.06,44132.7,Wholesale Client,Bank Transfer,Completed,ORD825205,Automated migration
2022-10-15,Shock Absorber,Suspension system,8,5941.31,86.65,47530.48,Walk-in Customer,GCash,Completed,ORD825206,Automated migration
2022-10-15,Shock Absorber,Suspension system,4,5064.74,431.58,20258.96,Retail Client,Check,Completed,ORD825207,Automated migration
2022-10-15,Clutch Kit,Transmission system,3,6194.5,72.53,18583.5,Walk-in Customer,Bank Transfer,Completed,ORD825208,Automated migration
2022-10-15,Brake Pad,Brake system,3,2579.31,104.33,7737.93,Walk-in Customer,GCash,Completed,ORD825209,Automated migration
2022-10-15,Battery,Electrical system,1,6308.35,459.06,6308.35,Wholesale Client,Cash,Completed,ORD825210,Automated migration
2022-10-15,Air Filter,Engine system,4,345.68,194.72,1382.72,Walk-in Customer,Bank Transfer,Completed,ORD825211,Automated migration
2022-10-15,Alternator,Electrical system,2,9762.16,115.7,19524.32,Retail Client,Cash,Completed,ORD825212,Automated migration
2022-10-15,Fuel Pump,Fuel system,0,6719.75,0.0,0.0,Walk-in Customer,GCash,Completed,ORD825213,Automated migration
2022-10-15,Air Filter,Engine system,7,354.99,145.98,2484.93,Walk-in Customer,Bank Transfer,Completed,ORD825214,Automated migration
2022-10-15,Brake Pad,Brake system,8,3447.8,473.69,27582.4,Wholesale Client,Check,Completed,ORD825215,Automated migration
2022-10-15,Shock Absorber,Suspension system,4,2821.52,312.48,11286.08,Wholesale Client,Bank Transfer,Completed,ORD825216,Automated migration
2022-10-15,Spark Plug,Ignition system,7,237.09,393.77,1659.63,Walk-in Customer,Check,Completed,ORD825217,Automated migration
2022-10-15,Oil Filter,Engine system,6,292.43,289.23,1754.58,Retail Client,Bank Transfer,Completed,ORD825218,Automated migration
2022-10-15,Air Filter,Engine system,0,227.59,0.0,0.0,Retail Client,Check,Completed,ORD825219,Automated migration
2022-10-15,Brake Pad,Brake system,1,1792.16,447.02,1792.16,Walk-in Customer,Bank Transfer,Completed,ORD825220,Automated migration
2022-10-15,Oil Filter,Engine system,6,342.81,463.22,2056.86,Wholesale Client,GCash,Completed,ORD825221,Automated migration
2022-10-15,Alternator,Electrical system,5,11513.02,238.2,57565.1,Retail Client,Cash,Completed,ORD825222,Automated migration
2022-10-15,Brake Pad,Brake system,0,2488.72,0.0,0.0,Walk-in Customer,GCash,Completed,ORD825223,Automated migration
2022-10-15,Clutch Kit,Transmission system,7,6997.83,332.63,48984.81,Walk-in Customer,Bank Transfer,Completed,ORD825224,Automated migration
2022-10-15,Shock Absorber,Suspension system,3,5785.83,233.54,17357.49,Retail Client,Cash,Completed,ORD825225,Automated migration
2022-10-16,Shock Absorber,Suspension system,3,6000.9,137.58,18002.7,Retail Client,Bank Transfer,Completed,ORD825226,Automated migration
2022-10-16,Air Filter,Engine system,2,336.87,226.93,673.74,Wholesale Client,Cash,Completed,ORD825227,Automated migration
2022-10-16,Battery,Electrical system,8,7580.91,0.13,60647.28,Retail Client,Check,Completed,ORD825228,Automated migration
2022-10-16,Brake Pad,Brake system,0,2489.78,0.0,0.0,Walk-in Customer,Check,Completed,ORD825229,Automated migration
2022-10-16,Brake Pad,Brake system,1,2401.63,422.63,2401.63,Wholesale Client,Bank Transfer,Completed,ORD825230,Automated migration
2022-10-16,Spark Plug,Ignition system,5,406.61,386.21,2033.05,Retail Client,GCash,Completed,ORD825231,Automated migration
2022-10-16,Alternator,Electrical system,5,11053.46,453.47,55267.3,Walk-in Customer,Check,Completed,ORD825232,Automated migration
2022-10-16,Alternator,Electrical system,7,8803.89,394.78,61627.23,Retail Client,GCash,Completed,ORD825233,Automated migration
2022-10-16,Spark Plug,Ignition system,0,518.57,0.0,0.0,Walk-in Customer,Cash,Completed,ORD825234,Automated migration
2022-10-16,Air Filter,Engine system,4,387.79,232.43,1551.16,Retail Client,GCash,Completed,ORD825235,Automated migration
2022-10-16,Alternator,Electrical system,3,11663.78,23.54,34991.34,Walk-in Customer,Check,Completed,ORD825236,Automated migration
2022-10-16,Fuel Pump,Fuel system,8,5653.01,242.3,45224.08,Wholesale Client,Bank Transfer,Completed,ORD825237,Automated migration
2022-10-16,Oil Filter,Engine system,5,243.76,48.48,1218.8,Wholesale Client,Cash,Completed,ORD825238,Automated migration
2022-10-16,Oil Filter,Engine system,7,143.99,124.05,1007.93,Wholesale Client,Bank Transfer,Completed,ORD825239,Automated migration
2022-10-16,Brake Pad,Brake system,7,1609.36,214.62,11265.52,Wholesale Client,Cash,Completed,ORD825240,Automated migration
2022-10-16,Radiator,Cooling system,2,3236.16,396.61,6472.32,Retail Client,Bank Transfer,Completed,ORD825241,Automated migration
2022-10-16,Air Filter,Engine system,4,381.33,73.12,1525.32,Wholesale Client,Check,Completed,ORD825242,Automated migration
2022-10-16,Spark Plug,Ignition system,4,422.15,100.6,1688.6,Walk-in Customer,Bank Transfer,Completed,ORD825243,Automated migration
2022-10-16,Battery,Electrical system,6,6245.66,484.33,37473.96,Wholesale Client,Check,Completed,ORD825244,Automated migration
2022-10-16,Clutch Kit,Transmission system,5,9018.67,310.3,45093.35,Retail Client,Cash,Completed,ORD825245,Automated migration
2022-10-16,Battery,Electrical system,7,7205.53,489.17,50438.71,Wholesale Client,Cash,Completed,ORD825246,Automated migration
2022-10-17,Spark Plug,Ignition system,7,392.09,446.38,2744.63,Retail Client,Check,Completed,ORD825247,Automated migration
2022-10-17,Air Filter,Engine system,1,393.4,139.37,393.4,Retail Client,Cash,Completed,ORD825248,Automated migration
2022-10-17,Radiator,Cooling system,5,7054.73,298.82,35273.65,Retail Client,Bank Transfer,Completed,ORD825249,Automated migration
2022-10-17,Shock Absorber,Suspension system,8,2065.65,220.2,16525.2,Wholesale Client,Cash,Completed,ORD825250,Automated migration
2022-10-17,Oil Filter,Engine system,3,197.24,34.14,591.72,Walk-in Customer,Check,Completed,ORD825251,Automated migration
2022-10-17,Battery,Electrical system,2,8928.75,449.97,17857.5,Walk-in Customer,GCash,Completed,ORD825252,Automated migration
2022-10-17,Spark Plug,Ignition system,2,361.33,104.17,722.66,Wholesale Client,Check,Completed,ORD825253,Automated migration
2022-10-17,Brake Pad,Brake system,5,2095.6,241.88,10478.0,Retail Client,Cash,Completed,ORD825254,Automated migration
2022-10-17,Spark Plug,Ignition system,0,162.09,0.0,0.0,Wholesale Client,Check,Completed,ORD825255,Automated migration
2022-10-17,Oil Filter,Engine system,1,191.85,70.93,191.85,Wholesale Client,GCash,Completed,ORD825256,Automated migration
2022-10-17,Battery,Electrical system,6,4098.6,290.17,24591.6,Walk-in Customer,Cash,Completed,ORD825257,Automated migration
2022-10-17,Shock Absorber,Suspension system,8,2957.86,326.68,23662.88,Retail Client,GCash,Completed,ORD825258,Automated migration
2022-10-17,Spark Plug,Ignition system,4,182.93,455.11,731.72,Retail Client,Check,Completed,ORD825259,Automated migration
2022-10-17,Spark Plug,Ignition system,2,414.74,161.59,829.48,Walk-in Customer,Bank Transfer,Completed,ORD825260,Automated migration
2022-10-17,Shock Absorber,Suspension system,0,5313.65,0.0,0.0,Retail Client,Check,Completed,ORD825261,Automated migration
2022-10-17,Air Filter,Engine system,7,254.47,188.66,1781.29,Wholesale Client,GCash,Completed,ORD825262,Automated migration
2022-10-17,Shock Absorber,Suspension system,0,6467.9,0.0,0.0,Wholesale Client,Cash,Completed,ORD825263,Automated migration
2022-10-17,Radiator,Cooling system,4,4181.85,279.91,16727.4,Retail Client,Check,Completed,ORD825264,Automated migration
2022-10-17,Clutch Kit,Transmission system,7,8929.97,437.49,62509.79,Wholesale Client,Check,Completed,ORD825265,Automated migration
2022-10-17,Radiator,Cooling system,0,7434.32,0.0,0.0,Wholesale Client,Bank Transfer,Completed,ORD825266,Automated migration
2022-10-17,Battery,Electrical system,1,6617.62,145.23,6617.62,Walk-in Customer,Check,Completed,ORD825267,Automated migration
2022-10-18,Radiator,Cooling system,2,5934.2,180.77,11868.4,Retail Client,Cash,Completed,ORD825268,Automated migration
2022-10-18,Alternator,Electrical system,8,9502.85,86.56,76022.8,Retail Client,Bank Transfer,Completed,ORD825269,Automated migration
2022-10-18,Alternator,Electrical system,2,7681.76,356.88,15363.52,Walk-in Customer,GCash,Completed,ORD825270,Automated migration
2022-10-18,Fuel Pump,Fuel system,0,2564.34,0.0,0.0,Walk-in Customer,Cash,Completed,ORD825271,Automated migration
2022-10-18,Brake Pad,Brake system,0,1865.78,0.0,0.0,Wholesale Client,Bank Transfer,Completed,ORD825272,Automated migration
2022-10-18,Battery,Electrical system,7,8618.31,241.49,60328.17,Wholesale Client,Bank Transfer,Completed,ORD825273,Automated migration
2022-10-18,Shock Absorber,Suspension system,6,3757.64,148.35,22545.84,Wholesale Client,GCash,Completed,ORD825274,Automated migration
2022-10-18,Alternator,Electrical system,6,10428.11,369.29,62568.66,Wholesale Client,Check,Completed,ORD825275,Automated migration
2022-10-18,Shock Absorber,Suspension system,7,5383.26,199.75,37682.82,Wholesale Client,Check,Completed,ORD825276,Automated migration
2022-10-18,Battery,Electrical system,6,8306.64,240.33,49839.84,Wholesale Client,Cash,Completed,ORD825277,Automated migration
2022-10-18,Brake Pad,Brake system,0,2350.31,0.0,0.0,Walk-in Customer,Bank Transfer,Completed,ORD825278,Automated migration
2022-10-18,Oil Filter,Engine system,6,177.71,440.23,1066.26,Retail Client,Cash,Completed,ORD825279,Automated migration
2022-10-18,Fuel Pump,Fuel system,0,3793.83,0.0,0.0,Walk-in Customer,Check,Completed,ORD825280,Automated migration
2022-10-19,Clutch Kit,Transmission system,8,9388.86,71.8,75110.88,Wholesale Client,Bank Transfer,Completed,ORD825281,Automated migration
2022-10-19,Brake Pad,Brake system,2,1211.38,38.5,2422.76,Walk-in Customer,Bank Transfer,Completed,ORD825282,Automated migration
2022-10-19,Battery,Electrical system,2,6974.56,268.1,13949.12,Walk-in Customer,GCash,Completed,ORD825283,Automated migration
2022-10-19,Radiator,Cooling system,0,3370.22,0.0,0.0,Wholesale Client,GCash,Completed,ORD825284,Automated migration
2022-10-19,Battery,Electrical system,6,5010.85,18.71,30065.1,Retail Client,Cash,Completed,ORD825285,Automated migration
2022-10-19,Spark Plug,Ignition system,0,237.29,0.0,0.0,Walk-in Customer,GCash,Completed,ORD825286,Automated migration
2022-10-19,Spark Plug,Ignition system,0,553.58,0.0,0.0,Retail Client,Cash,Completed,ORD825287,Automated migration
2022-10-19,Air Filter,Engine system,6,270.73,250.88,1624.38,Wholesale Client,Bank Transfer,Completed,ORD825288,Automated migration
2022-10-19,Fuel Pump,Fuel system,5,3100.43,144.77,15502.15,Retail Client,Check,Completed,ORD825289,Automated migration
2022-10-19,Fuel Pump,Fuel system,1,3744.16,206.03,3744.16,Wholesale Client,Bank Transfer,Completed,ORD825290,Automated migration
2022-10-19,Shock Absorber,Suspension system,8,2950.04,36.43,23600.32,Wholesale Client,GCash,Completed,ORD825291,Automated migration
2022-10-19,Alternator,Electrical system,3,8640.89,484.44,25922.67,Wholesale Client,Check,Completed,ORD825292,Automated migration
2022-10-19,Spark Plug,Ignition system,8,470.42,287.58,3763.36,Walk-in Customer,Check,Completed,ORD825293,Automated migration
2022-10-19,Alternator,Electrical system,7,10266.63,461.71,71866.41,Wholesale Client,Check,Completed,ORD825294,Automated migration
2022-10-19,Alternator,Electrical system,1,10874.57,458.06,10874.57,Wholesale Client,GCash,Completed,ORD825295,Automated migration
2022-10-19,Battery,Electrical system,4,7169.1,210.45,28676.4,Retail Client,GCash,Completed,ORD825296,Automated migration
2022-10-19,Clutch Kit,Transmission system,4,6236.49,262.61,24945.96,Wholesale Client,Cash,Completed,ORD825297,Automated migration
2022-10-19,Oil Filter,Engine system,7,147.81,240.69,1034.67,Walk-in Customer,Cash,Completed,ORD825298,Automated migration
2022-10-19,Air Filter,Engine system,2,331.0,465.27,662.0,Wholesale Client,Cash,Completed,ORD825299,Automated migration
2022-10-19,Oil Filter,Engine system,5,314.02,370.6,1570.1,Retail Client,Cash,Completed,ORD825300,Automated migration
2022-10-19,Clutch Kit,Transmission system,7,6429.61,457.55,45007.27,Retail Client,Bank Transfer,Completed,ORD825301,Automated migration
2022-10-20,Air Filter,Engine system,4,379.81,365.5,1519.24,Wholesale Client,GCash,Completed,ORD825302,Automated migration
2022-10-20,Radiator,Cooling system,6,7131.77,75.25,42790.62,Retail Client,Check,Completed,ORD825303,Automated migration
2022-10-20,Battery,Electrical system,6,5085.33,396.0,30511.98,Walk-in Customer,GCash,Completed,ORD825304,Automated migration
2022-10-20,Air Filter,Engine system,8,231.13,94.31,1849.04,Retail Client,Check,Completed,ORD825305,Automated migration
2022-10-20,Fuel Pump,Fuel system,3,5531.18,45.67,16593.54,Wholesale Client,Cash,Completed,ORD825306,Automated migration
2022-10-20,Air Filter,Engine system,7,262.78,472.2,1839.46,Walk-in Customer,Bank Transfer,Completed,ORD825307,Automated migration
2022-10-20,Radiator,Cooling system,2,3367.73,442.07,6735.46,Walk-in Customer,Bank Transfer,Completed,ORD825308,Automated migration
2022-10-20,Fuel Pump,Fuel system,0,4695.37,0.0,0.0,Wholesale Client,Cash,Completed,ORD825309,Automated migration
2022-10-20,Spark Plug,Ignition system,2,381.97,427.48,763.94,Walk-in Customer,Check,Completed,ORD825310,Automated migration
2022-10-20,Brake Pad,Brake system,4,1820.61,151.14,7282.44,Retail Client,Cash,Completed,ORD825311,Automated migration
2022-10-20,Oil Filter,Engine system,0,217.01,0.0,0.0,Retail Client,GCash,Completed,ORD825312,Automated migration
2022-10-20,Fuel Pump,Fuel system,3,6724.16,64.61,20172.48,Wholesale Client,Check,Completed,ORD825313,Automated migration
2022-10-20,Shock Absorber,Suspension system,6,3595.7,128.63,21574.2,Wholesale Client,Cash,Completed,ORD825314,Automated migration
2022-10-20,Brake Pad,Brake system,7,2021.03,473.51,14147.21,Wholesale Client,Bank Transfer,Completed,ORD825315,Automated migration
2022-10-20,Clutch Kit,Transmission system,1,7592.9,468.8,7592.9,Retail Client,Check,Completed,ORD825316,Automated migration
2022-10-20,Battery,Electrical system,1,5697.93,341.67,5697.93,Walk-in Customer,GCash,Completed,ORD825317,Automated migration
2022-10-20,Oil Filter,Engine system,4,144.81,353.9,579.24,Retail Client,Cash,Completed,ORD825318,Automated migration
2022-10-20,Air Filter,Engine system,1,241.54,127.34,241.54,Retail Client,GCash,Completed,ORD825319,Automated migration
2022-10-20,Battery,Electrical system,2,6362.75,427.34,12725.5,Walk-in Customer,Bank Transfer,Completed,ORD825320,Automated migration
2022-10-20,Radiator,Cooling system,7,5838.93,107.61,40872.51,Walk-in Customer,Cash,Completed,ORD825321,Automated migration
2022-10-20,Oil Filter,Engine system,0,155.26,0.0,0.0,Retail Client,Cash,Completed,ORD825322,Automated migration
2022-10-21,Fuel Pump,Fuel system,3,5053.12,393.76,15159.36,Wholesale Client,Check,Completed,ORD825323,Automated migration
2022-10-21,Radiator,Cooling system,2,3505.65,369.7,7011.3,Wholesale Client,GCash,Completed,ORD825324,Automated migration
2022-10-21,Air Filter,Engine system,6,371.27,360.82,2227.62,Wholesale Client,Cash,Completed,ORD825325,Automated migration
2022-10-21,Air Filter,Engine system,4,366.83,94.79,1467.32,Wholesale Client,GCash,Completed,ORD825326,Automated migration
2022-10-21,Radiator,Cooling system,4,4505.88,411.86,18023.52,Walk-in Customer,Check,Completed,ORD825327,Automated migration
2022-10-21,Radiator,Cooling system,2,3937.86,380.07,7875.72,Walk-in Customer,Cash,Completed,ORD825328,Automated migration
2022-10-21,Shock Absorber,Suspension system,2,2743.18,444.6,5486.36,Wholesale Client,Check,Completed,ORD825329,Automated migration
2022-10-21,Fuel Pump,Fuel system,2,4578.17,23.48,9156.34,Walk-in Customer,Check,Completed,ORD825330,Automated migration
2022-10-21,Shock Absorber,Suspension system,1,2253.7,458.0,2253.7,Retail Client,Bank Transfer,Completed,ORD825331,Automated migration
2022-10-21,Air Filter,Engine system,0,208.72,0.0,0.0,Retail Client,Cash,Completed,ORD825332,Automated migration
2022-10-21,Spark Plug,Ignition system,2,303.95,365.44,607.9,Wholesale Client,Check,Completed,ORD825333,Automated migration
2022-10-21,Fuel Pump,Fuel system,4,4311.19,275.76,17244.76,Retail Client,Check,Completed,ORD825334,Automated migration
2022-10-21,Clutch Kit,Transmission system,4,13675.34,327.11,54701.36,Retail Client,Bank Transfer,Completed,ORD825335,Automated migration
2022-10-21,Battery,Electrical system,3,5101.1,355.87,15303.3,Wholesale Client,Bank Transfer,Completed,ORD825336,Automated migration
2022-10-21,Clutch Kit,Transmission system,4,13444.47,385.61,53777.88,Wholesale Client,Bank Transfer,Completed,ORD825337,Automated migration
2022-10-21,Spark Plug,Ignition system,5,204.49,156.3,1022.45,Retail Client,Bank Transfer,Completed,ORD825338,Automated migration
2022-10-21,Clutch Kit,Transmission system,5,5974.03,364.54,29870.15,Wholesale Client,Check,Completed,ORD825339,Automated migration
2022-10-21,Fuel Pump,Fuel system,5,6609.04,204.19,33045.2,Wholesale Client,Cash,Completed,ORD825340,Automated migration
2022-10-21,Spark Plug,Ignition system,3,351.47,157.39,1054.41,Retail Client,Check,Completed,ORD825341,Automated migration
2022-10-22,Radiator,Cooling system,2,3529.65,281.98,7059.3,Retail Client,GCash,Completed,ORD825342,Automated migration
2022-10-22,Alternator,Electrical system,4,8692.56,239.98,34770.24,Walk-in Customer,Bank Transfer,Completed,ORD825343,Automated migration
2022-10-22,Shock Absorber,Suspension system,2,3034.33,198.25,6068.66,Retail Client,Bank Transfer,Completed,ORD825344,Automated migration
2022-10-22,Radiator,Cooling system,2,8614.28,153.44,17228.56,Retail Client,GCash,Completed,ORD825345,Automated migration
2022-10-22,Air Filter,Engine system,8,215.5,395.04,1724.0,Retail Client,GCash,Completed,ORD825346,Automated migration
2022-10-22,Alternator,Electrical system,0,10099.67,0.0,0.0,Retail Client,Bank Transfer,Completed,ORD825347,Automated migration
2022-10-22,Radiator,Cooling system,3,6636.66,83.1,19909.98,Walk-in Customer,Bank Transfer,Completed,ORD825348,Automated migration
2022-10-22,Alternator,Electrical system,4,9838.83,448.88,39355.32,Walk-in Customer,Bank Transfer,Completed,ORD825349,Automated migration
2022-10-22,Shock Absorber,Suspension system,6,5045.92,333.81,30275.52,Wholesale Client,GCash,Completed,ORD825350,Automated migration
2022-10-22,Clutch Kit,Transmission system,7,9846.47,106.21,68925.29,Walk-in Customer,Bank Transfer,Completed,ORD825351,Automated migration
2022-10-22,Battery,Electrical system,7,7435.19,12.02,52046.33,Wholesale Client,GCash,Completed,ORD825352,Automated migration
2022-10-22,Radiator,Cooling system,6,5585.65,196.07,33513.9,Walk-in Customer,Bank Transfer,Completed,ORD825353,Automated migration
2022-10-22,Battery,Electrical system,0,7400.04,0.0,0.0,Walk-in Customer,Bank Transfer,Completed,ORD825354,Automated migration
2022-10-22,Clutch Kit,Transmission system,6,9550.03,439.4,57300.18,Walk-in Customer,Bank Transfer,Completed,ORD825355,Automated migration
2022-10-22,Clutch Kit,Transmission system,5,8018.51,90.38,40092.55,Walk-in Customer,Check,Completed,ORD825356,Automated migration
2022-10-22,Oil Filter,Engine system,7,298.19,188.5,2087.33,Walk-in Customer,GCash,Completed,ORD825357,Automated migration
2022-10-22,Brake Pad,Brake system,5,2230.23,407.31,11151.15,Wholesale Client,GCash,Completed,ORD825358,Automated migration
2022-10-22,Battery,Electrical system,8,8100.19,302.87,64801.52,Retail Client,Check,Completed,ORD825359,Automated migration
2022-10-22,Radiator,Cooling system,7,4061.01,390.48,28427.07,Walk-in Customer,GCash,Completed,ORD825360,Automated migration
2022-10-22,Radiator,Cooling system,6,5497.13,52.68,32982.78,Wholesale Client,Cash,Completed,ORD825361,Automated migration
2022-10-23,Battery,Electrical system,1,6734.23,490.16,6734.23,Walk-in Customer,Check,Completed,ORD825362,Automated migration
2022-10-23,Clutch Kit,Transmission system,8,8475.02,369.41,67800.16,Walk-in Customer,Check,Completed,ORD825363,Automated migration
2022-10-23,Radiator,Cooling system,4,6624.43,492.49,26497.72,Retail Client,GCash,Completed,ORD825364,Automated migration
2022-10-23,Alternator,Electrical system,8,11785.38,310.79,94283.04,Wholesale Client,Check,Completed,ORD825365,Automated migration
2022-10-23,Spark Plug,Ignition system,4,272.88,425.05,1091.52,Walk-in Customer,GCash,Completed,ORD825366,Automated migration
2022-10-23,Alternator,Electrical system,8,8237.87,13.83,65902.96,Wholesale Client,GCash,Completed,ORD825367,Automated migration
2022-10-23,Shock Absorber,Suspension system,6,4635.28,402.25,27811.68,Walk-in Customer,GCash,Completed,ORD825368,Automated migration
2022-10-23,Shock Absorber,Suspension system,3,4842.37,304.96,14527.11,Retail Client,Cash,Completed,ORD825369,Automated migration
2022-10-23,Brake Pad,Brake system,0,1376.59,0.0,0.0,Retail Client,Cash,Completed,ORD825370,Automated migration
2022-10-23,Brake Pad,Brake system,0,1213.58,0.0,0.0,Retail Client,GCash,Completed,ORD825371,Automated migration
2022-10-23,Fuel Pump,Fuel system,2,3473.12,464.09,6946.24,Retail Client,Check,Completed,ORD825372,Automated migration
2022-10-23,Alternator,Electrical system,4,10840.12,296.82,43360.48,Retail Client,Cash,Completed,ORD825373,Automated migration
2022-10-23,Shock Absorber,Suspension system,0,2826.16,0.0,0.0,Retail Client,Check,Completed,ORD825374,Automated migration
2022-10-23,Brake Pad,Brake system,0,3117.61,0.0,0.0,Retail Client,Bank Transfer,Completed,ORD825375,Automated migration
2022-10-23,Spark Plug,Ignition system,1,448.39,228.25,448.39,Walk-in Customer,Bank Transfer,Completed,ORD825376,Automated migration
2022-10-23,Oil Filter,Engine system,0,101.95,0.0,0.0,Retail Client,Cash,Completed,ORD825377,Automated migration
2022-10-23,Shock Absorber,Suspension system,6,5909.69,421.45,35458.14,Retail Client,GCash,Completed,ORD825378,Automated migration
2022-10-23,Radiator,Cooling system,8,4430.75,495.59,35446.0,Walk-in Customer,Check,Completed,ORD825379,Automated migration
2022-10-23,Fuel Pump,Fuel system,1,3906.77,359.39,3906.77,Wholesale Client,Check,Completed,ORD825380,Automated migration
2022-10-23,Alternator,Electrical system,7,11881.84,29.29,83172.88,Walk-in Customer,Check,Completed,ORD825381,Automated migration
2022-10-23,Brake Pad,Brake system,7,1523.45,483.68,10664.15,Retail Client,Bank Transfer,Completed,ORD825382,Automated migration
2022-10-24,Oil Filter,Engine system,3,264.2,366.39,792.6,Walk-in Customer,Cash,Completed,ORD825383,Automated migration
2022-10-24,Radiator,Cooling system,1,4072.33,102.45,4072.33,Retail Client,Check,Completed,ORD825384,Automated migration
2022-10-24,Air Filter,Engine system,5,372.22,435.22,1861.1,Retail Client,GCash,Completed,ORD825385,Automated migration
2022-10-24,Alternator,Electrical system,8,8167.18,341.62,65337.44,Wholesale Client,GCash,Completed,ORD825386,Automated migration
2022-10-24,Battery,Electrical system,2,5804.73,327.77,11609.46,Retail Client,GCash,Completed,ORD825387,Automated migration
2022-10-24,Spark Plug,Ignition system,1,194.43,233.66,194.43,Wholesale Client,Bank Transfer,Completed,ORD825388,Automated migration
2022-10-24,Clutch Kit,Transmission system,3,6507.19,193.14,19521.57,Walk-in Customer,Cash,Completed,ORD825389,Automated migration
2022-10-24,Alternator,Electrical system,6,9229.67,55.41,55378.02,Wholesale Client,Check,Completed,ORD825390,Automated migration
2022-10-24,Brake Pad,Brake system,0,1612.89,0.0,0.0,Retail Client,Bank Transfer,Completed,ORD825391,Automated migration
2022-10-24,Clutch Kit,Transmission system,6,12872.06,377.01,77232.36,Wholesale Client,Check,Completed,ORD825392,Automated migration
2022-10-24,Air Filter,Engine system,2,234.22,307.4,468.44,Wholesale Client,Cash,Completed,ORD825393,Automated migration
2022-10-24,Fuel Pump,Fuel system,3,5383.22,11.58,16149.66,Walk-in Customer,Cash,Completed,ORD825394,Automated migration
2022-10-25,Spark Plug,Ignition system,1,423.75,140.51,423.75,Retail Client,Cash,Completed,ORD825395,Automated migration
2022-10-25,Air Filter,Engine system,7,264.47,159.86,1851.29,Walk-in Customer,Bank Transfer,Completed,ORD825396,Automated migration
2022-10-25,Brake Pad,Brake system,8,1869.79,464.54,14958.32,Wholesale Client,Cash,Completed,ORD825397,Automated migration
2022-10-25,Shock Absorber,Suspension system,8,3127.27,226.04,25018.16,Wholesale Client,Cash,Completed,ORD825398,Automated migration
2022-10-25,Clutch Kit,Transmission system,3,13965.7,325.21,41897.1,Wholesale Client,Bank Transfer,Completed,ORD825399,Automated migration
2022-10-25,Air Filter,Engine system,5,386.75,116.15,1933.75,Wholesale Client,Cash,Completed,ORD825400,Automated migration
2022-10-25,Shock Absorber,Suspension system,2,3988.4,227.28,7976.8,Walk-in Customer,Check,Completed,ORD825401,Automated migration
2022-10-25,Brake Pad,Brake system,8,1631.02,12.9,13048.16,Walk-in Customer,GCash,Completed,ORD825402,Automated migration
2022-10-25,Air Filter,Engine system,5,221.59,375.7,1107.95,Retail Client,GCash,Completed,ORD825403,Automated migration
2022-10-25,Air Filter,Engine system,6,379.08,424.92,2274.48,Walk-in Customer,Cash,Completed,ORD825404,Automated migration
2022-10-25,Oil Filter,Engine system,0,190.97,0.0,0.0,Retail Client,Bank Transfer,Completed,ORD825405,Automated migration
2022-10-25,Battery,Electrical system,5,4321.08,337.2,21605.4,Walk-in Customer,Bank Transfer,Completed,ORD825406,Automated migration
2022-10-25,Alternator,Electrical system,1,9304.44,334.15,9304.44,Wholesale Client,Bank Transfer,Completed,ORD825407,Automated migration
2022-10-25,Oil Filter,Engine system,6,328.09,278.08,1968.54,Retail Client,Cash,Completed,ORD825408,Automated migration
2022-10-25,Radiator,Cooling system,0,5686.99,0.0,0.0,Walk-in Customer,Cash,Completed,ORD825409,Automated migration
2022-10-25,Radiator,Cooling system,8,7108.44,470.02,56867.52,Walk-in Customer,Cash,Completed,ORD825410,Automated migration
2022-10-25,Alternator,Electrical system,1,11983.97,474.42,11983.97,Wholesale Client,Bank Transfer,Completed,ORD825411,Automated migration
2022-10-25,Shock Absorber,Suspension system,6,4091.25,208.05,24547.5,Retail Client,Bank Transfer,Completed,ORD825412,Automated migration
2022-10-25,Radiator,Cooling system,6,7426.76,48.22,44560.56,Retail Client,GCash,Completed,ORD825413,Automated migration
2022-10-25,Shock Absorber,Suspension system,6,3378.91,37.55,20273.46,Wholesale Client,Check,Completed,ORD825414,Automated migration
2022-10-25,Brake Pad,Brake system,2,2730.61,277.56,5461.22,Wholesale Client,Bank Transfer,Completed,ORD825415,Automated migration
2022-10-25,Radiator,Cooling system,7,6028.81,81.08,42201.67,Wholesale Client,GCash,Completed,ORD825416,Automated migration
2022-10-25,Spark Plug,Ignition system,2,176.69,458.7,353.38,Walk-in Customer,GCash,Completed,ORD825417,Automated migration
2022-10-25,Clutch Kit,Transmission system,8,9268.71,117.86,74149.68,Walk-in Customer,Check,Completed,ORD825418,Automated migration
2022-10-26,Brake Pad,Brake system,3,1694.41,362.38,5083.23,Walk-in Customer,Check,Completed,ORD825419,Automated migration
2022-10-26,Brake Pad,Brake system,4,1269.03,407.79,5076.12,Retail Client,Check,Completed,ORD825420,Automated migration
2022-10-26,Spark Plug,Ignition system,8,288.75,192.06,2310.0,Walk-in Customer,Bank Transfer,Completed,ORD825421,Automated migration
2022-10-26,Brake Pad,Brake system,7,1771.46,278.62,12400.22,Wholesale Client,Check,Completed,ORD825422,Automated migration
2022-10-26,Brake Pad,Brake system,3,2586.46,276.54,7759.38,Walk-in Customer,Check,Completed,ORD825423,Automated migration
2022-10-26,Battery,Electrical system,2,7945.17,77.76,15890.34,Retail Client,Bank Transfer,Completed,ORD825424,Automated migration
2022-10-26,Spark Plug,Ignition system,4,552.73,469.54,2210.92,Walk-in Customer,GCash,Completed,ORD825425,Automated migration
2022-10-26,Alternator,Electrical system,6,9120.63,122.92,54723.78,Retail Client,Cash,Completed,ORD825426,Automated migration
2022-10-26,Brake Pad,Brake system,1,2061.12,344.86,2061.12,Wholesale Client,Bank Transfer,Completed,ORD825427,Automated migration
2022-10-26,Battery,Electrical system,3,6005.76,399.86,18017.28,Walk-in Customer,Check,Completed,ORD825428,Automated migration
2022-10-26,Spark Plug,Ignition system,3,314.0,16.08,942.0,Wholesale Client,Bank Transfer,Completed,ORD825429,Automated migration
2022-10-26,Fuel Pump,Fuel system,1,5830.88,442.01,5830.88,Wholesale Client,GCash,Completed,ORD825430,Automated migration
2022-10-26,Radiator,Cooling system,2,3504.32,52.63,7008.64,Wholesale Client,Bank Transfer,Completed,ORD825431,Automated migration
2022-10-26,Radiator,Cooling system,5,5868.31,144.41,29341.55,Retail Client,Bank Transfer,Completed,ORD825432,Automated migration
2022-10-26,Radiator,Cooling system,6,4425.82,54.83,26554.92,Wholesale Client,Cash,Completed,ORD825433,Automated migration
2022-10-26,Oil Filter,Engine system,1,130.75,454.93,130.75,Wholesale Client,Check,Completed,ORD825434,Automated migration
2022-10-26,Radiator,Cooling system,6,4729.64,293.32,28377.84,Walk-in Customer,Check,Completed,ORD825435,Automated migration
2022-10-26,Radiator,Cooling system,7,7370.64,161.6,51594.48,Walk-in Customer,Check,Completed,ORD825436,Automated migration
2022-10-26,Oil Filter,Engine system,1,190.03,427.03,190.03,Retail Client,Check,Completed,ORD825437,Automated migration
2022-10-27,Alternator,Electrical system,4,8842.92,471.93,35371.68,Retail Client,GCash,Completed,ORD825438,Automated migration
2022-10-27,Shock Absorber,Suspension system,2,6128.31,448.84,12256.62,Retail Client,Bank Transfer,Completed,ORD825439,Automated migration
2022-10-27,Clutch Kit,Transmission system,2,7340.68,370.08,14681.36,Retail Client,Cash,Completed,ORD825440,Automated migration
2022-10-27,Brake Pad,Brake system,4,2130.35,149.93,8521.4,Retail Client,Check,Completed,ORD825441,Automated migration
2022-10-27,Brake Pad,Brake system,4,1672.85,23.72,6691.4,Walk-in Customer,Cash,Completed,ORD825442,Automated migration
2022-10-27,Battery,Electrical system,0,6128.87,0.0,0.0,Walk-in Customer,Check,Completed,ORD825443,Automated migration
2022-10-27,Air Filter,Engine system,6,361.8,297.47,2170.8,Wholesale Client,GCash,Completed,ORD825444,Automated migration
2022-10-27,Radiator,Cooling system,1,8285.71,73.52,8285.71,Retail Client,Check,Completed,ORD825445,Automated migration
2022-10-27,Battery,Electrical system,5,4044.77,38.76,20223.85,Wholesale Client,Check,Completed,ORD825446,Automated migration
2022-10-27,Fuel Pump,Fuel system,0,2960.69,0.0,0.0,Retail Client,Bank Transfer,Completed,ORD825447,Automated migration
2022-10-27,Brake Pad,Brake system,3,1387.21,22.05,4161.63,Wholesale Client,Cash,Completed,ORD825448,Automated migration
2022-10-27,Shock Absorber,Suspension system,2,4510.65,405.68,9021.3,Walk-in Customer,Check,Completed,ORD825449,Automated migration
2022-10-27,Brake Pad,Brake system,1,3328.66,30.04,3328.66,Wholesale Client,Cash,Completed,ORD825450,Automated migration
2022-10-27,Oil Filter,Engine system,8,173.84,185.96,1390.72,Wholesale Client,Check,Completed,ORD825451,Automated migration
2022-10-27,Oil Filter,Engine system,7,226.31,130.63,1584.17,Retail Client,Cash,Completed,ORD825452,Automated migration
2022-10-27,Radiator,Cooling system,1,4669.59,134.84,4669.59,Wholesale Client,Check,Completed,ORD825453,Automated migration
2022-10-27,Shock Absorber,Suspension system,3,5789.85,84.79,17369.55,Walk-in Customer,Check,Completed,ORD825454,Automated migration
2022-10-27,Fuel Pump,Fuel system,5,3263.46,352.32,16317.3,Wholesale Client,Bank Transfer,Completed,ORD825455,Automated migration
2022-10-27,Fuel Pump,Fuel system,7,5638.88,106.67,39472.16,Wholesale Client,GCash,Completed,ORD825456,Automated migration
2022-10-27,Air Filter,Engine system,5,262.88,238.93,1314.4,Wholesale Client,GCash,Completed,ORD825457,Automated migration
2022-10-27,Shock Absorber,Suspension system,6,2071.41,155.94,12428.46,Walk-in Customer,Cash,Completed,ORD825458,Automated migration
2022-10-27,Fuel Pump,Fuel system,3,5223.6,364.88,15670.8,Walk-in Customer,Cash,Completed,ORD825459,Automated migration
2022-10-27,Air Filter,Engine system,4,363.46,114.94,1453.84,Retail Client,GCash,Completed,ORD825460,Automated migration
2022-10-27,Battery,Electrical system,0,8372.86,0.0,0.0,Walk-in Customer,Bank Transfer,Completed,ORD825461,Automated migration
2022-10-28,Battery,Electrical system,6,7583.44,427.3,45500.64,Wholesale Client,GCash,Completed,ORD825462,Automated migration
2022-10-28,Radiator,Cooling system,7,8443.21,196.4,59102.47,Wholesale Client,Bank Transfer,Completed,ORD825463,Automated migration
2022-10-28,Brake Pad,Brake system,1,1330.96,250.2,1330.96,Retail Client,Check,Completed,ORD825464,Automated migration
2022-10-28,Brake Pad,Brake system,6,1914.84,327.7,11489.04,Retail Client,Cash,Completed,ORD825465,Automated migration
2022-10-28,Radiator,Cooling system,5,6494.57,30.44,32472.85,Wholesale Client,GCash,Completed,ORD825466,Automated migration
2022-10-28,Battery,Electrical system,5,5202.01,78.74,26010.05,Wholesale Client,GCash,Completed,ORD825467,Automated migration
2022-10-28,Shock Absorber,Suspension system,5,2171.3,223.63,10856.5,Wholesale Client,Bank Transfer,Completed,ORD825468,Automated migration
2022-10-28,Shock Absorber,Suspension system,3,4186.28,429.86,12558.84,Walk-in Customer,Bank Transfer,Completed,ORD825469,Automated migration
2022-10-28,Fuel Pump,Fuel system,1,3267.09,471.58,3267.09,Walk-in Customer,Bank Transfer,Completed,ORD825470,Automated migration
2022-10-28,Shock Absorber,Suspension system,0,2370.31,0.0,0.0,Wholesale Client,Bank Transfer,Completed,ORD825471,Automated migration
2022-10-28,Brake Pad,Brake system,7,2554.67,317.27,17882.69,Retail Client,Bank Transfer,Completed,ORD825472,Automated migration
2022-10-28,Fuel Pump,Fuel system,2,3440.62,312.09,6881.24,Wholesale Client,Bank Transfer,Completed,ORD825473,Automated migration
2022-10-28,Brake Pad,Brake system,0,3085.85,0.0,0.0,Walk-in Customer,Bank Transfer,Completed,ORD825474,Automated migration
2022-10-28,Air Filter,Engine system,7,200.18,280.14,1401.26,Retail Client,Bank Transfer,Completed,ORD825475,Automated migration
2022-10-28,Brake Pad,Brake system,4,1530.05,282.12,6120.2,Wholesale Client,Check,Completed,ORD825476,Automated migration
2022-10-28,Spark Plug,Ignition system,8,303.32,353.58,2426.56,Retail Client,Check,Completed,ORD825477,Automated migration
2022-10-28,Spark Plug,Ignition system,5,222.46,142.16,1112.3,Retail Client,Bank Transfer,Completed,ORD825478,Automated migration
2022-10-28,Battery,Electrical system,2,4108.83,29.78,8217.66,Wholesale Client,GCash,Completed,ORD825479,Automated migration
2022-10-28,Battery,Electrical system,3,5022.47,442.57,15067.41,Retail Client,Cash,Completed,ORD825480,Automated migration
2022-10-28,Clutch Kit,Transmission system,7,6699.7,71.96,46897.9,Retail Client,Check,Completed,ORD825481,Automated migration
2022-10-28,Oil Filter,Engine system,3,264.75,345.77,794.25,Retail Client,Bank Transfer,Completed,ORD825482,Automated migration
2022-10-29,Oil Filter,Engine system,1,220.24,402.22,220.24,Wholesale Client,Cash,Completed,ORD825483,Automated migration
2022-10-29,Spark Plug,Ignition system,3,177.52,407.6,532.56,Wholesale Client,Bank Transfer,Completed,ORD825484,Automated migration
2022-10-29,Clutch Kit,Transmission system,4,7248.21,326.35,28992.84,Wholesale Client,Cash,Completed,ORD825485,Automated migration
2022-10-29,Air Filter,Engine system,3,217.43,235.61,652.29,Walk-in Customer,Cash,Completed,ORD825486,Automated migration
2022-10-29,Alternator,Electrical system,0,9901.76,0.0,0.0,Wholesale Client,Check,Completed,ORD825487,Automated migration
2022-10-29,Shock Absorber,Suspension system,7,5524.05,227.46,38668.35,Wholesale Client,Bank Transfer,Completed,ORD825488,Automated migration
2022-10-29,Battery,Electrical system,4,5785.4,149.4,23141.6,Walk-in Customer,Cash,Completed,ORD825489,Automated migration
2022-10-29,Radiator,Cooling system,8,3664.96,165.41,29319.68,Walk-in Customer,Bank Transfer,Completed,ORD825490,Automated migration
2022-10-29,Fuel Pump,Fuel system,1,2985.45,25.26,2985.45,Wholesale Client,GCash,Completed,ORD825491,Automated migration
2022-10-29,Fuel Pump,Fuel system,3,3557.68,24.66,10673.04,Walk-in Customer,GCash,Completed,ORD825492,Automated migration
2022-10-29,Spark Plug,Ignition system,3,443.76,439.39,1331.28,Retail Client,Bank Transfer,Completed,ORD825493,Automated migration
2022-10-29,Radiator,Cooling system,8,4889.41,373.36,39115.28,Retail Client,Check,Completed,ORD825494,Automated migration
2022-10-29,Brake Pad,Brake system,6,1775.92,216.08,10655.52,Wholesale Client,Cash,Completed,ORD825495,Automated migration
2022-10-29,Shock Absorber,Suspension system,4,5227.86,159.91,20911.44,Retail Client,Bank Transfer,Completed,ORD825496,Automated migration
2022-10-29,Clutch Kit,Transmission system,7,8932.81,53.68,62529.67,Wholesale Client,Bank Transfer,Completed,ORD825497,Automated migration
2022-10-29,Radiator,Cooling system,2,5719.0,439.38,11438.0,Walk-in Customer,Check,Completed,ORD825498,Automated migration
2022-10-29,Air Filter,Engine system,2,316.63,26.84,633.26,Walk-in Customer,Bank Transfer,Completed,ORD825499,Automated migration
2022-10-29,Brake Pad,Brake system,5,1585.78,16.79,7928.9,Retail Client,Bank Transfer,Completed,ORD825500,Automated migration
2022-10-29,Shock Absorber,Suspension system,7,5457.85,80.4,38204.95,Walk-in Customer,GCash,Completed,ORD825501,Automated migration
2022-10-29,Clutch Kit,Transmission system,8,10423.27,42.32,83386.16,Walk-in Customer,Bank Transfer,Completed,ORD825502,Automated migration
2022-10-29,Alternator,Electrical system,6,10393.49,166.91,62360.94,Walk-in Customer,Cash,Completed,ORD825503,Automated migration
2022-10-29,Fuel Pump,Fuel system,6,5455.65,146.6,32733.9,Wholesale Client,Check,Completed,ORD825504,Automated migration
2022-10-29,Fuel Pump,Fuel system,2,3572.15,292.09,7144.3,Retail Client,Bank Transfer,Completed,ORD825505,Automated migration
2022-10-30,Brake Pad,Brake system,4,3207.95,489.15,12831.8,Walk-in Customer,Check,Completed,ORD825506,Automated migration
2022-10-30,Clutch Kit,Transmission system,5,7972.1,246.86,39860.5,Retail Client,Cash,Completed,ORD825507,Automated migration
2022-10-30,Shock Absorber,Suspension system,5,5440.24,62.47,27201.2,Walk-in Customer,Bank Transfer,Completed,ORD825508,Automated migration
2022-10-30,Shock Absorber,Suspension system,0,5368.75,0.0,0.0,Walk-in Customer,GCash,Completed,ORD825509,Automated migration
2022-10-30,Shock Absorber,Suspension system,2,5414.47,476.53,10828.94,Retail Client,GCash,Completed,ORD825510,Automated migration
2022-10-30,Air Filter,Engine system,4,333.21,230.71,1332.84,Walk-in Customer,Cash,Completed,ORD825511,Automated migration
2022-10-30,Spark Plug,Ignition system,4,465.47,211.68,1861.88,Walk-in Customer,GCash,Completed,ORD825512,Automated migration
2022-10-30,Battery,Electrical system,1,5107.8,149.04,5107.8,Walk-in Customer,Check,Completed,ORD825513,Automated migration
2022-10-30,Alternator,Electrical system,6,11426.21,175.03,68557.26,Wholesale Client,GCash,Completed,ORD825514,Automated migration
2022-10-30,Fuel Pump,Fuel system,4,5414.19,358.78,21656.76,Walk-in Customer,GCash,Completed,ORD825515,Automated migration
2022-10-30,Clutch Kit,Transmission system,6,9408.97,449.56,56453.82,Wholesale Client,Cash,Completed,ORD825516,Automated migration
2022-10-30,Air Filter,Engine system,6,381.45,195.63,2288.7,Walk-in Customer,Cash,Completed,ORD825517,Automated migration
2022-10-30,Fuel Pump,Fuel system,7,2994.15,162.55,20959.05,Wholesale Client,Check,Completed,ORD825518,Automated migration
2022-10-30,Battery,Electrical system,6,6798.39,291.13,40790.34,Wholesale Client,Cash,Completed,ORD825519,Automated migration
2022-10-30,Battery,Electrical system,3,5940.05,203.67,17820.15,Retail Client,Bank Transfer,Completed,ORD825520,Automated migration
2022-10-30,Fuel Pump,Fuel system,1,5630.21,58.28,5630.21,Retail Client,GCash,Completed,ORD825521,Automated migration
2022-10-30,Oil Filter,Engine system,5,203.83,93.94,1019.15,Retail Client,Bank Transfer,Completed,ORD825522,Automated migration
2022-10-31,Clutch Kit,Transmission system,2,8358.74,303.5,16717.48,Retail Client,GCash,Completed,ORD825523,Automated migration
2022-10-31,Brake Pad,Brake system,6,3278.14,225.52,19668.84,Walk-in Customer,Bank Transfer,Completed,ORD825524,Automated migration
2022-10-31,Oil Filter,Engine system,7,238.36,262.8,1668.52,Walk-in Customer,Check,Completed,ORD825525,Automated migration
2022-10-31,Alternator,Electrical system,6,11648.57,29.23,69891.42,Retail Client,Check,Completed,ORD825526,Automated migration
2022-10-31,Radiator,Cooling system,3,5332.09,437.53,15996.27,Retail Client,GCash,Completed,ORD825527,Automated migration
2022-10-31,Oil Filter,Engine system,1,205.49,66.57,205.49,Retail Client,Cash,Completed,ORD825528,Automated migration
2022-10-31,Shock Absorber,Suspension system,4,3824.15,458.36,15296.6,Retail Client,Cash,Completed,ORD825529,Automated migration
2022-10-31,Battery,Electrical system,3,8865.13,376.57,26595.39,Retail Client,Check,Completed,ORD825530,Automated migration
2022-10-31,Shock Absorber,Suspension system,0,5765.85,0.0,0.0,Wholesale Client,Bank Transfer,Completed,ORD825531,Automated migration
2022-10-31,Battery,Electrical system,0,6100.31,0.0,0.0,Retail Client,GCash,Completed,ORD825532,Automated migration
2022-10-31,Air Filter,Engine system,6,237.71,208.59,1426.26,Retail Client,Bank Transfer,Completed,ORD825533,Automated migration
2022-10-31,Shock Absorber,Suspension system,5,3762.17,365.71,18810.85,Retail Client,Bank Transfer,Completed,ORD825534,Automated migration
2022-10-31,Air Filter,Engine system,4,375.97,419.05,1503.88,Walk-in Customer,Cash,Completed,ORD825535,Automated migration
2022-11-01,Brake Pad,Brake system,7,1667.45,109.0,11672.15,Retail Client,Bank Transfer,Completed,ORD825536,Automated migration
2022-11-01,Shock Absorber,Suspension system,4,5891.93,493.48,23567.72,Retail Client,Bank Transfer,Completed,ORD825537,Automated migration
2022-11-01,Spark Plug,Ignition system,5,527.57,40.43,2637.85,Walk-in Customer,GCash,Completed,ORD825538,Automated migration
2022-11-01,Spark Plug,Ignition system,8,151.49,421.53,1211.92,Walk-in Customer,Bank Transfer,Completed,ORD825539,Automated migration
2022-11-01,Brake Pad,Brake system,1,2493.02,99.94,2493.02,Walk-in Customer,Cash,Completed,ORD825540,Automated migration
2022-11-01,Alternator,Electrical system,2,9512.58,39.3,19025.16,Wholesale Client,Cash,Completed,ORD825541,Automated migration
2022-11-01,Battery,Electrical system,6,5924.69,114.27,35548.14,Walk-in Customer,Bank Transfer,Completed,ORD825542,Automated migration
2022-11-01,Brake Pad,Brake system,8,1369.37,123.13,10954.96,Wholesale Client,Bank Transfer,Completed,ORD825543,Automated migration
2022-11-01,Fuel Pump,Fuel system,0,3366.23,0.0,0.0,Walk-in Customer,Check,Completed,ORD825544,Automated migration
2022-11-01,Brake Pad,Brake system,4,3472.15,15.43,13888.6,Retail Client,Check,Completed,ORD825545,Automated migration
2022-11-01,Spark Plug,Ignition system,5,434.82,98.97,2174.1,Walk-in Customer,Cash,Completed,ORD825546,Automated migration
2022-11-01,Brake Pad,Brake system,4,2901.17,63.07,11604.68,Walk-in Customer,Check,Completed,ORD825547,Automated migration
2022-11-01,Battery,Electrical system,7,8152.34,291.02,57066.38,Wholesale Client,Cash,Completed,ORD825548,Automated migration
2022-11-01,Air Filter,Engine system,5,280.56,227.39,1402.8,Retail Client,Check,Completed,ORD825549,Automated migration
2022-11-01,Brake Pad,Brake system,6,1958.45,142.02,11750.7,Walk-in Customer,Bank Transfer,Completed,ORD825550,Automated migration
2022-11-01,Clutch Kit,Transmission system,5,6439.76,361.61,32198.8,Walk-in Customer,GCash,Completed,ORD825551,Automated migration
2022-11-01,Air Filter,Engine system,1,265.6,138.27,265.6,Wholesale Client,Check,Completed,ORD825552,Automated migration
2022-11-01,Battery,Electrical system,4,6871.72,123.05,27486.88,Walk-in Customer,Cash,Completed,ORD825553,Automated migration
2022-11-01,Fuel Pump,Fuel system,7,4362.69,173.19,30538.83,Walk-in Customer,GCash,Completed,ORD825554,Automated migration
2022-11-01,Battery,Electrical system,1,8198.41,327.76,8198.41,Walk-in Customer,Bank Transfer,Completed,ORD825555,Automated migration
2022-11-01,Brake Pad,Brake system,4,2492.37,131.77,9969.48,Wholesale Client,GCash,Completed,ORD825556,Automated migration
2022-11-01,Fuel Pump,Fuel system,7,4661.16,404.39,32628.12,Wholesale Client,Check,Completed,ORD825557,Automated migration
2022-11-01,Spark Plug,Ignition system,8,391.23,218.46,3129.84,Walk-in Customer,Bank Transfer,Completed,ORD825558,Automated migration
2022-11-01,Air Filter,Engine system,1,339.49,297.17,339.49,Walk-in Customer,Check,Completed,ORD825559,Automated migration
2022-11-01,Clutch Kit,Transmission system,3,6274.82,104.14,18824.46,Walk-in Customer,Bank Transfer,Completed,ORD825560,Automated migration
2022-11-02,Air Filter,Engine system,1,315.83,142.39,315.83,Retail Client,Check,Completed,ORD825561,Automated migration
2022-11-02,Battery,Electrical system,6,4530.38,387.5,27182.28,Walk-in Customer,GCash,Completed,ORD825562,Automated migration
2022-11-02,Air Filter,Engine system,8,298.54,20.79,2388.32,Wholesale Client,GCash,Completed,ORD825563,Automated migration
2022-11-02,Brake Pad,Brake system,0,3275.48,0.0,0.0,Retail Client,GCash,Completed,ORD825564,Automated migration
2022-11-02,Alternator,Electrical system,2,7057.03,456.48,14114.06,Walk-in Customer,Check,Completed,ORD825565,Automated migration
2022-11-02,Shock Absorber,Suspension system,6,6403.26,221.44,38419.56,Retail Client,GCash,Completed,ORD825566,Automated migration
2022-11-02,Spark Plug,Ignition system,4,498.46,251.64,1993.84,Wholesale Client,Bank Transfer,Completed,ORD825567,Automated migration
2022-11-02,Shock Absorber,Suspension system,0,4070.0,0.0,0.0,Retail Client,Cash,Completed,ORD825568,Automated migration
2022-11-02,Battery,Electrical system,5,6451.92,143.5,32259.6,Retail Client,Check,Completed,ORD825569,Automated migration
2022-11-02,Shock Absorber,Suspension system,0,3429.41,0.0,0.0,Wholesale Client,Check,Completed,ORD825570,Automated migration
2022-11-02,Oil Filter,Engine system,3,118.97,125.63,356.91,Walk-in Customer,Cash,Completed,ORD825571,Automated migration
2022-11-02,Radiator,Cooling system,6,8365.59,326.9,50193.54,Wholesale Client,GCash,Completed,ORD825572,Automated migration
2022-11-02,Fuel Pump,Fuel system,8,6856.48,214.38,54851.84,Retail Client,Cash,Completed,ORD825573,Automated migration
2022-11-02,Fuel Pump,Fuel system,3,6914.59,68.3,20743.77,Walk-in Customer,GCash,Completed,ORD825574,Automated migration
2022-11-02,Battery,Electrical system,2,5581.18,492.22,11162.36,Walk-in Customer,Cash,Completed,ORD825575,Automated migration
2022-11-02,Oil Filter,Engine system,5,228.92,152.93,1144.6,Retail Client,Bank Transfer,Completed,ORD825576,Automated migration
2022-11-02,Alternator,Electrical system,5,10041.98,233.42,50209.9,Walk-in Customer,Cash,Completed,ORD825577,Automated migration
2022-11-02,Air Filter,Engine system,1,383.27,335.76,383.27,Retail Client,Check,Completed,ORD825578,Automated migration
2022-11-03,Clutch Kit,Transmission system,5,7318.7,220.51,36593.5,Walk-in Customer,GCash,Completed,ORD825579,Automated migration
2022-11-03,Shock Absorber,Suspension system,4,3098.05,200.94,12392.2,Walk-in Customer,GCash,Completed,ORD825580,Automated migration
2022-11-03,Clutch Kit,Transmission system,4,5941.71,53.66,23766.84,Walk-in Customer,Bank Transfer,Completed,ORD825581,Automated migration
2022-11-03,Shock Absorber,Suspension system,1,4356.54,71.73,4356.54,Retail Client,Cash,Completed,ORD825582,Automated migration
2022-11-03,Radiator,Cooling system,2,8595.09,270.78,17190.18,Wholesale Client,GCash,Completed,ORD825583,Automated migration
2022-11-03,Alternator,Electrical system,1,7432.93,451.5,7432.93,Walk-in Customer,Cash,Completed,ORD825584,Automated migration
2022-11-03,Fuel Pump,Fuel system,4,6369.18,7.2,25476.72,Wholesale Client,GCash,Completed,ORD825585,Automated migration
2022-11-03,Alternator,Electrical system,2,8567.57,224.24,17135.14,Walk-in Customer,Cash,Completed,ORD825586,Automated migration
2022-11-03,Brake Pad,Brake system,3,2482.99,354.86,7448.97,Walk-in Customer,Check,Completed,ORD825587,Automated migration
2022-11-03,Battery,Electrical system,6,4181.37,316.38,25088.22,Retail Client,Bank Transfer,Completed,ORD825588,Automated migration
2022-11-03,Spark Plug,Ignition system,4,157.51,106.23,630.04,Walk-in Customer,Check,Completed,ORD825589,Automated migration
2022-11-03,Clutch Kit,Transmission system,7,7580.93,334.56,53066.51,Walk-in Customer,GCash,Completed,ORD825590,Automated migration
2022-11-03,Clutch Kit,Transmission system,1,9594.8,203.73,9594.8,Retail Client,GCash,Completed,ORD825591,Automated migration
2022-11-03,Air Filter,Engine system,2,276.97,190.94,553.94,Walk-in Customer,GCash,Completed,ORD825592,Automated migration
2022-11-03,Shock Absorber,Suspension system,1,3567.13,154.46,3567.13,Retail Client,Bank Transfer,Completed,ORD825593,Automated migration
2022-11-03,Spark Plug,Ignition system,3,521.21,52.72,1563.63,Wholesale Client,Check,Completed,ORD825594,Automated migration
2022-11-03,Fuel Pump,Fuel system,7,6231.44,203.0,43620.08,Wholesale Client,Check,Completed,ORD825595,Automated migration
2022-11-03,Oil Filter,Engine system,2,346.88,391.12,693.76,Walk-in Customer,GCash,Completed,ORD825596,Automated migration
2022-11-03,Spark Plug,Ignition system,0,564.84,0.0,0.0,Walk-in Customer,Check,Completed,ORD825597,Automated migration
2022-11-03,Shock Absorber,Suspension system,4,2150.73,251.74,8602.92,Retail Client,GCash,Completed,ORD825598,Automated migration
2022-11-04,Battery,Electrical system,0,5890.36,0.0,0.0,Wholesale Client,Check,Completed,ORD825599,Automated migration
2022-11-04,Oil Filter,Engine system,2,166.57,298.55,333.14,Walk-in Customer,GCash,Completed,ORD825600,Automated migration
2022-11-04,Fuel Pump,Fuel system,5,5877.92,232.67,29389.6,Retail Client,Check,Completed,ORD825601,Automated migration
2022-11-04,Oil Filter,Engine system,6,219.16,129.38,1314.96,Wholesale Client,Cash,Completed,ORD825602,Automated migration
2022-11-04,Fuel Pump,Fuel system,3,4536.73,382.76,13610.19,Wholesale Client,Check,Completed,ORD825603,Automated migration
2022-11-04,Radiator,Cooling system,8,6191.06,491.55,49528.48,Wholesale Client,GCash,Completed,ORD825604,Automated migration
2022-11-04,Oil Filter,Engine system,0,276.8,0.0,0.0,Walk-in Customer,Bank Transfer,Completed,ORD825605,Automated migration
2022-11-04,Alternator,Electrical system,1,8573.37,216.39,8573.37,Retail Client,GCash,Completed,ORD825606,Automated migration
2022-11-04,Alternator,Electrical system,5,9299.74,143.42,46498.7,Wholesale Client,Check,Completed,ORD825607,Automated migration
2022-11-04,Fuel Pump,Fuel system,0,5474.58,0.0,0.0,Walk-in Customer,Cash,Completed,ORD825608,Automated migration
2022-11-04,Clutch Kit,Transmission system,3,13932.4,429.74,41797.2,Retail Client,Bank Transfer,Completed,ORD825609,Automated migration
2022-11-04,Fuel Pump,Fuel system,0,3298.65,0.0,0.0,Wholesale Client,Bank Transfer,Completed,ORD825610,Automated migration
2022-11-04,Air Filter,Engine system,3,384.35,149.6,1153.05,Walk-in Customer,Bank Transfer,Completed,ORD825611,Automated migration
2022-11-04,Spark Plug,Ignition system,3,534.35,388.71,1603.05,Walk-in Customer,GCash,Completed,ORD825612,Automated migration
2022-11-04,Radiator,Cooling system,5,3830.44,384.65,19152.2,Wholesale Client,Cash,Completed,ORD825613,Automated migration
2022-11-05,Fuel Pump,Fuel system,5,5751.1,426.61,28755.5,Walk-in Customer,GCash,Completed,ORD825614,Automated migration
2022-11-05,Spark Plug,Ignition system,8,394.76,411.94,3158.08,Retail Client,GCash,Completed,ORD825615,Automated migration
2022-11-05,Brake Pad,Brake system,7,1403.95,55.05,9827.65,Walk-in Customer,Check,Completed,ORD825616,Automated migration
2022-11-05,Clutch Kit,Transmission system,6,10220.05,231.35,61320.3,Walk-in Customer,Bank Transfer,Completed,ORD825617,Automated migration
2022-11-05,Battery,Electrical system,2,8763.37,498.83,17526.74,Walk-in Customer,Check,Completed,ORD825618,Automated migration
2022-11-05,Spark Plug,Ignition system,8,305.04,496.79,2440.32,Wholesale Client,Check,Completed,ORD825619,Automated migration
2022-11-05,Battery,Electrical system,8,4479.91,495.44,35839.28,Retail Client,Cash,Completed,ORD825620,Automated migration
2022-11-05,Brake Pad,Brake system,4,1407.64,397.09,5630.56,Retail Client,GCash,Completed,ORD825621,Automated migration
2022-11-05,Clutch Kit,Transmission system,0,12803.36,0.0,0.0,Wholesale Client,GCash,Completed,ORD825622,Automated migration
2022-11-05,Spark Plug,Ignition system,4,540.39,47.4,2161.56,Walk-in Customer,Bank Transfer,Completed,ORD825623,Automated migration
2022-11-05,Fuel Pump,Fuel system,5,3751.92,421.66,18759.6,Walk-in Customer,GCash,Completed,ORD825624,Automated migration
2022-11-05,Clutch Kit,Transmission system,8,12990.35,458.17,103922.8,Retail Client,Bank Transfer,Completed,ORD825625,Automated migration
2022-11-05,Air Filter,Engine system,3,269.43,112.33,808.29,Retail Client,GCash,Completed,ORD825626,Automated migration
2022-11-06,Shock Absorber,Suspension system,3,3468.73,151.38,10406.19,Walk-in Customer,Cash,Completed,ORD825627,Automated migration
2022-11-06,Shock Absorber,Suspension system,8,6280.5,180.14,50244.0,Retail Client,Check,Completed,ORD825628,Automated migration
2022-11-06,Brake Pad,Brake system,1,1647.81,389.73,1647.81,Wholesale Client,Cash,Completed,ORD825629,Automated migration
2022-11-06,Brake Pad,Brake system,8,2137.9,268.12,17103.2,Wholesale Client,Bank Transfer,Completed,ORD825630,Automated migration
2022-11-06,Radiator,Cooling system,7,5319.61,342.61,37237.27,Walk-in Customer,GCash,Completed,ORD825631,Automated migration
2022-11-06,Air Filter,Engine system,2,370.21,272.19,740.42,Retail Client,Bank Transfer,Completed,ORD825632,Automated migration
2022-11-06,Shock Absorber,Suspension system,3,3768.19,39.02,11304.57,Retail Client,GCash,Completed,ORD825633,Automated migration
2022-11-06,Clutch Kit,Transmission system,4,8487.0,51.56,33948.0,Retail Client,Check,Completed,ORD825634,Automated migration
2022-11-06,Clutch Kit,Transmission system,0,7120.55,0.0,0.0,Retail Client,Check,Completed,ORD825635,Automated migration
2022-11-06,Oil Filter,Engine system,0,228.89,0.0,0.0,Wholesale Client,Check,Completed,ORD825636,Automated migration
2022-11-06,Oil Filter,Engine system,1,257.92,216.55,257.92,Retail Client,Bank Transfer,Completed,ORD825637,Automated migration
2022-11-06,Air Filter,Engine system,3,388.56,30.53,1165.68,Walk-in Customer,Cash,Completed,ORD825638,Automated migration
2022-11-06,Battery,Electrical system,3,7843.02,215.77,23529.06,Retail Client,Bank Transfer,Completed,ORD825639,Automated migration
2022-11-06,Fuel Pump,Fuel system,4,2825.67,375.07,11302.68,Walk-in Customer,Bank Transfer,Completed,ORD825640,Automated migration
2022-11-06,Oil Filter,Engine system,6,138.07,447.53,828.42,Wholesale Client,Cash,Completed,ORD825641,Automated migration
2022-11-06,Air Filter,Engine system,8,262.44,213.49,2099.52,Retail Client,Check,Completed,ORD825642,Automated migration
2022-11-06,Air Filter,Engine system,0,236.53,0.0,0.0,Wholesale Client,Cash,Completed,ORD825643,Automated migration
2022-11-06,Battery,Electrical system,0,7185.71,0.0,0.0,Wholesale Client,Bank Transfer,Completed,ORD825644,Automated migration
2022-11-07,Clutch Kit,Transmission system,1,13181.13,359.53,13181.13,Retail Client,Bank Transfer,Completed,ORD825645,Automated migration
2022-11-07,Alternator,Electrical system,0,9082.07,0.0,0.0,Walk-in Customer,Check,Completed,ORD825646,Automated migration
2022-11-07,Fuel Pump,Fuel system,7,6431.38,110.42,45019.66,Retail Client,Cash,Completed,ORD825647,Automated migration
2022-11-07,Fuel Pump,Fuel system,0,6436.83,0.0,0.0,Walk-in Customer,Bank Transfer,Completed,ORD825648,Automated migration
2022-11-07,Spark Plug,Ignition system,8,407.51,173.27,3260.08,Walk-in Customer,Bank Transfer,Completed,ORD825649,Automated migration
2022-11-07,Shock Absorber,Suspension system,1,5601.14,321.12,5601.14,Retail Client,Check,Completed,ORD825650,Automated migration
2022-11-07,Oil Filter,Engine system,8,193.72,84.47,1549.76,Walk-in Customer,Cash,Completed,ORD825651,Automated migration
2022-11-07,Air Filter,Engine system,6,286.74,47.14,1720.44,Walk-in Customer,Bank Transfer,Completed,ORD825652,Automated migration
2022-11-07,Spark Plug,Ignition system,3,499.29,249.81,1497.87,Retail Client,Bank Transfer,Completed,ORD825653,Automated migration
2022-11-07,Oil Filter,Engine system,5,189.21,367.77,946.05,Retail Client,GCash,Completed,ORD825654,Automated migration
2022-11-07,Radiator,Cooling system,2,3939.68,410.34,7879.36,Retail Client,Cash,Completed,ORD825655,Automated migration
2022-11-07,Brake Pad,Brake system,0,2370.73,0.0,0.0,Walk-in Customer,Bank Transfer,Completed,ORD825656,Automated migration
2022-11-07,Alternator,Electrical system,7,11364.7,273.77,79552.9,Retail Client,GCash,Completed,ORD825657,Automated migration
2022-11-07,Oil Filter,Engine system,6,141.56,482.43,849.36,Wholesale Client,Cash,Completed,ORD825658,Automated migration
2022-11-07,Spark Plug,Ignition system,2,275.35,459.02,550.7,Retail Client,GCash,Completed,ORD825659,Automated migration
2022-11-08,Air Filter,Engine system,3,363.67,344.0,1091.01,Retail Client,Bank Transfer,Completed,ORD825660,Automated migration
2022-11-08,Brake Pad,Brake system,7,1776.39,198.72,12434.73,Retail Client,GCash,Completed,ORD825661,Automated migration
2022-11-08,Clutch Kit,Transmission system,4,7661.19,379.34,30644.76,Walk-in Customer,GCash,Completed,ORD825662,Automated migration
2022-11-08,Battery,Electrical system,5,5284.45,298.06,26422.25,Walk-in Customer,Bank Transfer,Completed,ORD825663,Automated migration
2022-11-08,Clutch Kit,Transmission system,5,11636.4,9.58,58182.0,Retail Client,Cash,Completed,ORD825664,Automated migration
2022-11-08,Radiator,Cooling system,1,4724.89,205.73,4724.89,Retail Client,GCash,Completed,ORD825665,Automated migration
2022-11-08,Clutch Kit,Transmission system,5,12309.24,166.35,61546.2,Retail Client,Bank Transfer,Completed,ORD825666,Automated migration
2022-11-08,Alternator,Electrical system,5,9922.76,418.13,49613.8,Retail Client,GCash,Completed,ORD825667,Automated migration
2022-11-08,Shock Absorber,Suspension system,7,2766.78,29.68,19367.46,Retail Client,Check,Completed,ORD825668,Automated migration
2022-11-08,Radiator,Cooling system,4,5823.12,345.44,23292.48,Walk-in Customer,Cash,Completed,ORD825669,Automated migration
2022-11-08,Shock Absorber,Suspension system,1,4179.91,125.71,4179.91,Walk-in Customer,Cash,Completed,ORD825670,Automated migration
2022-11-08,Spark Plug,Ignition system,4,310.45,263.94,1241.8,Walk-in Customer,Bank Transfer,Completed,ORD825671,Automated migration
2022-11-08,Fuel Pump,Fuel system,7,5894.4,239.43,41260.8,Wholesale Client,Check,Completed,ORD825672,Automated migration
2022-11-08,Battery,Electrical system,0,6212.42,0.0,0.0,Retail Client,Check,Completed,ORD825673,Automated migration
2022-11-08,Air Filter,Engine system,4,370.24,397.46,1480.96,Wholesale Client,Cash,Completed,ORD825674,Automated migration
2022-11-09,Clutch Kit,Transmission system,1,9889.08,96.48,9889.08,Walk-in Customer,GCash,Completed,ORD825675,Automated migration
2022-11-09,Fuel Pump,Fuel system,2,6057.33,339.19,12114.66,Walk-in Customer,Bank Transfer,Completed,ORD825676,Automated migration
2022-11-09,Radiator,Cooling system,3,6485.18,386.86,19455.54,Retail Client,Check,Completed,ORD825677,Automated migration
2022-11-09,Brake Pad,Brake system,6,2597.71,354.28,15586.26,Wholesale Client,Check,Completed,ORD825678,Automated migration
2022-11-09,Brake Pad,Brake system,6,2163.09,144.83,12978.54,Walk-in Customer,Cash,Completed,ORD825679,Automated migration
2022-11-09,Alternator,Electrical system,6,7981.49,234.94,47888.94,Retail Client,Check,Completed,ORD825680,Automated migration
2022-11-09,Brake Pad,Brake system,4,3118.72,276.74,12474.88,Retail Client,Bank Transfer,Completed,ORD825681,Automated migration
2022-11-09,Shock Absorber,Suspension system,6,5988.83,78.37,35932.98,Walk-in Customer,GCash,Completed,ORD825682,Automated migration
2022-11-09,Air Filter,Engine system,3,391.26,381.44,1173.78,Wholesale Client,GCash,Completed,ORD825683,Automated migration
2022-11-09,Brake Pad,Brake system,6,1296.06,326.73,7776.36,Wholesale Client,GCash,Completed,ORD825684,Automated migration
2022-11-09,Oil Filter,Engine system,8,309.17,439.83,2473.36,Wholesale Client,Cash,Completed,ORD825685,Automated migration
2022-11-09,Alternator,Electrical system,4,10097.01,301.21,40388.04,Walk-in Customer,Bank Transfer,Completed,ORD825686,Automated migration
2022-11-10,Radiator,Cooling system,7,4210.23,434.71,29471.61,Wholesale Client,Check,Completed,ORD825687,Automated migration
2022-11-10,Radiator,Cooling system,0,6455.54,0.0,0.0,Wholesale Client,Check,Completed,ORD825688,Automated migration
2022-11-10,Oil Filter,Engine system,4,191.15,395.93,764.6,Wholesale Client,Check,Completed,ORD825689,Automated migration
2022-11-10,Spark Plug,Ignition system,6,192.34,464.73,1154.04,Walk-in Customer,GCash,Completed,ORD825690,Automated migration
2022-11-10,Air Filter,Engine system,5,294.03,454.26,1470.15,Wholesale Client,Cash,Completed,ORD825691,Automated migration
2022-11-10,Clutch Kit,Transmission system,0,7640.04,0.0,0.0,Retail Client,Check,Completed,ORD825692,Automated migration
2022-11-10,Battery,Electrical system,4,8452.04,15.85,33808.16,Walk-in Customer,GCash,Completed,ORD825693,Automated migration
2022-11-10,Clutch Kit,Transmission system,8,9106.84,226.96,72854.72,Retail Client,Check,Completed,ORD825694,Automated migration
2022-11-10,Battery,Electrical system,5,6531.5,90.52,32657.5,Wholesale Client,GCash,Completed,ORD825695,Automated migration
2022-11-10,Alternator,Electrical system,1,7160.25,269.01,7160.25,Wholesale Client,Check,Completed,ORD825696,Automated migration
2022-11-10,Shock Absorber,Suspension system,1,6234.0,192.52,6234.0,Wholesale Client,GCash,Completed,ORD825697,Automated migration
2022-11-10,Clutch Kit,Transmission system,2,12569.15,293.42,25138.3,Retail Client,GCash,Completed,ORD825698,Automated migration
2022-11-10,Clutch Kit,Transmission system,8,9580.02,455.9,76640.16,Retail Client,Bank Transfer,Completed,ORD825699,Automated migration
2022-11-10,Oil Filter,Engine system,6,106.46,264.91,638.76,Retail Client,Bank Transfer,Completed,ORD825700,Automated migration
2022-11-10,Fuel Pump,Fuel system,3,4593.4,113.45,13780.2,Walk-in Customer,Bank Transfer,Completed,ORD825701,Automated migration
2022-11-10,Shock Absorber,Suspension system,6,2914.41,264.81,17486.46,Wholesale Client,Check,Completed,ORD825702,Automated migration
2022-11-10,Air Filter,Engine system,7,364.32,217.6,2550.24,Walk-in Customer,Bank Transfer,Completed,ORD825703,Automated migration
2022-11-11,Alternator,Electrical system,4,10748.67,1.13,42994.68,Retail Client,Bank Transfer,Completed,ORD825704,Automated migration
2022-11-11,Shock Absorber,Suspension system,5,3846.34,74.5,19231.7,Retail Client,Cash,Completed,ORD825705,Automated migration
2022-11-11,Radiator,Cooling system,0,5667.2,0.0,0.0,Walk-in Customer,Check,Completed,ORD825706,Automated migration
2022-11-11,Oil Filter,Engine system,6,231.01,80.66,1386.06,Walk-in Customer,Bank Transfer,Completed,ORD825707,Automated migration
2022-11-11,Brake Pad,Brake system,7,3325.04,371.32,23275.28,Wholesale Client,Check,Completed,ORD825708,Automated migration
2022-11-11,Fuel Pump,Fuel system,1,6086.33,321.04,6086.33,Walk-in Customer,Check,Completed,ORD825709,Automated migration
2022-11-11,Battery,Electrical system,6,7155.35,438.52,42932.1,Wholesale Client,Check,Completed,ORD825710,Automated migration
2022-11-11,Clutch Kit,Transmission system,7,12526.84,351.12,87687.88,Walk-in Customer,GCash,Completed,ORD825711,Automated migration
2022-11-11,Alternator,Electrical system,0,11197.54,0.0,0.0,Wholesale Client,GCash,Completed,ORD825712,Automated migration
2022-11-11,Fuel Pump,Fuel system,0,6082.43,0.0,0.0,Walk-in Customer,Check,Completed,ORD825713,Automated migration
2022-11-11,Alternator,Electrical system,8,8619.06,357.36,68952.48,Retail Client,Cash,Completed,ORD825714,Automated migration
2022-11-11,Radiator,Cooling system,3,7203.84,128.59,21611.52,Retail Client,Bank Transfer,Completed,ORD825715,Automated migration
2022-11-11,Air Filter,Engine system,0,258.7,0.0,0.0,Retail Client,Cash,Completed,ORD825716,Automated migration
2022-11-11,Battery,Electrical system,7,6324.24,73.83,44269.68,Retail Client,Check,Completed,ORD825717,Automated migration
2022-11-11,Brake Pad,Brake system,7,2524.0,353.31,17668.0,Walk-in Customer,Check,Completed,ORD825718,Automated migration
2022-11-11,Shock Absorber,Suspension system,6,2958.46,478.74,17750.76,Retail Client,Check,Completed,ORD825719,Automated migration
2022-11-11,Brake Pad,Brake system,7,1561.75,360.35,10932.25,Retail Client,Bank Transfer,Completed,ORD825720,Automated migration
2022-11-11,Clutch Kit,Transmission system,8,10661.67,243.54,85293.36,Walk-in Customer,Check,Completed,ORD825721,Automated migration
2022-11-11,Battery,Electrical system,2,8664.61,83.98,17329.22,Wholesale Client,Cash,Completed,ORD825722,Automated migration
2022-11-11,Fuel Pump,Fuel system,4,3609.59,35.93,14438.36,Walk-in Customer,GCash,Completed,ORD825723,Automated migration
2022-11-12,Clutch Kit,Transmission system,4,13960.5,136.35,55842.0,Wholesale Client,GCash,Completed,ORD825724,Automated migration
2022-11-12,Battery,Electrical system,0,8130.81,0.0,0.0,Wholesale Client,Check,Completed,ORD825725,Automated migration
2022-11-12,Air Filter,Engine system,3,287.17,10.72,861.51,Walk-in Customer,Cash,Completed,ORD825726,Automated migration
2022-11-12,Fuel Pump,Fuel system,0,5484.06,0.0,0.0,Retail Client,Check,Completed,ORD825727,Automated migration
2022-11-12,Spark Plug,Ignition system,4,163.28,311.92,653.12,Wholesale Client,GCash,Completed,ORD825728,Automated migration
2022-11-12,Brake Pad,Brake system,2,3023.81,336.01,6047.62,Walk-in Customer,Check,Completed,ORD825729,Automated migration
2022-11-12,Shock Absorber,Suspension system,6,3826.75,161.49,22960.5,Walk-in Customer,Cash,Completed,ORD825730,Automated migration
2022-11-12,Spark Plug,Ignition system,2,274.97,313.6,549.94,Walk-in Customer,Cash,Completed,ORD825731,Automated migration
2022-11-12,Oil Filter,Engine system,4,155.31,111.83,621.24,Retail Client,Check,Completed,ORD825732,Automated migration
2022-11-12,Shock Absorber,Suspension system,8,4994.88,182.85,39959.04,Retail Client,GCash,Completed,ORD825733,Automated migration
2022-11-12,Fuel Pump,Fuel system,7,3509.58,57.87,24567.06,Wholesale Client,Check,Completed,ORD825734,Automated migration
2022-11-12,Radiator,Cooling system,5,4993.49,186.14,24967.45,Wholesale Client,Cash,Completed,ORD825735,Automated migration
2022-11-12,Alternator,Electrical system,0,9202.34,0.0,0.0,Walk-in Customer,Bank Transfer,Completed,ORD825736,Automated migration
2022-11-12,Shock Absorber,Suspension system,0,3638.77,0.0,0.0,Retail Client,Bank Transfer,Completed,ORD825737,Automated migration
2022-11-12,Clutch Kit,Transmission system,6,9784.42,444.74,58706.52,Wholesale Client,Bank Transfer,Completed,ORD825738,Automated migration
2022-11-12,Brake Pad,Brake system,3,1990.45,336.82,5971.35,Walk-in Customer,Check,Completed,ORD825739,Automated migration
2022-11-12,Fuel Pump,Fuel system,8,4287.16,75.23,34297.28,Wholesale Client,GCash,Completed,ORD825740,Automated migration
2022-11-13,Air Filter,Engine system,0,276.58,0.0,0.0,Retail Client,Bank Transfer,Completed,ORD825741,Automated migration
2022-11-13,Alternator,Electrical system,5,7436.96,400.17,37184.8,Walk-in Customer,Check,Completed,ORD825742,Automated migration
2022-11-13,Alternator,Electrical system,3,9373.11,260.49,28119.33,Walk-in Customer,Bank Transfer,Completed,ORD825743,Automated migration
2022-11-13,Alternator,Electrical system,2,9271.71,98.94,18543.42,Wholesale Client,Bank Transfer,Completed,ORD825744,Automated migration
2022-11-13,Alternator,Electrical system,7,9115.55,79.75,63808.85,Retail Client,Bank Transfer,Completed,ORD825745,Automated migration
2022-11-13,Alternator,Electrical system,6,8386.16,188.35,50316.96,Wholesale Client,GCash,Completed,ORD825746,Automated migration
2022-11-13,Fuel Pump,Fuel system,3,3180.26,70.57,9540.78,Walk-in Customer,Bank Transfer,Completed,ORD825747,Automated migration
2022-11-13,Air Filter,Engine system,8,218.96,494.78,1751.68,Retail Client,Bank Transfer,Completed,ORD825748,Automated migration
2022-11-13,Brake Pad,Brake system,7,1366.29,279.19,9564.03,Wholesale Client,Cash,Completed,ORD825749,Automated migration
2022-11-13,Spark Plug,Ignition system,7,495.62,474.2,3469.34,Walk-in Customer,Cash,Completed,ORD825750,Automated migration
2022-11-13,Battery,Electrical system,8,4549.83,377.04,36398.64,Walk-in Customer,GCash,Completed,ORD825751,Automated migration
2022-11-13,Air Filter,Engine system,8,370.34,161.82,2962.72,Walk-in Customer,Cash,Completed,ORD825752,Automated migration
2022-11-13,Clutch Kit,Transmission system,0,9918.55,0.0,0.0,Wholesale Client,Cash,Completed,ORD825753,Automated migration
2022-11-13,Spark Plug,Ignition system,4,470.58,12.58,1882.32,Retail Client,Cash,Completed,ORD825754,Automated migration
2022-11-13,Fuel Pump,Fuel system,6,6914.18,355.1,41485.08,Wholesale Client,Check,Completed,ORD825755,Automated migration
2022-11-13,Brake Pad,Brake system,1,2989.15,499.83,2989.15,Retail Client,Check,Completed,ORD825756,Automated migration
2022-11-13,Oil Filter,Engine system,4,204.5,444.85,818.0,Walk-in Customer,Cash,Completed,ORD825757,Automated migration
2022-11-13,Radiator,Cooling system,6,8776.75,414.73,52660.5,Wholesale Client,GCash,Completed,ORD825758,Automated migration
2022-11-14,Fuel Pump,Fuel system,8,6387.78,198.27,51102.24,Retail Client,Cash,Completed,ORD825759,Automated migration
2022-11-14,Radiator,Cooling system,8,7941.51,391.71,63532.08,Wholesale Client,Bank Transfer,Completed,ORD825760,Automated migration
2022-11-14,Brake Pad,Brake system,6,1210.35,289.36,7262.1,Retail Client,GCash,Completed,ORD825761,Automated migration
2022-11-14,Alternator,Electrical system,4,10725.44,184.72,42901.76,Walk-in Customer,Bank Transfer,Completed,ORD825762,Automated migration
2022-11-14,Alternator,Electrical system,6,8953.72,245.48,53722.32,Walk-in Customer,Cash,Completed,ORD825763,Automated migration
2022-11-14,Air Filter,Engine system,4,395.99,311.81,1583.96,Retail Client,Bank Transfer,Completed,ORD825764,Automated migration
2022-11-14,Clutch Kit,Transmission system,6,7616.32,50.21,45697.92,Wholesale Client,Bank Transfer,Completed,ORD825765,Automated migration
2022-11-14,Clutch Kit,Transmission system,6,6297.51,362.06,37785.06,Walk-in Customer,Bank Transfer,Completed,ORD825766,Automated migration
2022-11-14,Brake Pad,Brake system,2,3148.15,11.48,6296.3,Retail Client,Bank Transfer,Completed,ORD825767,Automated migration
2022-11-14,Battery,Electrical system,4,4470.13,93.17,17880.52,Retail Client,GCash,Completed,ORD825768,Automated migration
2022-11-14,Fuel Pump,Fuel system,7,3630.83,272.04,25415.81,Retail Client,Cash,Completed,ORD825769,Automated migration
2022-11-14,Clutch Kit,Transmission system,3,10189.48,156.15,30568.44,Retail Client,GCash,Completed,ORD825770,Automated migration
2022-11-14,Radiator,Cooling system,4,8042.4,337.66,32169.6,Wholesale Client,Bank Transfer,Completed,ORD825771,Automated migration
2022-11-14,Oil Filter,Engine system,2,103.79,305.96,207.58,Wholesale Client,Check,Completed,ORD825772,Automated migration
2022-11-15,Fuel Pump,Fuel system,6,6146.06,475.94,36876.36,Wholesale Client,GCash,Completed,ORD825773,Automated migration
2022-11-15,Spark Plug,Ignition system,6,392.49,41.45,2354.94,Retail Client,Check,Completed,ORD825774,Automated migration
2022-11-15,Spark Plug,Ignition system,4,205.24,102.93,820.96,Walk-in Customer,Bank Transfer,Completed,ORD825775,Automated migration
2022-11-15,Shock Absorber,Suspension system,8,5695.36,389.54,45562.88,Retail Client,GCash,Completed,ORD825776,Automated migration
2022-11-15,Clutch Kit,Transmission system,0,5791.37,0.0,0.0,Wholesale Client,Check,Completed,ORD825777,Automated migration
2022-11-15,Air Filter,Engine system,6,225.99,148.1,1355.94,Retail Client,GCash,Completed,ORD825778,Automated migration
2022-11-15,Oil Filter,Engine system,4,166.86,111.6,667.44,Wholesale Client,GCash,Completed,ORD825779,Automated migration
2022-11-15,Alternator,Electrical system,4,10482.59,310.64,41930.36,Retail Client,GCash,Completed,ORD825780,Automated migration
2022-11-15,Spark Plug,Ignition system,1,522.14,215.59,522.14,Walk-in Customer,Check,Completed,ORD825781,Automated migration
2022-11-15,Oil Filter,Engine system,0,322.11,0.0,0.0,Wholesale Client,Check,Completed,ORD825782,Automated migration
2022-11-15,Shock Absorber,Suspension system,7,4906.55,67.87,34345.85,Retail Client,Cash,Completed,ORD825783,Automated migration
2022-11-15,Air Filter,Engine system,4,200.31,115.23,801.24,Wholesale Client,GCash,Completed,ORD825784,Automated migration
2022-11-15,Clutch Kit,Transmission system,2,8548.53,396.18,17097.06,Walk-in Customer,Check,Completed,ORD825785,Automated migration
2022-11-15,Shock Absorber,Suspension system,5,4899.58,94.19,24497.9,Walk-in Customer,Bank Transfer,Completed,ORD825786,Automated migration
2022-11-16,Fuel Pump,Fuel system,3,5161.63,470.59,15484.89,Retail Client,GCash,Completed,ORD825787,Automated migration
2022-11-16,Brake Pad,Brake system,5,3235.67,246.27,16178.35,Wholesale Client,GCash,Completed,ORD825788,Automated migration
2022-11-16,Shock Absorber,Suspension system,4,3629.5,337.23,14518.0,Retail Client,GCash,Completed,ORD825789,Automated migration
2022-11-16,Clutch Kit,Transmission system,8,12895.38,93.35,103163.04,Retail Client,Bank Transfer,Completed,ORD825790,Automated migration
2022-11-16,Battery,Electrical system,0,5136.37,0.0,0.0,Wholesale Client,GCash,Completed,ORD825791,Automated migration
2022-11-16,Oil Filter,Engine system,6,277.88,267.12,1667.28,Walk-in Customer,Bank Transfer,Completed,ORD825792,Automated migration
2022-11-16,Air Filter,Engine system,4,292.42,450.11,1169.68,Walk-in Customer,GCash,Completed,ORD825793,Automated migration
2022-11-16,Clutch Kit,Transmission system,4,9023.67,237.4,36094.68,Wholesale Client,GCash,Completed,ORD825794,Automated migration
2022-11-16,Clutch Kit,Transmission system,5,7172.12,322.61,35860.6,Retail Client,GCash,Completed,ORD825795,Automated migration
2022-11-16,Radiator,Cooling system,6,3487.28,209.84,20923.68,Walk-in Customer,Check,Completed,ORD825796,Automated migration
2022-11-16,Battery,Electrical system,7,7224.22,262.67,50569.54,Retail Client,Check,Completed,ORD825797,Automated migration
2022-11-16,Battery,Electrical system,1,8365.54,434.86,8365.54,Wholesale Client,Bank Transfer,Completed,ORD825798,Automated migration
2022-11-16,Oil Filter,Engine system,2,276.07,32.32,552.14,Walk-in Customer,Bank Transfer,Completed,ORD825799,Automated migration
2022-11-16,Brake Pad,Brake system,3,3391.56,166.09,10174.68,Walk-in Customer,Cash,Completed,ORD825800,Automated migration
2022-11-17,Radiator,Cooling system,7,4282.59,243.71,29978.13,Wholesale Client,GCash,Completed,ORD825801,Automated migration
2022-11-17,Spark Plug,Ignition system,8,561.87,291.71,4494.96,Wholesale Client,Bank Transfer,Completed,ORD825802,Automated migration
2022-11-17,Shock Absorber,Suspension system,1,5186.0,276.98,5186.0,Walk-in Customer,GCash,Completed,ORD825803,Automated migration
2022-11-17,Air Filter,Engine system,0,310.03,0.0,0.0,Walk-in Customer,Cash,Completed,ORD825804,Automated migration
2022-11-17,Air Filter,Engine system,1,348.47,88.95,348.47,Wholesale Client,Check,Completed,ORD825805,Automated migration
2022-11-17,Battery,Electrical system,2,5598.68,160.91,11197.36,Wholesale Client,Bank Transfer,Completed,ORD825806,Automated migration
2022-11-17,Radiator,Cooling system,0,6390.37,0.0,0.0,Wholesale Client,Check,Completed,ORD825807,Automated migration
2022-11-17,Air Filter,Engine system,8,201.58,356.59,1612.64,Walk-in Customer,Bank Transfer,Completed,ORD825808,Automated migration
2022-11-17,Brake Pad,Brake system,4,1560.24,87.25,6240.96,Walk-in Customer,Bank Transfer,Completed,ORD825809,Automated migration
2022-11-17,Battery,Electrical system,5,7518.85,64.25,37594.25,Wholesale Client,GCash,Completed,ORD825810,Automated migration
2022-11-17,Fuel Pump,Fuel system,1,4554.87,293.16,4554.87,Retail Client,Bank Transfer,Completed,ORD825811,Automated migration
2022-11-17,Brake Pad,Brake system,3,3188.68,128.01,9566.04,Retail Client,Bank Transfer,Completed,ORD825812,Automated migration
2022-11-17,Battery,Electrical system,7,5865.69,223.75,41059.83,Wholesale Client,Check,Completed,ORD825813,Automated migration
2022-11-17,Spark Plug,Ignition system,4,556.44,393.51,2225.76,Retail Client,Check,Completed,ORD825814,Automated migration
2022-11-17,Clutch Kit,Transmission system,7,7904.04,103.41,55328.28,Retail Client,Cash,Completed,ORD825815,Automated migration
2022-11-17,Oil Filter,Engine system,7,249.82,128.38,1748.74,Wholesale Client,Check,Completed,ORD825816,Automated migration
2022-11-17,Brake Pad,Brake system,8,1268.65,394.24,10149.2,Retail Client,Cash,Completed,ORD825817,Automated migration
2022-11-17,Radiator,Cooling system,6,5358.22,353.99,32149.32,Wholesale Client,Check,Completed,ORD825818,Automated migration
2022-11-17,Shock Absorber,Suspension system,2,5571.45,448.96,11142.9,Walk-in Customer,Cash,Completed,ORD825819,Automated migration
2022-11-17,Alternator,Electrical system,2,8449.15,115.13,16898.3,Wholesale Client,Check,Completed,ORD825820,Automated migration
2022-11-17,Air Filter,Engine system,3,230.73,378.58,692.19,Wholesale Client,Bank Transfer,Completed,ORD825821,Automated migration
2022-11-18,Fuel Pump,Fuel system,8,4504.7,367.96,36037.6,Wholesale Client,Check,Completed,ORD825822,Automated migration
2022-11-18,Fuel Pump,Fuel system,0,4635.47,0.0,0.0,Walk-in Customer,Cash,Completed,ORD825823,Automated migration
2022-11-18,Shock Absorber,Suspension system,2,4351.66,112.0,8703.32,Walk-in Customer,Bank Transfer,Completed,ORD825824,Automated migration
2022-11-18,Battery,Electrical system,4,8736.44,207.6,34945.76,Walk-in Customer,Cash,Completed,ORD825825,Automated migration
2022-11-18,Battery,Electrical system,1,5301.54,348.83,5301.54,Walk-in Customer,GCash,Completed,ORD825826,Automated migration
2022-11-18,Spark Plug,Ignition system,1,496.92,197.43,496.92,Wholesale Client,Bank Transfer,Completed,ORD825827,Automated migration
2022-11-18,Radiator,Cooling system,4,4337.79,433.74,17351.16,Retail Client,Bank Transfer,Completed,ORD825828,Automated migration
2022-11-18,Oil Filter,Engine system,5,198.31,496.06,991.55,Retail Client,Cash,Completed,ORD825829,Automated migration
2022-11-18,Battery,Electrical system,3,5950.34,355.5,17851.02,Retail Client,Cash,Completed,ORD825830,Automated migration
2022-11-18,Alternator,Electrical system,6,8294.88,222.67,49769.28,Wholesale Client,Cash,Completed,ORD825831,Automated migration
2022-11-18,Clutch Kit,Transmission system,1,5813.65,370.45,5813.65,Wholesale Client,GCash,Completed,ORD825832,Automated migration
2022-11-18,Spark Plug,Ignition system,6,314.2,80.05,1885.2,Walk-in Customer,GCash,Completed,ORD825833,Automated migration
2022-11-18,Oil Filter,Engine system,8,198.14,230.41,1585.12,Walk-in Customer,Cash,Completed,ORD825834,Automated migration
2022-11-18,Fuel Pump,Fuel system,4,4825.73,292.39,19302.92,Retail Client,Check,Completed,ORD825835,Automated migration
2022-11-18,Brake Pad,Brake system,6,2600.66,300.66,15603.96,Retail Client,Bank Transfer,Completed,ORD825836,Automated migration
2022-11-18,Clutch Kit,Transmission system,2,13765.58,470.39,27531.16,Retail Client,Cash,Completed,ORD825837,Automated migration
2022-11-18,Oil Filter,Engine system,3,154.22,347.71,462.66,Retail Client,GCash,Completed,ORD825838,Automated migration
2022-11-19,Clutch Kit,Transmission system,3,9238.69,130.91,27716.07,Retail Client,GCash,Completed,ORD825839,Automated migration
2022-11-19,Spark Plug,Ignition system,6,491.03,422.15,2946.18,Wholesale Client,Cash,Completed,ORD825840,Automated migration
2022-11-19,Shock Absorber,Suspension system,7,2376.16,67.7,16633.12,Walk-in Customer,Cash,Completed,ORD825841,Automated migration
2022-11-19,Brake Pad,Brake system,5,1345.19,295.22,6725.95,Wholesale Client,Cash,Completed,ORD825842,Automated migration
2022-11-19,Battery,Electrical system,5,5679.98,300.02,28399.9,Retail Client,GCash,Completed,ORD825843,Automated migration
2022-11-19,Fuel Pump,Fuel system,2,5608.62,161.58,11217.24,Wholesale Client,Cash,Completed,ORD825844,Automated migration
2022-11-19,Spark Plug,Ignition system,0,502.73,0.0,0.0,Retail Client,GCash,Completed,ORD825845,Automated migration
2022-11-19,Oil Filter,Engine system,3,299.34,178.41,898.02,Retail Client,Check,Completed,ORD825846,Automated migration
2022-11-19,Alternator,Electrical system,5,10631.0,96.94,53155.0,Walk-in Customer,Check,Completed,ORD825847,Automated migration
2022-11-19,Shock Absorber,Suspension system,2,3847.42,332.09,7694.84,Walk-in Customer,Check,Completed,ORD825848,Automated migration
2022-11-19,Battery,Electrical system,4,7379.44,160.48,29517.76,Wholesale Client,GCash,Completed,ORD825849,Automated migration
2022-11-19,Alternator,Electrical system,0,11616.51,0.0,0.0,Retail Client,Bank Transfer,Completed,ORD825850,Automated migration
2022-11-19,Clutch Kit,Transmission system,8,5442.06,269.92,43536.48,Wholesale Client,Check,Completed,ORD825851,Automated migration
2022-11-19,Fuel Pump,Fuel system,0,5862.28,0.0,0.0,Wholesale Client,Cash,Completed,ORD825852,Automated migration
2022-11-19,Fuel Pump,Fuel system,8,2547.42,0.75,20379.36,Walk-in Customer,Check,Completed,ORD825853,Automated migration
2022-11-19,Oil Filter,Engine system,7,300.93,130.0,2106.51,Wholesale Client,Check,Completed,ORD825854,Automated migration
2022-11-19,Oil Filter,Engine system,3,211.63,405.66,634.89,Walk-in Customer,Check,Completed,ORD825855,Automated migration
2022-11-19,Spark Plug,Ignition system,6,503.61,147.84,3021.66,Wholesale Client,GCash,Completed,ORD825856,Automated migration
2022-11-20,Radiator,Cooling system,7,5656.11,371.88,39592.77,Wholesale Client,GCash,Completed,ORD825857,Automated migration
2022-11-20,Shock Absorber,Suspension system,2,2702.98,432.65,5405.96,Walk-in Customer,Check,Completed,ORD825858,Automated migration
2022-11-20,Clutch Kit,Transmission system,1,10545.19,37.13,10545.19,Retail Client,GCash,Completed,ORD825859,Automated migration
2022-11-20,Shock Absorber,Suspension system,4,2930.31,443.03,11721.24,Wholesale Client,GCash,Completed,ORD825860,Automated migration
2022-11-20,Fuel Pump,Fuel system,0,3954.1,0.0,0.0,Retail Client,Cash,Completed,ORD825861,Automated migration
2022-11-20,Air Filter,Engine system,5,381.66,1.95,1908.3,Wholesale Client,GCash,Completed,ORD825862,Automated migration
2022-11-20,Air Filter,Engine system,7,372.86,320.8,2610.02,Wholesale Client,GCash,Completed,ORD825863,Automated migration
2022-11-20,Radiator,Cooling system,5,8696.85,243.41,43484.25,Retail Client,Check,Completed,ORD825864,Automated migration
2022-11-20,Air Filter,Engine system,8,350.21,467.9,2801.68,Walk-in Customer,Cash,Completed,ORD825865,Automated migration
2022-11-20,Shock Absorber,Suspension system,4,4181.1,360.35,16724.4,Wholesale Client,Check,Completed,ORD825866,Automated migration
2022-11-20,Spark Plug,Ignition system,7,440.49,263.58,3083.43,Walk-in Customer,Check,Completed,ORD825867,Automated migration
2022-11-20,Clutch Kit,Transmission system,5,13128.42,436.05,65642.1,Wholesale Client,Cash,Completed,ORD825868,Automated migration
2022-11-20,Alternator,Electrical system,8,8265.83,131.22,66126.64,Walk-in Customer,Check,Completed,ORD825869,Automated migration
2022-11-20,Battery,Electrical system,3,8221.27,160.07,24663.81,Wholesale Client,Check,Completed,ORD825870,Automated migration
2022-11-20,Shock Absorber,Suspension system,7,4175.18,118.5,29226.26,Walk-in Customer,GCash,Completed,ORD825871,Automated migration
2022-11-21,Spark Plug,Ignition system,8,273.37,227.55,2186.96,Wholesale Client,Check,Completed,ORD825872,Automated migration
2022-11-21,Oil Filter,Engine system,1,331.94,377.98,331.94,Walk-in Customer,Check,Completed,ORD825873,Automated migration
2022-11-21,Fuel Pump,Fuel system,7,5166.82,334.41,36167.74,Retail Client,GCash,Completed,ORD825874,Automated migration
2022-11-21,Oil Filter,Engine system,0,259.81,0.0,0.0,Retail Client,Cash,Completed,ORD825875,Automated migration
2022-11-21,Oil Filter,Engine system,0,179.92,0.0,0.0,Wholesale Client,Cash,Completed,ORD825876,Automated migration
2022-11-21,Spark Plug,Ignition system,6,294.94,182.16,1769.64,Retail Client,Bank Transfer,Completed,ORD825877,Automated migration
2022-11-21,Oil Filter,Engine system,3,169.31,462.78,507.93,Wholesale Client,Check,Completed,ORD825878,Automated migration
2022-11-21,Shock Absorber,Suspension system,1,6413.04,94.22,6413.04,Retail Client,GCash,Completed,ORD825879,Automated migration
2022-11-21,Battery,Electrical system,5,5183.73,185.93,25918.65,Retail Client,Bank Transfer,Completed,ORD825880,Automated migration
2022-11-21,Fuel Pump,Fuel system,8,2590.61,197.98,20724.88,Retail Client,GCash,Completed,ORD825881,Automated migration
2022-11-21,Oil Filter,Engine system,6,329.06,262.67,1974.36,Walk-in Customer,Check,Completed,ORD825882,Automated migration
2022-11-21,Shock Absorber,Suspension system,8,4932.38,276.02,39459.04,Walk-in Customer,Check,Completed,ORD825883,Automated migration
2022-11-21,Shock Absorber,Suspension system,6,3113.98,293.99,18683.88,Wholesale Client,Check,Completed,ORD825884,Automated migration
2022-11-21,Oil Filter,Engine system,8,281.18,433.82,2249.44,Wholesale Client,Check,Completed,ORD825885,Automated migration
2022-11-22,Shock Absorber,Suspension system,7,4264.6,162.95,29852.2,Wholesale Client,Cash,Completed,ORD825886,Automated migration
2022-11-22,Radiator,Cooling system,4,8975.72,330.88,35902.88,Wholesale Client,GCash,Completed,ORD825887,Automated migration
2022-11-22,Brake Pad,Brake system,0,2778.42,0.0,0.0,Retail Client,Check,Completed,ORD825888,Automated migration
2022-11-22,Brake Pad,Brake system,2,2130.95,73.86,4261.9,Walk-in Customer,GCash,Completed,ORD825889,Automated migration
2022-11-22,Radiator,Cooling system,6,4425.61,166.28,26553.66,Wholesale Client,Cash,Completed,ORD825890,Automated migration
2022-11-22,Battery,Electrical system,7,4605.33,229.41,32237.31,Wholesale Client,GCash,Completed,ORD825891,Automated migration
2022-11-22,Brake Pad,Brake system,4,3043.56,157.87,12174.24,Retail Client,Check,Completed,ORD825892,Automated migration
2022-11-22,Clutch Kit,Transmission system,8,7737.42,247.42,61899.36,Walk-in Customer,Bank Transfer,Completed,ORD825893,Automated migration
2022-11-22,Clutch Kit,Transmission system,0,8281.1,0.0,0.0,Walk-in Customer,Check,Completed,ORD825894,Automated migration
2022-11-22,Oil Filter,Engine system,7,135.48,260.79,948.36,Walk-in Customer,Bank Transfer,Completed,ORD825895,Automated migration
2022-11-22,Shock Absorber,Suspension system,0,3571.4,0.0,0.0,Retail Client,Cash,Completed,ORD825896,Automated migration
2022-11-22,Oil Filter,Engine system,6,212.11,32.41,1272.66,Retail Client,Cash,Completed,ORD825897,Automated migration
2022-11-22,Battery,Electrical system,8,5211.66,224.95,41693.28,Retail Client,GCash,Completed,ORD825898,Automated migration
2022-11-22,Clutch Kit,Transmission system,5,7019.55,284.58,35097.75,Walk-in Customer,GCash,Completed,ORD825899,Automated migration
2022-11-22,Radiator,Cooling system,2,4861.08,111.35,9722.16,Retail Client,Check,Completed,ORD825900,Automated migration
2022-11-22,Air Filter,Engine system,6,337.7,283.18,2026.2,Walk-in Customer,Bank Transfer,Completed,ORD825901,Automated migration
2022-11-22,Air Filter,Engine system,6,311.85,341.73,1871.1,Walk-in Customer,GCash,Completed,ORD825902,Automated migration
2022-11-22,Clutch Kit,Transmission system,1,8810.46,80.94,8810.46,Walk-in Customer,Check,Completed,ORD825903,Automated migration
2022-11-22,Fuel Pump,Fuel system,6,2706.68,199.55,16240.08,Wholesale Client,Bank Transfer,Completed,ORD825904,Automated migration
2022-11-22,Oil Filter,Engine system,5,212.23,121.76,1061.15,Wholesale Client,Bank Transfer,Completed,ORD825905,Automated migration
2022-11-22,Air Filter,Engine system,5,388.69,378.61,1943.45,Walk-in Customer,Check,Completed,ORD825906,Automated migration
2022-11-23,Brake Pad,Brake system,5,3447.61,146.83,17238.05,Retail Client,Bank Transfer,Completed,ORD825907,Automated migration
2022-11-23,Air Filter,Engine system,8,382.39,402.96,3059.12,Walk-in Customer,Check,Completed,ORD825908,Automated migration
2022-11-23,Spark Plug,Ignition system,5,367.99,145.98,1839.95,Wholesale Client,Check,Completed,ORD825909,Automated migration
2022-11-23,Air Filter,Engine system,8,204.26,144.07,1634.08,Retail Client,Cash,Completed,ORD825910,Automated migration
2022-11-23,Alternator,Electrical system,5,7296.34,233.46,36481.7,Wholesale Client,GCash,Completed,ORD825911,Automated migration
2022-11-23,Battery,Electrical system,6,4068.89,335.56,24413.34,Wholesale Client,Cash,Completed,ORD825912,Automated migration
2022-11-23,Fuel Pump,Fuel system,5,5333.59,484.6,26667.95,Retail Client,GCash,Completed,ORD825913,Automated migration
2022-11-23,Air Filter,Engine system,4,288.09,327.2,1152.36,Retail Client,Cash,Completed,ORD825914,Automated migration
2022-11-23,Radiator,Cooling system,5,6311.98,16.96,31559.9,Walk-in Customer,GCash,Completed,ORD825915,Automated migration
2022-11-23,Shock Absorber,Suspension system,0,3827.62,0.0,0.0,Walk-in Customer,Cash,Completed,ORD825916,Automated migration
2022-11-23,Radiator,Cooling system,4,6742.89,166.02,26971.56,Walk-in Customer,Bank Transfer,Completed,ORD825917,Automated migration
2022-11-23,Spark Plug,Ignition system,6,245.02,108.77,1470.12,Wholesale Client,Check,Completed,ORD825918,Automated migration
2022-11-23,Brake Pad,Brake system,4,2034.49,385.61,8137.96,Walk-in Customer,Cash,Completed,ORD825919,Automated migration
2022-11-23,Air Filter,Engine system,8,345.91,117.86,2767.28,Retail Client,Bank Transfer,Completed,ORD825920,Automated migration
2022-11-23,Radiator,Cooling system,4,6881.42,435.98,27525.68,Walk-in Customer,Check,Completed,ORD825921,Automated migration
2022-11-23,Spark Plug,Ignition system,0,496.69,0.0,0.0,Walk-in Customer,Cash,Completed,ORD825922,Automated migration
2022-11-23,Fuel Pump,Fuel system,3,5162.64,474.06,15487.92,Walk-in Customer,Cash,Completed,ORD825923,Automated migration
2022-11-23,Clutch Kit,Transmission system,8,12191.29,208.56,97530.32,Walk-in Customer,GCash,Completed,ORD825924,Automated migration
2022-11-23,Alternator,Electrical system,4,7051.23,287.68,28204.92,Retail Client,Check,Completed,ORD825925,Automated migration
2022-11-23,Oil Filter,Engine system,8,336.31,105.38,2690.48,Wholesale Client,Cash,Completed,ORD825926,Automated migration
2022-11-23,Battery,Electrical system,6,8796.24,455.52,52777.44,Retail Client,GCash,Completed,ORD825927,Automated migration
2022-11-23,Spark Plug,Ignition system,8,282.33,301.37,2258.64,Walk-in Customer,GCash,Completed,ORD825928,Automated migration
2022-11-24,Air Filter,Engine system,1,276.2,162.76,276.2,Wholesale Client,Check,Completed,ORD825929,Automated migration
2022-11-24,Fuel Pump,Fuel system,7,3542.35,77.39,24796.45,Wholesale Client,GCash,Completed,ORD825930,Automated migration
2022-11-24,Alternator,Electrical system,2,9206.88,296.75,18413.76,Wholesale Client,Check,Completed,ORD825931,Automated migration
2022-11-24,Brake Pad,Brake system,5,3334.13,395.89,16670.65,Walk-in Customer,Bank Transfer,Completed,ORD825932,Automated migration
2022-11-24,Radiator,Cooling system,5,3222.75,29.96,16113.75,Walk-in Customer,Check,Completed,ORD825933,Automated migration
2022-11-24,Shock Absorber,Suspension system,3,4934.13,44.78,14802.39,Wholesale Client,Check,Completed,ORD825934,Automated migration
2022-11-24,Battery,Electrical system,0,8469.03,0.0,0.0,Retail Client,Check,Completed,ORD825935,Automated migration
2022-11-24,Radiator,Cooling system,4,5686.78,448.33,22747.12,Wholesale Client,Cash,Completed,ORD825936,Automated migration
2022-11-24,Radiator,Cooling system,1,5219.87,215.07,5219.87,Wholesale Client,Bank Transfer,Completed,ORD825937,Automated migration
2022-11-24,Oil Filter,Engine system,6,284.64,142.9,1707.84,Wholesale Client,Bank Transfer,Completed,ORD825938,Automated migration
2022-11-24,Oil Filter,Engine system,1,308.81,466.01,308.81,Wholesale Client,Cash,Completed,ORD825939,Automated migration
2022-11-24,Oil Filter,Engine system,8,221.28,214.29,1770.24,Retail Client,GCash,Completed,ORD825940,Automated migration
2022-11-24,Shock Absorber,Suspension system,3,4674.03,465.45,14022.09,Walk-in Customer,GCash,Completed,ORD825941,Automated migration
2022-11-24,Brake Pad,Brake system,7,2741.27,1.22,19188.89,Wholesale Client,Bank Transfer,Completed,ORD825942,Automated migration
2022-11-24,Radiator,Cooling system,6,4569.18,381.45,27415.08,Wholesale Client,Cash,Completed,ORD825943,Automated migration
2022-11-24,Battery,Electrical system,1,4951.68,95.64,4951.68,Retail Client,Bank Transfer,Completed,ORD825944,Automated migration
2022-11-24,Fuel Pump,Fuel system,6,2888.41,98.73,17330.46,Wholesale Client,GCash,Completed,ORD825945,Automated migration
2022-11-25,Clutch Kit,Transmission system,4,13449.69,431.54,53798.76,Wholesale Client,Bank Transfer,Completed,ORD825946,Automated migration
2022-11-25,Air Filter,Engine system,5,254.63,66.26,1273.15,Walk-in Customer,Bank Transfer,Completed,ORD825947,Automated migration
2022-11-25,Shock Absorber,Suspension system,5,2029.83,200.98,10149.15,Walk-in Customer,Cash,Completed,ORD825948,Automated migration
2022-11-25,Clutch Kit,Transmission system,2,11274.11,219.3,22548.22,Wholesale Client,Cash,Completed,ORD825949,Automated migration
2022-11-25,Battery,Electrical system,3,5027.61,16.31,15082.83,Walk-in Customer,GCash,Completed,ORD825950,Automated migration
2022-11-25,Shock Absorber,Suspension system,8,6213.34,366.65,49706.72,Retail Client,GCash,Completed,ORD825951,Automated migration
2022-11-25,Shock Absorber,Suspension system,2,4030.86,121.92,8061.72,Wholesale Client,GCash,Completed,ORD825952,Automated migration
2022-11-25,Shock Absorber,Suspension system,6,3975.35,217.21,23852.1,Walk-in Customer,Bank Transfer,Completed,ORD825953,Automated migration
2022-11-25,Oil Filter,Engine system,4,290.58,268.71,1162.32,Wholesale Client,Check,Completed,ORD825954,Automated migration
2022-11-25,Oil Filter,Engine system,2,343.91,144.76,687.82,Walk-in Customer,GCash,Completed,ORD825955,Automated migration
2022-11-25,Spark Plug,Ignition system,6,370.04,318.6,2220.24,Wholesale Client,GCash,Completed,ORD825956,Automated migration
2022-11-25,Battery,Electrical system,8,5303.17,407.49,42425.36,Retail Client,Bank Transfer,Completed,ORD825957,Automated migration
2022-11-25,Battery,Electrical system,6,8487.82,323.08,50926.92,Retail Client,GCash,Completed,ORD825958,Automated migration
2022-11-25,Spark Plug,Ignition system,1,328.57,450.97,328.57,Walk-in Customer,GCash,Completed,ORD825959,Automated migration
2022-11-25,Shock Absorber,Suspension system,7,4685.93,170.77,32801.51,Wholesale Client,Cash,Completed,ORD825960,Automated migration
2022-11-26,Clutch Kit,Transmission system,3,6704.7,50.9,20114.1,Wholesale Client,Cash,Completed,ORD825961,Automated migration
2022-11-26,Alternator,Electrical system,6,9014.07,270.28,54084.42,Retail Client,GCash,Completed,ORD825962,Automated migration
2022-11-26,Battery,Electrical system,2,6688.73,434.36,13377.46,Walk-in Customer,GCash,Completed,ORD825963,Automated migration
2022-11-26,Spark Plug,Ignition system,1,199.66,138.02,199.66,Walk-in Customer,GCash,Completed,ORD825964,Automated migration
2022-11-26,Clutch Kit,Transmission system,1,8235.32,123.04,8235.32,Retail Client,Bank Transfer,Completed,ORD825965,Automated migration
2022-11-26,Air Filter,Engine system,6,354.98,6.16,2129.88,Wholesale Client,GCash,Completed,ORD825966,Automated migration
2022-11-26,Battery,Electrical system,5,4298.02,198.59,21490.1,Retail Client,Check,Completed,ORD825967,Automated migration
2022-11-26,Brake Pad,Brake system,4,3184.5,247.23,12738.0,Walk-in Customer,GCash,Completed,ORD825968,Automated migration
2022-11-26,Fuel Pump,Fuel system,1,5372.48,275.13,5372.48,Walk-in Customer,GCash,Completed,ORD825969,Automated migration
2022-11-26,Alternator,Electrical system,3,8686.75,477.73,26060.25,Retail Client,Cash,Completed,ORD825970,Automated migration
2022-11-26,Clutch Kit,Transmission system,4,5298.49,161.54,21193.96,Wholesale Client,Check,Completed,ORD825971,Automated migration
2022-11-26,Battery,Electrical system,2,7545.48,442.14,15090.96,Retail Client,Cash,Completed,ORD825972,Automated migration
2022-11-26,Fuel Pump,Fuel system,2,6402.66,211.33,12805.32,Wholesale Client,Check,Completed,ORD825973,Automated migration
2022-11-26,Air Filter,Engine system,8,242.88,276.17,1943.04,Wholesale Client,GCash,Completed,ORD825974,Automated migration
2022-11-26,Radiator,Cooling system,0,5655.15,0.0,0.0,Retail Client,Check,Completed,ORD825975,Automated migration
2022-11-26,Air Filter,Engine system,8,337.18,226.69,2697.44,Wholesale Client,GCash,Completed,ORD825976,Automated migration
2022-11-26,Spark Plug,Ignition system,0,421.25,0.0,0.0,Retail Client,Cash,Completed,ORD825977,Automated migration
2022-11-26,Fuel Pump,Fuel system,6,3296.87,398.05,19781.22,Wholesale Client,Cash,Completed,ORD825978,Automated migration
2022-11-26,Radiator,Cooling system,7,4712.5,412.66,32987.5,Walk-in Customer,Check,Completed,ORD825979,Automated migration
2022-11-26,Alternator,Electrical system,3,7841.19,114.21,23523.57,Retail Client,Bank Transfer,Completed,ORD825980,Automated migration
2022-11-27,Oil Filter,Engine system,3,143.23,287.45,429.69,Walk-in Customer,GCash,Completed,ORD825981,Automated migration
2022-11-27,Radiator,Cooling system,0,3672.8,0.0,0.0,Walk-in Customer,GCash,Completed,ORD825982,Automated migration
2022-11-27,Shock Absorber,Suspension system,5,3312.38,320.44,16561.9,Walk-in Customer,Check,Completed,ORD825983,Automated migration
2022-11-27,Fuel Pump,Fuel system,4,4545.35,26.06,18181.4,Wholesale Client,GCash,Completed,ORD825984,Automated migration
2022-11-27,Battery,Electrical system,3,5998.92,493.49,17996.76,Walk-in Customer,GCash,Completed,ORD825985,Automated migration
2022-11-27,Fuel Pump,Fuel system,5,6901.31,324.78,34506.55,Walk-in Customer,Cash,Completed,ORD825986,Automated migration
2022-11-27,Fuel Pump,Fuel system,8,3598.04,246.42,28784.32,Retail Client,Cash,Completed,ORD825987,Automated migration
2022-11-27,Shock Absorber,Suspension system,0,4776.83,0.0,0.0,Retail Client,GCash,Completed,ORD825988,Automated migration
2022-11-27,Shock Absorber,Suspension system,2,2427.45,439.41,4854.9,Retail Client,Bank Transfer,Completed,ORD825989,Automated migration
2022-11-27,Radiator,Cooling system,3,4256.87,55.0,12770.61,Wholesale Client,Check,Completed,ORD825990,Automated migration
2022-11-27,Radiator,Cooling system,0,3693.19,0.0,0.0,Retail Client,Bank Transfer,Completed,ORD825991,Automated migration
2022-11-27,Air Filter,Engine system,1,377.33,338.59,377.33,Retail Client,Bank Transfer,Completed,ORD825992,Automated migration
2022-11-27,Air Filter,Engine system,6,233.28,87.07,1399.68,Wholesale Client,Cash,Completed,ORD825993,Automated migration
2022-11-27,Alternator,Electrical system,6,10716.21,65.23,64297.26,Wholesale Client,Check,Completed,ORD825994,Automated migration
2022-11-28,Alternator,Electrical system,6,7472.45,26.24,44834.7,Walk-in Customer,GCash,Completed,ORD825995,Automated migration
2022-11-28,Alternator,Electrical system,0,7319.03,0.0,0.0,Retail Client,Check,Completed,ORD825996,Automated migration
2022-11-28,Oil Filter,Engine system,4,179.11,460.62,716.44,Wholesale Client,Cash,Completed,ORD825997,Automated migration
2022-11-28,Alternator,Electrical system,5,7144.21,36.8,35721.05,Walk-in Customer,Cash,Completed,ORD825998,Automated migration
2022-11-28,Fuel Pump,Fuel system,6,5971.09,398.96,35826.54,Retail Client,Bank Transfer,Completed,ORD825999,Automated migration
2022-11-28,Battery,Electrical system,3,5824.01,184.54,17472.03,Wholesale Client,Check,Completed,ORD826000,Automated migration
2022-11-28,Fuel Pump,Fuel system,2,3686.8,119.9,7373.6,Retail Client,GCash,Completed,ORD826001,Automated migration
2022-11-28,Clutch Kit,Transmission system,6,9310.43,48.91,55862.58,Wholesale Client,Check,Completed,ORD826002,Automated migration
2022-11-28,Battery,Electrical system,0,4842.66,0.0,0.0,Walk-in Customer,GCash,Completed,ORD826003,Automated migration
2022-11-28,Fuel Pump,Fuel system,7,4481.35,143.77,31369.45,Walk-in Customer,Bank Transfer,Completed,ORD826004,Automated migration
2022-11-28,Fuel Pump,Fuel system,7,2884.53,168.57,20191.71,Retail Client,GCash,Completed,ORD826005,Automated migration
2022-11-28,Oil Filter,Engine system,7,273.52,338.84,1914.64,Wholesale Client,GCash,Completed,ORD826006,Automated migration
2022-11-28,Alternator,Electrical system,5,9634.62,471.94,48173.1,Walk-in Customer,Cash,Completed,ORD826007,Automated migration
2022-11-28,Clutch Kit,Transmission system,3,5887.7,485.4,17663.1,Wholesale Client,Cash,Completed,ORD826008,Automated migration
2022-11-28,Alternator,Electrical system,4,7812.41,131.55,31249.64,Retail Client,Bank Transfer,Completed,ORD826009,Automated migration
2022-11-29,Radiator,Cooling system,6,5637.6,37.18,33825.6,Walk-in Customer,GCash,Completed,ORD826010,Automated migration
2022-11-29,Alternator,Electrical system,7,11478.51,442.39,80349.57,Wholesale Client,Cash,Completed,ORD826011,Automated migration
2022-11-29,Battery,Electrical system,6,6985.56,155.13,41913.36,Wholesale Client,Cash,Completed,ORD826012,Automated migration
2022-11-29,Shock Absorber,Suspension system,0,2864.25,0.0,0.0,Retail Client,Cash,Completed,ORD826013,Automated migration
2022-11-29,Shock Absorber,Suspension system,6,5973.2,44.67,35839.2,Retail Client,Check,Completed,ORD826014,Automated migration
2022-11-29,Spark Plug,Ignition system,0,201.01,0.0,0.0,Walk-in Customer,GCash,Completed,ORD826015,Automated migration
2022-11-29,Spark Plug,Ignition system,8,249.75,45.24,1998.0,Walk-in Customer,Cash,Completed,ORD826016,Automated migration
2022-11-29,Brake Pad,Brake system,0,3356.3,0.0,0.0,Wholesale Client,Check,Completed,ORD826017,Automated migration
2022-11-29,Fuel Pump,Fuel system,6,3667.88,15.33,22007.28,Walk-in Customer,Cash,Completed,ORD826018,Automated migration
2022-11-29,Radiator,Cooling system,2,7686.88,361.4,15373.76,Walk-in Customer,Check,Completed,ORD826019,Automated migration
2022-11-29,Radiator,Cooling system,1,3737.83,435.03,3737.83,Retail Client,Bank Transfer,Completed,ORD826020,Automated migration
2022-11-29,Radiator,Cooling system,1,8017.3,126.74,8017.3,Wholesale Client,Bank Transfer,Completed,ORD826021,Automated migration
2022-11-29,Battery,Electrical system,6,4722.47,454.79,28334.82,Walk-in Customer,GCash,Completed,ORD826022,Automated migration
2022-11-29,Spark Plug,Ignition system,0,439.9,0.0,0.0,Wholesale Client,GCash,Completed,ORD826023,Automated migration
2022-11-29,Alternator,Electrical system,6,11602.83,130.86,69616.98,Retail Client,GCash,Completed,ORD826024,Automated migration
2022-11-29,Alternator,Electrical system,5,10066.91,119.03,50334.55,Walk-in Customer,Check,Completed,ORD826025,Automated migration
2022-11-29,Fuel Pump,Fuel system,2,2790.83,376.78,5581.66,Wholesale Client,Check,Completed,ORD826026,Automated migration
2022-11-30,Spark Plug,Ignition system,3,194.35,216.58,583.05,Wholesale Client,Bank Transfer,Completed,ORD826027,Automated migration
2022-11-30,Battery,Electrical system,0,7895.64,0.0,0.0,Walk-in Customer,Bank Transfer,Completed,ORD826028,Automated migration
2022-11-30,Alternator,Electrical system,3,9379.03,499.71,28137.09,Walk-in Customer,Cash,Completed,ORD826029,Automated migration
2022-11-30,Radiator,Cooling system,6,7456.98,394.88,44741.88,Walk-in Customer,Cash,Completed,ORD826030,Automated migration
2022-11-30,Shock Absorber,Suspension system,8,4693.8,341.97,37550.4,Walk-in Customer,Check,Completed,ORD826031,Automated migration
2022-11-30,Oil Filter,Engine system,5,213.22,187.87,1066.1,Retail Client,GCash,Completed,ORD826032,Automated migration
2022-11-30,Radiator,Cooling system,1,7173.0,161.36,7173.0,Wholesale Client,Bank Transfer,Completed,ORD826033,Automated migration
2022-11-30,Radiator,Cooling system,7,4442.67,133.73,31098.69,Retail Client,Bank Transfer,Completed,ORD826034,Automated migration
2022-11-30,Spark Plug,Ignition system,6,491.58,238.91,2949.48,Retail Client,Check,Completed,ORD826035,Automated migration
2022-11-30,Brake Pad,Brake system,5,3124.37,38.25,15621.85,Walk-in Customer,Check,Completed,ORD826036,Automated migration
2022-11-30,Air Filter,Engine system,4,396.7,397.58,1586.8,Retail Client,Check,Completed,ORD826037,Automated migration
2022-11-30,Alternator,Electrical system,1,9591.7,310.69,9591.7,Walk-in Customer,Check,Completed,ORD826038,Automated migration
2022-11-30,Air Filter,Engine system,5,233.83,10.62,1169.15,Walk-in Customer,Bank Transfer,Completed,ORD826039,Automated migration
2022-11-30,Oil Filter,Engine system,5,220.77,285.26,1103.85,Walk-in Customer,Cash,Completed,ORD826040,Automated migration
2022-11-30,Shock Absorber,Suspension system,2,3757.57,252.66,7515.14,Wholesale Client,GCash,Completed,ORD826041,Automated migration
2022-11-30,Radiator,Cooling system,1,5556.12,317.72,5556.12,Retail Client,Bank Transfer,Completed,ORD826042,Automated migration
2022-11-30,Air Filter,Engine system,6,235.5,243.98,1413.0,Walk-in Customer,Cash,Completed,ORD826043,Automated migration
2022-12-01,Clutch Kit,Transmission system,3,5801.27,61.37,17403.81,Walk-in Customer,Cash,Completed,ORD826044,Automated migration
2022-12-01,Oil Filter,Engine system,5,250.67,439.1,1253.35,Retail Client,GCash,Completed,ORD826045,Automated migration
2022-12-01,Spark Plug,Ignition system,1,233.42,195.09,233.42,Wholesale Client,GCash,Completed,ORD826046,Automated migration
2022-12-01,Air Filter,Engine system,3,303.82,172.02,911.46,Wholesale Client,Cash,Completed,ORD826047,Automated migration
2022-12-01,Brake Pad,Brake system,7,2808.4,478.99,19658.8,Wholesale Client,Cash,Completed,ORD826048,Automated migration
2022-12-01,Radiator,Cooling system,2,5980.83,354.2,11961.66,Retail Client,GCash,Completed,ORD826049,Automated migration
2022-12-01,Fuel Pump,Fuel system,7,3546.35,245.04,24824.45,Wholesale Client,GCash,Completed,ORD826050,Automated migration
2022-12-01,Radiator,Cooling system,2,3071.19,126.32,6142.38,Retail Client,Check,Completed,ORD826051,Automated migration
2022-12-01,Shock Absorber,Suspension system,4,2503.7,324.74,10014.8,Wholesale Client,Cash,Completed,ORD826052,Automated migration
2022-12-01,Brake Pad,Brake system,5,1315.95,429.71,6579.75,Wholesale Client,GCash,Completed,ORD826053,Automated migration
2022-12-01,Spark Plug,Ignition system,0,538.58,0.0,0.0,Walk-in Customer,Bank Transfer,Completed,ORD826054,Automated migration
2022-12-01,Clutch Kit,Transmission system,7,9449.33,400.36,66145.31,Walk-in Customer,GCash,Completed,ORD826055,Automated migration
2022-12-01,Radiator,Cooling system,2,5931.38,230.17,11862.76,Wholesale Client,Check,Completed,ORD826056,Automated migration
2022-12-01,Spark Plug,Ignition system,8,474.75,49.77,3798.0,Walk-in Customer,Cash,Completed,ORD826057,Automated migration
2022-12-01,Oil Filter,Engine system,2,121.27,160.31,242.54,Retail Client,Cash,Completed,ORD826058,Automated migration
2022-12-01,Spark Plug,Ignition system,0,198.11,0.0,0.0,Wholesale Client,Bank Transfer,Completed,ORD826059,Automated migration
2022-12-01,Fuel Pump,Fuel system,0,3301.54,0.0,0.0,Wholesale Client,Check,Completed,ORD826060,Automated migration
2022-12-01,Clutch Kit,Transmission system,4,11403.19,438.43,45612.76,Retail Client,GCash,Completed,ORD826061,Automated migration
2022-12-02,Brake Pad,Brake system,2,1724.74,85.06,3449.48,Retail Client,Check,Completed,ORD826062,Automated migration
2022-12-02,Clutch Kit,Transmission system,5,12978.36,430.05,64891.8,Wholesale Client,Cash,Completed,ORD826063,Automated migration
2022-12-02,Spark Plug,Ignition system,1,261.85,5.97,261.85,Walk-in Customer,Bank Transfer,Completed,ORD826064,Automated migration
2022-12-02,Clutch Kit,Transmission system,3,9317.52,84.73,27952.56,Retail Client,Cash,Completed,ORD826065,Automated migration
2022-12-02,Clutch Kit,Transmission system,2,6265.03,324.75,12530.06,Walk-in Customer,Cash,Completed,ORD826066,Automated migration
2022-12-02,Shock Absorber,Suspension system,1,3675.69,312.3,3675.69,Retail Client,Check,Completed,ORD826067,Automated migration
2022-12-02,Radiator,Cooling system,8,6354.67,386.3,50837.36,Retail Client,Cash,Completed,ORD826068,Automated migration
2022-12-02,Shock Absorber,Suspension system,4,6430.73,218.84,25722.92,Walk-in Customer,GCash,Completed,ORD826069,Automated migration
2022-12-02,Alternator,Electrical system,3,10964.85,222.69,32894.55,Walk-in Customer,Bank Transfer,Completed,ORD826070,Automated migration
2022-12-02,Battery,Electrical system,2,5530.99,183.12,11061.98,Wholesale Client,Cash,Completed,ORD826071,Automated migration
2022-12-02,Shock Absorber,Suspension system,0,2069.82,0.0,0.0,Retail Client,Bank Transfer,Completed,ORD826072,Automated migration
2022-12-02,Clutch Kit,Transmission system,8,6171.52,102.23,49372.16,Wholesale Client,Cash,Completed,ORD826073,Automated migration
2022-12-02,Clutch Kit,Transmission system,0,11009.75,0.0,0.0,Retail Client,GCash,Completed,ORD826074,Automated migration
2022-12-02,Air Filter,Engine system,2,345.83,267.47,691.66,Wholesale Client,Check,Completed,ORD826075,Automated migration
2022-12-02,Fuel Pump,Fuel system,8,4688.47,177.05,37507.76,Wholesale Client,Cash,Completed,ORD826076,Automated migration
2022-12-02,Battery,Electrical system,4,4501.57,442.13,18006.28,Retail Client,GCash,Completed,ORD826077,Automated migration
2022-12-02,Shock Absorber,Suspension system,0,3715.97,0.0,0.0,Wholesale Client,Check,Completed,ORD826078,Automated migration
2022-12-02,Battery,Electrical system,3,7827.75,116.46,23483.25,Retail Client,Cash,Completed,ORD826079,Automated migration
2022-12-02,Alternator,Electrical system,1,11946.04,295.14,11946.04,Wholesale Client,GCash,Completed,ORD826080,Automated migration
2022-12-02,Oil Filter,Engine system,3,222.52,363.2,667.56,Retail Client,Bank Transfer,Completed,ORD826081,Automated migration
2022-12-02,Spark Plug,Ignition system,7,371.8,38.59,2602.6,Wholesale Client,Cash,Completed,ORD826082,Automated migration
2022-12-02,Shock Absorber,Suspension system,3,2123.67,48.76,6371.01,Walk-in Customer,GCash,Completed,ORD826083,Automated migration
2022-12-02,Air Filter,Engine system,4,396.99,185.53,1587.96,Retail Client,Cash,Completed,ORD826084,Automated migration
2022-12-02,Brake Pad,Brake system,1,2099.65,414.06,2099.65,Wholesale Client,Bank Transfer,Completed,ORD826085,Automated migration
2022-12-02,Radiator,Cooling system,6,6353.28,465.84,38119.68,Retail Client,GCash,Completed,ORD826086,Automated migration
2022-12-03,Fuel Pump,Fuel system,0,5954.97,0.0,0.0,Wholesale Client,GCash,Completed,ORD826087,Automated migration
2022-12-03,Fuel Pump,Fuel system,3,4230.65,457.6,12691.95,Wholesale Client,Cash,Completed,ORD826088,Automated migration
2022-12-03,Air Filter,Engine system,7,397.32,453.26,2781.24,Walk-in Customer,Cash,Completed,ORD826089,Automated migration
2022-12-03,Shock Absorber,Suspension system,8,5657.17,484.85,45257.36,Retail Client,GCash,Completed,ORD826090,Automated migration
2022-12-03,Fuel Pump,Fuel system,0,6641.77,0.0,0.0,Walk-in Customer,Cash,Completed,ORD826091,Automated migration
2022-12-03,Clutch Kit,Transmission system,4,7499.11,217.72,29996.44,Walk-in Customer,Check,Completed,ORD826092,Automated migration
2022-12-03,Shock Absorber,Suspension system,4,3324.91,92.72,13299.64,Wholesale Client,Bank Transfer,Completed,ORD826093,Automated migration
2022-12-03,Fuel Pump,Fuel system,1,6881.85,460.61,6881.85,Walk-in Customer,Bank Transfer,Completed,ORD826094,Automated migration
2022-12-03,Shock Absorber,Suspension system,4,2043.29,393.53,8173.16,Retail Client,Cash,Completed,ORD826095,Automated migration
2022-12-03,Shock Absorber,Suspension system,5,4706.38,298.38,23531.9,Retail Client,Cash,Completed,ORD826096,Automated migration
2022-12-03,Alternator,Electrical system,3,11421.32,432.05,34263.96,Retail Client,Bank Transfer,Completed,ORD826097,Automated migration
2022-12-03,Fuel Pump,Fuel system,8,2734.73,315.04,21877.84,Retail Client,Cash,Completed,ORD826098,Automated migration
2022-12-03,Radiator,Cooling system,6,5156.1,259.57,30936.6,Retail Client,Cash,Completed,ORD826099,Automated migration
2022-12-03,Air Filter,Engine system,4,207.48,146.44,829.92,Wholesale Client,Bank Transfer,Completed,ORD826100,Automated migration
2022-12-03,Radiator,Cooling system,7,5310.26,395.97,37171.82,Wholesale Client,Check,Completed,ORD826101,Automated migration
2022-12-03,Brake Pad,Brake system,5,2134.46,141.03,10672.3,Walk-in Customer,GCash,Completed,ORD826102,Automated migration
2022-12-03,Battery,Electrical system,6,4672.76,221.74,28036.56,Retail Client,Cash,Completed,ORD826103,Automated migration
2022-12-03,Clutch Kit,Transmission system,0,11270.12,0.0,0.0,Walk-in Customer,Bank Transfer,Completed,ORD826104,Automated migration
2022-12-03,Alternator,Electrical system,8,7560.53,333.79,60484.24,Retail Client,Check,Completed,ORD826105,Automated migration
2022-12-03,Brake Pad,Brake system,5,1337.72,337.52,6688.6,Wholesale Client,Bank Transfer,Completed,ORD826106,Automated migration
2022-12-03,Radiator,Cooling system,3,3653.1,470.04,10959.3,Wholesale Client,Cash,Completed,ORD826107,Automated migration
2022-12-03,Radiator,Cooling system,1,6791.72,341.88,6791.72,Wholesale Client,Check,Completed,ORD826108,Automated migration
2022-12-03,Spark Plug,Ignition system,1,431.63,345.39,431.63,Retail Client,GCash,Completed,ORD826109,Automated migration
2022-12-03,Alternator,Electrical system,7,9010.0,28.96,63070.0,Wholesale Client,Bank Transfer,Completed,ORD826110,Automated migration
2022-12-04,Battery,Electrical system,8,5269.9,146.26,42159.2,Wholesale Client,Check,Completed,ORD826111,Automated migration
2022-12-04,Fuel Pump,Fuel system,8,5231.23,379.55,41849.84,Wholesale Client,Bank Transfer,Completed,ORD826112,Automated migration
2022-12-04,Clutch Kit,Transmission system,3,6666.98,447.37,20000.94,Retail Client,Cash,Completed,ORD826113,Automated migration
2022-12-04,Shock Absorber,Suspension system,2,3223.35,372.94,6446.7,Walk-in Customer,Bank Transfer,Completed,ORD826114,Automated migration
2022-12-04,Oil Filter,Engine system,2,295.29,228.78,590.58,Walk-in Customer,Bank Transfer,Completed,ORD826115,Automated migration
2022-12-04,Radiator,Cooling system,4,8828.45,454.74,35313.8,Walk-in Customer,Bank Transfer,Completed,ORD826116,Automated migration
2022-12-04,Air Filter,Engine system,4,276.9,425.37,1107.6,Walk-in Customer,Bank Transfer,Completed,ORD826117,Automated migration
2022-12-04,Spark Plug,Ignition system,2,439.96,144.6,879.92,Walk-in Customer,Check,Completed,ORD826118,Automated migration
2022-12-04,Shock Absorber,Suspension system,3,4152.88,333.04,12458.64,Walk-in Customer,Check,Completed,ORD826119,Automated migration
2022-12-04,Radiator,Cooling system,7,8551.4,226.38,59859.8,Retail Client,Bank Transfer,Completed,ORD826120,Automated migration
2022-12-04,Radiator,Cooling system,2,5103.67,281.45,10207.34,Walk-in Customer,Check,Completed,ORD826121,Automated migration
2022-12-04,Battery,Electrical system,2,8233.4,285.82,16466.8,Wholesale Client,Check,Completed,ORD826122,Automated migration
2022-12-04,Shock Absorber,Suspension system,6,3912.96,475.2,23477.76,Retail Client,Cash,Completed,ORD826123,Automated migration
2022-12-05,Spark Plug,Ignition system,5,223.66,419.3,1118.3,Retail Client,Bank Transfer,Completed,ORD826124,Automated migration
2022-12-05,Alternator,Electrical system,7,9176.14,289.69,64232.98,Retail Client,Bank Transfer,Completed,ORD826125,Automated migration
2022-12-05,Shock Absorber,Suspension system,5,4588.23,13.08,22941.15,Wholesale Client,Check,Completed,ORD826126,Automated migration
2022-12-05,Oil Filter,Engine system,6,221.23,330.79,1327.38,Wholesale Client,Check,Completed,ORD826127,Automated migration
2022-12-05,Shock Absorber,Suspension system,1,3222.61,177.72,3222.61,Wholesale Client,Check,Completed,ORD826128,Automated migration
2022-12-05,Brake Pad,Brake system,5,3490.85,374.93,17454.25,Walk-in Customer,Cash,Completed,ORD826129,Automated migration
2022-12-05,Fuel Pump,Fuel system,4,3652.21,141.09,14608.84,Walk-in Customer,Bank Transfer,Completed,ORD826130,Automated migration
2022-12-05,Fuel Pump,Fuel system,2,4165.91,496.68,8331.82,Retail Client,Check,Completed,ORD826131,Automated migration
2022-12-05,Radiator,Cooling system,8,4614.52,168.32,36916.16,Wholesale Client,Check,Completed,ORD826132,Automated migration
2022-12-05,Battery,Electrical system,3,5210.13,169.13,15630.39,Wholesale Client,GCash,Completed,ORD826133,Automated migration
2022-12-05,Fuel Pump,Fuel system,0,6998.59,0.0,0.0,Wholesale Client,GCash,Completed,ORD826134,Automated migration
2022-12-05,Shock Absorber,Suspension system,2,4116.89,366.87,8233.78,Retail Client,GCash,Completed,ORD826135,Automated migration
2022-12-05,Battery,Electrical system,5,7361.26,440.37,36806.3,Wholesale Client,Cash,Completed,ORD826136,Automated migration
2022-12-05,Brake Pad,Brake system,6,3078.89,11.43,18473.34,Wholesale Client,Check,Completed,ORD826137,Automated migration
2022-12-05,Brake Pad,Brake system,7,2200.91,437.57,15406.37,Wholesale Client,GCash,Completed,ORD826138,Automated migration
2022-12-05,Spark Plug,Ignition system,5,170.78,480.25,853.9,Walk-in Customer,Check,Completed,ORD826139,Automated migration
2022-12-05,Battery,Electrical system,5,5119.67,247.87,25598.35,Wholesale Client,Bank Transfer,Completed,ORD826140,Automated migration
2022-12-05,Radiator,Cooling system,7,3637.03,496.88,25459.21,Walk-in Customer,Cash,Completed,ORD826141,Automated migration
2022-12-05,Battery,Electrical system,3,8724.22,214.16,26172.66,Wholesale Client,Cash,Completed,ORD826142,Automated migration
2022-12-05,Brake Pad,Brake system,5,2596.98,172.13,12984.9,Retail Client,Check,Completed,ORD826143,Automated migration
2022-12-05,Fuel Pump,Fuel system,6,5258.72,265.08,31552.32,Wholesale Client,GCash,Completed,ORD826144,Automated migration
2022-12-06,Shock Absorber,Suspension system,0,2095.11,0.0,0.0,Retail Client,GCash,Completed,ORD826145,Automated migration
2022-12-06,Radiator,Cooling system,0,3848.51,0.0,0.0,Wholesale Client,Bank Transfer,Completed,ORD826146,Automated migration
2022-12-06,Brake Pad,Brake system,6,2520.7,358.05,15124.2,Wholesale Client,Bank Transfer,Completed,ORD826147,Automated migration
2022-12-06,Clutch Kit,Transmission system,0,5812.58,0.0,0.0,Wholesale Client,Bank Transfer,Completed,ORD826148,Automated migration
2022-12-06,Alternator,Electrical system,2,9861.82,150.26,19723.64,Wholesale Client,Cash,Completed,ORD826149,Automated migration
2022-12-06,Alternator,Electrical system,1,9712.0,276.65,9712.0,Walk-in Customer,Cash,Completed,ORD826150,Automated migration
2022-12-06,Battery,Electrical system,5,6950.62,47.94,34753.1,Retail Client,GCash,Completed,ORD826151,Automated migration
2022-12-06,Spark Plug,Ignition system,3,403.3,452.97,1209.9,Retail Client,Bank Transfer,Completed,ORD826152,Automated migration
2022-12-06,Battery,Electrical system,6,7231.52,126.9,43389.12,Retail Client,Bank Transfer,Completed,ORD826153,Automated migration
2022-12-06,Clutch Kit,Transmission system,3,11489.1,178.62,34467.3,Walk-in Customer,Bank Transfer,Completed,ORD826154,Automated migration
2022-12-06,Clutch Kit,Transmission system,8,7699.19,121.17,61593.52,Walk-in Customer,Check,Completed,ORD826155,Automated migration
2022-12-06,Radiator,Cooling system,8,6779.5,162.25,54236.0,Walk-in Customer,GCash,Completed,ORD826156,Automated migration
2022-12-07,Brake Pad,Brake system,7,2292.27,68.32,16045.89,Retail Client,Check,Completed,ORD826157,Automated migration
2022-12-07,Alternator,Electrical system,6,7791.92,23.29,46751.52,Wholesale Client,Bank Transfer,Completed,ORD826158,Automated migration
2022-12-07,Brake Pad,Brake system,6,2220.08,303.16,13320.48,Wholesale Client,Bank Transfer,Completed,ORD826159,Automated migration
2022-12-07,Shock Absorber,Suspension system,2,3775.59,279.18,7551.18,Wholesale Client,Check,Completed,ORD826160,Automated migration
2022-12-07,Clutch Kit,Transmission system,8,10124.56,134.2,80996.48,Walk-in Customer,Cash,Completed,ORD826161,Automated migration
2022-12-07,Clutch Kit,Transmission system,6,8981.99,253.21,53891.94,Wholesale Client,Bank Transfer,Completed,ORD826162,Automated migration
2022-12-07,Clutch Kit,Transmission system,6,13273.91,41.73,79643.46,Wholesale Client,Cash,Completed,ORD826163,Automated migration
2022-12-07,Battery,Electrical system,2,6984.04,433.1,13968.08,Wholesale Client,Bank Transfer,Completed,ORD826164,Automated migration
2022-12-07,Radiator,Cooling system,1,7461.93,243.04,7461.93,Retail Client,Cash,Completed,ORD826165,Automated migration
2022-12-07,Air Filter,Engine system,4,204.04,38.75,816.16,Retail Client,Check,Completed,ORD826166,Automated migration
2022-12-07,Oil Filter,Engine system,1,133.66,387.8,133.66,Wholesale Client,GCash,Completed,ORD826167,Automated migration
2022-12-07,Shock Absorber,Suspension system,0,6447.7,0.0,0.0,Retail Client,Check,Completed,ORD826168,Automated migration
2022-12-07,Shock Absorber,Suspension system,8,6154.23,145.55,49233.84,Wholesale Client,GCash,Completed,ORD826169,Automated migration
2022-12-07,Fuel Pump,Fuel system,0,2855.26,0.0,0.0,Retail Client,Bank Transfer,Completed,ORD826170,Automated migration
2022-12-07,Alternator,Electrical system,1,7151.75,56.9,7151.75,Wholesale Client,Bank Transfer,Completed,ORD826171,Automated migration
2022-12-07,Battery,Electrical system,7,8216.72,477.2,57517.04,Retail Client,GCash,Completed,ORD826172,Automated migration
2022-12-07,Air Filter,Engine system,0,344.78,0.0,0.0,Walk-in Customer,Cash,Completed,ORD826173,Automated migration
2022-12-07,Radiator,Cooling system,3,3553.65,475.54,10660.95,Wholesale Client,Check,Completed,ORD826174,Automated migration
2022-12-07,Shock Absorber,Suspension system,3,2030.65,471.86,6091.95,Walk-in Customer,Check,Completed,ORD826175,Automated migration
2022-12-07,Shock Absorber,Suspension system,3,3062.22,297.78,9186.66,Walk-in Customer,Cash,Completed,ORD826176,Automated migration
2022-12-07,Air Filter,Engine system,1,332.11,472.05,332.11,Walk-in Customer,GCash,Completed,ORD826177,Automated migration
2022-12-07,Brake Pad,Brake system,1,3102.3,489.75,3102.3,Walk-in Customer,GCash,Completed,ORD826178,Automated migration
2022-12-07,Radiator,Cooling system,0,8896.95,0.0,0.0,Wholesale Client,Cash,Completed,ORD826179,Automated migration
2022-12-07,Clutch Kit,Transmission system,6,8011.75,423.24,48070.5,Walk-in Customer,Check,Completed,ORD826180,Automated migration
2022-12-07,Air Filter,Engine system,2,383.11,156.55,766.22,Retail Client,Bank Transfer,Completed,ORD826181,Automated migration
2022-12-08,Clutch Kit,Transmission system,0,12510.86,0.0,0.0,Wholesale Client,Cash,Completed,ORD826182,Automated migration
2022-12-08,Clutch Kit,Transmission system,0,13945.12,0.0,0.0,Retail Client,Bank Transfer,Completed,ORD826183,Automated migration
2022-12-08,Air Filter,Engine system,1,378.84,373.18,378.84,Retail Client,Cash,Completed,ORD826184,Automated migration
2022-12-08,Oil Filter,Engine system,6,114.53,482.06,687.18,Wholesale Client,Check,Completed,ORD826185,Automated migration
2022-12-08,Radiator,Cooling system,7,8980.14,303.48,62860.98,Wholesale Client,Cash,Completed,ORD826186,Automated migration
2022-12-08,Radiator,Cooling system,8,8056.08,166.14,64448.64,Retail Client,Bank Transfer,Completed,ORD826187,Automated migration
2022-12-08,Fuel Pump,Fuel system,0,6268.27,0.0,0.0,Retail Client,GCash,Completed,ORD826188,Automated migration
2022-12-08,Battery,Electrical system,4,7785.61,193.4,31142.44,Wholesale Client,Check,Completed,ORD826189,Automated migration
2022-12-08,Shock Absorber,Suspension system,5,5837.3,439.9,29186.5,Walk-in Customer,GCash,Completed,ORD826190,Automated migration
2022-12-08,Shock Absorber,Suspension system,1,5570.01,150.05,5570.01,Walk-in Customer,Cash,Completed,ORD826191,Automated migration
2022-12-08,Air Filter,Engine system,5,392.9,10.53,1964.5,Retail Client,Check,Completed,ORD826192,Automated migration
2022-12-08,Fuel Pump,Fuel system,7,2689.17,85.2,18824.19,Wholesale Client,Check,Completed,ORD826193,Automated migration
2022-12-08,Air Filter,Engine system,4,254.17,144.85,1016.68,Wholesale Client,Bank Transfer,Completed,ORD826194,Automated migration
2022-12-08,Oil Filter,Engine system,4,291.44,374.36,1165.76,Wholesale Client,Cash,Completed,ORD826195,Automated migration
2022-12-08,Fuel Pump,Fuel system,0,2791.59,0.0,0.0,Retail Client,GCash,Completed,ORD826196,Automated migration
2022-12-08,Clutch Kit,Transmission system,6,13815.04,440.99,82890.24,Wholesale Client,Bank Transfer,Completed,ORD826197,Automated migration
2022-12-08,Air Filter,Engine system,4,228.6,31.38,914.4,Walk-in Customer,Cash,Completed,ORD826198,Automated migration
2022-12-09,Air Filter,Engine system,7,395.17,329.73,2766.19,Retail Client,Check,Completed,ORD826199,Automated migration
2022-12-09,Air Filter,Engine system,6,306.97,450.84,1841.82,Retail Client,Check,Completed,ORD826200,Automated migration
2022-12-09,Oil Filter,Engine system,7,138.54,465.94,969.78,Walk-in Customer,Check,Completed,ORD826201,Automated migration
2022-12-09,Battery,Electrical system,1,7415.85,156.44,7415.85,Retail Client,Check,Completed,ORD826202,Automated migration
2022-12-09,Fuel Pump,Fuel system,0,2631.83,0.0,0.0,Wholesale Client,Check,Completed,ORD826203,Automated migration
2022-12-09,Alternator,Electrical system,7,8739.32,480.77,61175.24,Walk-in Customer,Cash,Completed,ORD826204,Automated migration
2022-12-09,Shock Absorber,Suspension system,7,4491.19,89.51,31438.33,Wholesale Client,Bank Transfer,Completed,ORD826205,Automated migration
2022-12-09,Shock Absorber,Suspension system,6,2461.91,312.57,14771.46,Wholesale Client,Check,Completed,ORD826206,Automated migration
2022-12-09,Battery,Electrical system,6,6440.52,344.03,38643.12,Walk-in Customer,GCash,Completed,ORD826207,Automated migration
2022-12-09,Clutch Kit,Transmission system,3,7694.54,432.07,23083.62,Wholesale Client,GCash,Completed,ORD826208,Automated migration
2022-12-09,Oil Filter,Engine system,2,127.69,79.22,255.38,Retail Client,Bank Transfer,Completed,ORD826209,Automated migration
2022-12-09,Clutch Kit,Transmission system,3,6766.51,476.87,20299.53,Wholesale Client,Bank Transfer,Completed,ORD826210,Automated migration
2022-12-09,Clutch Kit,Transmission system,1,6535.2,385.18,6535.2,Wholesale Client,Bank Transfer,Completed,ORD826211,Automated migration
2022-12-09,Shock Absorber,Suspension system,6,4659.04,423.68,27954.24,Walk-in Customer,Cash,Completed,ORD826212,Automated migration
2022-12-10,Brake Pad,Brake system,5,2937.29,398.8,14686.45,Retail Client,GCash,Completed,ORD826213,Automated migration
2022-12-10,Alternator,Electrical system,0,11298.48,0.0,0.0,Walk-in Customer,Cash,Completed,ORD826214,Automated migration
2022-12-10,Fuel Pump,Fuel system,7,6207.11,19.24,43449.77,Retail Client,Check,Completed,ORD826215,Automated migration
2022-12-10,Air Filter,Engine system,6,343.65,228.84,2061.9,Retail Client,Bank Transfer,Completed,ORD826216,Automated migration
2022-12-10,Oil Filter,Engine system,5,321.25,311.37,1606.25,Wholesale Client,Cash,Completed,ORD826217,Automated migration
2022-12-10,Shock Absorber,Suspension system,6,5389.75,217.8,32338.5,Wholesale Client,GCash,Completed,ORD826218,Automated migration
2022-12-10,Fuel Pump,Fuel system,8,6368.43,461.85,50947.44,Walk-in Customer,GCash,Completed,ORD826219,Automated migration
2022-12-10,Air Filter,Engine system,2,356.11,121.73,712.22,Wholesale Client,Check,Completed,ORD826220,Automated migration
2022-12-10,Brake Pad,Brake system,0,2623.31,0.0,0.0,Retail Client,Bank Transfer,Completed,ORD826221,Automated migration
2022-12-10,Fuel Pump,Fuel system,0,6122.83,0.0,0.0,Retail Client,Check,Completed,ORD826222,Automated migration
2022-12-10,Air Filter,Engine system,7,311.83,465.72,2182.81,Retail Client,Check,Completed,ORD826223,Automated migration
2022-12-10,Clutch Kit,Transmission system,3,10723.99,143.75,32171.97,Retail Client,Cash,Completed,ORD826224,Automated migration
2022-12-10,Air Filter,Engine system,6,277.9,269.96,1667.4,Walk-in Customer,Bank Transfer,Completed,ORD826225,Automated migration
2022-12-10,Oil Filter,Engine system,3,338.66,378.23,1015.98,Wholesale Client,Check,Completed,ORD826226,Automated migration
2022-12-11,Fuel Pump,Fuel system,6,2505.9,266.84,15035.4,Walk-in Customer,Check,Completed,ORD826227,Automated migration
2022-12-11,Battery,Electrical system,4,6826.16,424.56,27304.64,Retail Client,Check,Completed,ORD826228,Automated migration
2022-12-11,Oil Filter,Engine system,0,171.16,0.0,0.0,Wholesale Client,Cash,Completed,ORD826229,Automated migration
2022-12-11,Clutch Kit,Transmission system,3,5519.17,234.94,16557.51,Retail Client,Check,Completed,ORD826230,Automated migration
2022-12-11,Brake Pad,Brake system,7,2178.54,184.16,15249.78,Retail Client,Cash,Completed,ORD826231,Automated migration
2022-12-11,Fuel Pump,Fuel system,0,6536.97,0.0,0.0,Retail Client,Bank Transfer,Completed,ORD826232,Automated migration
2022-12-11,Fuel Pump,Fuel system,4,4669.89,451.45,18679.56,Walk-in Customer,Cash,Completed,ORD826233,Automated migration
2022-12-11,Brake Pad,Brake system,7,1907.15,191.4,13350.05,Walk-in Customer,GCash,Completed,ORD826234,Automated migration
2022-12-11,Air Filter,Engine system,7,232.76,157.37,1629.32,Retail Client,Cash,Completed,ORD826235,Automated migration
2022-12-11,Brake Pad,Brake system,8,2029.68,159.8,16237.44,Wholesale Client,Cash,Completed,ORD826236,Automated migration
2022-12-11,Spark Plug,Ignition system,5,220.65,234.06,1103.25,Retail Client,Check,Completed,ORD826237,Automated migration
2022-12-11,Fuel Pump,Fuel system,0,5737.99,0.0,0.0,Retail Client,GCash,Completed,ORD826238,Automated migration
2022-12-11,Clutch Kit,Transmission system,4,5790.14,12.26,23160.56,Walk-in Customer,Cash,Completed,ORD826239,Automated migration
2022-12-11,Alternator,Electrical system,2,7110.33,356.59,14220.66,Retail Client,Check,Completed,ORD826240,Automated migration
2022-12-11,Air Filter,Engine system,4,347.0,186.84,1388.0,Wholesale Client,Check,Completed,ORD826241,Automated migration
2022-12-12,Brake Pad,Brake system,7,2136.48,312.48,14955.36,Wholesale Client,Bank Transfer,Completed,ORD826242,Automated migration
2022-12-12,Spark Plug,Ignition system,8,359.46,305.88,2875.68,Retail Client,GCash,Completed,ORD826243,Automated migration
2022-12-12,Brake Pad,Brake system,3,2586.28,187.74,7758.84,Retail Client,Bank Transfer,Completed,ORD826244,Automated migration
2022-12-12,Spark Plug,Ignition system,6,515.04,219.47,3090.24,Retail Client,Bank Transfer,Completed,ORD826245,Automated migration
2022-12-12,Spark Plug,Ignition system,7,242.33,422.66,1696.31,Walk-in Customer,Cash,Completed,ORD826246,Automated migration
2022-12-12,Fuel Pump,Fuel system,8,6948.09,34.76,55584.72,Retail Client,Check,Completed,ORD826247,Automated migration
2022-12-12,Oil Filter,Engine system,4,317.41,215.34,1269.64,Retail Client,Check,Completed,ORD826248,Automated migration
2022-12-12,Spark Plug,Ignition system,1,446.0,450.56,446.0,Wholesale Client,Bank Transfer,Completed,ORD826249,Automated migration
2022-12-12,Battery,Electrical system,8,7803.15,184.08,62425.2,Walk-in Customer,Bank Transfer,Completed,ORD826250,Automated migration
2022-12-12,Radiator,Cooling system,6,7207.44,394.89,43244.64,Retail Client,Check,Completed,ORD826251,Automated migration
2022-12-12,Battery,Electrical system,3,5199.27,336.89,15597.81,Retail Client,GCash,Completed,ORD826252,Automated migration
2022-12-12,Air Filter,Engine system,4,231.13,412.35,924.52,Retail Client,GCash,Completed,ORD826253,Automated migration
2022-12-12,Alternator,Electrical system,6,7020.34,72.59,42122.04,Retail Client,GCash,Completed,ORD826254,Automated migration
2022-12-12,Air Filter,Engine system,4,201.15,389.11,804.6,Retail Client,Check,Completed,ORD826255,Automated migration
2022-12-12,Battery,Electrical system,8,5516.06,20.05,44128.48,Wholesale Client,GCash,Completed,ORD826256,Automated migration
2022-12-13,Brake Pad,Brake system,7,1923.3,366.85,13463.1,Walk-in Customer,Check,Completed,ORD826257,Automated migration
2022-12-13,Spark Plug,Ignition system,6,376.56,178.46,2259.36,Wholesale Client,GCash,Completed,ORD826258,Automated migration
2022-12-13,Clutch Kit,Transmission system,8,13784.91,73.62,110279.28,Retail Client,Cash,Completed,ORD826259,Automated migration
2022-12-13,Air Filter,Engine system,1,321.74,496.59,321.74,Walk-in Customer,GCash,Completed,ORD826260,Automated migration
2022-12-13,Shock Absorber,Suspension system,7,2226.69,343.71,15586.83,Wholesale Client,Cash,Completed,ORD826261,Automated migration
2022-12-13,Brake Pad,Brake system,1,1207.32,253.5,1207.32,Walk-in Customer,Check,Completed,ORD826262,Automated migration
2022-12-13,Battery,Electrical system,7,6637.01,492.6,46459.07,Retail Client,Cash,Completed,ORD826263,Automated migration
2022-12-13,Clutch Kit,Transmission system,6,5101.46,189.2,30608.76,Wholesale Client,Cash,Completed,ORD826264,Automated migration
2022-12-13,Shock Absorber,Suspension system,0,3402.1,0.0,0.0,Retail Client,Bank Transfer,Completed,ORD826265,Automated migration
2022-12-13,Clutch Kit,Transmission system,4,8396.89,251.79,33587.56,Retail Client,Check,Completed,ORD826266,Automated migration
2022-12-13,Shock Absorber,Suspension system,2,2705.52,142.74,5411.04,Walk-in Customer,Check,Completed,ORD826267,Automated migration
2022-12-13,Air Filter,Engine system,3,224.66,278.8,673.98,Walk-in Customer,GCash,Completed,ORD826268,Automated migration
2022-12-14,Air Filter,Engine system,8,382.82,172.87,3062.56,Walk-in Customer,Bank Transfer,Completed,ORD826269,Automated migration
2022-12-14,Clutch Kit,Transmission system,7,9958.82,22.26,69711.74,Wholesale Client,GCash,Completed,ORD826270,Automated migration
2022-12-14,Radiator,Cooling system,6,8400.43,159.16,50402.58,Wholesale Client,Check,Completed,ORD826271,Automated migration
2022-12-14,Battery,Electrical system,0,4913.99,0.0,0.0,Retail Client,Cash,Completed,ORD826272,Automated migration
2022-12-14,Battery,Electrical system,6,7738.47,207.51,46430.82,Retail Client,Bank Transfer,Completed,ORD826273,Automated migration
2022-12-14,Radiator,Cooling system,3,6842.07,265.6,20526.21,Walk-in Customer,Cash,Completed,ORD826274,Automated migration
2022-12-14,Shock Absorber,Suspension system,8,2778.4,487.81,22227.2,Wholesale Client,GCash,Completed,ORD826275,Automated migration
2022-12-14,Alternator,Electrical system,2,9091.34,438.43,18182.68,Walk-in Customer,Check,Completed,ORD826276,Automated migration
2022-12-14,Radiator,Cooling system,1,5001.8,477.34,5001.8,Wholesale Client,Cash,Completed,ORD826277,Automated migration
2022-12-14,Shock Absorber,Suspension system,3,5214.82,141.85,15644.46,Retail Client,Cash,Completed,ORD826278,Automated migration
2022-12-14,Fuel Pump,Fuel system,6,6919.83,135.05,41518.98,Walk-in Customer,Bank Transfer,Completed,ORD826279,Automated migration
2022-12-14,Spark Plug,Ignition system,3,525.78,248.39,1577.34,Walk-in Customer,GCash,Completed,ORD826280,Automated migration
2022-12-14,Spark Plug,Ignition system,0,308.34,0.0,0.0,Walk-in Customer,Check,Completed,ORD826281,Automated migration
2022-12-14,Battery,Electrical system,2,4160.13,154.45,8320.26,Retail Client,Check,Completed,ORD826282,Automated migration
2022-12-14,Battery,Electrical system,4,8484.4,381.99,33937.6,Wholesale Client,Check,Completed,ORD826283,Automated migration
2022-12-14,Radiator,Cooling system,6,8823.15,69.46,52938.9,Walk-in Customer,Check,Completed,ORD826284,Automated migration
2022-12-14,Battery,Electrical system,5,7155.64,158.05,35778.2,Wholesale Client,Bank Transfer,Completed,ORD826285,Automated migration
2022-12-14,Radiator,Cooling system,5,6373.3,210.96,31866.5,Wholesale Client,GCash,Completed,ORD826286,Automated migration
2022-12-14,Oil Filter,Engine system,0,348.49,0.0,0.0,Retail Client,GCash,Completed,ORD826287,Automated migration
2022-12-14,Shock Absorber,Suspension system,4,2196.52,333.1,8786.08,Retail Client,Bank Transfer,Completed,ORD826288,Automated migration
2022-12-15,Spark Plug,Ignition system,8,223.64,358.63,1789.12,Retail Client,Check,Completed,ORD826289,Automated migration
2022-12-15,Spark Plug,Ignition system,2,511.57,417.16,1023.14,Walk-in Customer,Check,Completed,ORD826290,Automated migration
2022-12-15,Brake Pad,Brake system,5,2687.87,126.44,13439.35,Walk-in Customer,Check,Completed,ORD826291,Automated migration
2022-12-15,Oil Filter,Engine system,6,323.36,491.48,1940.16,Retail Client,GCash,Completed,ORD826292,Automated migration
2022-12-15,Battery,Electrical system,5,6486.19,320.71,32430.95,Retail Client,Bank Transfer,Completed,ORD826293,Automated migration
2022-12-15,Shock Absorber,Suspension system,1,5177.15,416.22,5177.15,Walk-in Customer,GCash,Completed,ORD826294,Automated migration
2022-12-15,Brake Pad,Brake system,7,1733.17,182.82,12132.19,Walk-in Customer,Check,Completed,ORD826295,Automated migration
2022-12-15,Air Filter,Engine system,1,229.73,213.98,229.73,Wholesale Client,Check,Completed,ORD826296,Automated migration
2022-12-15,Oil Filter,Engine system,6,118.87,302.43,713.22,Retail Client,Cash,Completed,ORD826297,Automated migration
2022-12-15,Air Filter,Engine system,1,285.94,177.81,285.94,Walk-in Customer,Bank Transfer,Completed,ORD826298,Automated migration
2022-12-15,Fuel Pump,Fuel system,4,6709.71,124.31,26838.84,Retail Client,Cash,Completed,ORD826299,Automated migration
2022-12-15,Clutch Kit,Transmission system,4,12687.9,65.15,50751.6,Walk-in Customer,Check,Completed,ORD826300,Automated migration
2022-12-15,Brake Pad,Brake system,0,3296.07,0.0,0.0,Wholesale Client,GCash,Completed,ORD826301,Automated migration
2022-12-16,Clutch Kit,Transmission system,8,13405.42,228.87,107243.36,Retail Client,Cash,Completed,ORD826302,Automated migration
2022-12-16,Spark Plug,Ignition system,2,199.05,495.93,398.1,Wholesale Client,Check,Completed,ORD826303,Automated migration
2022-12-16,Air Filter,Engine system,7,211.82,266.11,1482.74,Walk-in Customer,Check,Completed,ORD826304,Automated migration
2022-12-16,Alternator,Electrical system,7,7466.03,334.47,52262.21,Wholesale Client,Cash,Completed,ORD826305,Automated migration
2022-12-16,Fuel Pump,Fuel system,0,6777.13,0.0,0.0,Wholesale Client,Bank Transfer,Completed,ORD826306,Automated migration
2022-12-16,Brake Pad,Brake system,7,3486.08,454.08,24402.56,Wholesale Client,GCash,Completed,ORD826307,Automated migration
2022-12-16,Oil Filter,Engine system,4,290.7,206.95,1162.8,Retail Client,Check,Completed,ORD826308,Automated migration
2022-12-16,Air Filter,Engine system,5,394.63,142.22,1973.15,Wholesale Client,Bank Transfer,Completed,ORD826309,Automated migration
2022-12-16,Alternator,Electrical system,6,7074.37,254.17,42446.22,Walk-in Customer,Bank Transfer,Completed,ORD826310,Automated migration
2022-12-16,Clutch Kit,Transmission system,8,11490.6,171.68,91924.8,Walk-in Customer,Check,Completed,ORD826311,Automated migration
2022-12-16,Oil Filter,Engine system,2,114.83,361.82,229.66,Walk-in Customer,Bank Transfer,Completed,ORD826312,Automated migration
2022-12-16,Brake Pad,Brake system,8,2896.84,420.26,23174.72,Retail Client,GCash,Completed,ORD826313,Automated migration
2022-12-16,Alternator,Electrical system,6,11618.16,136.89,69708.96,Retail Client,Cash,Completed,ORD826314,Automated migration
2022-12-16,Brake Pad,Brake system,7,2253.36,139.63,15773.52,Walk-in Customer,Bank Transfer,Completed,ORD826315,Automated migration
2022-12-16,Spark Plug,Ignition system,2,416.91,154.54,833.82,Walk-in Customer,Check,Completed,ORD826316,Automated migration
2022-12-16,Shock Absorber,Suspension system,4,5951.7,26.9,23806.8,Wholesale Client,Check,Completed,ORD826317,Automated migration
2022-12-16,Radiator,Cooling system,6,7316.23,456.76,43897.38,Wholesale Client,GCash,Completed,ORD826318,Automated migration
2022-12-17,Radiator,Cooling system,1,6377.52,5.09,6377.52,Wholesale Client,Cash,Completed,ORD826319,Automated migration
2022-12-17,Air Filter,Engine system,7,311.81,145.78,2182.67,Retail Client,GCash,Completed,ORD826320,Automated migration
2022-12-17,Alternator,Electrical system,6,10180.27,65.57,61081.62,Retail Client,GCash,Completed,ORD826321,Automated migration
2022-12-17,Fuel Pump,Fuel system,8,4068.94,302.22,32551.52,Retail Client,GCash,Completed,ORD826322,Automated migration
2022-12-17,Clutch Kit,Transmission system,1,5015.88,321.63,5015.88,Wholesale Client,Cash,Completed,ORD826323,Automated migration
2022-12-17,Clutch Kit,Transmission system,4,7057.35,339.27,28229.4,Wholesale Client,Check,Completed,ORD826324,Automated migration
2022-12-17,Alternator,Electrical system,2,11969.5,111.48,23939.0,Retail Client,Bank Transfer,Completed,ORD826325,Automated migration
2022-12-17,Air Filter,Engine system,7,338.36,257.06,2368.52,Retail Client,Check,Completed,ORD826326,Automated migration
2022-12-17,Alternator,Electrical system,3,9954.61,305.18,29863.83,Wholesale Client,GCash,Completed,ORD826327,Automated migration
2022-12-17,Shock Absorber,Suspension system,8,5372.83,327.91,42982.64,Wholesale Client,Bank Transfer,Completed,ORD826328,Automated migration
2022-12-17,Shock Absorber,Suspension system,3,6485.67,364.12,19457.01,Retail Client,GCash,Completed,ORD826329,Automated migration
2022-12-17,Alternator,Electrical system,1,10970.74,91.24,10970.74,Wholesale Client,GCash,Completed,ORD826330,Automated migration
2022-12-17,Clutch Kit,Transmission system,1,7874.02,131.29,7874.02,Wholesale Client,GCash,Completed,ORD826331,Automated migration
2022-12-17,Shock Absorber,Suspension system,0,4194.17,0.0,0.0,Wholesale Client,Cash,Completed,ORD826332,Automated migration
2022-12-17,Air Filter,Engine system,5,389.4,360.77,1947.0,Walk-in Customer,Check,Completed,ORD826333,Automated migration
2022-12-17,Battery,Electrical system,3,4927.51,202.33,14782.53,Wholesale Client,GCash,Completed,ORD826334,Automated migration
2022-12-17,Battery,Electrical system,5,6265.02,1.66,31325.1,Wholesale Client,Cash,Completed,ORD826335,Automated migration
2022-12-17,Shock Absorber,Suspension system,0,4165.69,0.0,0.0,Walk-in Customer,GCash,Completed,ORD826336,Automated migration
2022-12-17,Oil Filter,Engine system,8,224.69,331.78,1797.52,Retail Client,GCash,Completed,ORD826337,Automated migration
2022-12-17,Spark Plug,Ignition system,6,404.57,54.42,2427.42,Walk-in Customer,Bank Transfer,Completed,ORD826338,Automated migration
2022-12-17,Radiator,Cooling system,4,3645.78,339.43,14583.12,Walk-in Customer,GCash,Completed,ORD826339,Automated migration
2022-12-17,Shock Absorber,Suspension system,2,4372.89,199.89,8745.78,Retail Client,Cash,Completed,ORD826340,Automated migration
2022-12-18,Fuel Pump,Fuel system,1,3920.56,361.75,3920.56,Wholesale Client,GCash,Completed,ORD826341,Automated migration
2022-12-18,Radiator,Cooling system,7,8113.58,271.7,56795.06,Walk-in Customer,Check,Completed,ORD826342,Automated migration
2022-12-18,Fuel Pump,Fuel system,5,5805.58,96.53,29027.9,Retail Client,Cash,Completed,ORD826343,Automated migration
2022-12-18,Oil Filter,Engine system,3,117.81,332.57,353.43,Walk-in Customer,Bank Transfer,Completed,ORD826344,Automated migration
2022-12-18,Fuel Pump,Fuel system,6,6459.36,308.13,38756.16,Wholesale Client,Cash,Completed,ORD826345,Automated migration
2022-12-18,Battery,Electrical system,5,7152.24,71.25,35761.2,Retail Client,Cash,Completed,ORD826346,Automated migration
2022-12-18,Brake Pad,Brake system,7,2415.19,153.85,16906.33,Walk-in Customer,Bank Transfer,Completed,ORD826347,Automated migration
2022-12-18,Air Filter,Engine system,0,270.21,0.0,0.0,Walk-in Customer,GCash,Completed,ORD826348,Automated migration
2022-12-18,Spark Plug,Ignition system,8,553.86,26.7,4430.88,Walk-in Customer,Check,Completed,ORD826349,Automated migration
2022-12-18,Alternator,Electrical system,0,8654.53,0.0,0.0,Retail Client,Check,Completed,ORD826350,Automated migration
2022-12-18,Oil Filter,Engine system,3,142.65,278.14,427.95,Walk-in Customer,GCash,Completed,ORD826351,Automated migration
2022-12-18,Radiator,Cooling system,6,7648.25,89.49,45889.5,Walk-in Customer,Check,Completed,ORD826352,Automated migration
2022-12-18,Spark Plug,Ignition system,1,184.52,440.89,184.52,Retail Client,Bank Transfer,Completed,ORD826353,Automated migration
2022-12-18,Clutch Kit,Transmission system,7,6205.98,328.16,43441.86,Wholesale Client,Bank Transfer,Completed,ORD826354,Automated migration
2022-12-18,Oil Filter,Engine system,3,283.23,155.24,849.69,Walk-in Customer,Bank Transfer,Completed,ORD826355,Automated migration
2022-12-18,Oil Filter,Engine system,4,302.3,399.64,1209.2,Walk-in Customer,Check,Completed,ORD826356,Automated migration
2022-12-18,Fuel Pump,Fuel system,6,3291.15,131.35,19746.9,Retail Client,Bank Transfer,Completed,ORD826357,Automated migration
2022-12-18,Oil Filter,Engine system,2,291.73,223.38,583.46,Walk-in Customer,Cash,Completed,ORD826358,Automated migration
2022-12-19,Spark Plug,Ignition system,6,387.57,2.77,2325.42,Wholesale Client,Cash,Completed,ORD826359,Automated migration
2022-12-19,Alternator,Electrical system,8,7780.27,44.34,62242.16,Retail Client,Cash,Completed,ORD826360,Automated migration
2022-12-19,Alternator,Electrical system,8,9172.81,65.29,73382.48,Retail Client,Check,Completed,ORD826361,Automated migration
2022-12-19,Oil Filter,Engine system,1,168.47,414.34,168.47,Wholesale Client,Check,Completed,ORD826362,Automated migration
2022-12-19,Alternator,Electrical system,6,11030.1,364.1,66180.6,Walk-in Customer,Check,Completed,ORD826363,Automated migration
2022-12-19,Alternator,Electrical system,5,7272.96,135.16,36364.8,Wholesale Client,Cash,Completed,ORD826364,Automated migration
2022-12-19,Air Filter,Engine system,2,278.44,186.02,556.88,Wholesale Client,Check,Completed,ORD826365,Automated migration
2022-12-19,Shock Absorber,Suspension system,5,3886.64,321.2,19433.2,Wholesale Client,Bank Transfer,Completed,ORD826366,Automated migration
2022-12-19,Spark Plug,Ignition system,2,414.58,238.3,829.16,Wholesale Client,Cash,Completed,ORD826367,Automated migration
2022-12-19,Fuel Pump,Fuel system,0,4449.49,0.0,0.0,Wholesale Client,Cash,Completed,ORD826368,Automated migration
2022-12-19,Spark Plug,Ignition system,3,174.53,391.71,523.59,Wholesale Client,GCash,Completed,ORD826369,Automated migration
2022-12-19,Radiator,Cooling system,7,6818.81,431.91,47731.67,Retail Client,Check,Completed,ORD826370,Automated migration
2022-12-19,Spark Plug,Ignition system,7,248.88,417.67,1742.16,Retail Client,Bank Transfer,Completed,ORD826371,Automated migration
2022-12-19,Radiator,Cooling system,2,6259.03,0.03,12518.06,Wholesale Client,Cash,Completed,ORD826372,Automated migration
2022-12-19,Brake Pad,Brake system,3,1343.54,287.75,4030.62,Walk-in Customer,Check,Completed,ORD826373,Automated migration
2022-12-19,Fuel Pump,Fuel system,0,4655.51,0.0,0.0,Retail Client,Check,Completed,ORD826374,Automated migration
2022-12-19,Alternator,Electrical system,6,10019.5,110.13,60117.0,Wholesale Client,Cash,Completed,ORD826375,Automated migration
2022-12-19,Oil Filter,Engine system,0,167.3,0.0,0.0,Retail Client,Check,Completed,ORD826376,Automated migration
2022-12-19,Shock Absorber,Suspension system,6,5036.3,51.95,30217.8,Walk-in Customer,Bank Transfer,Completed,ORD826377,Automated migration
2022-12-20,Air Filter,Engine system,6,334.62,274.75,2007.72,Wholesale Client,Check,Completed,ORD826378,Automated migration
2022-12-20,Brake Pad,Brake system,2,2591.7,465.08,5183.4,Retail Client,Cash,Completed,ORD826379,Automated migration
2022-12-20,Clutch Kit,Transmission system,8,7798.73,234.55,62389.84,Walk-in Customer,GCash,Completed,ORD826380,Automated migration
2022-12-20,Spark Plug,Ignition system,7,306.7,201.63,2146.9,Walk-in Customer,Check,Completed,ORD826381,Automated migration
2022-12-20,Brake Pad,Brake system,7,3468.98,460.3,24282.86,Retail Client,GCash,Completed,ORD826382,Automated migration
2022-12-20,Air Filter,Engine system,7,212.96,162.23,1490.72,Wholesale Client,Bank Transfer,Completed,ORD826383,Automated migration
2022-12-20,Air Filter,Engine system,1,362.48,97.2,362.48,Retail Client,Check,Completed,ORD826384,Automated migration
2022-12-20,Brake Pad,Brake system,1,1350.96,163.76,1350.96,Wholesale Client,Cash,Completed,ORD826385,Automated migration
2022-12-20,Air Filter,Engine system,8,231.88,267.35,1855.04,Wholesale Client,Check,Completed,ORD826386,Automated migration
2022-12-20,Oil Filter,Engine system,1,260.18,224.69,260.18,Wholesale Client,Bank Transfer,Completed,ORD826387,Automated migration
2022-12-20,Oil Filter,Engine system,4,267.53,83.84,1070.12,Retail Client,Cash,Completed,ORD826388,Automated migration
2022-12-20,Oil Filter,Engine system,6,259.67,234.59,1558.02,Walk-in Customer,Cash,Completed,ORD826389,Automated migration
2022-12-20,Alternator,Electrical system,1,8822.89,256.33,8822.89,Retail Client,GCash,Completed,ORD826390,Automated migration
2022-12-20,Oil Filter,Engine system,0,106.58,0.0,0.0,Wholesale Client,Cash,Completed,ORD826391,Automated migration
2022-12-20,Battery,Electrical system,4,5407.11,130.86,21628.44,Wholesale Client,Cash,Completed,ORD826392,Automated migration
2022-12-20,Alternator,Electrical system,3,10081.14,453.89,30243.42,Wholesale Client,Cash,Completed,ORD826393,Automated migration
2022-12-20,Oil Filter,Engine system,2,208.5,420.92,417.0,Walk-in Customer,Cash,Completed,ORD826394,Automated migration
2022-12-20,Oil Filter,Engine system,8,310.97,212.98,2487.76,Walk-in Customer,Cash,Completed,ORD826395,Automated migration
2022-12-20,Clutch Kit,Transmission system,1,13032.85,416.3,13032.85,Wholesale Client,Cash,Completed,ORD826396,Automated migration
2022-12-21,Battery,Electrical system,6,4480.09,238.45,26880.54,Wholesale Client,GCash,Completed,ORD826397,Automated migration
2022-12-21,Brake Pad,Brake system,0,2141.22,0.0,0.0,Wholesale Client,Cash,Completed,ORD826398,Automated migration
2022-12-21,Fuel Pump,Fuel system,8,5848.17,172.32,46785.36,Retail Client,Bank Transfer,Completed,ORD826399,Automated migration
2022-12-21,Radiator,Cooling system,7,5907.16,342.08,41350.12,Walk-in Customer,Bank Transfer,Completed,ORD826400,Automated migration
2022-12-21,Brake Pad,Brake system,4,3496.47,16.74,13985.88,Retail Client,GCash,Completed,ORD826401,Automated migration
2022-12-21,Fuel Pump,Fuel system,1,5858.87,259.96,5858.87,Wholesale Client,Cash,Completed,ORD826402,Automated migration
2022-12-21,Fuel Pump,Fuel system,8,5239.88,89.04,41919.04,Retail Client,Bank Transfer,Completed,ORD826403,Automated migration
2022-12-21,Shock Absorber,Suspension system,6,3187.86,479.85,19127.16,Walk-in Customer,Bank Transfer,Completed,ORD826404,Automated migration
2022-12-21,Clutch Kit,Transmission system,3,6630.35,181.45,19891.05,Walk-in Customer,Cash,Completed,ORD826405,Automated migration
2022-12-21,Air Filter,Engine system,2,372.18,404.9,744.36,Retail Client,GCash,Completed,ORD826406,Automated migration
2022-12-21,Oil Filter,Engine system,2,345.83,221.53,691.66,Wholesale Client,Check,Completed,ORD826407,Automated migration
2022-12-21,Clutch Kit,Transmission system,5,10195.3,425.17,50976.5,Retail Client,Check,Completed,ORD826408,Automated migration
2022-12-21,Spark Plug,Ignition system,5,483.63,131.96,2418.15,Walk-in Customer,Bank Transfer,Completed,ORD826409,Automated migration
2022-12-21,Clutch Kit,Transmission system,2,5822.63,261.29,11645.26,Retail Client,Cash,Completed,ORD826410,Automated migration
2022-12-21,Fuel Pump,Fuel system,5,4647.8,301.01,23239.0,Retail Client,Bank Transfer,Completed,ORD826411,Automated migration
2022-12-21,Spark Plug,Ignition system,8,493.26,181.25,3946.08,Wholesale Client,GCash,Completed,ORD826412,Automated migration
2022-12-21,Spark Plug,Ignition system,7,312.73,252.12,2189.11,Retail Client,Check,Completed,ORD826413,Automated migration
2022-12-21,Alternator,Electrical system,7,8598.08,83.42,60186.56,Wholesale Client,GCash,Completed,ORD826414,Automated migration
2022-12-21,Brake Pad,Brake system,4,1739.87,349.33,6959.48,Retail Client,GCash,Completed,ORD826415,Automated migration
2022-12-21,Shock Absorber,Suspension system,6,3466.53,218.59,20799.18,Walk-in Customer,Cash,Completed,ORD826416,Automated migration
2022-12-21,Spark Plug,Ignition system,3,318.2,6.16,954.6,Walk-in Customer,Bank Transfer,Completed,ORD826417,Automated migration
2022-12-21,Fuel Pump,Fuel system,8,2699.35,446.63,21594.8,Walk-in Customer,GCash,Completed,ORD826418,Automated migration
2022-12-22,Shock Absorber,Suspension system,8,2716.56,189.52,21732.48,Wholesale Client,Bank Transfer,Completed,ORD826419,Automated migration
2022-12-22,Brake Pad,Brake system,3,3194.77,374.58,9584.31,Retail Client,Check,Completed,ORD826420,Automated migration
2022-12-22,Fuel Pump,Fuel system,8,6782.86,361.97,54262.88,Wholesale Client,Cash,Completed,ORD826421,Automated migration
2022-12-22,Fuel Pump,Fuel system,5,4923.21,413.21,24616.05,Retail Client,Check,Completed,ORD826422,Automated migration
2022-12-22,Spark Plug,Ignition system,1,587.38,496.81,587.38,Wholesale Client,Cash,Completed,ORD826423,Automated migration
2022-12-22,Alternator,Electrical system,5,7989.83,67.84,39949.15,Wholesale Client,Cash,Completed,ORD826424,Automated migration
2022-12-22,Radiator,Cooling system,1,7976.59,437.21,7976.59,Wholesale Client,Check,Completed,ORD826425,Automated migration
2022-12-22,Battery,Electrical system,8,6546.62,337.82,52372.96,Retail Client,Check,Completed,ORD826426,Automated migration
2022-12-22,Spark Plug,Ignition system,7,594.42,293.93,4160.94,Wholesale Client,Cash,Completed,ORD826427,Automated migration
2022-12-22,Fuel Pump,Fuel system,3,4776.45,269.81,14329.35,Walk-in Customer,Cash,Completed,ORD826428,Automated migration
2022-12-22,Brake Pad,Brake system,3,3464.24,434.44,10392.72,Wholesale Client,Bank Transfer,Completed,ORD826429,Automated migration
2022-12-22,Fuel Pump,Fuel system,3,5917.6,243.36,17752.8,Wholesale Client,Bank Transfer,Completed,ORD826430,Automated migration
2022-12-23,Alternator,Electrical system,2,10131.32,463.38,20262.64,Retail Client,GCash,Completed,ORD826431,Automated migration
2022-12-23,Air Filter,Engine system,8,392.94,328.4,3143.52,Wholesale Client,Check,Completed,ORD826432,Automated migration
2022-12-23,Radiator,Cooling system,2,6528.52,343.61,13057.04,Wholesale Client,Cash,Completed,ORD826433,Automated migration
2022-12-23,Clutch Kit,Transmission system,0,9028.11,0.0,0.0,Walk-in Customer,Check,Completed,ORD826434,Automated migration
2022-12-23,Battery,Electrical system,3,7026.06,131.5,21078.18,Retail Client,Cash,Completed,ORD826435,Automated migration
2022-12-23,Clutch Kit,Transmission system,3,9668.3,75.98,29004.9,Retail Client,Cash,Completed,ORD826436,Automated migration
2022-12-23,Brake Pad,Brake system,8,3499.84,188.86,27998.72,Wholesale Client,GCash,Completed,ORD826437,Automated migration
2022-12-23,Clutch Kit,Transmission system,5,11309.89,397.5,56549.45,Retail Client,Cash,Completed,ORD826438,Automated migration
2022-12-23,Battery,Electrical system,3,7169.89,180.15,21509.67,Walk-in Customer,Bank Transfer,Completed,ORD826439,Automated migration
2022-12-23,Brake Pad,Brake system,5,2641.06,343.29,13205.3,Wholesale Client,Bank Transfer,Completed,ORD826440,Automated migration
2022-12-23,Brake Pad,Brake system,3,1933.94,273.56,5801.82,Walk-in Customer,Cash,Completed,ORD826441,Automated migration
2022-12-23,Air Filter,Engine system,8,213.72,442.2,1709.76,Retail Client,Check,Completed,ORD826442,Automated migration
2022-12-23,Radiator,Cooling system,2,8484.52,102.17,16969.04,Wholesale Client,Cash,Completed,ORD826443,Automated migration
2022-12-23,Battery,Electrical system,8,4146.73,325.08,33173.84,Walk-in Customer,Bank Transfer,Completed,ORD826444,Automated migration
2022-12-23,Radiator,Cooling system,3,7813.31,243.99,23439.93,Retail Client,GCash,Completed,ORD826445,Automated migration
2022-12-23,Battery,Electrical system,7,8967.9,426.84,62775.3,Retail Client,GCash,Completed,ORD826446,Automated migration
2022-12-23,Oil Filter,Engine system,1,270.99,252.15,270.99,Wholesale Client,GCash,Completed,ORD826447,Automated migration
2022-12-24,Spark Plug,Ignition system,0,497.01,0.0,0.0,Wholesale Client,Check,Completed,ORD826448,Automated migration
2022-12-24,Battery,Electrical system,8,7579.85,130.71,60638.8,Retail Client,Cash,Completed,ORD826449,Automated migration
2022-12-24,Alternator,Electrical system,8,11241.14,236.26,89929.12,Wholesale Client,GCash,Completed,ORD826450,Automated migration
2022-12-24,Spark Plug,Ignition system,1,205.37,482.26,205.37,Wholesale Client,Check,Completed,ORD826451,Automated migration
2022-12-24,Battery,Electrical system,0,5086.02,0.0,0.0,Retail Client,GCash,Completed,ORD826452,Automated migration
2022-12-24,Brake Pad,Brake system,1,2325.44,56.66,2325.44,Retail Client,Bank Transfer,Completed,ORD826453,Automated migration
2022-12-24,Spark Plug,Ignition system,2,372.27,157.36,744.54,Walk-in Customer,Cash,Completed,ORD826454,Automated migration
2022-12-24,Clutch Kit,Transmission system,5,10499.3,83.38,52496.5,Wholesale Client,GCash,Completed,ORD826455,Automated migration
2022-12-24,Radiator,Cooling system,1,5286.33,65.14,5286.33,Wholesale Client,GCash,Completed,ORD826456,Automated migration
2022-12-24,Alternator,Electrical system,8,11440.96,51.46,91527.68,Walk-in Customer,Bank Transfer,Completed,ORD826457,Automated migration
2022-12-24,Alternator,Electrical system,0,7093.01,0.0,0.0,Retail Client,Check,Completed,ORD826458,Automated migration
2022-12-24,Fuel Pump,Fuel system,1,3514.76,433.72,3514.76,Retail Client,GCash,Completed,ORD826459,Automated migration
2022-12-24,Clutch Kit,Transmission system,0,5676.45,0.0,0.0,Walk-in Customer,Check,Completed,ORD826460,Automated migration
2022-12-24,Brake Pad,Brake system,0,3156.31,0.0,0.0,Walk-in Customer,Cash,Completed,ORD826461,Automated migration
2022-12-24,Air Filter,Engine system,1,373.12,377.78,373.12,Wholesale Client,Check,Completed,ORD826462,Automated migration
2022-12-24,Spark Plug,Ignition system,6,166.13,232.71,996.78,Retail Client,Check,Completed,ORD826463,Automated migration
2022-12-24,Air Filter,Engine system,4,272.89,348.05,1091.56,Walk-in Customer,Cash,Completed,ORD826464,Automated migration
2022-12-24,Spark Plug,Ignition system,5,252.91,480.3,1264.55,Wholesale Client,Cash,Completed,ORD826465,Automated migration
2022-12-24,Battery,Electrical system,2,6106.06,162.73,12212.12,Retail Client,Cash,Completed,ORD826466,Automated migration
2022-12-24,Oil Filter,Engine system,4,194.47,59.76,777.88,Retail Client,Cash,Completed,ORD826467,Automated migration
2022-12-24,Alternator,Electrical system,5,7502.47,110.67,37512.35,Retail Client,Cash,Completed,ORD826468,Automated migration
2022-12-24,Shock Absorber,Suspension system,3,2248.0,432.4,6744.0,Walk-in Customer,GCash,Completed,ORD826469,Automated migration
2022-12-24,Air Filter,Engine system,7,261.88,318.86,1833.16,Retail Client,Bank Transfer,Completed,ORD826470,Automated migration
2022-12-25,Fuel Pump,Fuel system,3,3564.26,24.94,10692.78,Wholesale Client,GCash,Completed,ORD826471,Automated migration
2022-12-25,Shock Absorber,Suspension system,4,2902.76,302.51,11611.04,Walk-in Customer,Bank Transfer,Completed,ORD826472,Automated migration
2022-12-25,Air Filter,Engine system,0,359.08,0.0,0.0,Wholesale Client,Cash,Completed,ORD826473,Automated migration
2022-12-25,Brake Pad,Brake system,6,2322.73,21.9,13936.38,Walk-in Customer,Bank Transfer,Completed,ORD826474,Automated migration
2022-12-25,Clutch Kit,Transmission system,3,10835.47,134.0,32506.41,Wholesale Client,Cash,Completed,ORD826475,Automated migration
2022-12-25,Spark Plug,Ignition system,4,495.84,452.01,1983.36,Wholesale Client,Bank Transfer,Completed,ORD826476,Automated migration
2022-12-25,Battery,Electrical system,4,7214.16,29.33,28856.64,Walk-in Customer,Cash,Completed,ORD826477,Automated migration
2022-12-25,Brake Pad,Brake system,3,1589.12,47.46,4767.36,Wholesale Client,Cash,Completed,ORD826478,Automated migration
2022-12-25,Battery,Electrical system,0,8215.37,0.0,0.0,Retail Client,Check,Completed,ORD826479,Automated migration
2022-12-25,Air Filter,Engine system,7,393.81,59.99,2756.67,Walk-in Customer,GCash,Completed,ORD826480,Automated migration
2022-12-25,Shock Absorber,Suspension system,7,4852.99,401.21,33970.93,Wholesale Client,Check,Completed,ORD826481,Automated migration
2022-12-25,Battery,Electrical system,2,7309.38,336.82,14618.76,Walk-in Customer,Bank Transfer,Completed,ORD826482,Automated migration
2022-12-25,Oil Filter,Engine system,6,186.44,268.97,1118.64,Walk-in Customer,Check,Completed,ORD826483,Automated migration
2022-12-25,Air Filter,Engine system,2,377.65,128.55,755.3,Walk-in Customer,Check,Completed,ORD826484,Automated migration
2022-12-25,Air Filter,Engine system,3,276.69,336.81,830.07,Retail Client,Bank Transfer,Completed,ORD826485,Automated migration
2022-12-25,Battery,Electrical system,4,4441.94,145.74,17767.76,Retail Client,Check,Completed,ORD826486,Automated migration
2022-12-25,Oil Filter,Engine system,7,334.42,168.56,2340.94,Retail Client,Bank Transfer,Completed,ORD826487,Automated migration
2022-12-25,Oil Filter,Engine system,5,188.78,478.6,943.9,Retail Client,Cash,Completed,ORD826488,Automated migration
2022-12-26,Oil Filter,Engine system,0,345.02,0.0,0.0,Walk-in Customer,Bank Transfer,Completed,ORD826489,Automated migration
2022-12-26,Shock Absorber,Suspension system,3,6382.47,212.36,19147.41,Wholesale Client,GCash,Completed,ORD826490,Automated migration
2022-12-26,Brake Pad,Brake system,4,1667.2,314.59,6668.8,Retail Client,Cash,Completed,ORD826491,Automated migration
2022-12-26,Radiator,Cooling system,5,3340.12,260.76,16700.6,Wholesale Client,Check,Completed,ORD826492,Automated migration
2022-12-26,Shock Absorber,Suspension system,0,2678.91,0.0,0.0,Retail Client,Check,Completed,ORD826493,Automated migration
2022-12-26,Shock Absorber,Suspension system,4,2505.56,29.62,10022.24,Wholesale Client,Cash,Completed,ORD826494,Automated migration
2022-12-26,Brake Pad,Brake system,5,1590.54,161.5,7952.7,Retail Client,Cash,Completed,ORD826495,Automated migration
2022-12-26,Radiator,Cooling system,1,5700.64,93.24,5700.64,Retail Client,Cash,Completed,ORD826496,Automated migration
2022-12-26,Radiator,Cooling system,1,5950.72,132.95,5950.72,Retail Client,Cash,Completed,ORD826497,Automated migration
2022-12-26,Spark Plug,Ignition system,7,426.33,175.5,2984.31,Walk-in Customer,Bank Transfer,Completed,ORD826498,Automated migration
2022-12-26,Clutch Kit,Transmission system,1,9010.5,306.78,9010.5,Retail Client,Check,Completed,ORD826499,Automated migration
2022-12-26,Air Filter,Engine system,8,232.73,292.52,1861.84,Walk-in Customer,Bank Transfer,Completed,ORD826500,Automated migration
2022-12-26,Alternator,Electrical system,2,11060.93,390.72,22121.86,Wholesale Client,Bank Transfer,Completed,ORD826501,Automated migration
2022-12-26,Radiator,Cooling system,6,8020.31,499.99,48121.86,Wholesale Client,Bank Transfer,Completed,ORD826502,Automated migration
2022-12-26,Clutch Kit,Transmission system,5,8441.73,165.45,42208.65,Retail Client,Bank Transfer,Completed,ORD826503,Automated migration
2022-12-26,Air Filter,Engine system,1,329.75,499.37,329.75,Wholesale Client,GCash,Completed,ORD826504,Automated migration
2022-12-26,Fuel Pump,Fuel system,7,6472.54,440.32,45307.78,Walk-in Customer,GCash,Completed,ORD826505,Automated migration
2022-12-26,Alternator,Electrical system,0,7721.27,0.0,0.0,Wholesale Client,Bank Transfer,Completed,ORD826506,Automated migration
2022-12-26,Radiator,Cooling system,3,6172.28,429.16,18516.84,Wholesale Client,Bank Transfer,Completed,ORD826507,Automated migration
2022-12-26,Air Filter,Engine system,3,237.13,462.75,711.39,Walk-in Customer,Check,Completed,ORD826508,Automated migration
2022-12-26,Oil Filter,Engine system,1,234.18,482.26,234.18,Walk-in Customer,Cash,Completed,ORD826509,Automated migration
2022-12-26,Brake Pad,Brake system,8,3169.37,404.66,25354.96,Retail Client,Bank Transfer,Completed,ORD826510,Automated migration
2022-12-27,Battery,Electrical system,7,5096.57,7.48,35675.99,Walk-in Customer,GCash,Completed,ORD826511,Automated migration
2022-12-27,Spark Plug,Ignition system,8,555.57,144.75,4444.56,Retail Client,Check,Completed,ORD826512,Automated migration
2022-12-27,Shock Absorber,Suspension system,6,4666.12,348.03,27996.72,Retail Client,Cash,Completed,ORD826513,Automated migration
2022-12-27,Fuel Pump,Fuel system,0,6300.69,0.0,0.0,Retail Client,Check,Completed,ORD826514,Automated migration
2022-12-27,Oil Filter,Engine system,5,344.57,146.62,1722.85,Wholesale Client,Bank Transfer,Completed,ORD826515,Automated migration
2022-12-27,Air Filter,Engine system,6,318.22,494.17,1909.32,Retail Client,Bank Transfer,Completed,ORD826516,Automated migration
2022-12-27,Clutch Kit,Transmission system,7,12186.33,235.41,85304.31,Walk-in Customer,Bank Transfer,Completed,ORD826517,Automated migration
2022-12-27,Alternator,Electrical system,5,10725.55,186.33,53627.75,Wholesale Client,Check,Completed,ORD826518,Automated migration
2022-12-27,Oil Filter,Engine system,7,256.23,281.6,1793.61,Retail Client,Check,Completed,ORD826519,Automated migration
2022-12-27,Brake Pad,Brake system,7,1702.41,481.64,11916.87,Retail Client,Check,Completed,ORD826520,Automated migration
2022-12-27,Spark Plug,Ignition system,1,406.94,494.15,406.94,Wholesale Client,Check,Completed,ORD826521,Automated migration
2022-12-27,Fuel Pump,Fuel system,1,6657.64,132.78,6657.64,Walk-in Customer,GCash,Completed,ORD826522,Automated migration
2022-12-28,Air Filter,Engine system,7,279.44,325.94,1956.08,Retail Client,GCash,Completed,ORD826523,Automated migration
2022-12-28,Battery,Electrical system,8,4429.25,316.53,35434.0,Wholesale Client,Cash,Completed,ORD826524,Automated migration
2022-12-28,Alternator,Electrical system,1,9353.96,3.72,9353.96,Walk-in Customer,Bank Transfer,Completed,ORD826525,Automated migration
2022-12-28,Spark Plug,Ignition system,6,487.21,220.72,2923.26,Walk-in Customer,GCash,Completed,ORD826526,Automated migration
2022-12-28,Spark Plug,Ignition system,8,170.37,108.93,1362.96,Retail Client,Bank Transfer,Completed,ORD826527,Automated migration
2022-12-28,Radiator,Cooling system,1,4130.65,429.74,4130.65,Wholesale Client,Cash,Completed,ORD826528,Automated migration
2022-12-28,Clutch Kit,Transmission system,2,8726.49,32.69,17452.98,Walk-in Customer,Bank Transfer,Completed,ORD826529,Automated migration
2022-12-28,Battery,Electrical system,2,4125.86,102.49,8251.72,Wholesale Client,Check,Completed,ORD826530,Automated migration
2022-12-28,Fuel Pump,Fuel system,4,3044.69,412.41,12178.76,Wholesale Client,Bank Transfer,Completed,ORD826531,Automated migration
2022-12-28,Radiator,Cooling system,7,8416.28,494.91,58913.96,Retail Client,Cash,Completed,ORD826532,Automated migration
2022-12-28,Clutch Kit,Transmission system,8,7941.34,88.06,63530.72,Wholesale Client,GCash,Completed,ORD826533,Automated migration
2022-12-28,Air Filter,Engine system,0,309.09,0.0,0.0,Walk-in Customer,Bank Transfer,Completed,ORD826534,Automated migration
2022-12-28,Clutch Kit,Transmission system,3,5408.13,149.11,16224.39,Walk-in Customer,Bank Transfer,Completed,ORD826535,Automated migration
2022-12-28,Clutch Kit,Transmission system,1,8641.41,450.99,8641.41,Retail Client,Cash,Completed,ORD826536,Automated migration
2022-12-28,Alternator,Electrical system,8,10418.94,18.87,83351.52,Walk-in Customer,GCash,Completed,ORD826537,Automated migration
2022-12-29,Battery,Electrical system,2,6778.73,390.87,13557.46,Wholesale Client,Cash,Completed,ORD826538,Automated migration
2022-12-29,Spark Plug,Ignition system,4,461.62,16.99,1846.48,Walk-in Customer,Check,Completed,ORD826539,Automated migration
2022-12-29,Battery,Electrical system,3,4390.96,281.99,13172.88,Walk-in Customer,Cash,Completed,ORD826540,Automated migration
2022-12-29,Spark Plug,Ignition system,7,559.9,381.56,3919.3,Walk-in Customer,GCash,Completed,ORD826541,Automated migration
2022-12-29,Radiator,Cooling system,5,3040.53,114.6,15202.65,Walk-in Customer,GCash,Completed,ORD826542,Automated migration
2022-12-29,Oil Filter,Engine system,1,263.63,200.92,263.63,Wholesale Client,Check,Completed,ORD826543,Automated migration
2022-12-29,Oil Filter,Engine system,2,281.34,98.79,562.68,Walk-in Customer,Check,Completed,ORD826544,Automated migration
2022-12-29,Spark Plug,Ignition system,3,566.63,237.53,1699.89,Retail Client,GCash,Completed,ORD826545,Automated migration
2022-12-29,Clutch Kit,Transmission system,1,10024.39,181.89,10024.39,Retail Client,GCash,Completed,ORD826546,Automated migration
2022-12-29,Clutch Kit,Transmission system,8,7241.63,466.26,57933.04,Retail Client,GCash,Completed,ORD826547,Automated migration
2022-12-29,Shock Absorber,Suspension system,1,3836.4,325.83,3836.4,Retail Client,Bank Transfer,Completed,ORD826548,Automated migration
2022-12-29,Shock Absorber,Suspension system,8,4047.84,6.67,32382.72,Walk-in Customer,Check,Completed,ORD826549,Automated migration
2022-12-29,Oil Filter,Engine system,0,218.02,0.0,0.0,Wholesale Client,Bank Transfer,Completed,ORD826550,Automated migration
2022-12-29,Air Filter,Engine system,5,338.97,124.09,1694.85,Retail Client,Check,Completed,ORD826551,Automated migration
2022-12-29,Clutch Kit,Transmission system,1,6562.71,255.36,6562.71,Retail Client,Check,Completed,ORD826552,Automated migration
2022-12-29,Oil Filter,Engine system,8,182.23,317.1,1457.84,Retail Client,Cash,Completed,ORD826553,Automated migration
2022-12-30,Brake Pad,Brake system,7,2686.37,258.45,18804.59,Wholesale Client,Check,Completed,ORD826554,Automated migration
2022-12-30,Spark Plug,Ignition system,5,260.29,387.0,1301.45,Walk-in Customer,GCash,Completed,ORD826555,Automated migration
2022-12-30,Brake Pad,Brake system,0,2208.94,0.0,0.0,Walk-in Customer,Bank Transfer,Completed,ORD826556,Automated migration
2022-12-30,Alternator,Electrical system,1,8703.3,399.89,8703.3,Walk-in Customer,GCash,Completed,ORD826557,Automated migration
2022-12-30,Air Filter,Engine system,6,299.66,14.68,1797.96,Walk-in Customer,Bank Transfer,Completed,ORD826558,Automated migration
2022-12-30,Shock Absorber,Suspension system,0,6477.38,0.0,0.0,Wholesale Client,Cash,Completed,ORD826559,Automated migration
2022-12-30,Clutch Kit,Transmission system,0,7297.91,0.0,0.0,Wholesale Client,Cash,Completed,ORD826560,Automated migration
2022-12-30,Air Filter,Engine system,8,240.31,209.91,1922.48,Wholesale Client,Check,Completed,ORD826561,Automated migration
2022-12-30,Clutch Kit,Transmission system,5,8624.25,107.03,43121.25,Wholesale Client,Check,Completed,ORD826562,Automated migration
2022-12-30,Shock Absorber,Suspension system,3,5613.43,64.97,16840.29,Wholesale Client,Check,Completed,ORD826563,Automated migration
2022-12-30,Air Filter,Engine system,6,394.85,94.12,2369.1,Walk-in Customer,Bank Transfer,Completed,ORD826564,Automated migration
2022-12-30,Spark Plug,Ignition system,6,400.8,429.91,2404.8,Retail Client,Check,Completed,ORD826565,Automated migration
2022-12-30,Shock Absorber,Suspension system,4,2335.04,206.44,9340.16,Walk-in Customer,Bank Transfer,Completed,ORD826566,Automated migration
2022-12-30,Battery,Electrical system,6,8657.45,121.84,51944.7,Retail Client,Check,Completed,ORD826567,Automated migration
2022-12-30,Battery,Electrical system,1,8530.97,253.6,8530.97,Wholesale Client,GCash,Completed,ORD826568,Automated migration
2022-12-30,Shock Absorber,Suspension system,7,4167.47,247.98,29172.29,Walk-in Customer,Bank Transfer,Completed,ORD826569,Automated migration
2022-12-30,Oil Filter,Engine system,4,341.13,252.55,1364.52,Wholesale Client,Cash,Completed,ORD826570,Automated migration
2022-12-30,Shock Absorber,Suspension system,4,3404.25,438.09,13617.0,Retail Client,GCash,Completed,ORD826571,Automated migration
2022-12-30,Air Filter,Engine system,4,226.11,133.49,904.44,Retail Client,GCash,Completed,ORD826572,Automated migration
2022-12-30,Battery,Electrical system,7,7202.16,77.7,50415.12,Wholesale Client,GCash,Completed,ORD826573,Automated migration
2022-12-30,Oil Filter,Engine system,8,236.64,35.81,1893.12,Wholesale Client,Cash,Completed,ORD826574,Automated migration
2022-12-30,Spark Plug,Ignition system,7,474.35,104.16,3320.45,Retail Client,Bank Transfer,Completed,ORD826575,Automated migration
2022-12-30,Spark Plug,Ignition system,8,596.78,363.12,4774.24,Retail Client,Bank Transfer,Completed,ORD826576,Automated migration
2022-12-30,Shock Absorber,Suspension system,4,2405.12,78.38,9620.48,Walk-in Customer,Cash,Completed,ORD826577,Automated migration
2022-12-31,Fuel Pump,Fuel system,1,2568.31,206.6,2568.31,Retail Client,Check,Completed,ORD826578,Automated migration
2022-12-31,Shock Absorber,Suspension system,8,2931.4,395.35,23451.2,Walk-in Customer,Cash,Completed,ORD826579,Automated migration
2022-12-31,Brake Pad,Brake system,4,1274.24,338.12,5096.96,Wholesale Client,Bank Transfer,Completed,ORD826580,Automated migration
2022-12-31,Fuel Pump,Fuel system,0,2796.82,0.0,0.0,Wholesale Client,Bank Transfer,Completed,ORD826581,Automated migration
2022-12-31,Fuel Pump,Fuel system,5,3937.04,150.64,19685.2,Wholesale Client,GCash,Completed,ORD826582,Automated migration
2022-12-31,Clutch Kit,Transmission system,1,13752.89,342.74,13752.89,Walk-in Customer,Check,Completed,ORD826583,Automated migration
2022-12-31,Fuel Pump,Fuel system,6,2766.93,444.58,16601.58,Wholesale Client,Check,Completed,ORD826584,Automated migration
2022-12-31,Clutch Kit,Transmission system,4,6042.18,286.12,24168.72,Retail Client,Cash,Completed,ORD826585,Automated migration
2022-12-31,Battery,Electrical system,1,6040.1,486.89,6040.1,Walk-in Customer,Cash,Completed,ORD826586,Automated migration
2022-12-31,Spark Plug,Ignition system,1,348.23,202.94,348.23,Walk-in Customer,GCash,Completed,ORD826587,Automated migration
2022-12-31,Radiator,Cooling system,5,5259.63,231.51,26298.15,Walk-in Customer,Cash,Completed,ORD826588,Automated migration
2022-12-31,Radiator,Cooling system,3,4380.86,345.24,13142.58,Wholesale Client,Check,Completed,ORD826589,Automated migration
2022-12-31,Shock Absorber,Suspension system,5,5811.31,180.97,29056.55,Wholesale Client,Cash,Completed,ORD826590,Automated migration
2022-12-31,Clutch Kit,Transmission system,3,7414.9,499.76,22244.7,Wholesale Client,Cash,Completed,ORD826591,Automated migration
2022-12-31,Spark Plug,Ignition system,3,541.98,273.28,1625.94,Walk-in Customer,Bank Transfer,Completed,ORD826592,Automated migration
2022-12-31,Oil Filter,Engine system,6,194.29,25.09,1165.74,Walk-in Customer,Cash,Completed,ORD826593,Automated migration
2022-12-31,Fuel Pump,Fuel system,8,5001.88,144.22,40015.04,Wholesale Client,Cash,Completed,ORD826594,Automated migration
